text,label,label_raw,source_dataset,emoji_flag
ريقلونا الريزو ربي يهديكم منطقة الشفة ولاية لبليدة ريزو ضعييف جدا,1,1.0,dataset_3,0
3endi Djezzy spécial mais a chaque fois nherek el tel mayekhredj walou,1,0.0,dataset_1,0
على ديك الكونكسيو العيانة حسنوا شوية الخدمة تاع الانترنيت,0,-1.0,dataset_1,0
وهذي لهجة ماشي لغة العربية,1,0.0,dataset_1,0
شكرا شكراا 👍,2,2.0,dataset_3,1
كيف تحول 100da من شريحة جازي إلى شريحة جازي أخرى ؟,1,0.0,dataset_1,0
نتمنى تجاوبني كيفاش الجزائري يتزوج بكندية باش يهاجر لكندا <br>ولا ادا درت فيديو عليه اعطيلي رابط تاعو <br>ربي يحفظك,0,0.0,dataset_3,0
معليش فكنا برك,1,0.0,dataset_1,0
انا عندي جيزي هبال، جامي شفت مشكل وانترنت عندنا في عين البيضاء ام وحتى كنت في كيف كيف مليحة لاباس,2,2.0,augmented,0
في عرض سما نت الهدرة مع موبيليس مع موبيليس غير محدودة,2,2.0,augmented,0
ماذا فيما يخص ضعف التدفق 3g et 4g?راسلتكم في الخاص، ولا رد!!,0,-1.0,dataset_1,0
ندوروها موبليس وخلاص,2,2.0,dataset_2,0
دجيزي شركة محتالة,1,1.0,dataset_3,0
لقد تم الرّد Riyad :),1,0.0,dataset_1,0
الخدمة تاعكم رائعة 😍,2,2.0,augmented,1
اخويا نقلك حاجة وراني نقادرك ياسر موبيليز راشية كيف بلادنا djezzy vs ooredoo لبااقي طيش,1,1.0,dataset_3,0
سلام جماعة جيزي والله غير عيب عليكم حنا في 2020 مزلنا نعانو خدمة رديئة وتغطية ضعيفة جدا في ولاية ڨالمة لازم نكون قريب لنتان تاع جيزي باش نكونكتي وفليل انسا حاجة اسمها انترنت لاكان مكمش قادرين عليها بيعوها وهنونا سوردنا راحو باطل وربحنا غير تكسار الراس نرجو منكم الاهتمام بهذه الولاية وتحسين خدماتكم,0,-1.0,dataset_1,0
Redhwane Med ياو ننصحك اشري اوريدو لاقولد ضرك راني في دار ركبناها في مدام ربعة رانا نكونكتو وعادي متبلوكيش اوريدو مليحة,0,-1.0,dataset_1,0
اعجبني الاشهار مدروس بدقة شريحة جديدة بعروض جديدة 2022,2,2.0,dataset_2,0
تطور ملحوظ في الخدمات أرى انها فرصة جيدة جدا بالتوفيق و شكرا 🤗😍,2,2.0,dataset_2,1
جازي خردة من بكري انا شريت اول بيس في 2005 و نحيتها ف2011 خردة عظيمة فالريزو و والانترنت متحكيش,1,1.0,dataset_3,0
Hadra batel avec djezzy khirmeen youtuube,0,-1.0,dataset_1,0
بركا ما تخرى,0,-1.0,dataset_1,0
سبحان الخيرر,0,0.0,dataset_3,0
يكذب او يخرط نعرفو مليح قالك10ملاين تكذبو علي الحين ولا الموتا🤔🤔😉😉,0,-1.0,dataset_1,0
رقلو ريزو ولانترنات راهي كارثه حقيقيه,1,1.0,dataset_3,0
".ik._.ram._x مرحبا،يجب الغاء تسجيلك في لعبة Instawin من خلال الضغط على الثلاث الخطوط الموجودة أعلى شاشة هاتفك على اليمين، ثم الضغط على "" désinscrire"" زهرة من جازي :)",1,0.0,dataset_1,0
وعلاش يديرو عروض هم ثاني من الشعب مدام حكموا زبائن وديزابوني راضيين بالعروض لي كاينين وكل شهر يروح يخلص ويجدد العرض تاعه فالمشكلة في الشعب,1,1.0,dataset_3,0
علاه راكم تسرقو فهموني,0,1.0,dataset_2,0
A partir de 22h y a plus de connexion,0,-1.0,dataset_1,0
Gaa kifkif donc a quoi bon changer,1,1.0,dataset_3,0
المشكل تاعها الريزو مكانش,1,1.0,dataset_3,0
عندي هايلة بزااف ما فيهاش هذي العروض فيها غير 1200دج و زيد الانترنت ديالها ولات عيانة بزااف,1,1.0,dataset_3,0
ديرو حل لشريحة لا وين كونترول الرقم نحتاجو بصح الخدمات فيها 00 ها خليونا نحولو,0,1.0,dataset_2,0
والله ما تحشمو وجهكم صحيح.أسوء شبكة نقال بالجزائر، هنيئا لكم على هذا الإنجاز,0,-1.0,dataset_1,0
قولي والله يا شكوبي,0,-1.0,dataset_1,0
Rbaht yamat lwala mais après j'ai rien gagné,1,0.0,dataset_1,0
ماحكيتناش على الديبي خاصتا في المساء . شكرا اخي,0,0.0,dataset_3,0
إيه توحشنا قاعدة كما هذي,1,0.0,dataset_1,0
هل لا تزال الشريحة نافيڨي متوفرة في نقاط البيع؟,1,0.0,dataset_2,0
كيفاه ندير باه نشوف ليفوطو بالزيرو تع جيزي 😞😪,1,0.0,dataset_1,0
._usmiste ça dépend les régions .. Ana andi cnx dyalhom 100 fois mieux ala ooredoo w mobils,1,0.0,dataset_1,0
Sara Ben nafs lmochkil,1,0.0,dataset_1,0
عندي شريحة جيزي3Gكيفاش ردها 4G,1,0.0,dataset_1,0
برافو عليكم صراحة استمروا هكذا,2,1.0,augmented,0
نميلوا و منطيحوش 😂✌😏😂,1,0.0,dataset_1,-1
كنت جميل عرض أنتضره من زمن طويل شكرا موبليس 💖,2,2.0,augmented,0
سويتش عندي عام ملي شريتعا <br>لكن مشكل هدره 150ماتكفيش <br>وثاني ليمات هذو ريزو فليل عيان,1,1.0,dataset_3,0
عرض أسطوري تاع 100ب 30 جيغا تاع 100ب أول مرة ديرو حاجة زينة في حياتكم 🥰🥰,2,2.0,augmented,1
We're working on that 😁,1,0.0,dataset_1,0
واش راك  شكرا,2,2.0,augmented,0
وشبيها كونيكسيو مانقدرش نلعب اونلاين,0,-1.0,dataset_1,0
سلام عليكم كاين pixx 200 دج 400دج مع30 جيغا..,0,0.0,dataset_3,0
انا أؤكد انها خسرت لكن جيزي ليست غبية اكيد هناك مؤامرة و تكسير لكلام رئيس الجمهورية حفظه الله,0,0.0,dataset_3,0
20 جيجا الي تجي مع المودام مفيهاش سرعة منخفضة,1,1.0,dataset_3,0
خدمة انترنت رديئة جدا دون المستوى حسبنا الله ونعم الوكيل فيكم .. كل شهر نخلص 1500 دج بصح جامي استعملت ربع تاع ليجيغا هادوك والله ما نسمحلكم,0,-1.0,dataset_1,0
ياهند كونكسيو عندي ثقيلة لبارح وين أكتفيت بصح مكان والو,0,1.0,dataset_2,0
يا خوتي لاسويتش ننصحكم مديروهاش ولا متنشافش لكونكسيون تاعها وزيد متقدرش تحبسها مناه مسنيي كونطرا تاع عام سما اوبليجي عليا نسلك كل شهر 150 لاشتا مانيش حاب⁦❤️⁩,1,1.0,dataset_3,0
❤️ ممتاز والله,2,2.0,augmented,0
نعم أحسن تغطية، لكن سرعة التدفق جد بطيئة في ولاية عنابة إنشاء الله تؤخذو بعين إعتبار مشكل Bande passante عندكم و الله ولي التوفيق,2,2.0,dataset_2,0
Wa3elach ooredoo 3endi 20 mb ou nta 2 mg,0,0.0,dataset_3,0
انا عندي سويتش تاع 1500 صافي 6 اشهر تمشي فوور بزاف فالكونيكسيون أحيانا كي ندير تاست تلحق عندي حتى 85 ميغا,2,2.0,dataset_3,0
تشيت ياسر لموبيليس,0,0.0,dataset_3,0
mm ana ya khoya tal3t application mais mahbtch td5el,0,-1.0,dataset_1,0
ooredoo ilimity 400 da أحسن كونيكسيون Upload F good,2,2.0,augmented,0
هل كلامك صحيح انا عندي اتصالات ااجزائر ميتة,1,1.0,dataset_3,0
سرعة الشبكة مثل السلحفاة، هه هه هه هه، بطيئة، و ثقيلة ثقيلة ثقيلة جدا، خدمة رديئة، راكم تاكلونا 400دينار وو الخدمة ما كان والو حسبنا الله ونعم الوكيل، السحت,0,-1.0,dataset_1,0
حظ في موفق فعاليات القادمة مزيد من نجاح وتألق إن شاء الله,2,2.0,augmented,0
لا انصح باوريدو اكبر محتالين,1,1.0,dataset_3,0
Lokan tzidoulha 10G mli7a :),0,-1.0,dataset_1,0
ما فهمش هديك تسقيف دجيزي,0,0.0,dataset_3,0
Djezzy darate 3ard 300da ya3tok 100 giga,2,2.0,dataset_3,0
راني امحمل زمان وراه يتمشى عادي,2,2.0,augmented,0
مدرتنش الهوايء تاع. مدام اريدو ساهله,0,0.0,dataset_3,0
عروض مليح والريزو في كامل لبلايص مليح,2,2.0,dataset_2,0
Live ta3hom retard ki bghit cnx t3hom tji khefifa 🤦‍♂️,0,-1.0,dataset_1,0
La puce dir 300da. Après lazem t'activy 500da Bach ikoun 3endek 5go w Ila habiti tzidi l'option fb insta illimité zidi 3liha 600da ou tchedlek ge3 chhar 😊,1,0.0,dataset_1,0
عندي ريدمي تسعة غلوبال <br>ميمشيش 3g<br>وكي ندير #06#*<br>يخرج غير الرقم التسلسلي فقط <br>ميخرجش الايمي,0,0.0,dataset_3,0
مليح بزاف  نوصي بيه,2,2.0,augmented,0
ريزو ضعيفة كي زبل تاعكم اخدمو بركاكم سرارقا,0,-1.0,dataset_1,0
تحيا اريدو 👌👍لاسويتش,2,2.0,dataset_3,1
علاه سكرتولي لابيس ومحابينش تفتحوها,0,-1.0,dataset_1,0
Top 4g marche très bien même si le compte internet est épuisé la connexion marche très bien,2,2.0,dataset_3,0
راك قديم,1,1.0,dataset_3,0
._.mh jyaha,1,0.0,dataset_1,0
حولوهالي.لجيزي هبال.انتاع100,1,0.0,dataset_1,0
نتمنى يتم تسمية سلسلة أخبار تك ب خبر تك تجي مع الدارجة نتاعنا سوا سوا خبر Tech<br>بمعنى خبرتك علمتك بالجديد وشكرا أخوك من ولاية باتنة🙂,0,0.0,dataset_3,0
C'est quoi le souci exactement svp ?,1,0.0,dataset_1,0
الكنكسيو تاعكم ما تصلحش و 100جيڨا واش دير بيها خرطي,0,-1.0,dataset_1,0
السلام عليكم أخي من فضلك كيف يتم ربط جهاز mi TV stick مع الهاتف لإظهاره على شاشة التلفاز وشكرا,0,0.0,dataset_3,0
بغيت نقول لكل لعمال والقائمين في هده الشركة نيكماتكم واحد بواحد ومستعد لأي شكوى تقدم ضدي يولاد لقحاب تاكلو فدراهم ناس,0,-1.0,dataset_1,0
شكرا لكم بالتوفيق ان شاء الله,2,2.0,dataset_2,0
الحمد الفيديو افادني,0,0.0,dataset_3,0
اخي شريت شريحة قولد اوريدو جديدة و اعطوني 12 جيڨا فقط ب 140 دج كيف ارجعها 40 جيقا,0,0.0,dataset_3,0
Nta dal tochker fihom ou dork jay t9ol dir hamla yaw hamla daha lwad,0,0.0,dataset_3,0
كلهم شبكات مستوى تحت صفر كامل <br>عيينا,1,1.0,dataset_3,0
انا راهم يجوني les offres كي ندير shake ?,1,0.0,dataset_1,0
يت يما شحال ثقييل اهدر برحم باباك,0,0.0,dataset_3,0
Sorry brk mn9drch nl3b m3a les bot ghir,1,0.0,dataset_1,0
اجيزي ليزينيتي كيصرالهم؟فليكسيت 30 الف لقيت عندي 17 الف,1,0.0,dataset_1,0
Chhal tQilla bezzaff chriikii,0,-1.0,dataset_1,0
Nchlh nrba7 ya rabbi😂😂,1,0.0,dataset_1,-1
مكانش واحد مدحكم ولا تكلم عليكم بالخير نصيحة ياإما تعدلو رواحكم ولا سكرو احسن,0,-1.0,dataset_1,0
احكلنا عن قانون جديد راح يطبقوه في جانفي بخصوص المنتجات لتشريها من خارج الجزائر لكان عندك الحق تقدر تشري المنتجات التي لا تفوق 500€ ولكن بداية جانفي تقليص المبلغ إلى 50€ هل هذا صحيح,0,0.0,dataset_3,0
سقدو ارواحكم مع ريزو نتاعكم وزيدو فتدفق رانا نعانو. صراحة وليتو تعيو بدينا نعيفو خط نتاعكم . وقلو مسريقة فلفاتورات,0,1.0,dataset_2,0
خويا عندي جيزي تاع 80 جيغا خفيفة,2,2.0,dataset_3,0
هه جيت هنا,0,0.0,dataset_3,0
بصح ريزو فيها ثقيل ماشي كيما pixx,0,1.0,dataset_2,0
ريقلو ريزو تاعكم تاع 4G راهو زبالة,1,0.0,dataset_1,0
راهي عندي سويتش ماننصح حتى واحد بها أكبر غلطة فحياتي درتها الحمد لله راهي لحقتلي عام نقدر نوقفها فيها أكبر سريقة ليجيڨا 50 جيڨا تخلاصلك في سمانتين,1,1.0,dataset_3,0
سما مكاش كيفاش ديرولنا زيرو فلفيسبوك 🙁,0,1.0,dataset_2,0
أوريدو عندها yooz,0,0.0,dataset_3,0
cnx ta3kom kii ..,0,-1.0,dataset_1,0
تحيا موبيليس.. طياارة.,2,2.0,dataset_3,0
عندي بيس موبليس. Top4g حاب نفلكسي 50 الف نديرها فلمودام اسكو تمشي مليح ولالا مع علم عندنا ريزو موبليس مليح توالنا,0,0.0,dataset_3,0
❤️🔥,2,1.0,dataset_1,0
شكرا جزيلا على المعلومات القيمة و بارك الله فيكم,2,2.0,dataset_3,0
الي حابه تسمان الي حابه تبيض بشرتها و تتهلى فيهاا و الي حابه تطول شعرها و تقويه و تتعلم تحط مكياج و تعرف كلشي على المايك اب تدخل عندي تشوف و 😍😍ديرلي ابوني با يوصلك كل جديد,1,0.0,dataset_1,1
واش بيها انترنت رانا نعانو,0,1.0,dataset_2,0
كل يوم نڨول نdésabonné من القناة هادي <br>واليوم راني قررت قرار لا رجعة فيه<br>ديما المندبة كبيرة و الميت فار <br>العنوان يسخف و المحتوى يهفف,0,0.0,dataset_3,0
rockstar,1,0.0,dataset_1,0
مليحة كونيكسيون ومفيهاش ضرائب,2,2.0,dataset_2,0
تحيا فرنسا التي افطست منكم مليون,0,0.0,dataset_3,0
راهم يسرقو. حبو؛ يعوضون الدراهم، لي داهم، محرز,0,-1.0,dataset_1,0
اوريدو سويتش راني نعاني,2,2.0,augmented,0
شريتها و تحشاتلي حسبي الله ونعم الوكيل فيهم,1,1.0,dataset_3,0
لابوس قديمة,1,0.0,dataset_1,0
W kifah l7al,0,0.0,dataset_3,0
bravo 👌👌 continue comme ca,2,2.0,dataset_2,0
connexion rahii vrai 3iyana hade les 4 jours Mobilis sagmou 7ala,0,1.0,dataset_2,0
لا أستطيع اجراء مكالمة نحو جازي و الشبكات الأخرى وتخبرني المتحدثة أن رصيدي غير كافي وتقع اتصالي. رغم أنني مشتركة في عرض جازي امتياز 1200 دج ولدي رصيد إضافي. أريد حلا لو سمحتم. لأنني اتصلت بمصلحة الزبائن وعند تم تحويلي لتقديم شكوى، أخبرتني مجددا أن رصيدي غير كاف,0,-1.0,dataset_1,0
Kifh activi 1500,1,0.0,dataset_1,0
هذا كيستيون ما يحتاجش سؤال,1,0.0,dataset_1,0
راه عندي مشكلة اوريدو كولد,1,1.0,dataset_3,0
أنا عندي تمشي عادي و بدون تقطيع..و حتى تحميل,2,2.0,dataset_3,0
شبكة رديئة,1,1.0,dataset_3,0
في ولاية الاغواط جيزي أفضل من موبيليس,2,2.0,dataset_3,0
لكتبة لي فاتريكو تاعك مقلوبة 😂,0,0.0,dataset_3,-1
نعدين بالاك انتوما و الكونكسيو تاعكم سراقين آخر مرة راح نفليكسي عندكم,0,-1.0,dataset_1,0
عيدكم مبارك وكل عام وانتم بخير وصحة وعافية إن شاء الله,1,0.0,dataset_1,0
من باتنة جيزي كارثة عندنا,1,1.0,dataset_3,0
cnx ta3kom t3ayi,0,-1.0,dataset_1,0
احنا جيزي هي المليحة في جيزي هي سطيف,2,2.0,augmented,0
"Ida chrit&#39;ha lazem troh t&#39;hawes win kayen antenne 4G, pourquoi commercialiser une telle arnaque là où c&#39;est pas couvert. Je suis à 350 mètres d&#39;une antenne oore&#39;zbel et ce n&#39;est même pas du 512.",1,1.0,dataset_3,0
جيزي عندي 4 اشهر ملي نحيتها,1,1.0,dataset_3,0
فهموني برك ليوم يخلاصلي الديلي على00: 12<br>بقالي 3 جيقا، فليكسيت على أساس نعاود نجددها، قاعد نكونيكتي على أساس مازال عندي الديلي حتى00: 12 لقيتهم نحاولي 300 دينار، لي فهم يفهمنا يتسمى السرقة سومبيتي، هذا وين عرفت بلي لبلاد هاذي كامل سراقيين، بصح ذرك كصرت لابيس وتهنيت، بلاد هاذي يسرقك بأيي طريقة، سبحان الله,1,1.0,dataset_3,0
ماذا عن عرض يوز في اوريدو,0,0.0,dataset_3,0
❤️❤️❤️❤️❤️❤️❤️,2,1.0,dataset_1,0
non,1,0.0,dataset_1,0
اريدو يسرقوا بزاف ومكاش امتيازات,1,1.0,dataset_3,0
كي نفليكسي 50 الف قداه يعطوني,1,0.0,dataset_1,0
اطلقوا كونكس برك,0,-1.0,dataset_1,0
داير تاع 105Gbومتكفيش وزيد كونيكسيون فل ليل تروح😢,1,0.0,dataset_1,0
Merci d&#39;informer les Algériens bonne continuité,0,0.0,dataset_3,0
عرض سما خردة بالكم منها سرقة بام عينها,0,1.0,dataset_2,0
دجيزي 4g+ الجلفة ، تصل حتى 60 ميغا,2,2.0,augmented,0
conexion 3andi t9ila bel besaf,1,1.0,dataset_3,0
خدمة مليحة بزاف,2,1.0,augmented,0
Mzl??!,1,0.0,dataset_1,0
جيزي confort نحاو الالتزام,1,1.0,dataset_3,0
الانترنت بتدفق مليح,2,2.0,dataset_3,0
Despo a bejaia aussi?,1,0.0,dataset_1,0
يعرفوا يشطاروا غير فالعاصمة و الولايات الكبرى و باقي الولايات شغل مكاش.. علاش رنا نخلصوا بالدراهم و لا بالحمص,1,1.0,dataset_3,0
تغطية شبكة هاتف ضعيف في منطقة ساعة وانت الوو الوو الوو..؟,0,1.0,dataset_2,0
ردو علينا في خاص من فضلكم,0,-1.0,dataset_1,0
Nchalh,1,0.0,dataset_1,0
انا عندي عام ودعت اوريدو والدور يجي على جيزي,1,1.0,dataset_3,0
This is awesome ..,2,1.0,dataset_1,0
💪🏻 BOOM .kc,2,1.0,augmented,0
Bnsr j voulais juste savoir pourquoi ma conexion internet 4g se dégrade de jours a l'autre pourtant elle a était superbe..?? Jé envoyé un msg privé aucune réponse,1,0.0,dataset_1,0
Si possible d&#39;utiliser Modem avec Switch,0,0.0,dataset_3,0
سرعة عندي راهي في 35,2,2.0,augmented,0
انا تعجبني جازي,2,2.0,dataset_3,0
تحيا اوريدو اوريدو لاسويتش لاسويتش,2,2.0,augmented,0
Li kan 3andah Izzy ma9bel y9der ydir had l3afssa,1,0.0,dataset_1,0
Réseau a3yan bezaf,0,-1.0,dataset_1,0
يا أخي راك في 6 أشهر وأنت تهدر على 4g advance حنا مزال مشفنا والوو أن نسكن في وهران رحت عند مبيليس قالولي مكانش منها قالولي هذا راه يشكل عليكم .,0,0.0,dataset_3,0
أريدو أنترنات طيارة خو,2,2.0,dataset_3,0
ديرنا فيديو اذا هبطو الهواتف,0,0.0,dataset_3,0
سرفيس مليح والله برافو,2,1.0,augmented,0
جزي اب لود 47Mbدون لود30Mb 😍,2,2.0,dataset_3,1
خدمة مليحة بزاف ✅,2,2.0,augmented,1
انا في البارح شريتها راهي تبالي مليحة خير مla gold مل 20 g ردوهالي 12g يزعقو علينا,2,2.0,dataset_3,0
20 جيڨا متكملش بسك تدفق نفس مزلنا بال 3G وثقيلة,0,-1.0,dataset_1,0
Hhh sérieusement 110 5go illimité YouTube yerham babek ya khouya ya khouya li ydirha hadi ghir lebghel f raso tharcho bina,0,-1.0,dataset_1,0
Kifeh ndir beh nactivi,1,0.0,dataset_1,0
ريقلونا الكونيكسيو واشبيها هذو الايامات راهي ما تصلحش ارجو عدم التجاهل والاهتمام بالزبون,0,-1.0,dataset_1,0
موبيليس راهي شبعت اذا مافهمتش نفهمك راهم يخدمو فوق القلب علاه يدير برومو مليح,1,1.0,dataset_3,0
يا خاوتي واحد يجاوبني هاديكا 50 جيغا البونيس نقدر نتيليشارجي باها ولا غير للمواقع التواصل الاجتماعي,0,0.0,dataset_3,0
Lmohim chof kifah nkhaltoha 3lihom. ..Rana kaaml 3andna nafss problème,1,1.0,dataset_3,0
Mkayn wlo fu hda l'application,1,0.0,dataset_1,0
وين يبيعوها في وهران صاحبي حوست عليها في المحلات مالقيتهاش,0,0.0,dataset_3,0
متبانش مليح كنت قادر تصور من تليفون خير,0,0.0,dataset_3,0
شكرا خونا .,2,2.0,dataset_3,0
wlh hada win dkhelt l toilette w chft l fou7a li darha had lbahloul hna sma7li sa7bi 😂😂,1,0.0,dataset_1,-1
ان شاء الله ب ربي 🙄 شرح تاعك مفيه حت فهم,0,0.0,dataset_3,-1
.isdn mouah,1,0.0,dataset_1,0
شكون لي جاع العرض تا دجيزي ليوم مجاني,2,1.0,dataset_1,0
اعدلو الريزو تاعكم ومن بعد ساهل,0,1.0,dataset_2,0
ياخويا شوف الانترنت واش بيها ضعيفة,0,1.0,dataset_2,0
10:36 mzal😢,0,-1.0,dataset_1,0
ربي يحفظك خويا,2,2.0,dataset_3,0
Cette offre mlih bzff mais c'est cher lokan tnakso les GB dirouha 15G et le prix 100da c mieux,1,0.0,dataset_1,0
بلاد الشعر سراقين الكوناكسيو والريزو الزين ويقولك عرض هائل تبهديل,1,1.0,dataset_3,0
حياتي كامل راحت في تعبئة جامي نقصولي ، بلعكس يزيدولي 😔😔,0,-1.0,dataset_1,0
رييزو فالموبلييس رااه مكاش كاامل مفهمتش علاه في البليدة,0,1.0,dataset_2,0
انا ألقيت 11.4 ..و 8.57,0,0.0,dataset_3,0
Djezzy زعمة علاش كتبتي نسرين من لخر 🙃,1,0.0,dataset_1,-1
موبليس رآها كونكسيو ضعيفة ونجمة جولد أكثر تحيا جازي,1,1.0,dataset_3,0
تفليكسي 500 +600 ولا غي 600 ??,1,0.0,dataset_1,0
ما شاء الله ! 😉👍,2,1.0,dataset_1,1
عجبني عرض تاعكم 200 net sama فيه 90 جيغا مليح,2,2.0,augmented,0
فنان,2,1.0,dataset_1,0
هه وباللغة العربية واش نسميوها هه والله ماعمبالي,1,0.0,dataset_1,0
موبليس زيروو في زيرروو,0,1.0,dataset_2,0
"السلام عليكم اتمنالك النجاح في قناتك , ممكن تزيد تفهمني مليح في هذا الفيديو والله مافهمت",0,0.0,dataset_3,0
Khalef Sif Elislam بربي ان شاء الله خويا هاذ المرة لخرة لي نفليكسي فيها,0,-1.0,dataset_1,0
اريدو اريدو باطل و جايزي و موبيليس,1,1.0,dataset_3,0
انا 40Go تع جيزي كنت نكملها وتخصني. كنت نتيليشارجي افلام يوميا حتى اخر لحظة,1,1.0,dataset_3,0
كفاه نشارك,1,0.0,dataset_1,0
الكنوكسيون راهي ثقيلة على سيري تع سلطان قورصو ديرولها حال يرحم باباكم 😕,0,-1.0,dataset_1,0
3lch t9olo hakka 😂😂,1,0.0,dataset_1,-1
صح,0,0.0,dataset_3,0
Djezzy وجهك صحيح و تزيد تسقسي,1,0.0,dataset_1,0
Djezzy ها ردوا عليا في الخاص راه عندي مشكل في النت ضعيف بزااف وثاني حتى المكالمة,0,-1.0,dataset_1,0
صدقني صاحبي غير كل يوم ثقيلة وراح نبدلها باسكو عييت منها,0,-1.0,dataset_1,0
اابينڨ الحقيقي يبان وسط اللعبة اما الموقع يعطيك رقم وهمي,0,0.0,dataset_3,0
خاوتي عرض هايل متديروش على لي يقولو العكس يقولو العكس,2,2.0,augmented,0
الله لا يربحهم،،صح، ،،سراقين، سراقين،،سرقين,1,1.0,dataset_3,0
Valable only 3 mois lewline ?,1,0.0,dataset_1,0
أحسن عرض هو لاسويتش ب1500 دج عندك 50 جيڨا ، و ب 2500 دج عندك 150 جيڨا و ب3500 دج عندك إيليميتي و كاين اللي قالو 200 جيڤا,2,2.0,dataset_3,0
انا راهي عندي بصح راك تعرف كشغل صوص بلا لحم تاع زواوله كيما انا نشوف ليتوب بضباب,1,1.0,dataset_3,0
انظروا إلى التعليقات يا دجيزي بفف,1,0.0,dataset_1,0
انا نسكن في وهران ولا توجد تغطيه,0,1.0,dataset_2,0
مشاء الله لالا لابيس مشاء الله عليها,2,2.0,augmented,0
صح ممتاز والله,2,2.0,augmented,0
Es que raha disponible cette puce nachriha men la direction,0,-1.0,dataset_1,0
جازي كارثة,1,1.0,dataset_3,0
"Ou et comment joué?,??",1,0.0,dataset_1,0
أنا مشترك منذ سنوات,0,0.0,dataset_3,0
Sympa la nouvelle appli ! 👏 ! 👏,2,1.0,augmented,0
الشعب كامل راه يشكي من العروض وسوء الخدمة والسرقات ..نريد توضيح,0,1.0,dataset_2,0
نتا هداك هو لي يشكر الموت حرفيا,0,0.0,dataset_3,0
ماسبب تقديم العروض لبعض الزبائن دون الجميع,1,0.0,dataset_1,0
خاوتي ننصحكم ب oredoo Switch 9owa,2,2.0,dataset_3,0
على جالهم قريب كسرت تلفون <br>بصراحة كل مرا حكيتلك على جيزي فيها مشاكل كبيرا <br>و خلاص جيزي بايباي و الله دورو ميراوه من عندي,1,1.0,dataset_3,0
ديرلي تاست من العاصمة و تبقا تشكل ولايات اخرين اوريدو راهي تعجب,2,2.0,dataset_3,0
C&#39;est bien mais concernant le débit sincèrement je suis déçu depuis 4 ou 5 ans que la 4 G existe on a pas vu d&#39;amélioration en contraire ça été mieux avant,1,1.0,dataset_3,0
على زين الكونكسيو وتزيد تبرطاجيعها..يااو فاقوو,0,-1.0,dataset_1,0
ya tichno dz badalna intro ta3k dirlna musi9a mli7a hada intro t9ol starr war hh😂,0,0.0,dataset_3,-1
0.01bps? cnx chaba?,1,0.0,dataset_1,0
#Slowmo cnx avec djezzy 🚶‍♂️ P.S : 9asdkom Summer Finish Pack .. psq kmel sayf 🤷🏻‍♂️ !!,1,0.0,dataset_1,0
يهديكم ربي رجعولي 8 جيغا توعو سرقة هكا ول كي نتوم كي عرضكم,0,1.0,dataset_2,0
عندي سمارة س نقدر نردها هايلا بزاف,1,0.0,dataset_1,0
مزال نفس سرعة هنا في سطيف,0,0.0,dataset_3,0
جا في وقته هذا الفيديو,0,0.0,dataset_3,0
خدمة مليحة بزاف,2,2.0,augmented,0
الافضل,1,0.0,dataset_1,0
Donne nous alors la ps4 svp,1,0.0,dataset_1,0
مكانش ريزوا تاع جيزي ناقص عدنا,0,-1.0,dataset_1,0
من البارح ماكان والوو,0,-1.0,dataset_1,0
Djezzy كانت تتغير مي عندكم وقت connexion ماشي مليحة ثقيلة وامتياز ماغيرتوش فيها مام عروضك جديدة 😒 عادية مابقاتش هايلة كيما كانت,1,0.0,dataset_1,0
Merci beaucoup,2,2.0,dataset_3,0
اومباعد يقولك حنا ضد دولة بسبت هادوا ناس دزاير محباتش تتسقم,1,0.0,dataset_1,0
جيزي هايلة بزاف خراا عمرها ما تعدات 150 كيلوبايت فيديو في يوتيوب ويمشي غير 144 دقة <br><br>و انا من بومرداس,1,1.0,dataset_3,0
ماراحش تريقلو الكونكسيون و تردوها كيما كانت ايا حنا غادي نعتازلو دجيزي كامل العائلة و لي معايا يدير جام,0,-1.0,dataset_1,0
اذا كان يديرو شراكة مع اريدو و حنا ما تنفعناش علاش يديروها و ماشي راني نهدر على لعبة فري فاير و بس راني نهدر عليهم قاع اي لعبة تعتمد على الشحن خاصة في هاذي ظروف يلزم كل واحد يحكم بيتو وزيد كاين لي ما عندوش دراهم باش يشحن و مين داك يشوف صحابو شاحنين تحكمو لقنطة 😂😂هخهخهه عيد مبارك,1,0.0,dataset_1,-1
😢😢😮,0,-1.0,dataset_1,0
Djezzy بصبص نسرين,1,0.0,dataset_1,0
شفنا الحل,1,1.0,dataset_3,0
الله يرحم شهدائنا الابرار,1,0.0,dataset_1,0
كي نتوحش واحد يكدب نتفرجك,0,0.0,dataset_3,0
Ki tsgmona lconix wb3eda shel,1,0.0,dataset_1,0
عندي أوريدو والله الحمد لله خير من وموبليس,2,2.0,augmented,0
مقدرتش نشترك,1,0.0,dataset_1,0
جيوي هي شابة 200دج 80جيغا و400دج,2,2.0,dataset_3,0
موبيليس صحيتو,2,2.0,augmented,0
صح مافيهش les mutations,0,0.0,dataset_3,0
رهي تمشي نورمال حتى 1gb لي زادوها عادي,2,2.0,augmented,0
هل تصتطيع الاتصال بشريحة نجمة خارج الجزائر,0,0.0,dataset_3,0
سراقين الله يخد الحق,1,1.0,dataset_3,0
كي تسڨمو الريزو تاعكوم امبعدا ساهل,0,-1.0,dataset_1,0
المودام مليح والانترنت مليحة الحمدالله يا ربي,2,2.0,dataset_2,0
الانترنيت ضعيفة في الليل,0,-1.0,dataset_1,0
أسوأ عرض و أكبر غلطة درتها حولت من بيكس لسما تاع 💩 تاعكم,1,1.0,dataset_3,0
انا عندي سويتش كانت مليحة بصح درك راهي قريب كيما جيزي.ولاية مستغانم.خاصني numéroنشكي فيه,1,1.0,dataset_3,0
انترو تاع الفيديوات تقول فيلم هوليوود و المحتوى زيرو هه,0,0.0,dataset_3,0
Ps4 ❤️🔥,2,1.0,dataset_1,0
نوكل عليكم ربي,0,1.0,dataset_2,0
خويا مكاش طريقة نعرفوا pix 4g قديمة ولا جديدة,0,0.0,dataset_3,0
دجزي علاه صكرتولي ابيس تاعي,0,-1.0,dataset_1,0
"mafhamtech 3lach ""40 G""tro7 them them fi chhar ?",0,-1.0,dataset_1,0
واش من عروض cnx دايرة كي نمي.,1,1.0,dataset_3,0
السلام عليكم، عندي مشكل سرعة تدفق الانترنيت ،شريحة جديدة,0,1.0,dataset_2,0
vive ooredoo khayty,0,-1.0,dataset_1,0
اسوء عرض قدماته موبيليس يخاه لا يوتيوب ولا حتى حاجة تتفرج ندمت لي شيرت بيس,1,1.0,dataset_3,0
لاانصح بهذا العرض للجميع لانترنت ضعيفة جدا ولي حولها لسما ميقدرش يرجعها كيما كانت يعني مكلاه تتحشالكم,1,1.0,dataset_3,0
انا ندمت عليه.حتى connexionsعيانة بزاف قبل احسن,1,1.0,dataset_3,0
نقعدو نشريو غير في ليبس ونبدلو فيهم ديرو عروض في لابيس لي عندنا وفقط,0,1.0,dataset_2,0
lazem nachri la puse izzy,1,0.0,dataset_1,0
صدقوني أنا عندي سرعة الانترنيت عندي في mobilis تلحق. .7.08 mpbs,2,2.0,dataset_3,0
مع DJEZZY APP تقدر دير بزّاف حوايج 😍! ما عندك غير تحمّلها 📱👀 قولولنا فالتعليقات واش من عرض شريتوه بالتطبيق,1,0.0,dataset_1,1
بالنسبة الي الفعالية والسرعة فكلامك صحيح<br>اما بالنسبة لسرقة الجيڨات مازال يخونوا,1,1.0,dataset_3,0
متمشيش ف ios,1,0.0,dataset_1,0
باركة الله فيك كنت نخمم واش من مودام نشري,0,0.0,dataset_3,0
Yaww cnxx 😡,0,-1.0,dataset_1,0
Dert hadik ta3 5G 5jr khlaso 😭,0,-1.0,dataset_1,0
.kharfi Abonee page ghir da7k 😂,1,0.0,dataset_1,-1
أنا عجبتني فيها ping مليح ياسر,2,2.0,dataset_3,0
Ramdan hh,1,0.0,dataset_1,0
men win anta,0,0.0,dataset_3,0
تحيا بيكس 100,2,2.0,dataset_3,0
انا عندي Win contrôle 1300 تسمى واش ندير بيها درك نزيد 200دج و نكتيفي 30جيڤا مركومش تشوفو بلي كاين خلل في الحساب,1,0.0,dataset_2,0
.fe ask elihah sahbi wla dir *720# o chof sa9si ya9lbohalk,2,1.0,augmented,0
سلام عليكم ورحمة الله وبركاته<br>فيما يخص جيزي كونفورت هي التزام راهي عندي ماحبوش يردو لي رقمي عادي نتحكم فيه,0,0.0,dataset_3,0
هذا مشكل للاسف عنده تقريبا شهرين عندما تستهلك 1ج تبدأ المحدودية لدرجة فيديو 244p يتقطع,1,1.0,dataset_3,0
دك راهي بارا,1,0.0,dataset_1,0
"Pppf yaw diro 100 Go b 100da kan bghito, je suis vraiment déçu , cnx = 💩 t9ila grv soit sbah lile l3chia 3 t3 sbah dima makanch w ida kayna t9ila, lcommentaire w bsif maktbto, les offres li dirohom sah haylin bssah tl3bo mn w mn tmdolna des chiffres mktoubin heda makan mch cnx",0,-1.0,dataset_1,0
كلهم كذابين ما عندك ما تخير في ولاد..,1,1.0,dataset_3,0
صح ممتاز والله,2,2.0,augmented,0
تحيا ooredoo Switch ilimity 400 da أحسن كونيكسيون télécharge Upload F good,2,2.0,dataset_3,0
معندو حتى علاقة بلماركيتينڨ,1,1.0,dataset_3,0
لي فهم يفهم لي مفهمش؟,0,0.0,dataset_3,0
وحسب من هدرتو شركة اورو تاعو,0,0.0,dataset_3,0
.bella انا عندي جيزي هايلة بزاف ب 1500دج فالشهر فيها 40 جيڨا,2,1.0,dataset_1,0
غدوةونشري موبيليس موبيليس لعزيزة لعزيزة,2,2.0,augmented,0
.dz le développeur de cette jeux est David David Jones et les deux frères Dan et Sam Houser voila la réponse Djezzy et merci,1,0.0,dataset_1,0
اخي هل٣بيس طوب كات جي رجعت تتباع او لا,0,0.0,dataset_3,0
موبيليس ديرفها ufo vpn من طرف تكنو ديزاد تولي صاروخ,0,0.0,dataset_3,0
الله يالكونكسين تاعكم رجعت تعيف تعيف تعييف,0,-1.0,dataset_1,0
Cool ❤,2,1.0,dataset_1,0
Cnx rahi t9ila جنازة,0,-1.0,dataset_1,0
أحكيلنا شوية على عرض Switch المتوفر و ماهو الإلتزام؟ شكرا,0,0.0,dataset_3,0
قسنطينة اوريدوا البينغ 27 الابلاود 7 الداونلاود 7 قاوية,2,2.0,dataset_3,0
جيزي 🤦,0,0.0,dataset_3,0
كون غير تزيد في سرعة الأنترنت المنخفض على شريحة توب 4G تولي فور,0,0.0,dataset_3,0
0.1 out of 10 👎,0,-1.0,dataset_1,0
deja lyom mobilis rahi karita,1,1.0,dataset_3,0
أروع عرض,2,2.0,dataset_3,0
Es que il y a Une différence entre puce Izzy et puce Djezzy ??,1,0.0,dataset_1,0
Slm 3likom kch jdid 3la mobilis,0,0.0,dataset_3,0
هه راك منك بالصح انا راني حاير فالناس الي راهي امصدقاتك اختيار نوع الشبكة الي درتو هداك عادي بلا حتى تطبيق كاين في الشاومي كل وزيد التوب 4جي يا حبيب العرض انتاع 500دج راهم نحواه راك روطار دورك كاين غير انتاع 100 فيه 2 جيغا والحزمة 4+ راهي تجربية غير في العاصمة فقط املا انقول روح بول وارقد,0,0.0,dataset_3,0
تخلونا حتا نفكسيو 1500دج اومبعد الكنكسيو تولي تقيلة اليوم الكونيكسيو عيانة كامل والله ندمت لي لليكسيت لوكان بدلت خير,0,-1.0,dataset_1,0
Pas mal ça 👍🏼,2,1.0,dataset_1,1
رمضان كريم وربي يحفظكم والله عمال موبليس أحسن معاملة وتربية وأخلاق,2,2.0,dataset_2,0
عرض وناقص,1,1.0,dataset_3,0
سما نكونيكتو ب 5جيڨا شهر تبقا 5 هكا؟؟,1,0.0,dataset_1,0
من حشية محبتش تمشي فيسبوك حتى دخلت من اوريدو,0,-1.0,dataset_1,0
merci à vous pour votre fidélité 😍💪,2,1.0,dataset_1,1
3mega applawd 6mega dawnload w 3mega applawd,2,2.0,augmented,0
احسن شبكة في تدفق الإنترنت في دزاير بالنسبة ليا,2,1.0,dataset_1,0
قالك كي ترفع التدفق يزيدولك 100,2,2.0,dataset_2,0
موبيليس السراقه,1,1.0,dataset_3,0
خسارة بدلوا عرض نتاع 100 الف,1,1.0,dataset_3,0
كارثة كارثة كبيرة ريزو مكانش منعدمة كونيكسو مكانش فوهران نبدلوها وصاي يعطوك 100 جيڨا وش تدير بيها كلش ثقيلة على بكري الله المستعان,1,1.0,dataset_3,0
هه 100دج فيها 2جيغا المتعاملين الآخرين 100دج مقابل 15جيغا,0,1.0,dataset_2,0
كنت ماكتيفي 800 دج تاع عرض امتياز .خلصتلي البارح رحت فليكسيت ضرك باه ناكتيفيها مالقيتهاش . العروض تاع امتياز كامل راحو بقات غير تاع 190 دج !! علاه يعني علاه وش ندير بيها هاذي . كان عرفتكم نحيتوها والله مانفليكسي . اذا ماكمش راح تردوها قولولي,0,-1.0,dataset_1,0
برافو عليكم  استمروا هكذا,2,2.0,augmented,0
كونكسيو 00,0,1.0,dataset_2,0
Hadi 4g + kifah nkharjouha hna??,0,0.0,dataset_3,0
wsh c belil ca 🤣🤦🏻‍♂️,1,0.0,dataset_1,0
Switch wshbiha had yamat ping mn 170ms wtl3,1,1.0,dataset_3,0
هذي بوس,1,0.0,dataset_1,0
شكرا جزيلا بصح كل شي مزيان,2,1.0,augmented,0
شكرا جازي لقد فزت ب هاتف ذكي ريبوندي عليا في خاص اخت زهرة عندي استفسار,1,0.0,dataset_1,0
اسوأ أنترنت هي موبيليس وشكرا على كذبكم,0,1.0,dataset_2,0
هيا جيدة نوعا ما لكن مقارنة مع جيزي هاربة 😁 فرق كبير في الانترنت والله أعلم,2,2.0,dataset_3,0
Mshy affaire kaml 500da da w 5 go brk w nzid fogha 600 da bah n5dem gratuit !! 😐😒,0,-1.0,dataset_1,0
خويا ولاوين ليبر .مكانش فيها عروض ولا زيادات فلي جيغا..,0,0.0,dataset_3,0
Djamel Amnap ربي يوفقك خويا عزيز ان شاء الله تستاهل كل خير,1,0.0,dataset_1,0
الاتجاه نحو اوريدو 👏👏 جيزي يأسنا منكم,0,-1.0,dataset_1,0
Hhh mama ki tchoof vidéo ana tsawer yt7aloli b ta7lal 😂,1,0.0,dataset_1,-1
جيزي العرض لمليح 1500 الف 40 جيقا. و عرض 200 الف 60 جيقا انترنت,2,2.0,dataset_3,0
المسئولين راهم قاعدين و الشهريه تمشي علاه يكسرو ريسانهم,1,1.0,dataset_3,0
موبيليس و الكل يكونيكتي,2,2.0,dataset_2,0
اللي مفهمش أقول افهمت..عودو الفيديو,0,0.0,dataset_3,0
‌Sidi bel abbes 3G 6 Mbps 4G 12 Mbps Djezzy,2,2.0,dataset_3,0
سييت كامل ليبيس وحدة ما تصلح 😑,0,-1.0,dataset_1,-1
جزي مكانش مصدقية عندك صاح صديقي,1,1.0,dataset_3,0
سرفيس مليح  برافو,2,2.0,augmented,0
جيزي راهي قوة..احسن من موبليس.,2,2.0,dataset_3,0
كيف التحويل من هايلة الى هايلة بزااف,1,0.0,dataset_1,0
حمدلله موبيليس في تحسن,2,2.0,dataset_3,0
هل عرض ترويجي أو دائم,0,0.0,dataset_3,0
L’application sur iOS est bloqué 😭,0,-1.0,dataset_1,0
لي حابة تشري ماكياج شباب ماركات و بأسعار متنافسة 💁✨ و لي محتاجة نصائح تجميلية و طرق استعمال مايكوب بطرق احترافية و سهلة ما عليك سوا متابعة صفحتنا 😍😍صفحة الجمال و التألق 💎✨,2,1.0,dataset_1,1
As,1,0.0,dataset_1,0
ma3lich tgolili 3la had l'option,1,0.0,dataset_1,0
Ntouma sbaktouna wahd 3andk 4g aya wtl79ak 100 kps hh ntouma line wahda rakom m9sminha 3la 20 wahed rabi yhdikoum,0,-1.0,dataset_1,0
جيزي هي تاليا قاع,1,1.0,dataset_3,0
ريقلو رواحكم كونكسيون هادي ولا ماتقولي لا عنوانك ولا ولايتك راها مكاهة وين تروح اقلع عليا المحدودية و خليني ناكل العرض تاعي كما نحب #يااو_بدرااهميي_منيش_نطلب_عليكم,0,-1.0,dataset_1,0
متطورة في الانترنت,2,2.0,dataset_3,0
السلام عليكم .خويا عندي نجمة غولد نقدر نبدلها سويتش ولا لا ..ارجو الاجابة,0,0.0,dataset_3,0
اخي كي تكمل نقدر الشهر جاي ناكتيفيها 30 جيڨا ؟؟,0,0.0,dataset_3,0
كيفاه نديرو 4جي بليس ربي يجازيك,0,0.0,dataset_3,0
.edits نتمسخر برك,1,0.0,dataset_1,0
500da+600da a frr,1,0.0,dataset_1,0
والله احسن عرض في الجزائر هو عرض اوريدو عليا سويتش 3500 دج <br><br>استهلاكاتي الشهرية دايما فوق 300 جيقا فالشهر,2,2.0,dataset_3,0
tafret fi mobilis hh,1,1.0,dataset_3,0
هدا وين فليكسيت د مالقيتهمش و بعتلكم ميساج و مكانش غيبونس؟؟ ؟؟,0,-1.0,dataset_1,0
merci kho pour les informations 👏👏👍,2,1.0,dataset_1,1
عندي اشتراك 1200دج كي نحب نتصل بخدمة الزبائن تقولي رصيدك غير كافي ؟؟ عندي مشكل غلقتولي شريحة جيزي ؟ الى متى هذا اللامبالات بالزبون ؟ اذا ما فتحتوش الشريحة ناكدلكم اني نغير المتعامل نحو موبيليس,0,-1.0,dataset_1,0
انا ودعت جازي منذ ان عرفت بأن مالكها يهودي سابقا والان هيا ملك دولة,1,1.0,dataset_3,0
تخفاف غير من3:00 تع صباح ل 11:00,2,1.0,dataset_1,0
سمحلي خوياا تكنو ولله غير طحتلي عندها شهر روحت وكالة لعند وكالة ساحة اول ماي. بلكور . عطاوني شريحة جديدة لقتها كيما كانت توب نورمال,0,0.0,dataset_3,0
سويتش وكونفور شحال يتباعو؟,0,0.0,dataset_3,0
slm frr khasni modem adsl bach tansahni ??,0,0.0,dataset_3,0
افضل عرض حاليا في الجزائر اوريدو +سرعة تدفق سويتش 150الف ..يعطوك 50جيغا +150الف هدرة +سرعة تدفق عالي,2,2.0,augmented,0
Smahli yla.ian tahdar 3la top 4G makan hala karita,1,1.0,dataset_3,0
علاش خدمات الامتاز للانترنت ولات تخص البعض دون البعض الآخر. والله تحيرو واحد تمدولو ولوخر لا لا. فهمونا علاه,1,0.0,dataset_1,0
محبتوش تردو فلخاص,1,0.0,dataset_1,0
نحن في بلد كل شيء ممكن,0,0.0,dataset_3,0
Yyy rasa ta3kom conx washbiha nkhalso 1500 da conx ki ta3i sagmoha,0,-1.0,dataset_1,0
خويا الفديوا قديم ولا جديد ولا كش عفسا,0,0.0,dataset_3,0
راني في يومين كونكسيو مكاش 👎👎,0,-1.0,dataset_1,0
يعطيك الصحة خويا لعزيز,2,2.0,dataset_3,0
مبغاتش تمشيلي كونيكسيون,1,1.0,dataset_3,0
؟؟ كين غير أشهرات في موقع تاعك والله ملقيت راسي نحس روحي هكر من تكنو الى ڨ بلى الى؟؟ سهلها تسهل شو,0,0.0,dataset_3,0
We pixx pro <br>فيها ولا لا,0,0.0,dataset_3,0
انهض من جديد ارواح دير فورما يوجد في صفحتنا كل ماتبحث عليه 👏 مرحبا بكم,1,0.0,dataset_1,0
Ndjma gold vu hh.100 hadra gratuite 400tt résou 20g.l'internat hh,1,0.0,dataset_1,0
كاميرا نتاعك معكوسه,0,0.0,dataset_3,0
ياو اليوتيوب اليميتي نورمال شهر كومبلي والدقة نتفرج 1080 <br>ولي عندو شك يجي نبعثلو الكابتور كونصوميت الشهر الى فات 60 جيڨا في 30 يوم,2,2.0,dataset_3,0
mercii❤️,2,1.0,dataset_1,0
شوفلنا حل,1,1.0,dataset_3,0
خويا وين نلقى لزونتال تاع المودام 4g,0,0.0,dataset_3,0
متسميهاش انترنت هذي,1,1.0,dataset_3,0
".x c'est , disponible sur tous les magasins de téléphone kayn lhna sur la wilaya de Guelma",1,0.0,dataset_1,0
عندي جيزي هاربة نخلص 1500دج يعطوني 50جيقا و 200دينار مكالمات نحوى جميع الشبكات قولي فيها ليميتاسيو و لا مفيهاش للعلم الكونيكسيو ربي يجيب <br>جاوبني خويا,0,0.0,dataset_3,0
رئاسة تاعك ما تتكوباش كونكسيون ..راهم في جنة,0,0.0,dataset_3,0
💔 Wlh Ghiir Bzf 😏😂,1,0.0,dataset_1,-1
سرعة الإنترنت في جازي تختلف من منطقة الي منطقة,0,0.0,dataset_3,0
علاش مكاش عروض تع رمضان ..نعرفو غير تدور دراهم و صايي,0,1.0,dataset_2,0
كلامك صحيح خويا والله نعاني منها,0,0.0,dataset_3,0
مدة 15 يوم قليلة لهذا نطلب بجعل مدة الصلاحية 30 يوم,0,1.0,dataset_2,0
عرض هايل,2,2.0,dataset_3,0
‌Sidi bel abbes 3G Mbps 4G 12 Djezzy,2,2.0,augmented,0
كنت نخدم به وحبستو يكذبو ويزيدو يكذبو,1,1.0,dataset_3,0
الله لا تربحكم كي نتوما كخدماتكم,0,-1.0,dataset_1,0
تحيا الكوفيج 💪خلوها عندكم,0,1.0,dataset_2,0
"Switch khouya ma3andhache illimité sms, sms tkhalsso meme la Ooredoo, merci :)",2,2.0,dataset_3,0
والله غير راهي تبهديلا لنترنات تاعهم عيب والله,1,1.0,dataset_3,0
Ccc,0,0.0,dataset_3,0
يالأخ كيفاش ناكتيفي 1500دج أنترنت شريحة سويتش اوريدو <br>بارك الله فيك,0,0.0,dataset_3,0
Confort de djezzy mafihach limitation w djezzy spécial ausdi,2,2.0,dataset_3,0
مفهمت والوا هه،😇😇,0,0.0,dataset_3,0
Sama =foort,2,2.0,dataset_2,0
ياودي هاذي موبيحلزون رهجتنا عندي ثلاث ايام ماشي قادر نشوف الفيديو حتى بجودة 144p والله موبيحلزون افشل شركة تحتمت عليا باش نديرها وتالي نكسر جد باباها الكلب.,1,1.0,dataset_3,0
انا روحت للاجونس صراحة لقيتها دير 300 دج وفارغة بصح روحو لواحد لموزع كبير لهنا لقيتها ماكتيفيا برك,1,0.0,dataset_1,0
كل يوم بيس,1,0.0,dataset_1,0
لوكان جيزي رايحة تنجح,2,2.0,dataset_3,0
حنا في رانا في 3g مزال,1,1.0,dataset_3,0
Nta khoya merci alik teckno rebi ywafkek,0,0.0,dataset_3,0
افشل شركة,1,1.0,dataset_3,0
ana rani f setif ville 3andi wahd 9 mois w ana biha kanet foor f les 3 dernier mois welat d3ifa grv,0,-1.0,dataset_1,0
wach men conx wach men partage wlh yak l vodeos hada w matla3lich,0,-1.0,dataset_1,0
السلام عليكم اخوان ممكن مساعده انا ميزانيتي 10 ملاين ممكن تشريلي pc مليح يمشي العاب مثل rust أو ark,0,0.0,dataset_3,0
مكاش مهنا عندي 070 والله غير ساعات تحبط حتى 4.s,0,0.0,dataset_3,0
واش نبارتاجيو يرحم والديكم كنكسيون راه كاريث,0,-1.0,dataset_1,0
ton lien marche pas essai un autre,1,1.0,dataset_3,0
pendant un mois 😊,2,1.0,dataset_1,0
Yaw ser9oli 20 Gb,1,0.0,dataset_1,0
حضرو علينا كل شي غير يوتيوب يمشي,1,1.0,dataset_3,0
نحن لا نملك حتى 1G لكل المتعاملين,1,1.0,dataset_3,0
افضل عرض حاليا في الجزائر اوريدو سويتش 150الف ..يعطوك 50جيغا +150الف هدرة +سرعة تدفق عالي,2,2.0,dataset_2,0
😂😂متلحقوش اوغوبيات تقلقوش حتى فالتصوير 🤣,1,0.0,dataset_1,-1
chaba3tona makrood,1,1.0,dataset_3,0
وداعا جيزي خلاص رايح يكوليو خهه,1,1.0,dataset_3,0
Aya GUe Ta3 100 alaf kachma jdid fiha fi ramdhan,1,0.0,dataset_2,0
واش مل العرض لي مليح؟؟,1,0.0,dataset_1,0
نهار رائع خبر لي نكونو كي رجال abonnement illimité,2,2.0,augmented,0
سلام من فضلكم عطونى اسم vpn يمنع اعلانات فى قوقل او يوتيوب عيونى فيهم اعلانات مش مليحة وبارك الله فيكم,0,0.0,dataset_3,0
واش راك ❤️ شكرا,2,2.0,augmented,0
ماشي هو مسؤل هوا غي خضرا فوق طعام,0,0.0,dataset_3,0
Younes Heran Ulrمرحبا ، لقد تم الرّد على رسالتك في الخاص و التي تحتوي على نفس الطلب.زهرة من جازي,1,0.0,dataset_1,0
مافائدة 90 جيجا و الشبكة ضعيفة,0,1.0,dataset_2,0
كيف كيف كاينة 1 جڨا ولا مكاش سلحفات,1,1.0,dataset_3,0
الصوارد يزيدو السرعة,0,0.0,dataset_3,0
الريزو الريزو اهدرولنا على الريزو 🙄🙄,0,1.0,dataset_2,-1
السلام عليكم حاب نسقسيك اذا ممكن,0,0.0,dataset_3,0
خاصنا عرض مئة الف 30 جيڨا، الهدرة باطل ،مع بونيس تاع 200 الف مع كامل الشبكات حاجة وحدوخرا مانحتاجوش سلام.,0,0.0,dataset_3,0
"Bonsoir, la puce coûte 300da 😊",1,0.0,dataset_1,0
نشكركم على الفيديوهات <br>ooredoo بحي بربيح بالجلفة 6 ميغا تنزيل و تحميل,0,0.0,dataset_3,0
Mille dinars ch3el ?,1,0.0,dataset_1,0
شكرا جزيلا صح كل شي مزيان,2,1.0,augmented,0
Ramzi Boughazi ادخل ادخل راها مليحة 🤣,1,0.0,dataset_1,0
ردو عليا خاص,1,0.0,dataset_1,0
يتسما مادرنا والو 2 جيقا هاذيك يزيدوها لعمرهم مزيرين مشحاحين,1,1.0,dataset_3,0
Ana l3abt w rbaht un tlp condor t9 plus,2,1.0,dataset_1,0
علاه نحيتو عروض امتياز,1,0.0,dataset_1,0
W youtube ?,1,0.0,dataset_1,0
كاارثة كاارثة اكبر حشوة شرييتو و الله بلا سماح,1,1.0,dataset_3,0
انا بقاتلي الانترنات 30 جيقا وغدوة 15 جويلة تخلاصلي مدة شهر اسكو كاين حل باه ماتروحليش ولا لازم نعاود نفليكسي 1500 جديدة,1,0.0,dataset_1,0
يلحق الليل تولي تزحف سرعة الانترنت تاعكم..,0,1.0,dataset_2,0
وكتا يطلقوها,0,0.0,dataset_3,0
Khouya ana cnx t9ila bazaf sbah wa3chiya ndkhol nleb free fire png 300 YouTube t9il bazaf,1,1.0,dataset_3,0
عروض الانترنت مليحة شكرا موبيليس ❤️,2,2.0,dataset_2,0
مافهمت والو يا خويا ، ايصال المعلومة صفر!,0,0.0,dataset_3,0
لا لتحراك,0,0.0,dataset_3,0
الخدمة تاعكم رائعة 🌟,2,2.0,augmented,1
سلام عليكم <br>في دار عندي 4g تاع أوريدو ناقصة وعندي مودام 4g lte نحوس نفلاشيه ونحط فيه لابيس أوريدو يجيبلي ريزو 4g تاع ooredoo,1,1.0,dataset_3,0
كليتو لبلاد ياسراقين,0,-1.0,dataset_1,0
mestkhesses a sidi 😂😂,1,0.0,dataset_1,-1
حبيبي راك متأخر انا كسرتها عام2008 كانو يسرقون عيني عنك,1,1.0,dataset_3,0
Djezzy لازم نخير وين نفيكسي التليفون باش نقدر نكونيكتي خاطر الريزو يروح حبيبنا,0,-1.0,dataset_1,0
راها غير بيناتكم وبين عايلاتكم قاويا تقول عليها فكرون يمشي😂 👏👏موبيليس خير منها,0,-1.0,dataset_1,-1
بكري كانت جيزي مليحة مي دكا والله غير عيانة نجمة خير منها,0,-1.0,dataset_1,0
راهي هايلة عندها خلاصتلي راهي تمشيلي 2 ميغا مالقري يومين ١جيغا,2,2.0,augmented,0
انا عندي موبليس TOP 4G الانترنت ماكنش بصح البينج في الببجي 65,1,1.0,dataset_3,0
اتمنا كثير من نجاح,2,2.0,dataset_3,0
Est ce que la puce Sahla box yamchi sur portable <br>Si oui comment la configurer merci,0,0.0,dataset_3,0
انا لحقت 70 ميغا لحقت 70,2,2.0,augmented,0
bravo 👌👌 continue like that like that 💪💪,2,1.0,augmented,0
سرقين 600اللف تدوها قع .رجعولي دراهمي .,0,-1.0,dataset_1,0
سرعة الانترنت تختلف من منطقة لمنطقة انا عندي جيزي هي لمخيرة ثم نجمة ثم موبيليس الكونكسيون ماكاش لي وقت الذرة تكون 0ميغا الكونكسيون ماكاش اصلا,2,2.0,augmented,0
شريحة سما فيها التدفق المخفض,1,1.0,dataset_3,0
w Ooredoo wqtach? talgo 4.5G deja mais 4.8G wqtah?,0,0.0,dataset_3,0
موبيليس تعطيك 200g وتدفق الأنترنت ميت راح تستهلك ياربي 5g,1,1.0,dataset_3,0
عروض كااثة,1,1.0,dataset_3,0
سيتم الإتصال بك في اقرب وقت,1,0.0,dataset_1,0
لماذا لا تردون علي رسائل في الخاص انترنت فاشلة واتصالات خردة انا ناكتيفي بدراهمي ماشي صداقة من عندكم لماذا لا تقومون بتعديل واصلاح هوائيات الانترنت والاتصالات مع انكم تعلمون ان شركتكم اصبح خردة ولا تقومو برد علي شكاوى نحن نطالب مصلحة المستهلك باخد هذا الامر بعين الاعتبار واتخاد الاجرائات الازمة في بلاد الغرب الانترنت حق كل مواطن مثل الاكسجين اما في بلادي بدراهمي ومش قادر نستخدم لا الانترنت ولا نقدر نعمل اتصال,0,-1.0,dataset_1,0
شكرا جزيلا صح كل شي مزيان,2,1.0,augmented,0
esq n9dro nrbhou plusieurs fois psq rbht 1g conexion esq nkdr nzid nerbh svp,1,0.0,dataset_1,0
نحن معكم في سراء وضراء mobilis لا تخيبو املنا 😍😍,2,2.0,dataset_2,1
اودي الله يخلف على جماعة الو عمري شا راكي لابسة هه سيرتو لجينيراسيون جديدة لي راها طالعة غي ربي يجيب لخير وصايي,1,0.0,dataset_1,0
Rbe7t f app djezzy ecoutuer kifach ne9der nestalemhom . Redou 3lina yaww,1,0.0,dataset_1,0
Wow 90 gigas wonderful croyez moi j'ai la win et depuis toujours pour 100 da j'ai 13 g pour un mois à la fin du mois je vous renvoie 12 gigas c'est pas que je l'utilise pas mais c'est la médiocrité de votre réseau non seulement mobile mais internet aussi. On réclame on change d'opérateur c'est toujours la même chose donc on finit par se faire a idée que tout est médiocre à l'image de ce pays.,2,2.0,dataset_2,0
Lazem t'activy l'offre de base te3 5go à 500da ou tzid 600da Bach ikoun 3endek Youtube illimité,1,0.0,dataset_1,0
Hayla🔥🇩🇿🇩🇿,2,1.0,dataset_1,0
لماذا تسرقون خاصة الفقراء,0,1.0,dataset_2,0
3lah ki nchakal *44# maybanouch les offres imtyaz,0,-1.0,dataset_1,0
.blhd .dz فهمونا 😒😂أرب العالي 😒,1,0.0,dataset_1,-1
ماكسي بيسك بزاف مافيهاش 20g,1,1.0,dataset_3,0
المشكل عندكم برك في جيزي,1,1.0,dataset_3,0
Les offres na9sin bzf khosna ofre b 100 mille Ya3tok 50g internet o 200 mille tt rso o mobilis batel ila dhalkom 🙃,0,1.0,dataset_2,-1
AdY Djezzy khyana dyRa dal Ana MfhamtCh N'activY 15 tkmlY 14 w ziD Cnxx dyRa Kil Khra 👎👎,0,-1.0,dataset_1,0
تقعد غير جيزي منشريهاش 😒😒,0,-1.0,dataset_1,0
يعني 0.4انترنات يا سراقين,0,-1.0,dataset_1,0
يا حبيبي جيزي كل ما تهدر عليها نتا نروح ندير سبيد تاست تطلعلي نورمال ابلاود 8 و داولاود 20 و مرات حتى ل30,2,2.0,dataset_3,0
انا عندي منذ شهرين.. والله غير مليحة.. نحيت ڨاع دجيزي.. واوريدو لا ڨولد.. والموبيليس.. لاسويتش كونكسيون مليحة.. وليت نتيليشارجي بلا حساب.. خاطر كونكسيون راپيد..,2,2.0,dataset_3,0
كونكسيو ديالكم هي ولات تحلل فيا تقولي ما تفورصنيش هدايا هو مقدوري .. شغل جيت نسافر و ركبت فوق فكرون و بديت تقولو ازرب,1,0.0,dataset_1,0
صح كونيكسيو راهي ثقيلة,1,1.0,dataset_3,0
سقمو الكنيكسيو تاعكم بيسك راهي لا تطاق,0,-1.0,dataset_1,0
كامل العروض نتاع كامل شركات الاتصالات لي فالجزائر تافهة وضعيفة و انترنت ضعيفة جدا,1,1.0,dataset_3,0
هل من جديد في موبليس توب 4g,0,0.0,dataset_3,0
اين المجان ؟ بصيغة اخرى معنى مجانا ؟,1,0.0,dataset_1,0
خدمة مليحة بزاف والله,2,1.0,augmented,0
انا شريتها ملييح ريزو تاهها😍,2,2.0,dataset_3,1
توقفت منذ الامس رغم اني معبء ٥٠٠ دج,1,1.0,dataset_3,0
Nik matkoum kamel ki djezzy ki oredoo ki mobilis kamel résau khra,0,-1.0,dataset_1,0
ya djezzy 3lach rakom gla9toli la pus ??,1,0.0,dataset_1,0
موبيليس رقم واحد صحح,2,2.0,dataset_2,0
وشنو لكود لي نديروه؟!!,1,0.0,dataset_1,0
قوللنا على جديد مودام 4gلاتصالات الجزائر,0,0.0,dataset_3,0
تستاهلو بكل أمانة يوفقكم ربي احسن شبكة عندي ❣️👍,2,2.0,augmented,1
كونكسيون تاعكم صفر على ربعين.,0,1.0,dataset_2,0
موبيليس ايليميتي مليح,2,2.0,dataset_3,0
اخي هاتف ردمي نوت 7 يمشي عليه هذا النوع 4.8,0,0.0,dataset_3,0
ساهلة بوكس شحال ممكن تمدلنا العروض تاعو,0,0.0,dataset_3,0
انترنت و هدرة limite,2,2.0,dataset_3,0
لن انسى ان دجيزي استثمرت في السوق الجزائرية في وقت حرج ..ايام العشرية السوداء ووفرة فرص عمل لأبناء الجزائر ..شكرا الله يعينكم,2,1.0,dataset_1,0
من المفروض تربحني جائزة هه,0,0.0,dataset_3,0
😂 درت فيديو على موبيليس وفالاخر قلبتها اوريدو كي شغل فهمت باللي ما فهمت والو .,0,0.0,dataset_3,-1
كل التشجيع والنجاح لكل عمال واطارات المتعامل الجزائري وعلى رأسه هذا النابغة والجوهرة الاخ الفاضل شوقي بوخزاني,2,2.0,dataset_2,0
Rakoum 9dam bzzff😂😂,0,-1.0,dataset_1,-1
استعملتها 6 أشهر من مارس حتى سبتمر <br>اشتريتها ب 24200 <br>وبعدها أصبحت استعمل top 4g احسن منها بكثيير <br>لأن الخط انتلعب كان 3g <br>لي ما عندوش top 4g ننصحو بيها ولكن لازم تكون قريب بعض الشيء عمود الإشارة يعني ما تكونش بعيد مثلا 6 كيلومتر أو أكثر عن عمود الإشارة,2,2.0,dataset_3,0
الاحسن سويتش اوريدو,2,2.0,dataset_3,0
و كلحتنا بل انترو روبوكوب,0,0.0,dataset_3,0
How to share a contest🤔🤔,1,0.0,dataset_1,0
انا الغيت اشتراك موبليس هبلوني وكي ومشيت نشكي قالي جيب عشرة تاع الناس يرحم والديكم هذا هدرة تم تم هرستها القضية راه في ريزو,1,1.0,dataset_3,0
"أجمل top ,4g شريحة هي. top ,4g",2,2.0,augmented,0
احسنت,0,0.0,dataset_3,0
أوريدو سراقيين والكونيكسيو فيها عيانة.,1,1.0,dataset_3,0
الانترنت راهی ضعیفه بزاف راکم راح تخسرو زبائن بزاف,0,-1.0,dataset_1,0
ردو فلخاص,1,0.0,dataset_2,0
.xx y5y 3ami9 y5y apparently t9l9 had klma aya mnaidech n9ymk 9wd,0,-1.0,dataset_1,0
اوريدو اكبر سراقين يربحو الشعر,1,1.0,dataset_3,0
تكنو تكلام على أنترنت 4g Lte رهي مكنش فيديو 144 p لعبة ببجي بينق 900 رهي كرثة خاوتي ديرو جام باش يطلع تعليق ولا ليعرفو يقولو ره هبلتنا,0,0.0,dataset_3,0
واش راك  شكرا,2,1.0,augmented,0
وقفتولي رقم ديالي وكي تصلت تقولولي ملفك ومنعرف وبطاقة تعريف وانا رقم ديالي من 2004 وهو عندي كيفاش مكاش ملف,0,-1.0,dataset_1,0
Améliorer votre réseau .dz wlh c'est grave thawso ghir 3la drahem,0,-1.0,dataset_1,0
hadi fi ooredoo la gold tkhali 100 Da ya3tok 20 Go w had l'offre ta3 djezzy 800 da ya3tok 10 Go.,1,0.0,dataset_1,0
بينا بلي غالبك رمضان ..قتلنا غير نبداوو على بركت الله ً..😄,0,0.0,dataset_3,0
Erssel,0,0.0,dataset_3,0
واصحاب 20 ميقا adsl كم يحولونهم ؟,0,0.0,dataset_3,0
في واد سوف المسنجر والفيسبوك لا يشتغل أبدا,1,1.0,dataset_3,0
.amara_bm 😂😂 كارثه نت والله منتبهت بصح عندك الحق هعهه,1,0.0,dataset_1,-1
تيليشارجي تتطبيق جيزي 😂🎶🎶,1,0.0,dataset_1,-1
المرأة لابسة سروال مزير على فخاذها و زايدة دايرة رجل فوق رجل عار، زمن الدياثة و الله المستعان,1,0.0,dataset_1,0
WOW! C'est vraiment incroyable,2,2.0,dataset_2,0
😠👎👎,0,-1.0,dataset_1,0
En plus la vitesse ta3 connexion très faible mais mayhamch min fiha hadra avec tt les réseaux,0,-1.0,dataset_1,0
Oui ta9der,0,0.0,dataset_3,0
Zidoulnq f lcnx 5Go matekfich,1,0.0,dataset_1,0
احسن عارط 4g mobilis,2,2.0,augmented,0
Rockstar north .technologie,1,0.0,dataset_1,0
خويا كيفاش نشغل عرض موبيليس 7G <br>400دج,0,0.0,dataset_3,0
*عميقات 🙂😂,1,0.0,dataset_1,-1
Yaw segmou la connexion omba3d ahadro 3la live youtube 👎👎,0,-1.0,dataset_1,0
في جالت هادو ما نشريش 🤣🤣,1,0.0,dataset_1,0
Hadi flil 21.01 waslat 18.5 m /s Alger douira,2,2.0,dataset_3,0
اضن انا اوريدو ولات خير من جيزي في الانترنت رغم أنهم قع يسرقو كونكسيو تعهم قع عينة بصح اوريدو شويا خير من جيزي,1,1.0,dataset_3,0
مانزيدش نفليكسي ڨاع,1,1.0,dataset_3,0
مودام تاعي <br>Sahal box rahtlo ga3 internet <br>Ji hta 1 ta3 sbah <br>,1,1.0,dataset_3,0
من فضلك جاوبني انا فليكسيت 100 موبيليس قداه نقدر نهدر نحو الشبكات الاخرى,0,0.0,dataset_3,0
jojo اختي نسقسيك لبيس تاعك هايلة بزاف تبقا ديما نفس عروض تاع 150 يمدولك 40 جيقا ولا تتبدل بعد 3 شهر تنقص على 40 جيقا ؟؟,0,0.0,dataset_3,0
😢ما عنديش الزهر,1,0.0,dataset_1,0
صح الشاف,0,0.0,dataset_3,0
Grv,1,0.0,dataset_1,0
رانا في 2020 مزال ماعندناش 4G في دائرة العبادية ولاية عين الدفلى,0,-1.0,dataset_1,0
كفاه اندير تاع 5 آلاف,0,0.0,dataset_3,0
Multiplier par 4 dinars le 30 seconde ch7al ti7🤔🤔eiih draham kbar fel youm..hh,1,0.0,dataset_1,0
كونكسو مكاش رعب ثقيلة هذو 3ايام,0,1.0,dataset_2,0
راك روطار تيكنو عندي مدة وأنا نخدم بها في الثوب 4حي,0,0.0,dataset_3,0
موبليس احسن شبكة في الجزائر من غربها الى شرقها ومن شمالها الى جنوبها,2,2.0,dataset_2,0
HaNad El Djilani اخطيك عندي ألين والله ماتصلح النت خماج عزك الله,0,-1.0,dataset_1,0
هل بعد اشهر تتغير العروض اوريدو سويتش,0,0.0,dataset_3,0
موبيليس نحن معك,2,2.0,dataset_2,0
Bda live wla mzeel,1,0.0,dataset_1,0
Je la trouve sur aucun point de vent ? !,1,0.0,dataset_1,0
ياو ريزو عيان فكامل لولايات وسيرفيس كليوون بروفسيونال فليكيداج,0,-1.0,dataset_1,0
transfert de data d' une puce à une autre,1,0.0,dataset_1,0
واش راك ❤️ شكرا,2,2.0,augmented,0
ربي يحفظك,2,2.0,dataset_3,0
انا توب 4جي موبيليس مانغيرش منها ابدا منها ابدا,2,2.0,augmented,0
وشمن تطلع ريقولنا تدفق لي رانا مخلصينو ومن بعد ساهل,0,1.0,dataset_2,0
Hachamto rwahkom nhar l 3id vous êtes nuls dsl,0,-1.0,dataset_1,0
الاشهار الوحيد نقعد لي نسناه 😂💘🌚,2,1.0,augmented,-1
الله يبارك 😂😂<br>العشرة تاع اليل<br>راك هايل كمل خدمتك خويا 💛💛🙏🙏,0,0.0,dataset_3,-1
مع جازي، ابقاو ديما على إتصال مع الناس لي عزاز عليكم,2,2.0,dataset_2,0
خاوتي نسقسيكم هادي تاع سويتش كل شهر ولا أبونمون عام كامل,0,0.0,dataset_3,0
سلطة ضبط.مع جيزي هه,1,1.0,dataset_3,0
Ghedwaa puce 🎴 nechri la puce 🎴 ta3koum,2,2.0,augmented,0
".hm ouii wlh lbara7 ghadetni 3omri plus de 36 G w une video ma 7abetch temchii ghir 9bil blokat rahi grave dija had lyamat ida remarkiti , w dija blk na9solha bach yemchilhom had l offre, w nzidlk rani sur yemchiiwah ghir dok chwii w yweli kifkif t9iil 😏😏",0,-1.0,dataset_1,0
راك مفرحني فيهم ربي يخليك خو,0,0.0,dataset_3,0
مرحباندعوك لمراسلتنا على Messenger لمساعدتك من فضلك.نحن في الخدمة :),1,0.0,dataset_1,0
كم يساوي المودم ooredoo,0,0.0,dataset_3,0
djezzy 23 mb download mb download 22 mb upload constantine,2,2.0,augmented,0
مفهمتش هذا اشعار تع بpuce ولا فيلم رعب😂,1,0.0,dataset_1,-1
خويا تكنو عندي اوريدو قولد ملقيتش لعرض نتاع 200دج لي يعرف ميبخلش,0,0.0,dataset_3,0
Mzel mawsltch gaa les wilayas,1,0.0,dataset_1,0
جيزي مايهديكش ربي و تطلقيلنا كونكسيو باطل ، اون+ قولي لجارتك موبيليس تاع شكوكو تخفف الكونكسيو 💔😒,0,-1.0,dataset_1,0
يا أخي والله يديرو حتى عرض فيه 100 جيڨا بعد ما يهمش <br>المشكل درك الأنترنت راهي ضعيفة من عندهم يعني العروض ما عندها حتى اهمية <br>يحاولو يعدلو الأنترنت الضعيفة تعهم و من بعد ساهل الحال <br>أنا صراحة بديت نكره من الشركات هاذو أوريدو و جيزي و موبيليس و انفصالات الجزائر صدقني كون يبقاو هك نحبس جد الكونيكسيون هاذي لاشتات نخدم بيها و نحتاجها بصح كي تعود في المكرة و الله غير ندير الموحال باش نطيح من قيمة و سمعة الشركات و لتم نشوفوا شكون لي يخسر الشعب ولا هوما,1,1.0,dataset_3,0
❤️😷,2,1.0,dataset_1,0
40kbs,1,0.0,dataset_1,0
صح عيدكم رجعونا العروض تع امتياز,1,0.0,dataset_1,0
De plus en plus marche arrière que dieu leur donne la misère nchalah la connexion de la ..,1,1.0,dataset_3,0
ياخوي انا عندي اوريدو سويتش عندي 10 ايام لاريزو لاكوتيكسيو علاه,0,0.0,dataset_3,0
كيما حشيتوهلنا في هايلة بزاف كنتو تمدونا 18 جيغا و منعبد 6 جيغا و ثقيلة رهج,0,-1.0,dataset_1,0
هادو سير ميعرفوش عروض تاع اوريدو هه,1,1.0,dataset_3,0
بارك الله فيكم . بعد التجربة عرض سما جيد يعني تخير لي يساعدك . نتمنى تزيدو ديرو عرض انترنت وهدرة مع بعض تاع مدة طويلة عقد كمثال 6 أشهر او 12 شهر ويكون بسعر مناسب وشكراا,2,2.0,dataset_2,0
كل النجاح والتوفيق لمدير المؤسسة والمزيد من التآلق ونجاح.,2,2.0,dataset_2,0
راضي بزاف  الله يحفظكم,2,2.0,augmented,0
Cnx mobilis dir hata 100 gp f 1 mois tb9a prblm cnx ctt,1,1.0,dataset_3,0
كنكسيو زباله,1,1.0,dataset_3,0
ريزو مليح,2,2.0,dataset_3,0
خدمة مليحة بزاف ❤️,2,2.0,augmented,0
علاش ركم تدولي في ليزنتي دولة تكل فينا ونتوما ثان 😠,0,-1.0,dataset_1,0
عرض عيان صحبي,1,1.0,dataset_3,0
حمد الله انا عندي خوت وحدة مزوجة و مولات دار خير منك نتا طالع هابط,1,0.0,dataset_1,0
قسنطينة طلقوها ولا مازال,0,0.0,dataset_3,0
ؤمطموكت ؤفنباةه,1,0.0,dataset_1,0
ديرو حل للكونيكسيو نتاعكم 60 ولاية كامل تعاني ولا حبسو جدها كامل,0,1.0,dataset_2,0
واش بيها جيزي هادا ليام؟ عندي هايلة بزاف، نحب نتيليشارجي أفلام خاصة أوقات يكون الضغط قليل و بالتالي تكون السرعة أكثر، لكن هذه الأيام تهبط حاجة أكثر من واحد جيغا تثقال، بمعنى توصل لواحد جيغا من التليشارجومو تولي بطيئة و بطيئة جدا و كأنها شيء متعمد، على خاطر ماش مرة واحدة تصرالي..اذا بصواردنا و زيد تتعمدو ثقلونا سرعة التدفق واش بقى مالا ؟,0,-1.0,dataset_1,0
الشحن جوهر فري فاير برصيد,1,0.0,dataset_1,0
3andi Djezzy hbal la connexion fort tewsel hetta l 15mega,2,2.0,dataset_3,0
تمشي على لوين كنترول تع 130,0,0.0,dataset_3,0
سلام عليكم عندي اوريدو سويتش راهي تستهلك بزاف لي جيڤا كاين الحل ولا نبدلها,1,1.0,dataset_3,0
من نجمة ل نجمة,2,2.0,augmented,0
توب 4gتحولها pixقبل ماتكملك مهله تاع توب4gتكملك شهر pixعادي بلا ليميقا نتا هدا وين فقت,0,0.0,dataset_3,0
خويا عندي اوريدو سويتش و حاب ندير العرض هذا اسكو يتحسب الشهر لي يمشي فالعام ولا لا ؟؟,0,0.0,dataset_3,0
سرعة التحميل ماتفوتش 500 كيلو.. وكي ندير التاست. نلقا 1.2 ميڨا.. واش معناها. وكيفاه نستفاد من 1.2 ميڨا.. وراك مشكور على ماتقدمه..,1,1.0,dataset_3,0
سلام عليكم أخي عندي تلفاز 4k g6 إريس خبيث تشغيل مع التليفون شكراً,0,0.0,dataset_3,0
شكرا علي المعلومات,2,2.0,dataset_3,0
ولات صامطة هذا الحجاية,1,1.0,dataset_3,0
Yassine Menasra هادا ريزو ولا واش انا عياتني كانت تمشي دوك حبست,0,-1.0,dataset_1,0
من فضلك اخي اعطيني مواصفات هواوي ب20برو المقلدة renevie والاصلية ماهي هده العلامات او الفرق بارك الله فيك وربي يعاونك,0,0.0,dataset_3,0
مليح جيزي سبيسيال 1500دج تكون فيه 10جيغة ومكالمات مجانية,1,0.0,dataset_1,0
عطوني تقة ديالكم تحكو تحسب نت طيارة 🤔🤔,0,-1.0,dataset_1,0
20جيقا بشححال بالشهر فماكسي,0,0.0,dataset_3,0
تحشولنا برك يعني 200 الف جاتكم قليلة كل شهر انتوما البونيس كامل ماتمدوش تعرفو غير تدو هه,0,1.0,dataset_2,0
كفاش نديزاكتيفي sema,0,1.0,dataset_2,0
ولله أنا تاني درتها اليوم و سارت الإنترنت ضعيفا,1,1.0,dataset_3,0
مع جازي ابقاو ديما متّصلين عبر مواقع التواصل الإجتماعي المفضّلة لديكم,2,2.0,dataset_2,0
كيفاش نحيها ندمت كي درتها,1,1.0,dataset_3,0
يثقال و مرات ميلحقش 500 كيلو وخطرات ريزو يروح,1,1.0,dataset_3,0
cest vous les filles du Spot? Désolé mais c'est quoi ce style 😂 trop Bou3lem c'est pas beau du tout vous êtes plus belles et stylées dans vos comptes. BIG Flop pour Djezzy .bmi,0,-1.0,dataset_1,-1
Mais cnx prk t9ila ?,0,-1.0,dataset_1,0
Djezzy أنا راهم نحاولي عروض إمتياز هاذي عندها شهر مع أنه رقمي قديم لماذا,1,0.0,dataset_1,0
تجربة رائعة 😍 نشكركم,2,2.0,augmented,1
💕💕,2,1.0,dataset_1,0
تيكنو دير حملة 😭,0,0.0,dataset_3,0
عييب رانا ف 2022 🙂🙂 يبانو جابوهم من 2013,1,1.0,dataset_3,0
اسمع انا كي نجي نشوف تاست تاع كنكسيو تقول رانا في كوريا ماشي في الجزائر,1,1.0,dataset_3,0
اروع عرض على الاطلاق,2,2.0,dataset_2,0
.dz ❤️❤️❤️,2,1.0,dataset_1,0
.dz عفوا,1,0.0,dataset_1,0
Top 4g mobilis راه راحت فيها,1,1.0,dataset_3,0
كيفاش راكم تسرقو ليزينيتي بلحلال و لا بلحرام باسكو راهم غير في تزايد,0,-1.0,dataset_1,0
من سيء إلى الأسوأ ياخويا تيكنو,1,1.0,dataset_3,0
احسن عرض هو موبيليس ميكس,2,2.0,dataset_3,0
Ghir a3edlou reseau nta3kom aw habelna,0,-1.0,dataset_1,0
Saha 3idkom svp ripondiw f prv,1,0.0,dataset_1,0
kouli anta li b3atli fi snap❤️,2,1.0,dataset_1,0
نروح عند مقر موبيليس باش نردها 4g plus,0,0.0,dataset_3,0
ياو راني داير جيزي بصح هدا الشهر اللخر باباي والله مكاين كيما اوريدو,1,0.0,dataset_1,0
Le meilleur c pixx 100 da Mobilis.,2,2.0,dataset_3,0
❤👋👍,2,2.0,dataset_3,1
جيزي دايرين مودام 4G .?,1,0.0,dataset_1,0
بصح في 10 أيام تخلاص الكونكسيو و المشكل الفايسبوك هو لي ياكلها,0,1.0,dataset_2,0
nouvo num,1,0.0,dataset_1,0
Well done .dz,2,1.0,dataset_1,0
Kheira Bekhedda مرحبا،يمكنكي الإتصال بنا على الخاص لتلبية طلبك 😊,1,0.0,dataset_1,0
جيزي والله كارثة يازح حتى به ندخل لببجي مقدرتش رح نشري سويتش هي,1,1.0,dataset_3,0
ن,1,0.0,dataset_1,0
oui kayna mnha,1,0.0,dataset_1,0
الشركة تسرق عيني عينك <br>اكتيفيت 15جيكا من غدوى ذاك مالقيتهاش,1,1.0,dataset_3,0
رانا نخلصوا باه ترهجونا با الكونكسيون هذي راهي تعيي,0,-1.0,dataset_1,0
مرحبا، نحن نسعى لتقديم أحسن الخدمات، في حالة مواجهتك لأي اشكال فيما يخص التدفق الرجاء مرسلتنا على الخاص و تقديم أكثر معلومات من فضلك. زهرة من جازي 🙂,1,0.0,dataset_1,0
الريزو مكانش والعروض قاوية بلاد ميكي,1,1.0,dataset_3,0
اتشيوايوايواا,2,2.0,dataset_2,0
ولاية عنابة غير متوفرة خدمة LTE-ADVANCED..<br>المتعاملين 3.. اكدلنا اخي,1,1.0,dataset_3,0
فيها ليميتاسيون,1,1.0,dataset_3,0
يودي كانت من قبل تشد شهر ..دوك ولات تخلاص في زوج سمانات,0,-1.0,dataset_1,0
علجال هادي نشري بولس موبيليس,2,2.0,dataset_2,0
kanet djaya mli7a 😂,1,0.0,dataset_1,-1
Il faut boycotter l&#39;opérateur qui vole ces abonnés simplement,1,1.0,dataset_3,0
شريحة هايا أفضل ألف مرة من شريحة قولد,2,2.0,dataset_3,0
ma nzidch nkhalass djezzy,1,1.0,dataset_3,0
Kayen f les iphones,1,0.0,dataset_1,0
حتى كي شريتها قلعوها كلاب ههنن وعلاش تحطوها فإشهار خرا,1,0.0,dataset_1,0
جيزي على المكالمات . 100 عندي 300 دج مكالمات + 20 جيجا في الامتياز . صح الانترنيت ثقيلة بصح طبع و عندي 500 دج تاع بي كينغ الجماعة اللي نعرفهم عندهم موبيليس <br>شكرا نتمنى ان المتعاملين يسمعولك . تحس اللعب بلا لربيت و الشعب خارج الملعب .,0,0.0,dataset_3,0
.hayat mabghach yetla3li,1,0.0,dataset_1,0
كذبين 15 يوم تخلاص 😒😒,0,-1.0,dataset_1,0
الخدمة تاعكم رائعة,2,2.0,augmented,0
يصح اوريدو سويتش يطلبو شهادة الإقامة يعني بطاقة الوطنية البيومترية غير صالحة لشراء بطاقة سويتش,0,0.0,dataset_3,0
باي باي جيزي لي بغا يسقسي علينا باي باي سلام,1,1.0,dataset_3,0
اسوء شريحة انا عندي <br>ريكيپيرتها شحال من خطرة ما نحاوهاليش,1,1.0,dataset_3,0
انترنت انتل راهي جيا غير وجدو مقبرتكم,0,-1.0,dataset_1,0
هل استطيع الرجوع للعرض السابق ، كانت عندي باطل نحو جميع الشبكات و 25 جيڨا انترنات,1,0.0,dataset_1,0
علاه لاڨولد رجعوه 30 ب 200 نلف,0,0.0,dataset_3,0
ارتقي غير شوي,1,1.0,dataset_3,0
تحيا فوور كونيكسيو,2,2.0,augmented,0
موبيليس راهي 00 حسبيا الله و نعم الوكيل راني مخلص 100 دج,1,1.0,dataset_3,0
انا واحد من ناس اليوم آخر يوم مع جازي . الله لا يتربحهم سراقين . كونو رجال و كسرو لابيس نتاعها.,1,1.0,dataset_3,0
فالجزائر الصيغة 2G 3G 4G والتدفق واحد ☝,0,1.0,dataset_2,0
Cv,1,0.0,dataset_1,0
مكانش عرض تعطيولي نيميرو طفلة لي دايرة بوني 😂,0,-1.0,dataset_1,-1
الكونيكسيو تاعكم تعيي حتى وأنا في العاصمة فما بالك في باقي الولايات,0,-1.0,dataset_1,0
Hahah g cru q j'étais là seule à se plaindre de votre connexion !,1,0.0,dataset_1,0
ساهلة بوكس بعد المبلغ الأول 699 بعدها شحال تولى. تخلص كل شهر,0,0.0,dataset_3,0
اجمل عرض في موبيليس والله 🥰❤🌹,2,2.0,dataset_2,1
يا خويا و الله غير رحت لمستشار الهجرة لكندا لي جاي في شارع ديدوش مراد بالجزائر العاصمة ، و الله غير فشلتني من الباب و قالت لي ما عندك حتى فرصة للهجرة مع اولادك بسبب سنك (54 سنة ) و الكندا واش تدير باولادك اذا مازالهم صغار ؟ و ما لازمش تامنو هادو لي راهم يشجعو بالهجرة و يقولو لكم كل شئ ممكن .. حسبي الله ونعم الوكيل .,0,0.0,dataset_3,0
kima raki tchufi 1500 ou bien 2oo da w diri l affaire,1,0.0,dataset_1,0
"Avec DJEZZY CONFORT, retrouvez la qualité, le prix et la vitesse dans une seule offre 😍 #djezzy #dz #confort #mahrez",2,1.0,dataset_1,1
اوريدو سويتش,0,0.0,dataset_3,0
N&#39;importe quoi,1,1.0,dataset_3,0
عندي جازي مطلعش الكنكسيو والو تقيلة,0,-1.0,dataset_1,0
العرض لمدة 15يوم او شهر؟,1,0.0,dataset_1,0
قريب دالتكم هلكتونا بالسرقة، واش من فايدة من ليميقا والانترنيت منعدمة عندكم؟؟ همكم المال اما الخدمات الله يفتح,0,-1.0,dataset_1,0
انا نخلص 200 دج,0,0.0,dataset_3,0
هل يمشي من ولاية لولاية مثلا كي نروح للاهل تاعي ونطول اسكو نقدر نديه ويمشيلي نورمال ولا لالا,0,0.0,dataset_3,0
ألله لاتربحهم لازم المقاطة,1,1.0,dataset_3,0
تغطية الشبكة ضعيف .. تدفق النت يترنح منطقة فيها الجيل الرابع ومنطقة تفتقر حتى إلى الجيل الثالث ..,0,1.0,dataset_2,0
Mobilis ان شاء الله تعالى فيها خير صح فطوركم,2,2.0,dataset_2,0
😂😂 rahoum dayrin el hafla alors,1,0.0,dataset_1,-1
عييتونا بالكونيكسيون تاعكم 4g متطلعش,0,1.0,dataset_2,0
سلام.عندي انستغرام متمشيش راني داير تاع 1500da الحل(يوتيوب فيسبوك عادي ),1,0.0,dataset_1,0
.__.ms.__.ou__t ماشي غير انا حتى وحدة صحبتي هكا تان مفهظتش وين راه البروبلام,1,0.0,dataset_1,0
درت عرض ميكس 100 دج 15جيغا وخلاص حجم الانترنت في 8 ايام كيفاش نزيد حجم انترنت مكاش connect+,0,1.0,dataset_2,0
😢بدلولي جيزي نتاعي اخمج سرفيس جيزي,0,-1.0,dataset_1,0
عندي جيزي هدرا نحوس نبدلها جيزي ماكسي عاونوني,0,0.0,dataset_3,0
Rba7t ghir 1h ta3 cnx 😭😭,1,0.0,dataset_1,0
جيزي اعلنت عن جيزي غير ب 40go انترنت و مكالمات سبيسيال محدودة مع جميع الشبكات,2,2.0,augmented,0
ولي ماشي مليحا في لاسويتش كي تكمل 50 جيقْا <br>متقدرش تفليكسي حتى يخلاص شهر 😕😕<br>راني حاصل بيها,1,1.0,dataset_3,0
الكونيكسيون كانت لباس بيها نهارات فاتو بصح عنها 3 ايام عمات عينها ياسر مش قشوي ياجازي ديرولنا راي رانا نعانو مع الكونكسيون تع الخرطي هذي 🙏,0,-1.0,dataset_1,0
تاع جيزي راكم هاذي الايام تاكلو في السحت وديرو في الحمقى ولاكريز نفلكسيو الانترنت نلقاوها كاو هذا لاه ريقلو رواحك ولا خليونا نبدلو البيس والله عيتونا 😷🤕😓,0,-1.0,dataset_1,0
نتمنى المزيد من التطور ونجاح.ان شاء الله,2,2.0,dataset_2,0
كيفاش نديرو هاذي التقنية ياوو <br>ما فهمنا والو 🤷‍♂️,0,0.0,dataset_3,0
مفهمتش انا سقسيت على الانترنت واش بيها رجعت مثل السلحفات وانتم قلتولي عطينا رقم المنزل واش دخل رقم المنزل في انترنت الهاتف,0,-1.0,dataset_1,0
او في طوب 4جي يخدم,0,0.0,dataset_3,0
ردائة تامة,1,1.0,dataset_3,0
مزال راكم تتمسخرو بينا..نت اصلا سيئة عندكم,0,-1.0,dataset_1,0
بهدلندتونا يا جيوي بهذا العرض,0,-1.0,dataset_1,0
كونكسيون حاجة مليحة و تساعدنا.,2,2.0,dataset_2,0
تاع 100 فيه 20 جيغا برك بصح يبقى خير من العروض تاع الشبكات الأخرى,1,0.0,dataset_1,0
Djezzyعيدكم مبارك نطلب منكم إستحداث عروض جديدة عليكم مراعات غلاء عروضكم وعدم تلبيتها إحتياجات الزبائن,0,-1.0,dataset_1,0
😂😂آتمنيك تمنيك,1,0.0,dataset_1,-1
أنا راني ب جازي نتفرج عادي,2,2.0,dataset_3,0
Bon courage merci pour votre aide,2,2.0,dataset_3,0
انا راني كسرتها و قمت بتغير شركة أخرى و راني غيا و الكنكسيون مليحة راني هاني في راسي,1,1.0,dataset_3,0
كيف اوقف اشتراكي في هذا الكويز,1,0.0,dataset_1,0
بارك الله فيك بالتوفيق,2,2.0,dataset_3,0
ادخلو سطوري ديالي اضربو دارة ❤️,1,0.0,dataset_1,0
يا الخراالريزو تاع ال4g طالع و كونكسيو ثقيلة و مينداك تروحاتصالات الخرا كامل سراقين المتعاملبن تع دزاير,0,-1.0,dataset_1,0
دير ابوني في طريقك ربي يحفظلك ديك لميمة لعزيزة 😍😍,2,1.0,dataset_1,1
ياو reseaux ميصلحش خاصة المساء,0,-1.0,dataset_1,0
الخطرة الاولى كي تشريه جديد يحشوهالك ب كونكسيو خفيفة وبعد تعود تمشيلك ثقيلة <br>تنزيل فيه 50 ميغابايت يعقدلك ساعة باش تتحمل,1,1.0,dataset_3,0
في عنابة قاع مكانش غير في العاصمة,1,1.0,dataset_3,0
موبيليس راهي طلع السكر والضغط الله يعافينا ويعافيكم,1,1.0,dataset_3,0
عندي جيزي هايلة 1500 دج مع 40 جيڨا و 300 دج و مكالمات باطل …,2,2.0,augmented,0
Combien le paiement par mois,1,0.0,dataset_1,0
يصلح للويفي خو؟,0,0.0,dataset_3,0
سلام..<br>اخي مشكور على الشرح ..<br>حاب نشري مودام 4 جي . اي نوع افضل .. اي شحال نقدر نبعد . و شحال مدة استعمال البطارية . ربي يوفقك .,0,0.0,dataset_3,0
<b>أبحث عن مودم اتصالات الجزائر🇩🇿 4g🙂الاغواط</b> ×,0,0.0,dataset_3,0
Yakhi la connexion ta3 ezmar 😢,0,-1.0,dataset_1,0
موبيليس كي تبقا غير هيا فوق الأرض منديرهاش,1,1.0,dataset_3,0
Wamb3d tradoha 6 go allah la trabhkom tsar9ou ness nchlh mtrabhouch 😒😒 déjà tnahaw gae 😒😒,0,-1.0,dataset_1,0
تحيا pixx,2,2.0,dataset_2,0
نحونا إلزامية الاشتراك ب 50 ألف باش تفعل عرض فايسبوك ولا يوتيوب غير محدود في جيزي إيزي سيكون أفضل عرض على الإطلاق 🙏🙏💪💪,1,0.0,dataset_1,0
كفوا هه,0,0.0,dataset_3,0
ودرت واحدة 😍 ودرت وحدة 😍 ودرت وحدة😂😂 وحدة😂😂 راهي راهي عجبتني مووت 👏,2,1.0,augmented,-1
عجبتني بزاف la gold,2,2.0,dataset_3,0
je n'oublirais jamais 46 kbp/s de c'est deux jours de l'aid .. les 1500 DA/ moi irons pour la switch d'ooredoo mennael fouk .. bey bae djezzy-rahdj .,0,-1.0,dataset_1,0
كويز راهو يديلي فادراهم كيفاش نلغيه,1,0.0,dataset_1,0
Ana ki ndir test b djezzy tatla3 50 49 4g+,2,2.0,dataset_3,0
انا عاملة نتاع 800 وكانت عندي نتاع 600نحيتوها علاش,0,-1.0,dataset_1,0
وش جديد top 4g من قبل هكدا تعيي,1,1.0,dataset_3,0
Esq lazem puce jdid ? Psq lyoum j'ai activé l'offre hayla bezzaf 1500 w 3tawni seulement 20Gb,1,0.0,dataset_1,0
"Ana dawartha ooredoo switch fiha débit machaallah walah ghir ni3ma tawsel hâta 40mbps download w 40mbps upload (m <a href="" hâta sbah) w fnhar tan mliha m 4mbps jusque Balak 16mbps 3la hseb laplayes bien sûr) ana banatli hia la meilleure puce f les trois opérateurs pour l&#39;instant",2,2.0,dataset_3,0
👌👌💪💪,2,1.0,dataset_1,0
راني درت بيس عرض سما وحسلت,0,1.0,dataset_2,0
Je pense que ce problème sera jamais réglé w matabardouch hatta on change le réseau,0,-1.0,dataset_1,0
انا درتها التدفق مليح و حاليا راني مفعلة تاع sama net 1500 فيها,2,2.0,augmented,0
.dz Nchalh merci,1,0.0,dataset_1,0
رجعولنا عرض 1500نتاع 40جيغا شهرين مشي شهر هكذا احنا ما نخسرو ونتوما ماتخسرو زباءنكم,1,0.0,dataset_1,0
فليكسيت 400دج راحوا في دقيقة علاه,1,0.0,dataset_1,0
مرحبا،يرجى التواصل بنا على الخاص لنتمكن من إفادتك.نسرين من جازي 🙂,1,0.0,dataset_1,0
موبيليس صح,2,2.0,augmented,0
ريزو ناقص🤣,0,1.0,dataset_2,0
extra mli7a ta3 500DA,2,2.0,dataset_3,0
fort Mobilis ❤❤,2,2.0,augmented,0
كاش جديد على رفع انترنت لل adsl,0,0.0,dataset_3,0
"i knew it , thank u bro",1,0.0,dataset_1,0
عرض فاشل مع تدفق النت ضعيف جدا خاصة في الليل,0,-1.0,dataset_1,0
مشكل كبير في تدفق 3g 4g. تواصلت معكم في الخاص ولا رد؟🤔,0,-1.0,dataset_1,0
وضكا ما تحلوش هذا المشكل تاع ثقل ولا كيفاه,0,1.0,dataset_2,0
عجبوني تاع العروض سما,2,2.0,augmented,0
.boob w 3andna 800da nés mahech ta7chem,1,0.0,dataset_1,0
احنا في سطيف مليحة هايلة 4g جامي راحت,2,2.0,dataset_3,0
الحد الان مزلت نعاني في جيزي عندي 40 جيقا ناكل 8 في شهر في العاصمة و بومرداس,1,1.0,dataset_3,0
المشكل لاوين لازم تزيدولن ف الانترنت رانا نسلكو 130الف متمدولنا غير 15G قليلة لازم تزدولنا شوي,2,2.0,dataset_2,0
كي يخلاصو 3 جيغا شحال تولي تمشي من ميغا ؟,0,0.0,dataset_3,0
🤔,1,0.0,dataset_1,0
Djezzy vidéo ntfrj 144p MnytQ awdi wlh ila b drhmna w rahom mzkrine fina li9 hmla kbira,1,1.0,dataset_3,0
pixx 1200 fiha 20 go,2,2.0,augmented,0
اسرع عرض في موبيليس,2,2.0,dataset_3,0
كيفاش ندير كنطلع الابلكاسيو باش نربح,1,0.0,dataset_1,0
Lazem techri puce jadida??,1,0.0,dataset_1,0
واش راك ✅ شكرا,2,2.0,augmented,1
كل ما نفليكسي تخونو لي كريدي حسبنا الله فيكم,0,-1.0,dataset_1,0
واش راك صراحة شكرا,2,2.0,augmented,0
انا تخدعت في هذا العرض اليوم شريت puce جديدة مع العرض تاع سما ومالقيت لا انترنت لا والو,0,1.0,dataset_2,0
يعطيك الصحة سلكتنا من حشوة وربي يخلف عليك هه,0,0.0,dataset_3,0
مازالت اغلب مناطب الولايات تتمتع ب2Gومشكورين للكل شركات الاتصالات فلجزائر الجزائر 😔,1,1.0,dataset_3,0
افضل عرض من حيث المكالمات شكرا,2,2.0,dataset_2,0
اتصالات الجزائر تكونكتي جميع مواقع بعد نفاذ 20جيغا,0,0.0,dataset_3,0
"Repondiw f prv ya li wlat 3ndkom cnx rahj , kant mliha te9btoha",0,-1.0,dataset_1,0
واش راك ❤️ شكرا,2,2.0,augmented,0
السرعة المنخفظة بعد ماتخلاص 50 جيڨا,1,1.0,dataset_3,0
الانترنت ضعيفة جدا جدا في المساء,0,-1.0,dataset_1,0
شريحة ساهلة بوكس تعيف,1,1.0,dataset_3,0
كونكسيو تعيف,0,-1.0,dataset_1,0
علاه متديروش جيزي باطل و 5 جيقا انترنت,1,0.0,dataset_1,0
.staps c'est vrais ??,1,0.0,dataset_1,0
ردوا بالكم تحولوها,1,1.0,dataset_3,0
كفاش نرجعها بيكس,0,0.0,dataset_3,0
عينين ريفكا وين راهم يشوفو ؟,1,0.0,dataset_1,0
بقداه شراوك برك 😒,1,0.0,dataset_1,0
Dirou service client yesla7 puis dirou des offres,0,-1.0,dataset_1,0
اسمط منك ماكانش,0,0.0,dataset_3,0
حنا مزلنا ف3G بارا وحدة,1,1.0,dataset_3,0
.adem.dn يرجى التواصل بنا على الخاص لنتمكن من إفادتك. نسرين من جازي 🙂,1,0.0,dataset_1,0
نسيتو رابط,1,0.0,dataset_1,0
نتمنى المزيد من التطور الله شاء ونجاح.ان,2,2.0,augmented,0
"Avec de HAYLA MAXI 😍😍Profitez d'un MAX d'internet et l'offre crédit, mais pas que, profitez aussi d'appels et SMS gratuits et illimités vers Djezzy 😎😍",2,1.0,augmented,1
علاش مراكمش تريبوندو ف خاص علاش راه عندي مشكل ف شريحة لازم ديرولي حل,1,0.0,dataset_1,0
"Personnellement la voiture électrique car je suis très intéressé,",1,0.0,dataset_1,0
موبيليس يعصرو فينا هاد العرض غالي كان يحطوه من زمان فيما يخص لوقة الحالي 100جيڨا 100دج وطلع,1,1.0,dataset_3,0
سرقتووني. حرام عليكوم,0,-1.0,dataset_1,0
ماهو أفضل متعامل للهاتف نقال📲 في الجزائر🇩🇿 من خلال عروض ( مكالمات📞 وانترنت🌍) وتغطية📶🆗 موبيليس طبعا,2,2.0,dataset_2,0
بارك الله فيك ولكن مادا بينا غير ايزيدو شوي في تدفق الانترنت يا خويا هادي ماشي انترنت رانا ف ٢٠٢٠ مازال كي ال 2gكي3 g كي 4g يعطوك 13جيقا يخلص الشهر تصيبها 10 جيقا ايزيد التدفق لما تقعد تحت لانتان نتاعههم صافي كل واحد لازملو انتان فوق دارو اوموا انصيبوها صالحة في جيهة ني جيزي ني موبيليس ني اتصالات الجزائر ماكان والو كلش هامل,1,1.0,dataset_3,0
💪🔥🔥,2,1.0,dataset_1,0
حنا الجيل 3 و مشفنهاش وين يا الجيل الخامس تبهديل 2021 الجزائر الجديدة بلاد مصنفة في اواخر البلدان من حيت الأنترنت كون عطا ربي راكم واقفين باش نغيرو الخدمة ماش باش تشجعو الهف و الفساد.,1,1.0,dataset_3,0
اتصلت بخدمة زبائن مكاش لرد,1,1.0,dataset_3,0
سما مافيهاش 😂,1,1.0,dataset_3,-1
سلام عليكم خويا علاش ما درتش fast خير و درت test speed vpn,0,0.0,dataset_3,0
ريزو يموت,0,-1.0,dataset_1,0
Chhal dir,1,0.0,dataset_1,0
🏃‍♂️,0,0.0,dataset_3,0
"خويا ما جبتي حتى حاجة جديدة منذ 2021. للأسف.<br>Depuis le début de l&#39;année tu n&#39;as rien apporté sur ta chaîne. Excuse moi mon frère.,??",0,0.0,dataset_3,0
شكرا على المجهول المبدول,2,2.0,dataset_3,0
هاد اليومين كنكسيون راهي اددش وقيل هلكها رمضان😑,0,-1.0,dataset_1,-1
احسن عرض من أجمل شبكة في عالم بالتوفيق ♥,2,2.0,dataset_2,0
#جبل_الوحش راهم شبعوا دعاوي عليكم على الشبكة لي عادت في الموت هه,1,0.0,dataset_1,0
هايلة ماكسي 30 كيلو بايت العاصمة 😔,1,1.0,dataset_3,0
مشاء الله ربي يحفضكم,2,2.0,dataset_2,0
انترنت ضعيفة جدا عرض بيكس احسن خصوصا في الليل,0,1.0,dataset_2,0
راضي بزاف 🌟 الله يحفظكم,2,2.0,augmented,1
22.9 donw 5.88up,0,0.0,dataset_3,0
Khorda,0,-1.0,dataset_1,0
العرض هذا تاع 100 مكانش في la wine 😔🥺,1,1.0,dataset_3,0
مفهمتكش تع ميبيعولكش لبيس في عرض الأخير و كيفاش دير,0,0.0,dataset_3,0
مكاش أثقل عليكم متخافوش,0,-1.0,dataset_1,0
مربحت والوو,0,-1.0,dataset_1,0
بصا. كونكسيو. رهي. ميتا. عله. نتع. Adl,1,1.0,dataset_3,0
offre bonne,2,2.0,augmented,0
.dz حنا يبيعو فيها 600da,1,0.0,dataset_1,0
bs7 riseu ta3kom for WLh 😂🔥,2,1.0,dataset_1,-1
أنا عندي ردمي 9 متلعتليش,0,0.0,dataset_3,0
انا والله الحمد الله غير كنت ديار ڨولد فلودام درت سويج هيليا,2,2.0,dataset_3,0
من بكري ليزوم,2,2.0,dataset_2,0
ربي يرحم شهدائنا الابرار,1,0.0,dataset_1,0
كاين تخفضات في هذاا رمضان,1,0.0,dataset_2,0
ردوها خفيفة برك هدا مكان كي تكون عندك 40 جيغة و كونسيون تقيلة متقدر دير بيها والو واش الفايدة شغل راك تبول فرمل حشاك 🙄 ردوها خفيفة برك ادى بغيتو زعمة,0,-1.0,dataset_1,-1
نتمنا عروض أفضل!,0,1.0,dataset_2,0
ديرونا مطولا شهرية سحب,1,0.0,dataset_1,0
مفيهاش هدرة,1,0.0,dataset_1,0
احنا جيزي هي المليحة في سطيف,2,2.0,dataset_3,0
ماتهمنيش عروض موبليس قد مايهمني يوسعو في شبكة الجيل الرابع خاصة في الصحراء و يزيدو سرعة تدفق الانترنت وفقط شكرا لك اخي,1,1.0,dataset_3,0
برومو بيكس لقيتها زبل ماتصلحش,1,1.0,dataset_3,0
قولها إلى دار العجازة,1,1.0,dataset_3,0
Esque lazam naflexy 500 da berk wala kima ta3 1 mois 500 w 500 ca fait 100 da .. Fahmouna 😇😉,1,0.0,dataset_1,0
Djezzy شكرا ☺️,2,1.0,dataset_1,0
ما هي طريقة الحصول على100دج انترنات ؟,1,0.0,dataset_1,0
وتبقى ooredoo الافضل في عرض سوتش 150 =<br>50Gb,2,2.0,dataset_3,0
أواه خلونا في بزاف هايلة جيري,2,1.0,augmented,0
.msd بعد الدقيقة الثانية و بدون التسجيل في أي عرض ، المكالمات نحو شبكة جازي تكون مجانية.,0,-1.0,dataset_1,0
خويا لعزيز مع موبيليس pixx ب 100دج عندك 13 جيجا و فايسبوك تستهلك كثر من 20 جيجا وهذا نقولهولك بالدليل يا أخي تحيا موبيليس و انعل بليس,2,2.0,dataset_3,0
Djezzy suis connecté Je ♥️😍,2,1.0,augmented,1
الخدمة تاعكم رائعة صح,2,2.0,augmented,0
Mmm لوكان تخمموا تنحو هاديك تاع شهر وتمدو ربعين جيغا وكي تخلاص نفليكسيو ميات ألف باش تكونو رابحين ونكونو رابحين,1,0.0,dataset_1,0
100 يعطوني 30جيڨا مليحة راح نفليكسيها,2,2.0,dataset_2,0
واو,2,1.0,dataset_1,0
صح عيدك جيزي شوي اتهلى كونيكسيو ظعيفة وعروظ شوي تقال,2,1.0,dataset_1,0
راضي بزاف والله الله يحفظكم,2,2.0,augmented,0
Fort 😍😍,2,1.0,dataset_1,1
تحيا جاوب فوور كونيكسيو,2,2.0,dataset_3,0
ديرلنا جيزي إيزي نشوفو شحال تلحق,0,0.0,dataset_3,0
Kdeb makhrejch qedma Nherek maykherjoulich hwayej batel hwa flavideo z3ma rbeh 20 go gratuit 3lh hakda tchoufouna drari sghar,1,0.0,dataset_1,0
Thanks,2,2.0,dataset_3,0
شحال سومة تاع شريحة اوريدو ؟,0,0.0,dataset_3,0
ايدوم 4جي 720 .بعد نفاذ الجيڨات تتفرج يوتيوب خير p,2,2.0,augmented,0
احنا المليحة في سطيف,2,2.0,augmented,0
الوحيدة الي متغيرتش هي بيست هباال افضل شريحة في جازي,2,2.0,dataset_3,0
تقدمت بشكوى,1,1.0,dataset_3,0
بس نحن مانلقى راحتنا مع جيزي عندما نلعب فري فاير,1,0.0,dataset_1,0
"مرحبا,نعتذر عن الإزعاج ,هل تعانون من مشكل في التدفق ؟ شكراعبد المؤمن.ك من جازي",1,0.0,dataset_1,0
كرهت هذي لبلاد مفيها حتى شيء يصلح,1,1.0,dataset_3,0
"اما sama لا توجد و تنخفض بالسرعة انا فكليست الاحد اليوم الثلاثاء راه <a href="" من 15 باضافة كنت نتفرج اي fb",1,1.0,dataset_3,0
ربي يبارك ربي يبارك ماشاء الله,2,2.0,augmented,0
عندي جيزي في المسيلة خيرات نهار كامل نتفرج ونكونيكتي ونتليشارجي عادي غير وقت ذروة توصل 5 ميغا اما باقي النهار حتى 80 ميغا عرض جيزي هبال,2,2.0,dataset_3,0
توب جيزي ويردو على المكالمات 😍 على المكالمات,2,1.0,augmented,1
يبقى Top 4G افضل عرض 👌 في موبيليس,2,2.0,dataset_3,0
كوندور فيها ولا لا,0,0.0,dataset_3,0
T7akmo ghi f connexion bezaf 3likom,1,0.0,dataset_1,0
Tzid 500 + 100 = 600 Da wla 500 + 600 =1100 Da,0,-1.0,dataset_1,0
ديما ضعيفة موبليس,1,1.0,dataset_3,0
Nahla,1,0.0,dataset_1,0
J aai la smart M je peux passé vers had l offre,1,0.0,dataset_1,0
كشما عرض موبيليس اخي زيادة في الجيڨا,0,0.0,dataset_3,0
كي قلت 5G ضحكتني 😂😂يازح 4G معندناش دايرين هالنا رقم برك انا به نتفرج ولا نلعب ببجي لازم 3g وكي نديرها 4G يقلي انتهت مدة الطلب 3G على الاقل تمشي وتحبس وكي نتفرج فيديو والله والله 2G تمشيلي فيديو ندير 4G يحبس لفيديو ونتا حاب تقنعني 5G المهم عندي بيس جيزي هايلة بزاف يكذبو علينا برك 🎀 حسبي الله ونعم الوكيل,1,1.0,dataset_3,-1
قاطعوهم كي جيزي كي موبيليس كي نجما,1,1.0,dataset_3,0
زبي🍌,0,-1.0,dataset_1,0
مرانيش نقدر نبعث لمساج علاه,1,0.0,dataset_1,0
Fire 🔥 🔥 🔥 🔥 merci djezzy,2,1.0,augmented,0
هذي عروض باهية,2,2.0,dataset_2,0
كاش مراح يزيدو في سرعة توب كات جي ولا,0,0.0,dataset_3,0
EL Rey Ressan جازي ملكوها صهيوني يتجسس على الجزائر لازم غلقوها,1,0.0,dataset_1,0
❤️ ممتاز والله,2,2.0,augmented,0
خاوتي اوريدو سويتش لازم تخلص 150 بالفاتورة عندهم فاوريدو ولا تفليكسي 150 ميل من اي فليكسي,0,0.0,dataset_3,0
صباح الخير و جمعة مباركة,0,0.0,dataset_3,0
كان عندي مبستم وكنت مفعل العرض تع 500 كي حولت لسما راحلي كلش ورجع الكريدي 1da,0,1.0,dataset_2,0
انا عندي 3سنين ملي ودعت جيزي لايوجد شبكة جيزي,1,1.0,dataset_3,0
دجيزي ها عطوني شوية ميغات صدقة عليكم ولا نتوما تتعاملوا غير بالدراهم,1,0.0,dataset_1,0
أسوأ pus,1,1.0,dataset_3,0
الريزوا مش مريقل 😪,0,-1.0,dataset_1,0
☑️🇩🇿❤️,2,1.0,dataset_1,0
عرض سيء سيء سيء .. عرض للحيلة والتحايل على الزبائن,0,1.0,dataset_2,0
الفار ما يدر عولة وعربي ما يدير دولة كرهنا والله العظيم غير كرهنا,1,1.0,dataset_3,0
🐢🐢,0,-1.0,dataset_1,0
Djezzy نسبة التغطية باكبر دائرة عين البيضاء بام البواقي رديئة جدا جدا عندما تتحدث داخل المنزل او محل لا تستطيع اتمام المكالمة حتى الخروج للشارع ناهيك عن الانترنت ضعيفة ايضا و وكالتكم المحلية هنا تعلم بهذا المشكل و تقول انها اخطرتكم بهذا المشكل لكنكم لم تقدموا لهم المساعدة او الحل ننتظر الرد لاننا ننوي جميعا هنا في عين البيضاء تغيير المتعامل و شكرا راسلناكم على الخاص ولم تجيبو,0,-1.0,dataset_1,0
Franchement je suis très déçue de votre connexion très lente,0,-1.0,dataset_1,0
مليح بزاف 😍 نوصي بيه,2,2.0,augmented,1
بقداه ندير migration,1,0.0,dataset_1,0
Reseau 3iyan sagmoh omba3d sahel,0,-1.0,dataset_1,0
ردو في المسنجر الله لا يخليكم,1,0.0,dataset_1,0
ياودي تحيا جيزي غير ماتعييش روحك,2,2.0,dataset_3,0
عروض جيدة نوعا ما ولكن تغطيةشبكة ضعيفة للأسف,0,-1.0,dataset_1,0
بزاف والله بزاف تخلص 200دج باش ترياح تدارب مع الانترنت مرڨوها مكاش ڨاع مكاش خلاص نحبسها هاد شهر انشاء الله لا جيزي من بعد اليوم,1,1.0,dataset_3,0
وشنهي يعني موبليس باكل,0,0.0,dataset_3,0
ادخل فلموضوع على طول . راك كرهتنا فلفيديو,0,0.0,dataset_3,0
خاوتي وضك مزال العرض تاع 18 جيڨا؟,0,0.0,dataset_3,0
اني عندي زوج دجيزي يعيفو هايلة سرقة عيناني مع خرجت كانت مليحة دك 00 اني راح نبدل يا اوريدو يا موبيليس,1,1.0,dataset_3,0
F dz Tkhls Bdrahmk w Msogriink,0,1.0,dataset_2,0
خخ خاصة بالكونيكسيون تاعكم,0,-1.0,dataset_1,0
امتياز 100علاش نحتوه,1,0.0,dataset_1,0
هه مكاش هضرة فالعرض تاع 150 الف ربعين جيقا ويوتيوب ايليميتي جربتها وملقيتش هضرة,1,1.0,dataset_3,0
Mknch f IOS ?,0,0.0,dataset_3,0
Shab l millénium. Vu ✔,1,0.0,dataset_1,0
انا عندي لوين كنترول تع 130<br>نقدر نحولها,0,0.0,dataset_3,0
عندي مشكل علاه قفتولي شريحة تاعي و نعيط خدمة الزبائن ميهزوش !!,1,0.0,dataset_1,0
خويا أنا عندي مشكل في طوب 4g كي نعيط لكيش واحد يدولي من 500 ومن بونوس ، يعني مش نهدر بالبونوس ويبقالي كريدي تاعي ، هذي مافهمتهاش وجماعة لي كيفي يقلولي انه كريدي تاعهم مايتوشاش الا اذا بونوس كملت ، أسكو عندك حل لدا مشكل ومشكور,0,0.0,dataset_3,0
EL Rey Ressan يطيلك شعر خرا حنا مناش عيباد ول,0,-1.0,dataset_1,0
جربها في بوبجي,0,0.0,dataset_3,0
هيا مليحة,2,2.0,dataset_2,0
عجبتني : تيليشاغجي تَطَبيقِ جايزي😂😂,1,0.0,dataset_1,-1
cnx dyalkom ki zbl 7acha l3ibad li chafo l cmntr,0,-1.0,dataset_1,0
يأخي تكنو ديرلنا فيديو على اروريدو سويتش حاب نشري وحدة,0,0.0,dataset_3,0
We9tache hadi,1,0.0,dataset_1,0
صراحة ممتاز والله,2,2.0,augmented,0
درت ديما و حصلت بيها,1,1.0,dataset_3,0
عطوك مجانا مودام,0,0.0,dataset_3,0
الزبون يطالب بدعم البنية التحتية اللازمة لفك الضغط عن الهوائيات القليلة التي اصبحت لا تلبي حاجة العدد المتزايد من المشتركين المجبرين على الاشتراك في شبكتكم في ظل غياب المنافسة,0,1.0,dataset_2,0
خويا سلام مشيت و قالي كاين تاع 2500 إنترنت خير محدود لمدة 6 أشهر ممكن توضيح,0,0.0,dataset_3,0
3aslama,0,0.0,dataset_3,0
كل عام وانتم بي الف خير,1,0.0,dataset_1,0
cnx ki zeby,0,-1.0,dataset_1,0
وانا عندي اكثر من شهر ملي بعثتلكم ومازال ماجاوبتونيش وكي نعيط لايتم الرد ممكن جاوبوني اذا بغيتو زعما,1,0.0,dataset_1,0
صباح الخير،يرجى التواصل بنا على الخاص لنتمكن من التأكد على مستوانا من فضلك.شكرا، نسرين من جازي 🙂,1,0.0,dataset_1,0
عندي مشكل مع انترنت محبتش تدخل للألعاب online وتحميل و مشاهده الفيديوهات,0,1.0,dataset_2,0
يا ريت ديرنا مقارنة بيننا وبين دول اخرى في عروض الانترنت وبدراهمنا شحال تكون ولك الشكر لوخي .,0,0.0,dataset_3,0
هل هي4G,1,0.0,dataset_1,0
و لي معندوش عبد عزيز عليه واش ادير 😒😒,0,-1.0,dataset_1,0
600+500da,1,0.0,dataset_1,0
والله لا ثقيلة تقتل يكذبو عليكم شريتها باطل,0,-1.0,dataset_1,0
هاذ لعرض نلقاه في لبيس لقديمة العادية لي تسوا 30الف ??,0,0.0,dataset_3,0
الأنثرنث كارثة يا موبيليس في ولاية جيجل,1,1.0,dataset_3,0
موبيليس الانترنيت موبيليس الانترنيت فيها مليحة,2,2.0,augmented,0
انا مفهمتش عدد المشتركين أكثر من 200 الف مشترك و عدد المشاهدين لا يفوت 100 الف؟؟,0,0.0,dataset_3,0
يعني عادت كيما طوب 4جي بعد نفاذ الجيقا تبقى تمشي بسرعة منخفظة مليح خبر يفرح مشكور على مجهوداتك حبيبنا,2,2.0,dataset_3,0
جيملة جيجل 3G/180في افظل حالها,2,2.0,dataset_3,0
عجبتني مليحة تووب,2,2.0,dataset_2,0
Pixx pro فيها ولالا؟؟,0,0.0,dataset_3,0
15 جيقا تخلاص في أسبوع هاذي سرقة 👎👎,1,1.0,dataset_3,0
واش بيها انترنات ليوم مرنييش نقدر ندخل وثقيلة,0,1.0,dataset_2,0
العرض تاع مئة وخمسين يعطوك ربعين جيغا راح !؟,0,0.0,dataset_3,0
زادو في رالسرعه تاع مودام 4جي,2,2.0,dataset_3,0
راضي بزاف ❤️ الله يحفظكم,2,2.0,augmented,0
Tzma nb9aw rir nzidou hta tlha9 mlyoun bezzaf lkan tnahou hdik 500da lwlaniya chghul drc dir 600da wki thb tzid tzid m 🤷✅,0,-1.0,dataset_1,1
علاه تحشوهالنا كي جوز ثلاث اشهر تنقصو قاع العرض لنص التدفق عباه تخوبيث علاه,1,0.0,dataset_1,0
J&#39;ai un smartphone infinix s3 32/3go est-ce qu&#39;il est compatible avec 4 g advence +,0,0.0,dataset_3,0
كيفاه الريزو فعين بنيان,0,0.0,dataset_3,0
الخدمة تاعكم رائعة,2,2.0,augmented,0
ماحبتش تتحول,1,1.0,dataset_3,0
.dz Veuillez prendre en considération les réclamations des clients on est en 2020,1,0.0,dataset_1,0
شحال تحكم,1,0.0,dataset_1,0
عروض عروض عروض في جميع الشرائح و خدمة الانترنات صفر صفر صفر خاصة في الشرق و تحديدا ولاية خنشلة هاذي سرقة,1,1.0,dataset_3,0
ya weldi rakom habeltona cnx raha d3ifa grv dirona hal wela lwahed ybedel operateur direct,1,0.0,dataset_1,0
4جي أقسىمها على عدد ليمودام في الدشرة تجدها 0.001 جي.,0,-1.0,dataset_1,0
كلهم كيف كيف,1,1.0,dataset_3,0
موبيليس تتقشف اي حاجة تاع الجزائر في أيدي خارجية 😂,1,1.0,dataset_3,-1
Kifch hedi?,1,0.0,dataset_1,0
واش راك والله شكرا,2,2.0,augmented,0
في الليل مكاش قاع ندمة ليشريتها نوكل عليهم ربي,1,1.0,dataset_3,0
الرابط لايعمل,1,1.0,dataset_3,0
نسرين ممكن نرتبط 🌷,1,0.0,dataset_1,0
وش نديرو ب 90 جيغا؟ و ما جي تخرجلك تصويرة ولا فيديو حتى طفي و تشعل كاش 4 خطرات,0,1.0,dataset_2,0
المشكل الكبير في التغطية ضعيفة جدا,0,1.0,dataset_2,0
مهم جماعة ملخر اوريدوو اكبر شركة للسرقة في الجزائر,1,1.0,dataset_3,0
خيا تيكنو مومكين نيمروك أو واتساب خاس بيك,0,0.0,dataset_3,0
يا ودي الكل سراق,1,1.0,dataset_3,0
راضي بزاف  الله يحفظكم,2,1.0,augmented,0
خصم اموال من رصيد من خدمات التي فرضتم علينا بدون اذن,0,1.0,dataset_2,0
Parler pour ne rien dire,0,0.0,dataset_3,0
اييه لهنايا نتفاهمو موبيليس,2,2.0,dataset_2,0
شريحة موبيليس top 4g تمشي بسرعة بطيئة .,1,1.0,dataset_3,0
فليكسيت 100 دج منين لحقت اكتيفاوهالي وحدهم هدرة و انا كنت راح ناكتيفيها كونكسيون واش ندير !,1,0.0,dataset_1,0
واش راك 🌟 شكرا,2,2.0,augmented,1
السرعة المخفضة,1,1.0,dataset_3,0
ايكونسومي بزاف انترنت,1,1.0,dataset_3,0
جزاك الله خيرا وبركة فيما أرشدتنا به <br>ألف تحية إليك,0,0.0,dataset_3,0
راه جايني إحساس آنا لي نروح لمانشستر🙏,2,1.0,dataset_1,0
R🌟,1,0.0,dataset_1,1
.dz ؟؟ !؟,1,0.0,dataset_1,0
لاه السرعة في جيزي فرق بين هايلة بزاف وهايلة ماكسي ؟,0,0.0,dataset_3,0
"Mobilis وفقكم الله و دمتم راعين ويسر لكم سبل الفلاح ""مشكورين""",2,2.0,dataset_2,0
سرعة الانترنت عندي مابين 25ميغا إلي 40ميغا,2,2.0,dataset_3,0
كيف نطلع 4g+??,0,0.0,dataset_3,0
اييه مشاء الله تكنو هدي مدة متفرجتش عليك وليت تهدر اون ديراكت ربي يبارك فيك 🔥,0,0.0,dataset_3,0
Hbibna t-shirt sghir,0,0.0,dataset_3,0
ريزو ميت ريقلوه مبعد ساهل دوك 50 Giga راهي كما 50 mega,1,0.0,dataset_1,0
رانا نخلصو بصح الكنكسيو مكاش هدي ميش خدمة,0,1.0,dataset_2,0
جديد إتصالات الحزائر,0,0.0,dataset_3,0
علابالك كون دير 3G بالاك تخرج خير من 4G,0,0.0,dataset_3,0
والله لي راه يقول تكنو يكدب راكو غالطين جامي لا حط تطبيق ولا لقيتو ما يمشيش ولا ولا كاش ما يقول دايما يجيب اخبار صحيحة موفق اخي تكنو واصل,0,0.0,dataset_3,0
"de pire en pire, on arrive même pas à lire les commentaires alors youtube faut même pas en rêver",0,1.0,dataset_2,0
30 gaga ma rahevh tconecti ga3<br>mobilis zebala conexion,1,1.0,dataset_3,0
سلام اخي من فضلك دير التاست على 21h00 wla 22h00 🕙,0,0.0,dataset_3,0
السلام عليكم في جيزي هبال ما عنديش امتياز تاع 600 دج,1,1.0,dataset_3,0
جيزي راهي كارثة راهي اسوء متعامل,1,1.0,dataset_3,0
30kb/s 16,0,0.0,dataset_3,0
Bob,1,0.0,dataset_1,0
سڨموا الريزوا,1,1.0,dataset_3,0
مكانش كيفاش نبارطجيو الريزو لي راهو 0 ؟,0,-1.0,dataset_1,0
الله يحفظكم عرض جد ممتاز عن تجربة شخصية,2,2.0,dataset_2,0
بايباي جيزي,1,1.0,dataset_3,0
يخو خصني سبونسور تع ليوتيوب هل متوفر عندك,0,0.0,dataset_3,0
جربلنا سرعة الإنترنت,0,0.0,dataset_3,0
حق الله المعبود غير مافهمت والو 🙄😒😑 هدرت بزاف و بلا فايدة 😏,0,0.0,dataset_3,-1
khi hala ykhi,1,0.0,dataset_1,0
خويا تيكنو ب 3 جي ويتمشى اليميتي ..ولاية المدية,0,0.0,dataset_3,0
بارك الله فيك ولي عندو la win قديمه ما يقدرش يستفاد من هذا العرض؟,0,0.0,dataset_3,0
Le site fonctionne 😊,1,0.0,dataset_1,0
♧عرض محدود ولكمية محدودة♧ نفس لعرض لكن السعر 8500,1,0.0,dataset_1,0
اشتراك تع 100 دينار يشد 15 يوم ماشي شهر خاوتي,0,0.0,dataset_3,0
السؤال حول سويتش ،اسكو مع الوقت ينقصوبك 50جيڤا ولا تبقى 50 <br>لاڤولد يهبطوها من 40 حتى 20 جيڤا,0,0.0,dataset_3,0
مستحيل موبيليس تلحق اوريدو ولو فعلت 5ج ..اوريدو ب 3 جا خير من موبيليس 4ج,1,1.0,dataset_3,0
خاوتي شكون يعرف رقم مركز رسائل جيزي الله يستركم,0,0.0,dataset_3,0
كيفاش نحولها ولا لازم نروح لأقرب وكالة 😏😏,0,1.0,dataset_2,0
مفهمت والو,0,0.0,dataset_3,0
صراحة ممتاز والله,2,2.0,augmented,0
مبغاتش تصدق هذي مزال مفهمتهاش,1,1.0,dataset_3,0
موبيليس علامة الجودة,2,2.0,dataset_2,0
.xx ch7al am y5lso fik 😂😭😭,0,-1.0,dataset_1,-1
عرض فيه فخ…,1,1.0,dataset_3,0
نقدر نحول من هايلة بزاف الى ماكسي قبل متخلاص الكونيكسيو ؟,0,0.0,dataset_3,0
Une question cvp et pour esim elle va être disponible ou pas,0,0.0,dataset_3,0
ياو ميساج باش نعيد على لافامي مالحقش بالكونكسيو تاعكم ربي وكيلكم,0,-1.0,dataset_1,0
W 3lah chi hada kamel 🤦🏻‍♂️ crypter lkyboard ta3ek + vérifier الاتصالات الخارجية li fel pc ta3ek li tchek fih blokih w thana darba whda 🤷🏻‍♂️😁,1,0.0,dataset_1,0
Lala matahchilich,0,-1.0,dataset_1,0
كفاش 3 جيقا في 6 شهر مجموع يولي 18 ونتا تقول 12,0,0.0,dataset_3,0
Fantasy and rpg .isdn .86 .yacine_,1,0.0,dataset_1,0
شحال تشكر في موبيليس ياخويا تقول راهم يخلصوك. لي يسمعك تهدر تقول هذي موبيليس راهي طير.,0,0.0,dataset_3,0
موبليس top 4g راه تتعمد في تخفيض الإنترنت الى الصفر,1,1.0,dataset_3,0
واش عطاوك تاع نجمة تشيبة مليحة,0,0.0,dataset_3,0
يوتيوب يمشي ب 144p فضيحة,0,-1.0,dataset_1,0
سي تيكنو كان متوقع شئ تعجب بأضعف عرض هاذي موبيليس وقيلا راهي تشوف في روحها دارت فينا مزيا يحشمو نقاطعو جد ماليها حتى يسقمو رواحهم هذا هو حلهم خطراش شبعو بدراهمنا الله لا تربحهم,1,1.0,dataset_3,0
برافو عليكم  استمروا هكذا,2,1.0,augmented,0
علاه ماتردوش فالخاص ولا في لتعليقات موبيليس واوريدو يردو فتعليقات,0,-1.0,dataset_1,0
ميهديكمش ربي وتنحو علينا عرض سما هذا ولا ترجعونا لعرض لقديم,0,1.0,dataset_2,0
سلام أخي عندي سؤال فقط انا بحث عن نيتش مربح لاستعملها على اختصار روابط,0,0.0,dataset_3,0
L buz rak fahme 😂,0,-1.0,dataset_1,-1
عله جاي متفهمش غاية ،نتا عندك كونكسيون ايا مزال متكمل ألوغ شا حاجة جديدة,1,1.0,dataset_3,0
ooredoo 70M boufarik,2,2.0,dataset_3,0
وداعا جيزي من زمان وحمدلله احلفت اعليها من زمان م,1,1.0,dataset_3,0
وتبقى ooredoo الافضل في عرض سوتش =<br>50Gb 150,2,2.0,augmented,0
الواحد كل ما يفليكسي 100da تديوهالو اونبليس الكونيكسيو راها ف 0 نزيدلكم وليميساج متريبونديوش عليهم الرب العالي كرهتونا وزيدو تقولو رانا فلخدمة شوفونا حل ولا الواحد يروح لجيها خلاف,1,0.0,dataset_1,0
ممكن استفسار ؟؟,1,0.0,dataset_1,0
.physmo if u know it why you ask ??,1,0.0,dataset_1,0
Servant 😍,2,1.0,dataset_1,1
سرفيس مليح ✅ برافو,2,1.0,augmented,1
افضل لهذا العام هو same من mobiles,2,2.0,dataset_2,0
kifkif hata rmit djed yematha la puce .,1,1.0,dataset_3,0
5g fb + inst gratuit b 500 !?,1,0.0,dataset_1,0
🙌🙌,2,1.0,dataset_1,0
مزاله كاينا هادي ??<br>نتمنا الرد😁,0,0.0,dataset_3,0
.aicha انا .aicha انا عندي تمشي لباس بيها في كل الأوقات,2,1.0,augmented,0
متعملين في 3 لصوص,1,1.0,dataset_3,0
Limitation 😔,1,0.0,dataset_1,0
مافهمت والوو,0,0.0,dataset_3,0
حنا نخلصو كونيكسيون تاع شهر 150 الف فيديو في مسانجر ما يمشيش 5 ثواني,1,0.0,dataset_1,0
ابقا في دارك ولكنكسيو تقوال سلحفات,0,-1.0,dataset_1,0
من نهر بدلة شريحة جيزي شريت اوريدو الحمد لله رني نكونيكتي خير رغم أنا كل متعلمين جيزي و اوريدو و موبيلس ريزو تعهم عينا بزاف ولكن في هدا الأيام اوريدو رهي خير من جيزي نشاء الله تقعد هكدا راك تعرف العقلية في جزائري وحد ما ضمن 😉😉,1,1.0,dataset_3,0
Le prix,1,0.0,dataset_1,0
خدمة مليحة بزاف 👍,2,2.0,augmented,1
"moi aussi je vais quitte cet operateur médique, sachant que j&#39;ai toujours préfère djezzy",1,1.0,dataset_3,0
للاسف رايحين يعوضوها من رصيد الزبائن 😁😂,1,1.0,dataset_3,-1
مازال عرض ضعيف جيزي،احسن في جودة الانترنات والسعة ايضا,2,2.0,dataset_3,0
أنا ليل مساعدتني جيزي و نهار,2,2.0,augmented,0
دجيزي نقصت في البونيس وحدفت elimite,1,1.0,dataset_3,0
خويا ب512 كي نتليشارجي حاجة شحال تكون سرعة انا نبغي نتليشارجي بزاف,0,0.0,dataset_3,0
Saduki Amine صح صح خو راهم يتمسخر بينا لازم كامل نبدلو هكدا باش مرة أخرى يعرف قيمة الزبون واش تعني ليهم مرڨوها بزاف,0,-1.0,dataset_1,0
Kifach hadi lbarh faliksit 1500 dork l9it fiha 127 sara9in,0,-1.0,dataset_1,0
والله غير كونكسيو تاعكم ثقيلة نتمنى تسريع في تدفق الانترنت,0,1.0,dataset_2,0
بلاك 2G راك غالط 🤣,1,1.0,dataset_3,0
تخلص كل شهر وخدمة انترنت منعدمة و نورمال,0,1.0,dataset_2,0
سرعة المنخفضة تاع 400دج 1ميجا كما راك تقول زعمة بصح تبالي كامل كيفكيف 512,1,1.0,dataset_3,0
.bmd. .h.a.l.i.l.o.u j'aime svp 3la cmntr,1,0.0,dataset_1,0
جيزي راهي مليحة عدنا في غليزان عكس اوريدو,2,2.0,dataset_3,0
😢😢,0,-1.0,dataset_1,0
جيزي ايزي نتفرج ونحمل ليفيديو وماتخلاصش مدة الشهر كامل,2,2.0,dataset_3,0
Yooz أكبر حشوة<br>درتها و ندمت,1,1.0,dataset_3,0
براك الله فيك عمو موبيليس,2,2.0,dataset_2,0
كل ما نهزمانربح والو 😢😢,0,-1.0,dataset_1,0
فورماطيت تلفون كثر من 5 مرات هه,0,0.0,dataset_3,0
شوفنا space x يا جلال نحوا شركةرالديناصورات اتصالات الجزائر وموبيليس😂😂,1,1.0,dataset_3,-1
هه يا ولدي منيتك راك تحكي 😂😂 يخي علابالك واش معناها vpn ولا غير راك حاب يدخلو لرابط المختصر راك في دزاير ماش في لوروب 😂😂,0,0.0,dataset_3,-1
السلام عليكم بتوفيق ان شاء الله,2,2.0,dataset_3,0
😂 👌🏾😂,1,0.0,dataset_1,-1
🙄🙄 كيف لك ان تسكرها ارواح نمدلك ايدي اشريها خير,1,0.0,dataset_1,-1
عندي جيزي هايلة والله رهي مهبلتني,1,1.0,dataset_3,0
عروض ناقسة بزاف.. فيها نقس كثير فالجيجا,1,1.0,dataset_3,0
موبليس مرة اخرى تسخر من زباينها وتوقف خدمة فليكسي من موبليس الى موبليس كانت مفعلة بشكل عادي تفليكسي حتى 200 دج خمس مرات في اليوم حاليا تم توقيف الخدمة رجع لاتستطيع ذلك فقط مرة في اليوم 40 دج اين هي الاحترافية😡,1,1.0,dataset_3,0
نيك ماتكم اسيدي,0,-1.0,dataset_1,0
الصحراء Vu,0,1.0,dataset_2,0
عروض غالية الثمن والأنترنت ضعيفة في كل مكان ، أين هي الجود يرحم والديك,0,-1.0,dataset_1,0
عيان طول,1,1.0,dataset_3,0
الخدمة تاعكم رائعة 🌟,2,2.0,augmented,1
Chargeur ou transformateur !,0,0.0,dataset_3,0
يرحم باباك ماتقوليش حصريا على خاطر انا شفت هذا العرض البارح يعني قبل الفيديو نتاعك,0,0.0,dataset_3,0
Ndecoder modem djezzy zte bch yrj3 y9ra kml les puces 300 da berk,1,0.0,dataset_1,0
حتى نحن مشكلتنا<br>لا نملك ثقافة التبليغ<br>هدا خرق فالقانون. و يجب كامل نعملو تبليغ .<br>بالاك واحد مايديروش عليه,1,1.0,dataset_3,0
خدمة مليحة بزاف ✅,2,2.0,augmented,1
Svp qololi kifach nehiha,1,0.0,dataset_1,0
كاش مابعثولك الطادو تاعك,1,0.0,dataset_1,0
when u don’t do contract with spotify and netflix when we can pay accounts using credits ?,1,0.0,dataset_1,0
🥰😇🤪😜❤💚,0,0.0,dataset_3,1
انا من 2006 و هي عندي و اليوم لقيتها مغلوقة و البارح برك هدرت بيها,0,-1.0,dataset_1,0
ابلود عندنا في ڨوراية يوصل 40mb,2,2.0,dataset_3,0
ياخويا تحيا جيزي ماتخرط عليناو,2,2.0,augmented,0
تتمسخرو بينا الدول الشقيقة راهي عندهم كونيكسيون اليميتي بمبالغ رمزية,0,-1.0,dataset_1,0
اضعف شبكة من حيث تغطية الانترنيت,1,1.0,dataset_3,0
هاذي في رويسو برك ولا رايحين يعمموها في كامل الجزائر؟,0,0.0,dataset_3,0
موبيليس والكل يتكلم أحسن شبكة بدون مجاملة,2,2.0,dataset_2,0
السلام عليكم ورحمة الله وبركاته <br>احيطكم علما بأن موبيليس اسواء وابخس شبكة لا حسن استقبال ولا استحابة لمتطلعات الزبائن ولا عروض جيدة والله لا تربحهم عيب وعار عليهم شركة البخس حسبي الله ونعم الوكيل فيهم حسبي الله ونعم الوكيل فيهم حسبي الله ونعم الوكيل فيهم,1,1.0,dataset_3,0
.dz ios mahbtch tatla3li pk ?! Wala les andhom les iphon myl3bouch 🤬🤬 hogra hadi,0,-1.0,dataset_1,0
La vitesse de l'intérnet est top du top,2,2.0,dataset_2,0
Maram Mira مشكل تاعك تقدري تحليه بالتنقل الى احد مراكز جازي ، بصح المشكل الكبير اصبح في الشبكة المهترئة، ريزو خردة,1,0.0,dataset_1,0
Yaw ntoma rayhin tkhrjoha fi 200 alf hh tasm3 ghir zid zid,0,-1.0,dataset_1,0
جازي سبيسيال حبسوها,1,1.0,dataset_3,0
قلهم يزيدولنا فالسرعة النخفضة في مبليس <br>راهي مكرهتي جد حيات<br>كون جا عندي دراهم كوراني رحت لجيها وخدخرا,1,1.0,dataset_3,0
طز سرعة زيرو رانا كي ليبوت 😂,0,-1.0,dataset_1,-1
مكانش منها الاليميتي فالجزائر ڨاع أنا اكتيفيت تاع 500الف حتى فضولي 4جيڨا باه ولا يخدم اليوتيوب والفيسبوك مجاني (حتي يكملو الجيڨات ),1,1.0,dataset_3,0
😇 مرحبا بيكم لافامي 🌹🔥,1,0.0,dataset_1,0
سما المصري,0,0.0,dataset_3,0
الله يبارك فيكم.أنشاءالله.رابحين.معكم,2,1.0,dataset_1,0
بشحال تشري وين كونطرول ?,0,0.0,dataset_3,0
كيخلا ص الشهر كيفاش نخلصها,0,0.0,dataset_3,0
مازال ماقراوش الميساج تاعي قالك راسلنا على الخاص الله ينعل والديكم,0,-1.0,dataset_1,0
حابة نشري بيس موبيليس واش نشري ممكن تساعدني اخي باش ثاني نحولها لطوب 4جي,0,0.0,dataset_3,0
اوريدو سويتش كارثة في ولاية قالمة خاصة من 19h حتى 23h عيينا من الشكاوي,1,1.0,dataset_3,0
الله يحفضك,2,2.0,dataset_3,0
خويا تيكنو نشاء الله تجاوبني وشبه البنك يطلع ويهبط,0,0.0,dataset_3,0
جيزي اسوء شبكة والله غير موبليس افضل,1,1.0,dataset_3,0
.__.ou._.chouchou 600+500 🤣,0,-1.0,dataset_1,0
Connexion 00,0,-1.0,dataset_1,0
هي لازم الشرائح الثانوية تكون متصلة ب هاتف ذكي و لا نو ؟و هل أستطيع تغيير الارقام الثانوية أثناء سريان العرض ؟ ارجو الرد و التوضيح أكثر في ما يخص العرض .,1,0.0,dataset_1,0
مفهمتش تفليكسي 50 الف تاكتيفيها ومن بعد 60 الف تاكتيفها ولا وحدها تولي ڨراطوي يوتيوب؟,1,0.0,dataset_1,0
صح صيامكم خاوتي 🇩🇿 خياتي,0,0.0,dataset_3,0
Hahaha,1,0.0,dataset_1,0
Djezzy سلام عليكم ارسلت لكم في الخاص ارجو الرد,0,-1.0,dataset_1,0
في الأساس لا توجد تغطية لجيزي في دوارنا راني نكومونتي بالمودام تاع اتصالات الجزائر,1,0.0,dataset_1,0
خاوتي حطولنا أحسن كونفيق APN اوريدو,0,0.0,dataset_3,0
كونيكسيون في جيزي راها واالو ضعييف بزااف مراهاش كيما كانت,1,1.0,dataset_3,0
الانترنت جيزي ولات تستهلك بزاف تقول راني مبارطاجي للكوكب كامل علاه,0,-1.0,dataset_1,0
ريزو داير الخرا,0,-1.0,dataset_1,0
mliha 3andi rahi Ana,2,2.0,augmented,0
Rī Mā حمبوك متقظيش تضحكي بل ايموجي 😂😂,1,0.0,dataset_1,-1
احسن تغطية,2,2.0,dataset_2,0
mli7a 3ndi telephone poco x3 pro w pus mobilis pix ki nfixi l4g tkoun Ana,2,2.0,augmented,0
Kheira Bekhedda والله كيفي من 2008 وهي عندي وبلعوهالي نهار العيد,0,-1.0,dataset_1,0
الله يدوم النعمة,2,2.0,dataset_2,0
.. يعني خلص الفيديو😳🙄🙄 لي فهم يفهمنا🤔🤔,0,0.0,dataset_3,-1
.o wlh jsp nechfalhom bel asm berk :),1,0.0,dataset_1,0
"طر على هذيك 0,4 G انترنت خرا و عرض خرا و حتى لي همه الموضوع خرا",1,1.0,dataset_3,0
أفضل شكلة عرفها التاريخ ..تفاهة و دايرين عليها حالة👌,0,-1.0,dataset_1,0
انا كملولي لي ميغا وبقات تمشيلي بنفس سرعة كيما فيها كيما فيها لي ميغا,2,2.0,augmented,0
جيزي وانتي افضل لدينا واصيلي ❤️❤️❤️,2,1.0,dataset_1,0
الشريحة المفضلة,2,2.0,dataset_3,0
Ça marche pas sur iPhone ..,0,-1.0,dataset_1,0
اكبر شركة محترفة في السرقة هي اريدو وحنا نريدو عليها سامحوني علي هاذي الهدرة لاكن هاذا هو الواقع,1,1.0,dataset_3,0
يكذبوا مازادو والو كما بكري بل اسوا,1,1.0,dataset_3,0
نسبة التغطية باكبر دائرة عين البيضاء بام البواقي رديئة جدا جدا عندما تتحدث داخل المنزل او محل لا تستطيع اتمام المكالمة حتى الخروج للشارع ناهيك عن الانترنت ضعيفة ايضا و وكالتكم المحلية هنا تعلم بهذا المشكل و تقول انها اخطرتكم بهذا المشكل لكنكم لم تقدموا لهم المساعدة او الحل ننتظر الرد لاننا ننوي جميعا هنا في عين البيضاء تغيير المتعامل و شكرا راسلناكم على الخاص ولم تجيبو,0,-1.0,dataset_1,0
موبيليس ولات كارثة في عنابة. الانترنات تمشي بسيف و المكالمات حتان تعاود 5 مرات باه تحكم. صراولي المشاكل في جرتها,1,1.0,dataset_3,0
روحو الله يعطيكم ربعين ديڨه 😑 قالك ربعين چيڨا قال😏😏,0,-1.0,dataset_1,-1
Djezzy علاش متربونديوش على ليمساج,0,-1.0,dataset_1,0
انا عندي Top 4G 👊,2,2.0,dataset_3,0
كاين خير تع عرض خير تع سمانت 100دينار يعضوك 30جيجا,2,2.0,augmented,0
معندكمش احترافية,1,1.0,dataset_3,0
😂😂 سراقين . راكم تبهدلو,0,-1.0,dataset_1,-1
عيت!!,1,1.0,dataset_3,0
بالتوفيق و النجاح إن شاء الله,2,2.0,dataset_2,0
Djezzy Djezzy DIMA DIMA KAYEN J`DID,2,1.0,augmented,0
C'est pourquoi J'adore cette opérateur téléphonique vraiment,2,2.0,dataset_2,0
Esq temchi f modem 4g lwala ??,0,0.0,dataset_3,0
❤️❤️❤️❤️❤️😍❤️❤️❤️❤️,2,1.0,dataset_1,1
دون وحوار نقاش غدآ سوفى أشتري شريحة موبيليس 🔥,2,2.0,augmented,0
عروض مغرية,2,2.0,dataset_2,0
الله يبارك احسن شبكة في منطقة نتاعنا,2,2.0,dataset_2,0
ريقلولنا غي لكونيكسيو رآها قاع مكانش,0,1.0,dataset_2,0
3endi djezzy ma9dertech ndekhol l fb f nehar kamel mate9der dir walo biha yt besif bach yemchi l ping 990 mayehbatech hta l 12 ta3 lile chwia temchi,1,1.0,dataset_3,0
موبيليس قدمت عروض جيدا,2,2.0,dataset_2,0
خصني كود تحويل شريحة موبليس من 3G إلى 4G,0,0.0,dataset_3,0
سلام راه عندي مشكل فالانترنت كل شهر ندير الباقة تع 40gb يوميا كي تلحق الساعة 13:15 بالضبط تروح الانترنت تماما .,1,0.0,dataset_1,0
يا نسرين يهديك ربي,1,0.0,dataset_1,0
En fin offre chbab nchlh dik 30g tched chwii Machi f nhahrha troo7🙄,2,2.0,dataset_2,-1
راضي بزاف صح الله يحفظكم,2,2.0,augmented,0
نطبعو فدراهم يازح، علاش مكانش تاع 100دج وهذا لخرا يديرلهم، فلاشهار باطل و موبيليس راه. راقد,1,1.0,dataset_3,0
مشكلة idoom 4g f réseaux ghir 3ndi wla Kamal ??,0,0.0,dataset_3,0
راهي ناقصة كونيكسيو فالسويتش,1,1.0,dataset_3,0
عندي اوريدو سويتش 🔥,2,2.0,dataset_3,0
نشاكي يخرجو غير العروض الهدايا مكاش,1,0.0,dataset_1,0
غير الخرطي والكذب مكان والو غير تفلكسي يسرقولك الدقايق,1,0.0,dataset_1,0
ان شاء الله تكون مليح,0,0.0,dataset_3,0
شوف الستوري 🔥🔥,2,1.0,dataset_1,0
تلفون ربحتو في رمضان وين راه,1,0.0,dataset_1,0
علجال هادي نشري موبيليس,2,2.0,augmented,0
فيها ليمطاسيو بزاف,1,1.0,dataset_3,0
شرح 0,1,1.0,dataset_3,0
خرجت بلي ربحت power bank كيفاش نديها ؟,1,0.0,dataset_1,0
يرجى التواصل بنا على الخاص لنتمكن من إفادتك.,1,0.0,dataset_1,0
تجربة رائعة  نشكركم,2,2.0,augmented,0
كي تفهم فهمنا,0,0.0,dataset_3,0
خويا دك كاين فالمدية؟,0,0.0,dataset_3,0
انا عجبني عرض 100 نت,2,2.0,dataset_2,0
جاوبونا على الخاص,1,0.0,dataset_1,0
كل المعلومات في حسابك غير موثوقة,1,1.0,dataset_3,0
كنتو دايرين امتياز مكان والو حبستولي راسي,0,-1.0,dataset_1,0
تكمل ليه ليه,1,1.0,dataset_3,0
سلام ممكن ديرنا فيديو نقدرو نمشو لابيس تاع سهلا بوكس فالتلفون,0,0.0,dataset_3,0
والله لا يصلح اوبيراتور فالجزاير كامل كيف كيف,1,1.0,dataset_3,0
😍🇩🇿👏,2,1.0,dataset_1,1
هذا العرض خرة شرتها وندمت هدي الشريحة,1,1.0,dataset_3,0
10 كيلوبايت,1,1.0,dataset_3,0
يا ودي الواحد كان قاعد نورمال حتى سكرتولو لابيس لاه يعني لاه 😭,0,-1.0,dataset_1,0
Haja marahi msgma f blad hadi,1,0.0,dataset_1,0
و تبقى Djezzy هي الحل من ناحية الأنترنت وجودة الشبكة والمكالمات<br>40 GB INTERNET+ 300 DA + Les appels Djezzy batal,2,2.0,dataset_3,0
سرعة الانترنت تختلف من منطقة لمنطقة انا عندي جيزي هي لمخيرة ثم نجمة ثم موبيليس الكونكسيون ماكاش لي وقت الذرة تكون 0ميغا الكونكسيون ماكاش اصلا,2,2.0,augmented,0
علش مادرتوش,1,0.0,dataset_1,0
prq?,1,0.0,dataset_1,0
wentoma wektach tahtaflou b 3G ? wela mazal ?,1,0.0,dataset_1,0
كاارثة عظمى منذ ١٠دقايق وانا نعيط لجيزي لا خدمة عملاء لا يديك لا يجيبك الله لا يربحكم,0,-1.0,dataset_1,0
Mliha insan 3adi yconcti nrml,2,2.0,dataset_3,0
hh nchlh 🙏,1,0.0,dataset_1,0
التغطية جد ضعيفة مقارنة بالشبكات الأخرى,1,1.0,dataset_3,0
L&#39;Internet catastrophique.,1,1.0,dataset_3,0
"Arrêter de dire des mensonges, rani fi birkhadem. Wallah wallah wallah 3x, 3endi 200 kb/s upload 3endi 10kb/s. Llah yehdik w yehdina",1,1.0,dataset_3,0
ياودي انا. راهي عندي والسرعة راهي اقل اقل اقل اقل مللي راك تقول,1,1.0,dataset_3,0
أكبر سراقين في العالم مازالي 20يوم ونقرطو قرطناه كرهنا من الكذب,1,1.0,dataset_3,0
💕💕 Omg must have them all😎,2,1.0,dataset_1,0
kyn f BOUMERDESS,0,0.0,dataset_3,0
سلام صديقي هدي تع top 4g تمشي غير مع ريزو G4 هنا مزلنا في 3g هه,1,1.0,dataset_3,0
جيزي هدا فاش صانعة غير فالعروض لكن الاداء ديما هابط هابط ،موبيليس حدت لا حرج تبقى اوريدو من غير خدعة 1G = 2G لكن يا حبدا لو كان 10د يزيدوها للانترنت احسن<br>مشكور اخي,1,1.0,dataset_3,0
خدمات موبيليس فوور يكونو معاك 24 ساعة,2,2.0,dataset_2,0
يحوسو يضمنوك تمد نمروك يورولك الهدرة الزايدة 😂😂,1,0.0,dataset_1,-1
Bayna mchi rockstar,1,0.0,dataset_1,0
ماتخلعونيش بالاشهارات تاعم,0,-1.0,dataset_1,0
جيزي في أحسن,2,2.0,dataset_3,0
برافو عليكم 🌟 استمروا هكذا,2,2.0,augmented,1
كيفاش نرجعها 4g plus,0,0.0,dataset_3,0
صرعتني بلفرونسي 😐,0,0.0,dataset_3,0
.dz منين نشريها,1,0.0,dataset_1,0
رجعولنا pixxسما انترنت تاعها ثقيلة وتخلص بي الخف وفوق هذا نعمل كود تاع رونفوا ميلحقش ميساج,0,1.0,dataset_2,0
بغيت غير نفهم علاش ركم تنحو درهم من لكونت رغم أني تصلت يبكم ألف مرة على هدا مشكل ولا حياتن لمن تنادي شكون ره عنده نفس مشكل,1,0.0,dataset_1,0
عندي اوريدو سويتش تمشي قوة,2,2.0,dataset_3,0
gae had les prix wlghla wfr7anin ? f 🤔,1,0.0,dataset_1,0
"B'300da machi aendna 5go zyada?, wela doka ki nzid 300da tzid 5go et 500da credit?",1,0.0,dataset_1,0
تخسر 200 على جال نصف ميڤا والله بهدلو برواحهم وبدولة تاعهم البلدان يضحكو علينا هربو علينا بسنوات ضوئية ربي يدلكم يا السراقين,1,1.0,dataset_3,0
خوروطو فرات .. راهم يلهيو فالغاشي باش ينساو غلاء المعيشة . حسبنا الله و نعم الوكيل .,1,1.0,dataset_3,0
وكي تخلص مثلا ميتين الف ويعطوك 50 جيقا ونهاية الشهر تلقى روحك مكمل غير 2 جيقا لاخاطر التدفق بالتقطير كفاش الحل !! فديو ماتكملوش في شهر هه .,1,1.0,dataset_3,0
تحيا دجيزي نتاع الزوالية,2,2.0,dataset_3,0
برافو عليكم  استمروا هكذا,2,2.0,augmented,0
c vrai le même problème kolyoum je n’ai marre 😢,0,-1.0,dataset_1,0
تجربة رائعة والله نشكركم,2,2.0,augmented,0
ايش استفاذة الامة من هذه الخدمة 🤔,1,1.0,dataset_3,0
الخدمة تاعكم رائعة 👍,2,2.0,augmented,1
"Svp, pour profiter de l&#39;internet sur le modem Sahla box, qu&#39;elle est la meilleure formule. Merci",0,0.0,dataset_3,0
حابا تعطوني عرض نشغل ب50دج مكالمات نحو كل الشبكات بلا انترنت,1,0.0,dataset_1,0
ماذا عن وضعية الشبكة الكارثية النمودج منطقة بلدية بريحان ولاية الطارف عطل بهوائي للشبكة منذ 5 سنوات بمنطقة البطاح و موبيليس عاجزة عن اصلاح هذا العطل قبل الحديت عن العروض الترويجية عليكم يا جماعة موبيليس ان تكونوا احترافيين 05 سنوات عطل و انتم عاجزون ماهذه البيروقراطية,0,1.0,dataset_2,0
ياخويا تحيا اوريدوا,2,2.0,dataset_3,0
كي نشري بيس جديدة نقدر نحولها top 4G ؟,0,0.0,dataset_3,0
اوريدو راهي 4G+ طيارة,2,2.0,dataset_3,0
خويا عندي تيليفون ،poco x3 nfc كان يمشيلي عادي التطبيق عداك لي يفيكسي 4جي دك والو ماعدش يخدم,0,0.0,dataset_3,0
💓💓😜😜💋💋,2,1.0,dataset_1,0
راهي تمشي عادي,2,2.0,dataset_3,0
non son engagement,1,0.0,dataset_1,0
3lah pubg matdkholch meme cnx mliha..,1,0.0,dataset_1,0
Djezzy هه,1,0.0,dataset_1,0
شركة الديناصورات ديرلك 5g اوا راك تقول بلاك 0.655g,1,1.0,dataset_3,0
فعلا التدفق ضعيف جدا ..أصبحنا نقفز من موبيليس الى أورديو ثم الى جازي ..أين المفر ..بالمنزل لدي ADSL .,1,1.0,dataset_3,0
Conx rahi grave t3ayef na9ssa troop w des fois troh complètement 😤😤,0,-1.0,dataset_1,0
ياو 3G علاش حبستوها عندي,0,-1.0,dataset_1,0
وفقك الله إلى كل ما فيه الخير,2,2.0,dataset_3,0
علاه نتا ما تخراش هخهخهه,1,0.0,dataset_1,0
خويا. لبيس win control max. كى تفلكسيلها 1300 شحال. يعطوك لي جيڤا,0,0.0,dataset_3,0
.mitala ih dik kant bien bzaff,2,1.0,dataset_1,0
عرض فاشل و شبكة فاشلة كباقي الشبكات الجزائرية و هذا مجرد تسويق لا غير,1,1.0,dataset_3,0
و الكادو ديالي وقتاه يجيني انا بعثتلكم فالخاص رجعو عليا 😩😩,1,0.0,dataset_1,0
دائما اقسم على 8 لانها تحسب بالبيت مش بالبايت <br>دير test speed . و فعل احصاء البيانات تعرف وش نقصد,0,0.0,dataset_3,0
متى تبدأ الاسعار الجديدة لاتصالات الجزائر,0,0.0,dataset_3,0
عرض جيد 30جيغا,2,2.0,dataset_3,0
لاسویتش روعة مشاء الله,2,2.0,dataset_3,0
5,1,0.0,dataset_1,0
الي يفرحني بابوني الله يفرح ميمتو لعزيزة و يحفظها من كل شر ان شاء الله,0,0.0,dataset_3,0
dok tchri 💓💓,2,2.0,augmented,0
جيت نحولها لسما راح الريزو وراحت الكونيكسسون مانعرف حتى الكومونتار يعدي ولا لا,0,1.0,dataset_2,0
Djezzy على الخاص 😂,1,0.0,dataset_1,-1
فهمنا خطوة بخطوة,0,0.0,dataset_3,0
راكم تسمعو خوتي يلا خرجو هذي لابيست تفلو عليا هنا خوتي.. <br>راه غير يكذي,1,1.0,dataset_3,0
ايا ڨاع وزادوها غير فتيكتوك حاسبنا نقوشا وديوتين نتبعو غير فلي يشطحو ويرقسو,0,0.0,dataset_3,0
ouii kayna 100 ya3tolek 20Go et 200 vers tous les réseaux et djezzy lhadra batel,1,0.0,dataset_1,0
عرض سما روعة سييتو البارح و ماندمتش عليه,2,2.0,dataset_2,0
0.25 mb <br>ب اتصالات الجزائر 4G ضعف,1,1.0,dataset_3,0
ياخويا عندك كود تسريع الانترتت في موبليس,0,0.0,dataset_3,0
واش راك  شكرا,2,1.0,augmented,0
ماعندها حتا معنا كلي لانترنت تيكتوك ويوتوب برك,1,1.0,dataset_3,0
j'aime f cmntr ta3i stp,1,0.0,dataset_1,0
شكرا لكم أحسن خدمات في الجزائر .40 ثانية باه تخرج الصورة و تشوفها .شكرا لكم 🌹,2,1.0,dataset_1,0
المشكلة الكبيرة هي أن كل مرة اريد إرسال رسالة صوتية تخرجلي خياراتكم مرات دون قصد نزيد نخلص معطيات Pardon mais ergonomiquement parlant 0/20,0,-1.0,dataset_1,0
مبليس هبلونا,1,1.0,dataset_3,0
يوكان جات كونيكسيو مليحة تحيا جيزي فيها هدرة غير محدودة,2,2.0,dataset_3,0
100 دج. غالية. ديروهانا ب 200,1,1.0,dataset_3,0
ناس قريب تطلق G6 وحنا مزال فالقرون الوسطى اني نمشي بالH دوكا 😂😂 الجزائر الجديدة 😅,1,1.0,dataset_3,-1
nn juste à 1700da,1,0.0,dataset_1,0
سيئه,1,1.0,dataset_3,0
من نجمة ل نجمة الهدرة باطل,2,2.0,dataset_3,0
Pixx مليحة فيها فيس بوك مجانا,2,2.0,dataset_2,0
مزالو نفس العروض نتاع الكونيكسيو ولا تغيرو,0,0.0,dataset_3,0
فهموني راني كلما نفليكسي تروحلي 100 كرهت حياتي علاش زعما,0,1.0,dataset_2,0
عرض موش مليح موش مليح,2,2.0,augmented,0
راهم. كامل كيف كيف كامل فرشة..,1,1.0,dataset_3,0
احسن هايلة بزاف,2,2.0,dataset_3,0
cnx t3ayi,1,1.0,dataset_3,0
موبيليس ،آمون لن يغفر لكم,0,1.0,dataset_2,0
هبلونا جيزي 😡,1,1.0,dataset_3,0
Good,2,1.0,dataset_1,0
ابوني,1,0.0,dataset_1,0
Ooredoo gold kanet fiha limitation mais ba3d perturbations ta3 BAC nahaw limitation w raj3at kima avant lahkatli 30mo,0,0.0,dataset_3,0
.dz mais est que les profil cette operation disponibl avec tout les profil de djezzy Hayla mxi ou Hdra U b1 habl merci d avance,2,1.0,augmented,0
هه تسريبات .تفكرت امين dz,0,0.0,dataset_3,0
😡😡 دوك انا يعني مفهمتش علاه تخلاص تمتم 40 جيڨا راهي حس تخلاص في سمانة غير انستا هذا منشوف ني يوتيوب ني نبارطاجي و تخلاص في سمانة علاه و عاودت اكتيفيت شحال من مرة و غير كيفكيف,1,0.0,dataset_1,0
Malheureusement couverture 4g Mobilis nulle,1,1.0,dataset_3,0
وين راهي العروض,0,0.0,dataset_3,0
الله لا تربحهم. يحبو دراهمنا مي الخدمات زيرو. تفووه عليهم,1,1.0,dataset_3,0
اودي ريڨولي ريزو راني في ان اميناس ريزو كان كاين ومنبعد راح اوو بزاف دوك انا رني مأكتفي شكون لي راح يعوضلي,0,-1.0,dataset_1,0
لازم نهجمو على صفحة موبيليس في تعليقات نطالب بإلغاء العرض او امكانية الرجوع للعرض القديم pixx …,0,1.0,dataset_2,0
واش راك ✅ شكرا,2,1.0,augmented,1
عند انتهاء 30 جيغا سرعة الانترنات عيانة,1,1.0,dataset_3,0
معليش الخدمات مليحة والشبكة تعبانة حنا في اولف مزلنا فى الجيل التاني ماشي حتى التالت كيفاش نفليكسي مية الف,0,-1.0,dataset_1,0
درت speed test كانت اوريدو مل 1 حتال 3 mb<br>درت ل vpn ولات 200 حتال kbs600<br>درك مفهمت ادا راك دير في اشهار ولا vpn ميصلحش,1,1.0,dataset_3,0
يا خو انا حوست في بويرة على sahla box قالولي مكاش حبستها اوريدو اذا صح ولالا,0,0.0,dataset_3,0
Dirolna la3bt free fire illimité dok tchri dzayr kmla Djezzy 💓💓,2,1.0,dataset_1,0
Lcnx wach biha layamt hado ? 🙂,0,1.0,dataset_2,0
الحمد لله اول مرة تديرو عرض لله اول مليح كانت حاكمتني قنطة من جيهتكم,2,2.0,augmented,0
💯 ممتاز والله,2,2.0,augmented,1
mobili daro 1200 da ya3tok 20G hada ma kan khoya w youtube machi batal,0,0.0,dataset_3,0
سلام حاب نسقسيك ولا تقدر نفليكسي من top 4g لرقم آخر,0,0.0,dataset_3,0
اكي,1,0.0,dataset_1,0
W après matakmal najem n flixi fiha b 100da wala obligé 500 !!,1,0.0,dataset_1,0
أسوأ شبكة على الاطلاق في الجزائر,0,-1.0,dataset_1,0
علاش درتو فيها limitation ?,1,0.0,dataset_1,0
شكرا جزيلا 👍 كل شي مزيان,2,1.0,augmented,1
Upload 15 mg download 20 mg ooredoo la switch ping 50 ou wilaya alger,2,2.0,dataset_3,0
"Yak je ne suis pas obligé d être connecté avec la 4G de Djezzy, je peux le faire avec la WIFI de la maison normal!??",1,0.0,dataset_1,0
Dirou brk conexion khfifa rahi grv t9illa,0,-1.0,dataset_1,0
mais la cnx twali 50% après 3 mois,1,0.0,dataset_1,0
C&#39;est quoi cette limitation,1,1.0,dataset_3,0
.fe hayla maxi,2,1.0,dataset_1,0
هل عرض بلون طوب كات جي سيتغير تدفق فيه ام يبقى على حاله,0,0.0,dataset_3,0
خويا نسقسيك كيفه نحول أوريدو غولد 100 إلى 1500 و شكرا,0,0.0,dataset_3,0
كمية الجيغاات قليلة.. مثلا عرض 100 دج ب 17 او 18 جيغاا,0,1.0,dataset_2,0
الخدمة تاعكم رائعة صراحة,2,2.0,augmented,0
Nzid 600DA bach nchouf les vidéos 🎬 en illimité sur YouTube ch'har complet 😍Because unlimited is #iZZY#djezzy #dz,1,0.0,dataset_1,1
انا فليل توصل عندي 30 ميڨا,2,2.0,dataset_3,0
من فضلكم اتصلت بكم مرار لتحسين الخدمةوقدمت قائمة توقيعات ل60 شخصهل من حل بارك الله فيكم,1,0.0,dataset_1,0
no rahtlna tsema ml3bnach m3ahom lol,1,0.0,dataset_1,0
حابة نرجع بيس تاعي hayla maxi.. كفاش ندير!! .dz,1,0.0,dataset_1,0
غير ديرو تدفق عالي كيما الناس و مبعد احكيو على العروض 😏😏,0,1.0,dataset_2,0
راك غالط في اتصالات الجزائر ، مودام 4g ، عند نهاية 20 جيغا ، تقدر تتصفح كل المواقع بسرعة منخفظة 512 ، والله العظيم هاذو ليام السرعة راهي وردنا ، استهلكت 20 جيغا وبقات السرعة هبال ، جرب خويا هبال لخبر ، قسما بالله راني نتفرج يوتوب بدقة HD بدون برصيد 0 جيغا,2,2.0,augmented,0
t9ila,1,1.0,dataset_3,0
ياودي رايحة نهبل ناكتيفي تجيني لكونكسيون تقيلة تقتل أعدلوهانا ومن بعد ساهل نبارطاجي لدزاير قاع 😑😑,0,-1.0,dataset_1,-1
+ 5go et 500 da de crédit 😊,1,0.0,dataset_1,0
الموقع نتاع spotify مطلعش واش لحل,1,1.0,dataset_3,0
يسلمك خويا ❤️,1,0.0,dataset_1,0
Ooredoo أني مليحة Switch نخدم بيها,2,2.0,augmented,0
Msg privé,1,0.0,dataset_1,0
Fantasty and rpg .babaci .r_09_aoua,1,0.0,dataset_1,0
صلو على رسول الله,0,0.0,dataset_3,0
شبكة ضعيفة فهمني كيفاش نخدم بيها,0,-1.0,dataset_1,0
احبك في الله موبليس,2,2.0,dataset_2,0
من قسنطينة top 4g موبيليس مقلشنا .,2,2.0,dataset_3,0
خبر سعيد,2,2.0,dataset_3,0
بالاك المشكل في البلاصة لتسكن فيها <br>انا وين نسكن موبيليس صاروخ واوريدو وجيزي خردة ما يصلحوش,2,2.0,dataset_3,0
راضي بزاف 👍 الله يحفظكم,2,1.0,augmented,1
المشكل في ضعف الشبكة وسرعة الانترنت,1,1.0,dataset_3,0
من فضلكم طريقة معرفة رصيد النات المتبقي في شريحة اتصالات الجزائر,0,0.0,dataset_3,0
إذا تحب الله حط ابوني,0,0.0,dataset_3,0
سرقتولي خمسين الف ودرتولي عرض سما حرام عليكم,0,1.0,dataset_2,0
راك غالط,1,1.0,dataset_3,0
اسوأ انترنت في شمال افريقيا,0,-1.0,dataset_1,0
أنترنت ضعيفة جدا 😂😂,0,-1.0,dataset_1,-1
عيانة قالك 1G قيل اصاحبي,1,1.0,dataset_3,0
djezzy respect 🙏🙏,2,1.0,dataset_1,0
F ios makach ?,1,0.0,dataset_1,0
La validité du volume internet transféré est de 24 heures 😔,0,-1.0,dataset_1,0
طبية ، جمال و موضة طاقة ايجابية مرحبا,2,1.0,augmented,0
هل هناك طريقة لاسترجاع مكالمات هاتفية اجريتها من هاتفي موبيليس الى موبيليس وجيزي و نجمة (اريد المكالمات صوت وليس ارقام هاتف) الرد من فضلك,0,0.0,dataset_3,0
.ntaha 😅😂😂,1,0.0,dataset_1,-1
ومبعد الكونيكسيون سلحفاة وفي آخر الشهر تلقى مزالك 88 جيغا,0,1.0,dataset_2,0
كونكسيون نتاع اوريدو كولد. راه خرة حشاكم سيراتو. ف الليل,1,1.0,dataset_3,0
أخي اريد ااقتناء شريحة سويتش واش رايك في سرعة النت تاعها,0,0.0,dataset_3,0
راضي بزاف 🌟 الله يحفظكم,2,2.0,augmented,1
عندك ابداع فلخرطي 😂😂,1,1.0,dataset_3,-1
شحاالل تععيي و تقيل,1,1.0,dataset_3,0
مزالو يسرقو فينا الله لا تربحهم,1,1.0,dataset_3,0
الجلفة ما فيهاش الريزو تع موبيليس,1,1.0,dataset_3,0
السلام عليكم رمضان مبارك.,0,0.0,dataset_3,0
Ki dirou pubg aytouli hh,1,0.0,dataset_1,0
راضي بزاف صراحة الله يحفظكم,2,2.0,augmented,0
جيزي احسن,2,2.0,dataset_3,0
Yatik saha wlh nahit 3liya ham,2,2.0,dataset_3,0
بركاو من الكذب عييتونا لاكونكسيون والريزو في جيزي كارثة,0,-1.0,dataset_1,0
ياو المشكل ليس في العروض المشكل في التغطية ميتة مثلكم,0,1.0,dataset_2,0
الكارثة في عرض اليوتيوب غير محدود يجوك الفيديوهات بصح مايحبوش يتفتحو بسيف يتفتح الفيديو ويعاود بعد يتغلق مالڨري 4G,1,1.0,dataset_3,0
والله ماعلبالو كفاش راهي دور راه يطرش برك هذا ،مكاش باطل تيك توك كي تكون تكونيكتي بالويفي وتنحيه يطلعولك واحد ل5 حتى لعشرة تع ليفيديو وامبعد يحبسو ،بركا ماتخرط على الناس,0,0.0,dataset_3,0
جماعة بغيت نسقسيكم و اتمنى تجاوبوني لخاطرش انا منعرف والو وجامي اكتيفيت موبيليس قولولي منين ناكتيفي اي عرض من عروض موبيليس هل نقدر نتفرج نورمال في اليوتيوب بدون تقطيع اتمنى الرد السريع وشكرا,0,0.0,dataset_3,0
انا عندي سويتش 1500 صافي 6 اشهر تمشي فوور بزاف فالكونيكسيون أحيانا كي ندير تلحق عندي حتى 85 ميغا,2,2.0,augmented,0
انا كونيكسيو جيزي تحكملي غير في السطح,0,-1.0,dataset_1,0
خدمة مليحة بزاف,2,1.0,augmented,0
عنوان عكس الموضوع <br>شوي سيريو يرحم الشوابين,0,0.0,dataset_3,0
انتي افضل دجيزي💞😍😘💞💞😍😘💞💞😍😘💞💞😍😘💞,2,1.0,dataset_1,1
مليح بزاف 💯 نوصي بيه,2,1.0,augmented,1
Merci Djezzy pour votre débit de Connexion merdique,0,-1.0,dataset_1,0
ديروها😍 غي 100 احسن ❤️,2,1.0,dataset_1,1
استعملت خدمة FlexyNET لإرسال الجيڨات ممكن تقولي شحال تبقى باه توصل عندي ؟,1,0.0,dataset_1,0
Hbltoona b conx t9iila rah nbadl réso t3kom hda chaque fois nriklamo w n3yto ou m Kyn wlo,0,-1.0,dataset_1,0
شكرا جزيلا 💯 كل شي مزيان,2,2.0,augmented,1
300,1,0.0,dataset_1,0
خاوتي مكلاه تشروها اي عندي عياتني فالأول يعطوك 3 جيغا كي تكمل لك تولي قيي و تعييك نصيحة م تشروهاش,1,1.0,dataset_3,0
Hadou 7wajbek d&#39;origine wala anta khademhoum kima hak,0,0.0,dataset_3,0
رڨلوها من فضلكم,0,-1.0,dataset_1,0
السلام عليكم .واش خويا كيف احوالكم ؟ كاش جديد ؟ في امان الله,0,0.0,dataset_3,0
سرعة انترنت في جميع الشرائع متقلبة وغير ثابتة في الليل تكون قاوية تصل الى 30 ميغا وفي النهار 0.2 ميغا كارثة .. وتبقى اسوء انترنت في العالم موجودة في الجزائر,1,1.0,dataset_3,0
salamdjezzy,1,0.0,dataset_1,0
.dz عندي شريحة جيزي نورمال نقدر نردها إلى هايلة ؟؟,1,0.0,dataset_1,0
Oui hayla bzxf very f chbb Ms 3ndi question kifch ndir gaming connection??,1,0.0,dataset_1,0
أكبر حشوة للقضاء على بيكس وتوب 4ج,0,1.0,dataset_2,0
لم نفهم ماهو احسن عرض السويتش ام ميديوم ٤ ج ام هما نفس العرض باسمين مختلفين,0,0.0,dataset_3,0
لقد حسنتم التغطية و حسنتم من حيث العروض واصبحت عروض موبليس هي الأفضل في الجزائر من حيث الفئة السعرية شكرا لكم,2,2.0,augmented,0
انا سرعة الانترنت 20 مبڤا,2,2.0,dataset_3,0
المشكل آخر،تبعثلهم الرسائل ومايردوش,1,1.0,dataset_3,0
J&#39;ai la Switch depuis 9 mois est j&#39;ai aucun problème avec,2,2.0,dataset_3,0
كيفاش تعرف انو الابيس نتاعك top4g,0,0.0,dataset_3,0
نوظ تعمر جا لماء,0,0.0,dataset_3,0
Hayla maxi mliha 3la hayla bizaf fi ivites w les bonus,2,2.0,dataset_3,0
Mafihach limitation ani ktar men 3am m li kasbha 9owa,2,2.0,dataset_3,0
ردوا على رسائل الخاص,0,-1.0,dataset_1,0
الله يبارك موبيليس عائلة كاملا نخدموا موبيليس ووديرهنا معا تضامن العسكرية والله إلى رحمة ربي يحفظكم,2,2.0,dataset_2,0
مرحبا، فيما يخص ال Messenger فلقد كان إشكال عام، و فيما يخص التغطية في حالة مواجهتك لنفس الإشكال الرجاء مرسلتنا على الخاص و تقديم رقمك الهاتفي من فضلك. زهرة من جازي,1,0.0,dataset_1,0
ياجيزي اطلڨو الكونكسيون راها حابستلي من الصباح,0,-1.0,dataset_1,0
هايلة ❤️ رهي عندي.. والناس لي راهي تقولك مشي مليحة ياو قبل متشرو عفسة فيريفيو لاكاين ريزو في بلاصتكم .. فالجي جيزي هبال,2,1.0,dataset_1,0
ياخو كيفاش ترجع لعرض مبتسم ولي يعرف يقلي,0,0.0,dataset_3,0
مكانش حتى حاجة مليحة,1,1.0,dataset_3,0
"اخمج متعامل الهاتف في بلاد سكوبي, سرقة موصوفة",0,1.0,dataset_2,0
اوريدو تسرق شوي,1,1.0,dataset_3,0
ولله هي مليحة,2,2.0,dataset_2,0
بالتوفيق والنجاح الدائم موبيليس ربي يحفظكم روعة روعة روعة,2,2.0,dataset_2,0
اكتيفيت 800 دج عطاولي 15 جيڨا و200 دج هدرة مي 3 ايام حبست مهيش تخدم بطاقة سيم و مزال ما استعملتهاش كيفاه ندير و راهي تخرجلي اسم المستخدم واش نكتب ربي يخليكم جاوبوني,1,0.0,dataset_1,0
استغفر الله منكم 🙄😒😒,0,1.0,dataset_2,-1
اخي<br>1 ميغا اوكتي يساوي 100 كيلو اوكتي<br>وليس 100 كيلو اوكتي<br>1b= 8bit<br>1KB= 100b<br>1Mb= 100kb<br>1Gb= 100Mb<br>1TB= 100Gb<br>1Bb= 100Tb,0,0.0,dataset_3,0
سلام 12جيقا في اوريدو قولد شحال تقعد وتكمل,0,0.0,dataset_3,0
sahito mobilis cnx ta3kom khfifa bzff,2,2.0,dataset_2,0
Hbb wachm Réseau mlih f libanani,0,0.0,dataset_3,0
Les offres chabin mais couverture mauvais a Ghardaia,1,0.0,dataset_1,0
dokhli f application w f mn compte w diri désincrire 🤗,1,0.0,dataset_1,0
سلآم عليكم خويا كاش جديد 😉😉,0,0.0,dataset_3,0
وين نلقاوها,0,0.0,dataset_3,0
والله كارثة,1,1.0,dataset_3,0
هه منكم بالصح هه,1,0.0,dataset_1,0
يا سيد انا عندي 3g العرص تع 001مئة الف انترنت يعني للفيسبوك قاوية شوي,2,2.0,dataset_3,0
بصح تسرقو 25Go تروح في سمانة,0,-1.0,dataset_1,0
فوور,2,2.0,dataset_3,0
عندي جيزي هايلة 1500 دج مع 40 جيڨا و 300 دج بونوس و مكالمات باطل جيزي …,2,2.0,dataset_3,0
نقدرنحولها ل top 4G,0,0.0,dataset_3,0
موراد راك تعمل في الاشهار,1,0.0,dataset_1,0
راكم فوور كون تزيدو برك في بلدية #الوطاية ولاية #بسكرة 💋💋,2,1.0,augmented,0
راها 22.44🤣🤣,1,0.0,dataset_1,0
أين هي عروض رمضان 2022 شهر في العام ڨراتوي مكانش اه يا موبيليس واش درت بينا,0,1.0,dataset_2,0
ها قوليلي برك جد الفوطو لي يبعثوهالي ليه لازم نكليكي عليهة وتكتب استعمل الأنترنات باش تخرج هاو خلي جدهة تخرج هكاك يعني لازم دلي الخدمة,1,0.0,dataset_1,0
مرحبا، الرجاء مراسلتنا عبر الرسائل الخاصة وتقديم رقمك الهاتفي مع العنوان الكامل من فضلك لتحويل طلبك للمصلحة التقنية.نسرين من جازي 🙂,1,0.0,dataset_1,0
يا ربي انا هاد لبنادم يجمدلي دمي شوفو كل يوم كنت مكفاش في رمضان لحقني حتى هنا 🔥🔥,2,1.0,augmented,0
كيفاش ندير باش تكون عندي مكلمات,1,0.0,dataset_1,0
نريد عرض 500 دج صالحة لمدة 30 يوم لكن للأسف لا جديد,0,1.0,dataset_2,0
merci ❤️ c'est gentil,2,1.0,dataset_1,0
Djezzy nahaw limitation w zadolha la vitesse rahy bien,2,2.0,dataset_3,0
انا فليكسيت ١٠٠ عندي غير ١٠ ايام راحتلي لانترنيت خفت نزيد نفليكسي يزيدو يديوهالي ارجو الرد,1,1.0,dataset_3,0
كي تطلقوا الريزوا ساهل الحال,0,1.0,dataset_2,0
انا من النعامة سرعة الإنترنت 59 كياو وسرعة تحميل 298كليو خردة,1,1.0,dataset_3,0
جيبنا vpn مدفوع تسريع النت,0,0.0,dataset_3,0
انترنات ايليميتي,2,2.0,dataset_3,0
واش بيه هادا واقيلا عطيطوه دوا خاطيه 😂😂,1,0.0,dataset_1,-1
لازم كل شهر تجددها ؟؟,0,0.0,dataset_3,0
لو كان تحبسونا الميساجات بالفرنسي ماذا بكم تبعتوهالنا بالعربيه هكذا، المشكل الكبير راه الريزو ناقص عينه منكم,0,-1.0,dataset_1,0
يا أخي أنا عندي هايلة بزاف، و عطاوني العرض القديم شهر هذا، لا يوجد تغيير ؟,1,0.0,dataset_1,0
les 3 les opérateurs meme algerietelecom l&#39;arnaque,1,1.0,dataset_3,0
عندكم الكونكسيون ثقيلة ياسر في أم البواقي كاين بلايص منعدمة الشبكة أصلا,0,1.0,dataset_2,0
صاحب الأبتسامةحطيتلهم القائمة على مستوى الوكالة ودرت جميع الإجراءات لكن للاسف,0,-1.0,dataset_1,0
كيف انزع عرض سما,1,0.0,dataset_2,0
اوريدو سراقين حتى الانترنات قوية,1,1.0,dataset_3,0
كيفاش تجبد رقم شريحة الله يرضى عليكم خوتي,0,0.0,dataset_3,0
Top 4g rahi 2 mega cava,2,2.0,dataset_3,0
Bo Kesri arwah tchouf pleaase 😂😂,1,0.0,dataset_1,-1
يهبط الريزو 3g,1,1.0,dataset_3,0
"La puce coûte 300da, lazem t'activy 500da bech ykoun 3endek 500da d'appels vers tous les réseaux, 5Go et FlexyNet Batel pour 30 jours, ida habit tzid Insta + FB illimité ma 3lik ghir tzid 600da 🤜🤛💯",1,0.0,dataset_1,1
افضل جيزي في غرفتي بصراحة بكثير من موبيليس و اوريدو. اتحدث عن غرفتي فقط.,2,2.0,augmented,0
Parceque la puce whdha 300da + lazem tflixsilha 500da bech y activiwlek 5g w 500 vers tous les réseaux,1,0.0,dataset_1,0
روح دير شوية سبور راك تشبه للفون تاع عاشور العاشر,0,0.0,dataset_3,0
ماهيش مليحة خاوتي ننصحكم بجيزي هبال 👌🏻👌🏻,2,1.0,dataset_1,0
Réglou 3lina prblm ta3kom hada manech mkhalsin f batel bere7 w elyoum 7ata 7aji mabghat temchi a part fb,0,1.0,dataset_2,0
لبارح الثمنية ونص راحت الأنترنت وتطبيقات جوجل ماحبوش يمشو نهائيا.. اليوم نفس الشي.. واش هاذ العقلية؟,0,1.0,dataset_2,0
عندي اوريدو لأڨولد 4g وتروحلي مرات,1,1.0,dataset_3,0
احيطكم علما انني كسرت الشريحة و شكرا عفوا 🐸,0,-1.0,dataset_1,0
#. وداعا يا جيزي يا سراقين يا لصوص يا نصبين.,1,1.0,dataset_3,0
أوريدو إنشاء الله ديكلاري فاييت . هاذ سرققة خاصة 👎 أوريدو ( عري وادو ),1,1.0,dataset_3,0
جاوبو على الخاص تعيشو,1,0.0,dataset_1,0
صحا عيدكم ولا بهديكم ربي اعطوني الكادو تاعي عندي ثلاث شهور ملي ربحتو ملحقش🤦‍♂️🤦‍♂️🥺🥺,1,0.0,dataset_1,0
لجيري😁😁👍,2,2.0,dataset_3,1
وش بيها الكونكسيون,0,-1.0,dataset_1,0
الانترنت 4g وضعيفة مدينة الجلفة,0,-1.0,dataset_1,0
🔥😍🔥,2,1.0,dataset_1,1
خويا سويتش فيها ليميتاسيو,1,1.0,dataset_3,0
أنا جازي مليحة,2,2.0,dataset_3,0
او سويتش كاش جديد فيها,0,0.0,dataset_3,0
"Reglez votre reseau aprés on peut parler des offres , le reseau en degradation de pire en pire et ça nous manque pas des Go's mais on veut l'amelioration du debit",0,-1.0,dataset_1,0
وداعا جيزي. راح نجربوها و نشوفو.,1,1.0,dataset_3,0
نقدر نروحلو من top 4G و نرجع عادي ؟,0,0.0,dataset_3,0
لاانصح به خاطر يستهلك اليوتوب بالدراهم وكي تفضلك الجيغات بعدها يولي مجانا بسرعه كشعر منخفضه,1,1.0,dataset_3,0
لا تربحكم ان شاء اللهكليتولي 20 الف اليوم لا تربحكم🙃,0,-1.0,dataset_1,-1
راني بهابلة ماكسي مفيهاس لمطاسيو,1,1.0,dataset_3,0
وحد ليامات ونكسرها ماهيش مطولة,1,1.0,dataset_3,0
ساهلا بوكس قاوية,2,2.0,dataset_3,0
مزايا شابين بصح حسنو الريزو شويا,2,1.0,dataset_1,0
واش راك 😍 شكرا,2,1.0,augmented,1
يا صاحبي المحتوى تاعك اصبح فاشل . <br>طول باش تهدر البداية كلها كلام فارغ,0,0.0,dataset_3,0
نسقسسق خويا عندي شريحة top 4g ،اذا حولتها لعرض pass conact+ اسكو نقدر نقدر نرجع امباعد للtop 4g ولا لا,0,0.0,dataset_3,0
ريزو عيان موبليس,0,1.0,dataset_2,0
قطعهوم خوتي تحبس هنا,1,1.0,dataset_3,0
علاه تخلو الناس تفليكسي 🙄من بعد تدولهم كيما انا منيش دايرة رناتي و كلما نفليكسي تدولي 🙄 ؟!!,0,1.0,dataset_2,-1
بن صوشة عبد الكريم أنا تانيك راني كيما نتا عندي مشكل الريزو مكاش و الأنترنت ثقيلة قلولي أبعثلنا في الخاص نميرو ديالك . عنوان …الخ بعثتلهم مزال حتى لذوك محلولي المشكل راهم يتمسخرو بينا نجمة خير منها كونكسيو خفيف ريزو كاين واش تبان مع جازي الخرطي,0,-1.0,dataset_1,0
الخدمة تاعكم رائعة 😍,2,1.0,augmented,1
Djezzy merci infiniment !! 🙏,2,1.0,dataset_1,0
اسم لابيس,0,0.0,dataset_3,0
كل احترام وتحيات لكم ومزيد من تألق ونجاح,2,2.0,dataset_2,0
صاحبي شفت عندك بزاف لي زابليكاسيو تقدر تنعتهمنا واش خدمتهم بلاك يساعدونا,0,0.0,dataset_3,0
🔥🔥 #isama,2,2.0,augmented,0
مرحبا، الرجاء مراسلتنا على Messenger و تقديم رقمك الهاتفي من فضلك لمساعدتك.زهرة من جازي,1,0.0,dataset_1,0
Top 4g وش صرالها كشما جديد هه,0,0.0,dataset_3,0
شكرا موبليس,2,2.0,dataset_2,0
مزيد من التألق إن شاء الله,2,2.0,dataset_3,0
._.grap وي صح ياخو عندك لحق. بصح وقتاش لعيد. علاش لحق 😅😅,1,0.0,dataset_1,-1
تحيا جيزي 75 جيڨا بي 600 دج +رقم 0771,2,2.0,dataset_3,0
وجيزي هبال واش رايك,0,0.0,dataset_3,0
عرض تافه من اوريدو ،لا حدث ..,1,1.0,dataset_3,0
فالليل راهي تعي عالجونا المشكل😴,0,-1.0,dataset_1,0
يا أخي والله العظيم في موديم 4G LTE كي يخلاصولي لي جيڨا نبقى نكونيكتي كلش باطل ميش برك les résaux sociaux,2,2.0,dataset_3,0
استغفرو الله,0,0.0,dataset_3,0
Kayna djezzi fel chbabe,2,1.0,dataset_1,0
سلام عليكم لدي مشكله لقد تم أخذ رصيدي أرجو حل المشكله وهل يمكن أن استعيد رصيدي الذي أخد مني أتمنى الرد عليا في اقرب وقت,0,1.0,dataset_2,0
انا عندي المشكل ف 2 لي بيس ثقالت كونكسيو فوحدة عمرت وحدخرا سمانة و ثقالت,1,1.0,dataset_3,0
.__.ou._.chouchou instagram w Facebook illimité ki louken ge3 tekmelek dik 5g tog3od tconnectè bihom nrml,0,-1.0,dataset_1,0
كوناكسيو تحسب رانا مزال بل 2G وتخلاص في سيمانا هه,0,1.0,dataset_2,0
عرض جيد..👏,2,2.0,dataset_2,0
انا عجبتني لاوين كنترول لي هدرت عليها,2,2.0,dataset_3,0
علاش رجعت كونكسيون تيعكم تعيي 😒🙃,0,-1.0,dataset_1,-1
عندي مشكل حول جيزي,0,-1.0,dataset_1,0
سرعة 50 كيلو في عنابة. 😂😂 موبيليس,1,1.0,dataset_3,-1
مرسي موبيليس ديما متفكرينا🌼🌼بليميساج💖💖,2,2.0,dataset_2,0
والوين ماكس لي راهي من العصر الحجري ما خلاونا نبدلو ما حسنوه,1,1.0,dataset_3,0
هدف تعنا تحطيم انفصلات الجزائر يتحطم كلش,1,1.0,dataset_3,0
خدمة مليحة بزاف ❤️,2,2.0,augmented,0
Izzy baynaa😍,2,1.0,dataset_1,1
انا اطالب بارجاع خدمة امتياز ب 80الف سنتيم ..للشهر ..غالية بزاف 150الف سنتيم,1,0.0,dataset_1,0
كانت تشدلي شهر وكانت خفيفة هذو ليمات يا ربي عشريام ومام ثقيلة,0,-1.0,dataset_1,0
مشكل انترنت تع موبيليس كريثا <br>كاين وين بي لي جيڨا ماتلحقش 256,1,1.0,dataset_3,0
❤️ ممتاز والله,2,2.0,augmented,0
top 4g vive top 4g une puce extraordinaire je consomme pas moins de 30 go par mois avec 500 da.,2,2.0,augmented,0
موبليس فلكسي ( شهر) تكنيكتي (شعر)🤮🤮,1,1.0,dataset_3,0
انا عندي راهي جيزي هبال مليح ربي يبارك,2,2.0,dataset_3,0
نعم، ما عليك غير تهز الهاتف ديالك بعد تشغيل التطبيق 🙂حظ سعيد ، نسرين من جازي.,1,0.0,dataset_1,0
.em6872 🇩🇿🇩🇿gamer n1,1,0.0,dataset_1,0
Svp c est quoi cette conx elle est devenu catastrophique j arrive mm pas a ouvrir insta ou yout elle ete bien qsq y a !??,1,0.0,dataset_1,0
من فضلكم ديرونا عرض هدرا برك بدونانترنت بسومة معقولة(لأن هناك أشخاصتستغن عن انترنت في الموبايل) و شكرا على خدمتكم,0,-1.0,dataset_1,0
سقمو الريزو تاعكم فالأول و من بعد حكيو على الامتيازات.. راكو تعيوو😂😂,0,-1.0,dataset_1,-1
ليوم نفروها هاداوين فليكسيت 100da راحتلي بلا والو غير لخير كشما تساالولي 😒😒 و الله غير سيريوو ملحقتش ناكتيذيها راحت اصلا كي دخلت لبون لقيت فيه غير سبعالاف و بداو ينقصو و من بعد اكتيذيت تاع طرواميل ب واحد جيغا قالولي دوك يلحقك ميساج ملحق والو ؟!!,0,-1.0,dataset_1,0
انا عندي مودام ساهلا بوكس مفلاشي<br>هل استطيع شراء شريحته منفصلة من احد فروع اوريدو<br>جام بماه يشوفها صاحب القناة,0,0.0,dataset_3,0
كيفاه نتواصل معا لاجونس دجيزي من فظلكم,1,0.0,dataset_1,0
تتكلمون بجدية ؟ سرعة أنترنيت جد بطيئة و تتكلمون عن مشاهدة المسلسلات !؟,0,-1.0,dataset_1,0
افضل عرض على الاطلاق 💪💪,2,2.0,dataset_3,0
ياو طز فيهم بيهم بكونكسيو تاعهم,1,1.0,dataset_3,0
سرااققيين,0,-1.0,dataset_1,0
Games Rockstar,1,0.0,dataset_1,0
وهناك حل أفضل في الإتحاد قوة نعودو كامل لبيس نروحو لي نجمة أو مبليس ونحبسو جيزي ونخليوها تخصر,1,1.0,dataset_3,0
جدة الله يرحمها,1,0.0,dataset_1,0
20 جيڨا ألفين دينار 😂😂 منيتكم جازي لوكان جات غير انترنت مليحة ثقيلة وتدفق ضعيف اصلا كرهتها جازي رني نستنى نكمل درهمي وندير اوريدوا احسن قرعتوها كل مانعطلكم النت ضعيف ما تديروا حتى شي,0,-1.0,dataset_1,-1
Yahdik rabi khou choflii ida pubg mobile wla free fire ping yab9a 43 ma taharakch,1,1.0,dataset_3,0
😏,1,0.0,dataset_1,0
عروض بايخة,0,-1.0,dataset_1,0
والله غير وجهكم صحيح تعملو عرض كما هاذا .. ربي يهديكم,0,1.0,dataset_2,0
Rh Abderhmane انا,1,0.0,dataset_1,0
تهدر بزااف بلا فيدا,0,0.0,dataset_3,0
انا لا اشتري حتي لو تكون باطل,1,1.0,dataset_3,0
سلام عليكم انا في ولاية بشار و اعمل ب شبكة دجيزي سرعة في التحميل و الرفع عكس شبكة موبيليس في ولاية بشار انا اقول لك عنداما تتحدت عن الشباكات ادكر الويلاية كل ولاية و فيها شبكة قوية وشبكة ضعيفة شكرا,0,0.0,dataset_3,0
يا عبد الجليل شوف لينا حل ل top 4,0,0.0,dataset_3,0
موبليس هي مستفيد من هذا عرض نقولكم علاش انا عندي لاوين كونترول 15 جيڨا ولا استطيع إنهاء رصيد بسباب ضعف شبكة الإنترنت ولي هذا الزبون هو الخسر الوحيد,1,1.0,dataset_3,0
أعطينا حقنا في التدفق، راني نخلص من دون استفادة من الأنترنت,0,1.0,dataset_2,0
سلام، ممكن ان العرض لا يحتوي على الأنترنت، للتأكد على مستوانا نعوك لتقديم رقمك الهاتفي على الخاص من فضلك. شكرا، زهرة من جازي,1,0.0,dataset_1,0
Tetba3 ghir and la maison djezzy !,1,0.0,dataset_1,0
شكرا جزيلا  كل شي مزيان,2,2.0,augmented,0
وجوه البق مشفنا منكم والو لا إنترنت تصلح لا إنترنت مجاني والو غير البق نعدين نهاركم 👋✊,0,-1.0,dataset_1,0
رانا نعانوا رانا نعانوا رانا نعانوا مع كونكسيون و الله عيب تقول 4G هادي 2G . والله عيب زبون يعاني وبالرغم قدمنا شكاوي عدة ولكن دون جدوى الله يهديكم .,0,-1.0,dataset_1,0
راضي بزاف 👍 الله يحفظكم,2,2.0,augmented,1
برافو عليكم ❤️ استمروا هكذا,2,2.0,augmented,0
3andi Djezzy l la connexion fort tewsel hetta hbal 15mega,2,2.0,augmented,0
عندي جيزي اوموبيليس او نجمة والله في ثلاثة الريح فالشبك .البينغ تاعهم في ثلاثة 99,1,1.0,dataset_3,0
أنا اوريدو عطاتلي عرض fedilite وبعدها اراد صديقي ان يطبق العرض هو كذلك وبعدين قمنا بالإتصال ب أوريدوو وقلت لهم ان يعطو لعرض لرقم صديقي اتصلت في مكانو يعني وقالولي ان صديقي لا يستطيع تفعيل هذا العرض لأنو ليس فيدال مع اوريدو مع العلم هو كل شهر يشحن 200 الف في رصيده و أنا لم أشن منذ 8 اشهر قريب غلقولي الشريحة مع ذلك عطاولي لعرض 🤣😂😂,1,1.0,dataset_3,-1
Lwell 🖤💥💥,0,0.0,dataset_3,0
تجربة رائعة  نشكركم,2,2.0,augmented,0
Lazem puce izzy,1,0.0,dataset_1,0
"M&#39;sila, ooredoo la switch 6:46 PM<br>Download 16 mb<br>Upload 4mb puissante",2,2.0,dataset_3,0
والريزو كيفاه 🤣🤣🥴🥴🙃,0,1.0,dataset_2,-1
Nøüh Nøüh صكرناها جيبلي نمرو لي قتلك عليه نرجعوهلك لنس.. 😂😂,1,0.0,dataset_1,-1
أفضل شبكة من ناحية تدفق الإنترنت,2,2.0,dataset_2,0
ليس عرضا جيدا اصلا الانترنات ضعيفة في جميع الولايات,1,1.0,dataset_3,0
يا جماعة والله مالقيت وش نكذب. عليكم باه ديرولي ابوني 💔🙂شغل نا دزيرية كيفي كيفكم 😂😂لابغيتوا زعمة ابونيو لحياة أفضل 🙄 (غي نكذب مكان حياة أفضل ني والوا ) لكونط اول طار بيه لحمام 💔😂,0,-1.0,dataset_1,-1
ريزو kaka💩💩 اسوء متعامل في العالم,0,1.0,dataset_2,0
لوكان سڨمتولنا غير الشبكة و منبعد ديرو عروض,0,1.0,dataset_2,0
Cnx fi7ala ghir rigloha 😐😐😡,0,-1.0,dataset_1,0
كارثة والله,1,1.0,dataset_3,0
ولله فلكست 100تلف عطوني 30 عاود قلولي بلي عطوني 13🥺 وراني جيت لي خاص جوبني🥺,0,1.0,dataset_2,0
اسوء شبكة انترنت جازي,1,1.0,dataset_3,0
لم استطع إعادة تعبئة رقمي وهذا طبعا بعدما حولتم رقمي من عرض مبتسم الى سما آليا وبدون أن أطلب ذلك,0,1.0,dataset_2,0
Khawti khasni x box bssoma mliha,0,0.0,dataset_3,0
سرقتلي 200 😟😟😩,1,1.0,dataset_3,0
investiw chwia f les infrastructures tawa3kom yakhi 💩,0,-1.0,dataset_1,0
عروض جيزي مناسبة للطبقة المتوسطة وفي متناول خاصة عروض امتياز شهر ب 60 12 جيغا و هدرة باطل موبيليس و اوريدو نار نار وسرقة <br>هي صح جيزي ضعيفة في دروة في الليل بصح باقي أوقات,2,2.0,augmented,0
الله يحفضك ليوم نجربو علا الله تنفعنا,0,0.0,dataset_3,0
خويا اوريدو راهي الانترنت تاعها راهي 00 هذي الايام,1,1.0,dataset_3,0
اوريدو 100 فهمنا علي الاقل واش دايرا,0,0.0,dataset_3,0
شبكة عيانة,0,1.0,dataset_2,0
صلحتلي على خاطر 4g كانت متطلعليش👍👍,2,2.0,dataset_3,1
تم الرد على رسالتك في الخاص.🙂 نسرين من جازي,1,0.0,dataset_1,0
انا مخرجليش العرض في توب 4g,0,0.0,dataset_3,0
هاد العروض في رمضان برك,0,0.0,dataset_3,0
دير ابوني في طريقك ربي يحفظلك لعزيزة لميمة ديك 😍😍,2,1.0,augmented,1
Aw dirolna promotion khliwna nkhdmou,1,0.0,dataset_1,0
اين سياسة حرية المشترك يختار العرض الذي يريده كيف تفرضون عليه امر لم يعجبه !!,0,1.0,dataset_2,0
حسونا نا الإنترنت انا ندير تع 200لي شهر تخلاص في 3ايام .dz,1,0.0,dataset_1,0
يادين ربي فليكسيت ماكسي امبعد دارو ليميتاسيون,1,1.0,dataset_3,0
أشكر شركة على العروض ولكن نطلب خظراتكم إنشاء هوائي في حينا لأن الشبكة ضعيفة,0,-1.0,dataset_1,0
Sad Dam khouya habite nbadel ndire mobilise wsh tkoul mliha ??,1,0.0,dataset_1,0
تحيا جيزي منا لصباح عرض إمتياز قوة الله يبارك,2,2.0,dataset_3,0
جم جمو خلي يعيش الزوالي 😂🔥,2,1.0,augmented,-1
كما قلت موبيليس بيكس دارو السرعة المنخفضة مكاش منها,1,1.0,dataset_3,0
موبيليس كنكسيو 00 خسارة لدراهم برك,1,1.0,dataset_3,0
الريزو ناقص عندنا بزااف هذي شحال من عام كي تدير لدوني تقريبا تحكم غي شرطة في الريزو وتمشي,0,-1.0,dataset_1,0
وهذي 5جيغا تشد شهر ولا تخلاص بلخف,0,-1.0,dataset_1,0
مع HAYLA 😍 كونيكتي و ابقى دايمن على الإتّصال مع حبابك 📱 #djezzy #dz #hayla,2,1.0,dataset_1,1
تحكي بزاف يا خو هات الصحيح ليه ليه وعلاه الهدرة الزايدة,0,0.0,dataset_3,0
.o.u.n.i.r_ Kima dar Mourad f la vidéo 😁,1,0.0,dataset_1,0
.dz le tout a 1400 da alors on reste avec 1500 da 40 Go c mieux,0,-1.0,dataset_1,0
انجاز عظيم تيك توك يمشي بااطل ياالزبدة 🤣,0,0.0,dataset_3,0
ماكانش ليميتاصيو ليميتاصيو يا يا تكتك في جيزي,2,2.0,augmented,0
سرعة الانترنت راهي ثقيلة,1,1.0,dataset_3,0
بصح ممتاز والله,2,2.0,augmented,0
عندي مشكل في اوريدو كينكون نهدر و تقفل ساعة تقطع اوتوماتيك هل يوجد حل ؟,1,1.0,dataset_3,0
machi ri stif fi ga3 dzayr d3ifa,1,0.0,dataset_1,0
سرعة الأنترنيت كارثية 😑,0,-1.0,dataset_1,-1
سرفيس مليح صراحة برافو,2,1.0,augmented,0
عندي top 4g تكفيني <br>وراسي مرفوعة كاين حاجة لكونيسيو ضعيفة مي والفتها نتفرج حتى تيك حاجة لكونيسيو توك بالتقطاع <br>تحيا top 4g,2,2.0,augmented,0
Saha Ramdanak Djalile une offre un peux exceptionnel sourire vraiment merci pour l&#39;info Djalile,0,0.0,dataset_3,0
لاكارت تاعي رديتها امتياز وندمت,1,1.0,dataset_3,0
راضي بزاف ❤️ الله يحفظكم,2,1.0,augmented,0
جيزي هادي مقودا قاع في كنيكسيو,0,-1.0,dataset_1,0
._.ad_ 500 + 600,1,0.0,dataset_1,0
💩🙈💩💩,0,-1.0,dataset_1,0
التغطية ضعيفة جدا و الانترنت تبقي وتخونها لاننا لانستعملها كلها بسبب التغطية الضعيفة كذالك المكالمات ،يجب عليك اعادة المكالمة على الاقل مرتيين لتتمكن من الكلام 😢😕😫😡😡,0,-1.0,dataset_1,0
هل نقدر نستعمل شريحة سويتش في مودام ساهلة بوكس بعد ما نفلاشي المودام,0,0.0,dataset_3,0
وحنا تع سويتش ميصدقولناش شويا لي جيغا,0,0.0,dataset_3,0
علاش متبدلوش كلمة تدفق الأنترنت بتقطير الانترنت و شكرا ✨,1,1.0,dataset_3,0
Gg 👏,1,0.0,dataset_1,0
من فظلك اخي الكيتمان موجودين فالبلاد؟,0,0.0,dataset_3,0
والله عيينا ياموبليس كونكسيون ثقيلة دراهمنا راحت باطل حسنو لينا الانترنت,0,1.0,dataset_2,0
DJEZZY 20 KO WILLAYT BOUMERDAS HAMMADI,1,1.0,dataset_3,0
كونيكسيو حبست عندي,0,-1.0,dataset_1,0
الموقع ديالك لا يعمل في adsl,0,0.0,dataset_3,0
Kon gir chftoli blasa m3a new generation 😍😐,2,1.0,dataset_1,1
سرفيس مليح ❤️ برافو,2,2.0,augmented,0
صاحبي عندي بيس&quot; هبال&quot; كي حولت &quot;لهايلة بزاف&quot;<br>متقدرتش نعاود نولي &quot;لهبال&quot; كيفاش الحل<br>فل القائمة تاع لmegration ما يجيش الخيار &quot;هبال&quot;,0,0.0,dataset_3,0
+ felxy net ? Qui veux dire ??,1,0.0,dataset_1,0
ريزو راه مقطوع من ساعتين والله غير مشكلة .في 2022 مزال مثل هاذ امور .,1,1.0,dataset_3,0
واش راك والله شكرا,2,2.0,augmented,0
عروض سما ممتازة لكن الافضل لو تضيفو الواتساب مجان,2,2.0,dataset_2,0
dm my,1,0.0,dataset_1,0
خدمة الإنترنت جد رديئة، وخدمة المكالمات أسوء.متى يتم تحسين الخدمة لتكون على قدر المبالغ التي ننفقها على شبه خدمة الإتصال؟؟,0,-1.0,dataset_1,0
افضل خدمة كان يديرو فيها انترنات غير محدودة,2,2.0,dataset_2,0
السرعة المنخفض 256 ممكن في بعض الاحيان تطلع شويا ولكن ليس مقياس,1,1.0,dataset_3,0
جديد فالقناة ماشاء الله نشكرك على المعلومات,2,2.0,dataset_3,0
هذا مش بث مباشر!!,0,0.0,dataset_3,0
هيل مليحة طوول بصح انترنت حجم ميكفيش طوول لانها تستهلك بسرعه مقارنة بموبيليس 20جيقا ومتكفيكش شهر عكس موبيليس 13 جيقا بصح تكفيك شهر كامل وذلك لان جيزي غير مقيدة استهلاك انترنت,2,2.0,dataset_3,0
لحاب يشري نتفليكس بش يتفرج يجي بريفي,1,0.0,dataset_1,0
._.purple هه خليهم دارو إنجاز مساكن,1,0.0,dataset_1,0
تحيا أوردو لا سويتش,2,2.0,dataset_3,0
خدمة مليحة بزاف 💯,2,2.0,augmented,1
Djezzy هذا الرد لي درته خويا لعزيز لوكان جاوبتني على الاستفسار تاعي على الخاص,1,0.0,dataset_1,0
Djamel Amnap ربي يجيبها لنا زينة ان شاء الله ياخويا,1,0.0,dataset_1,0
يمكن تحويل pix إلى win max controle,0,0.0,dataset_3,0
🌷❤🌷,2,1.0,dataset_1,0
Mâ Lîfęčënt ماتفليكسيش خير,1,0.0,dataset_1,0
صرحة انا جيزي نحبها او عوروضها كانت نفلكسي 1200 يعطيوني 300 هدرا او 40gb او خفيفة او تشدلي شهر نورمال,2,2.0,dataset_3,0
الانترنت غير مستقرة تروح وتجي كل دقيقة .. والتغطية ناقصة في منطقتنا .. يهديكم ربي ديرولنا انتان ريزو,0,1.0,dataset_2,0
Fail,1,0.0,dataset_1,0
الجزائر أفضل متعامل في جيزي,2,2.0,augmented,0
الله لا تربحكم,0,1.0,dataset_2,0
سلام عليكم .. مدولي عروض امتياز لابغيتو زعمة,1,0.0,dataset_1,0
ماتتهلاش تقول موبيليس و 😏,2,2.0,augmented,0
.dz مرسي 🐸,1,0.0,dataset_1,0
Connexion trop faible,0,-1.0,dataset_1,0
مساء الخير،عرض Maktaby هو عرض خاص بالمؤسسات لتسهيل العمل لهم من المنزل 🏫ال Pack يحتوي على شريحة تتضمن مكالمات غير محدودة نحو كل الشبكات، 25 جيغا انترنت، شريحة ثانية تتضمن 15 جيغا انترنت، مكالمات جماعية مجانية، اتصال مجاني بقاعدة التواصل عبر الفيديو Cisco Webex و مودم بسعر متميز ب 300 دج للشهر :) زهرة من جازي,1,0.0,dataset_1,0
Offert SAMA rahoTOP4G fi l good 😂😂,1,1.0,dataset_3,-1
قمت بالغاء الاشتراك ونزع التطبيق ولم يتوقف استنزاف الرصيد كل يوم لم يبقى الا رمي الشريحة.😡😡,1,0.0,dataset_1,0
مكاش كيما موبيليس pix هي المخيرة Connexion toop,2,2.0,dataset_3,0
الفليكسي بالدهبية مراهش يخدم,1,1.0,dataset_3,0
عفوا,1,0.0,dataset_1,0
السلام عليكم أخي هل يوجد كود للتحول من أوريدو كلاسيك الى ڨولد وشكرا,0,0.0,dataset_3,0
MERCI,2,2.0,dataset_3,0
أغلى سعر الأنترنت في العالم هي أوريدو,1,1.0,dataset_3,0
Rockstar games .med_31,1,0.0,dataset_1,0
يا تكنو ديزاد Top 4g ب500 دج 15 يوم برك موش شهر!,0,0.0,dataset_3,0
جيزي روطار,1,1.0,dataset_3,0
راني في 15 سنة استعمل في جيزي الحمد لله.<br>اكيد مرات مليحة و مرات عيانة .<br>ولكن اكثر شيء عجبني فيها انك اذا كنت في منطقة 4g ما تمشيش رجعها 3g تمشي واذا 3g ما تمشيش رجعها 2g تمشي على الاقل تهدر.<br>اوريدو تغطية ناقصة حتى فالعاصمة و بعض الأماكن قليلة.<br>موبيليس صرحتا جامي جربتها .,2,2.0,dataset_3,0
بارك الله فيك خويا تكنو صح فطورك,0,0.0,dataset_3,0
قلاي,0,0.0,dataset_3,0
Tahdar bazaf bla fayda,0,0.0,dataset_3,0
مرحبا ،لعبة Shake and Win لا تكلف رصيد ، فقط يجب الدخول للتطبيق و تحريك الهاتف لإكتشاف الهدية.زهرة من جازي :),1,0.0,dataset_1,0
yakhi nta marakach ratah l lhirak Wakn 3lah kheti Hh gol 7acha,1,0.0,dataset_1,0
نقدر ندير لبيس فل مودام 4G B11,0,0.0,dataset_3,0
"Bonsoir, C’est pris en charge en MP :) Zahra de Djezzy",1,0.0,dataset_1,0
"Mobilis j'ai felxy 100da et j'arrive pas à appeler ni connecter il s'affiche que le solde est international,je n'ai jamais activé que ce soit ,? Peff",0,1.0,dataset_2,0
سويتش لي ردوها يعطوك 50 جيغا دائما كل شهر او ثلاث اشهر الاولى فقط و من بعد تولي 30 جيغا,1,1.0,dataset_3,0
مكاش عرض جديد في اوريدو,1,1.0,dataset_3,0
اهدرنا علي المشكل تع h وقتاش يصلوها راهي بارتو هكا,1,1.0,dataset_3,0
نت (ping) الالعاب (en linge)سيء جدا نرجو منكم اصلاح المشكل,0,-1.0,dataset_1,0
هدا رجعتو عليه ياسراقين,0,-1.0,dataset_1,0
Wach hiya la chaînes d intégration pour canada,0,0.0,dataset_3,0
كين لي رحتلو تع توب ،4،g وا كين لي مزتلو قلولي بيعه بزوج ملاين,0,0.0,dataset_3,0
شحال تخلص من يوتيوب ؟,0,0.0,dataset_3,0
جازي مقطوعة كونكسيون وموبليس فكرون,1,1.0,dataset_3,0
❤❤,2,1.0,dataset_1,0
استفيدوا من عروض جازي عايلة الجديدة لي توالم كامل افراد العائلة 👪 راهي متوفرة في كامل وكالات جازي مع شريحة SIM مجّانية 😱👌🏻 Bénéficiez des nouveaux forfaits DJEZZY 3AYLA qui conviennent à tous les membres de la famille 👪 L'acquisition de la carte SIM est gratuite et disponible dans toutes les boutiques DJEZZY 😱👌🏻 #djezzy #dz #3ayla #family,1,0.0,dataset_1,0
Hhh bsahtek,0,0.0,dataset_3,0
euh ya kho tdihom tkhalihom 3ndak 15 jr tan😂😂,1,0.0,dataset_1,-1
تيكنو ديزاد مشكور جدا على التوضيحات و الخدمات لي تقدمنا ، حبيت طلعنا تروكالر لي يخليك تعرف شكون دخل على بروفايلك و تعرف لي رح يتصل بك قبل ثواني من الاتصال,0,0.0,dataset_3,0
يا جماعة كيما رني نشوف نبدلو لموبيليس وخلاص ooredo تسرق أو djezze تكونكتي بها غير صبح ربي من 8 ل9أونص,1,1.0,dataset_3,0
الله يعطيكم الصحة وشكرا بعد التدبدب اصبحت ولاية بشار احسن تغطية بتدفق عالي شكرا موبليس,2,2.0,dataset_2,0
هل يمكن تحويل هايلة بزاف اي هايلة ماكسي ..؟,0,0.0,dataset_3,0
عندي جازي هايلة حبيت نحولها إلى عرض ميفوتش 120 و احسن من هايلة كفاش ندير و ماهو العرض 6 جيقا قليلة,1,0.0,dataset_1,0
Elle est ou la 4g ??,1,0.0,dataset_1,0
"سلام واش قصة شريحة جديدة في موبيليس إليميتي دير 2400 لي مدة 6 أشهر , سقسيت عليها عندهم بصح دهشت منها، من فضلك رد",0,0.0,dataset_3,0
ماكنتش رايح ندير جام<br>..بصح كتنهمرت فينا..خلعت..وخفت..ورحت نجري جري لليد اللي فيها صبع للفوق..ولظيت عليها..وبعدها شعرت بسعادة غامرة تدغدغ قلبي ..ونشوة كبرى تحوم فوق راسي..وذهبت لاجلس تحت الحيط وانا في قمة الفخر والفرح..,0,0.0,dataset_3,0
باينة يكترلك الانترنت راح متصموش,0,0.0,dataset_3,0
جيزي هايلة بزاف 2.27 10.9 شلف قاوية,2,2.0,dataset_3,0
kendi abdeonnr,1,0.0,dataset_1,0
Djezzy وأنا كذلك أغلقت بدون سبب,1,0.0,dataset_1,0
Lamiss Simone yay fel msnger khlaweli vu 🤬🤬 wlad la7ram lokan t7argo homa.we mat7argtch Lebanon,0,-1.0,dataset_1,0
انا نسكن في بويرة وعندي بيس سويتش تاع اوريدو والكونيكسيو عندها 15 وهي عيانة جي تروح ديفوا تولي 2g عياتنا بزاف كل يوم نعيطولهم والو ما سقموهاش,1,1.0,dataset_3,0
هذو مشي شروط تحسب راح نربح رحلا للفضاء,0,1.0,dataset_2,0
تيكنو وراهي قاناة تاع كندا مكنشها,0,0.0,dataset_3,0
اوريدو سويتش واش رايكم فيها ؟,0,0.0,dataset_3,0
بصح هكذا خالوطة .. علاش لازم نشري عرض 1200دج و في أخر الشهر نزيد 300دج باش تولي 60 جيغا .. أعطونا 60 جيغا ب 1500 ديركت خير !,1,0.0,dataset_1,0
نقسونا تدفق راهي متفوتش 500kb/s,1,1.0,dataset_3,0
4G marahich kayna segmouha rahi tetla3 ghi 3G w t9ila en plus 😑,0,1.0,dataset_2,-1
عروض مخيبة من أكبر متعامل في الجزائر لا ترقى إلى تطلعات الزبون ولا تلبي احتياجاته من الأنترنت خاصة.,0,1.0,dataset_2,0
لا صحة عيدكم لاوالو رجعو لي رصيد نتاعنا وافتحو مصلحة زبائن واحد لايعو د يسمعكم لكلام عيب راهو,0,-1.0,dataset_1,0
شكرا على المعلومة.,2,2.0,dataset_3,0
هل يتم الرد على الرسائل التي يتم إرسالها إلى الصفحة ؟؟!,1,0.0,dataset_1,0
شكراا,2,2.0,dataset_2,0
ليمات لولا يتهلاو فيك بصح وباعد تولي كيما اتصلات الجزئر,1,1.0,dataset_3,0
سبحان الله العرض عجبني مديت رايي تحوسوني بالسيف نقول ماعجبنيش ولا ما ترضاوش عني !! لا حول ولا قوة إلا بالله,2,2.0,dataset_2,0
الله ينعلكم كنا غايا زدتولنا ف لي طاريف,0,-1.0,dataset_1,0
لم نفهم أي شيئ,0,0.0,dataset_3,0
شكرا على المجهودات,2,2.0,dataset_3,0
تحياتي اليك من وهران ➡❤❤,0,0.0,dataset_3,0
Cnx faible ga3 bzff même en 4G c'est quoi ça djezzy .. je pense a ooredoo trop en ce moment 😗💱,0,-1.0,dataset_1,0
مرحبا،يرجى التواصل بنا على الخاص و تقديم رقمك الهاتفي مع الإسم و اللقب و تاريخ الميلاد لنتمكن من إفادتك.نسرين من جازي 🙂,1,0.0,dataset_1,0
نريد الشحن بالرصيد,1,0.0,dataset_1,0
موبيليس سكيكدة <br>التحميل:266kB<br>التنزيل:463kB<br>Ping:70 خردة,1,1.0,dataset_3,0
.blk You're mad? 👀,1,0.0,dataset_1,0
mlih,2,2.0,dataset_3,0
Djezzyسلام عليكم سي نورمال في 27 جويلية درت أبونمو تاع 1500 عتاولي 50 جيڤا معا 300دج هدرة و ليوم 31 جويلسة خلاصلي كولش يعني بعد 3 أيام.. من فضلك جاوبني ✋🏼🖐🏼👋🏼,1,0.0,dataset_1,0
سرفيس مليح ✅ برافو,2,2.0,augmented,1
كاين صفحة للبيع فيها 200k سومة هايلة لي يهمو الامر يتفضل للخاص,1,0.0,dataset_1,0
وزيد كنتوا دايرين اشتراك تع 100 علاه طلعتوها 1200 زعما 😒 وش فرق بينكم وبين موبيليس ، نفس مبلغ ، نديرو موبيليس وخلاص كي عاد هكدا,0,-1.0,dataset_1,0
انتم في القمة احسن شبكة هاتف نقال في الجزائر. مدير الشركة السيد شوقي. يعمل لتطوير المؤسسة بارك الله فيكم,2,2.0,dataset_2,0
"A déconseiller, j’ai fais l’erreur de passer de ooredoo a djezzy vu qu’il offre plus de forfait internet mais a l’utilisation j’étais choqué de leur connexion et de 20 h à minuit c’est catastrophique même pas utilisable sachant que j’habite alger centre ! ils sont en retard des années, je vous déconseille de faire la même erreur, et je vous conseille aussi de les quitter car c’est des voleurs vu que j’ai arrêté l’utilisation de la puce dès le premier moi eux ils continuent de comptabiliser les mois et jusqu’à aujourd’hui ils m’appellent sur mon numéro ooredoo pour me dire que je dois venir payer mes factures alors que ça fait des mois que je n’ai pas utilisé la puce , et que le jour meme j’ai demandé à propos de cet merde et le monsieur m’a dit que si j’arrête l’utilisation de la puce ils arrêteront de comptabiliser",0,-1.0,dataset_1,0
.zaza hay lhadra,2,1.0,dataset_1,0
السلام عليكم أحيطكم علما بأنه لديكم أفشل شبكة أنترنت على مستوى ولاية البويرة و ما يجاورها شبكة تسبب لك الإرهاق العصبي و التعب النفسي,0,-1.0,dataset_1,0
Top 4G,0,0.0,dataset_3,0
ياخويا تحيا جيزي،جربتهم قاع.,2,2.0,dataset_3,0
الحل هو العصيان الانترناتي 😂,1,1.0,dataset_3,-1
أخي عندي مودام إتصالات الجزائر راني في الشهر الثاني عطاوني 20جيڨا 3أيام كملت ما تليشارجيت ما والو كملت ما سبب,0,0.0,dataset_3,0
خخ ما لقيتش واش تبارطاجي جيت تخرط على الناس الله يهديك خوو,0,0.0,dataset_3,0
المشكلة الكبيرة مع مافيا الإنترنت في الجزائر هي التغطية المحدودة خارج التجمعات السكانية و كأنك تعيش في العصور الوسطى مقارنة بدول الجوار أو دول عربية أخرى !,1,1.0,dataset_3,0
جيزي رآها مليحه فالكوناكسيون,2,2.0,dataset_3,0
Connexion Ooredoo<br>0/20,1,1.0,dataset_3,0
Ya khra ya zbel 1200 ditouhali mniytkom rakom 3abyin khawno 100 200 machi ga3 1200 we zid service client normalement batel n3ayt bdrahem we tdouli les unités we matrfdouch lah latrbahkom,0,-1.0,dataset_1,0
la switch n&quot;est limitée a 11 Mega..elle est a 50 mega mliha 3ajbetni,2,2.0,dataset_3,0
العرض لاباس بيه,2,2.0,dataset_2,0
Boualem Haouche انا تاني صراتلي كيفك لبارح كانت نورمال,1,0.0,dataset_1,0
انتر نات راهي ضعيفة وعلاه تتمسخرو بيا ربي يهديكم,0,-1.0,dataset_1,0
كفاه يسلفو,0,0.0,dataset_3,0
Top 4g kolch batel te9der tefkhoul l ay site,2,2.0,dataset_3,0
Djezzy confort fiha limitation,1,1.0,dataset_3,0
تفليكسي صوميل يعطوك 30GO ومنبعد يبداو يقطعو فالريزو ويتمسخرو باالناس كي يكمل شهر تلقا روحك مستهلك 5GO ويحشوهالك لكلاب يسرقولك 25GO,1,1.0,dataset_3,0
والله الله يبارك عندك موهبة الكوميديا ما شاء الله، لو تستثمرها او تعمل المونولوغ الكوميدي راح تنجح بكل امتيار,0,0.0,dataset_3,0
أنا الحمد لله عندي لله عندي جيزي وأقوى من موبيليس ومن نجمة وسييتهم ڨع والجودة في الانترنت في جيزي فقط,2,2.0,augmented,0
🙋‍♂️ The witcher 💜🖤 The best series I've ever seen,2,1.0,dataset_1,0
Mfhmtch wach dkhal la pus f hado les tof,1,0.0,dataset_1,0
آلاف شكرا آلاف شكرا جيزي على هذا الإنجاز العضيم,2,1.0,augmented,0
رابط تاعها,0,0.0,dataset_3,0
أحسن عرض نتاع 100ألف 15Go,2,2.0,dataset_3,0
كيفاه ناكتيفي 50 جيجا سويتش اوريدو,0,0.0,dataset_3,0
Hadra illimité avec djezzy khier m'en Youtube,0,-1.0,dataset_1,0
رسلتلكم استفسار فالخاص في 6 اشهر مارديتوش راكم مخصرين معايا دجيري هاذي ڨاع مشي عقلية انا تردولي دراهمي الله يسهل .. والله سيريو اصبحتم أسوأ شبكة,0,-1.0,dataset_1,0
أنا عندي جيزي هايلة بزاف من 7 إلى 11 مساء مكانش كونيكسيو يوميا,1,1.0,dataset_3,0
عندي اوريدو غولد ب 100دج يعطوني 20gb .. لحد الساعة مزالت تروح ليه ليه ، نخدم شوي و الا نتفرج يوتيوب تتكونسوما .. مع استخدام عادي للنت يوصل الاستهلاك ل 1جيغا في اليوم واحيانا اكثر. 😑😑,1,1.0,dataset_3,-1
Hayla bezzaf رانا نسوفريوا يرحم والديكم عدلوها,0,-1.0,dataset_1,0
"Djezzy nous a volé. Trop c’est trop, nous ne pouvons plus tolérer que la propriété intellectuelle soit expropriée sans aucune conséquence. Voilà comment un opérateur historique, détenu à 51% par le fond national d’investissement, vole la propriété intellectuelle d’une d’agence créative Algérienne. Sans aucun scrupule, à la limite de l’amateurisme. Tout commence avec un appel d’offre n°47/2018/OTA/IND/11.L’agence y prend part aux cotés de 3 autres agences. Sur une partie du brief, il est clairement mentionné de travailler sur une offre avec la proposition d’un naming. L’agence dépose l’offre technique et financière le 17/02/2019, offre qualifiée pour une présentation le 24/02/2019. Au cours de cette présentation, nous présentons le naming EZZY accompagné du dispositif créatif pour une éventuelle campagne, film TV et Digital, ainsi que les visuels pour les différents supports prints et digitaux. De l’avis de tous, nous avions fait une présentation qualitative et très attractive, mais suite à de nombreuses relances, aucun retour n’a été émis par Djezzy, conformément au règlement du code des appels d’offres publics. Pire, et voici une preuve encore plus affolante de l’amateurisme dont a fait preuve l’opérateur djezzy sur cet appel d’offre. Nous recevons une correspondance le 23/06/2019 pour nous signaler une relance de cet appel d’offre sans que le premier ne soit annulé, ce qui est contraire au code des appels d’offres publics.Le 24 juin nous recevons un erratum concernant un éventuel nouvel avis d’appel d’offre qui devait paraître sur les colonnes de « Echourouk » et « L’Expression », preuve irrefutable de manœuvres douteuses et opaques sur ce sujet. Un mois après, l’agence historique qui collabore avec Djezzy depuis 2011, est reconduite sans qu’aucune autre des 3 autres agences ne soit au courant. Aujourd’hui, à notre grande stupéfaction, nous découvrons que Djezzy a lancé une campagne pour un nouveau service nommé IZZY. Il n’y a pas d’ambiguïté, ce n’est pas du plagiat, mais du vol de propriété intellectuelle. Une pratique indigne d’une grande marque de télécommunication qui doit inspirer et aider les jeunes Algériens a créer de la richesse",0,-1.0,dataset_1,0
"خويا تكنو المرجو الرد انا عندي سويتش <br>وفيها من<a href="" حتى <a href="" البنق يطلع و<br>توقع اليميطاصو",0,0.0,dataset_3,0
Mobilis شكرا لكم,2,2.0,dataset_2,0
السلام عليكم،تتيح خدمة الفاتورة الإلكترونية دفع الفواتير لجميع المشتركين بأمان تام ، وذلك من خلال موقع جيزي.لمعرفة المزيد ، ندعوك لزيارة قسمDjezzy E-FACTURE على موقعنا على الرابط أدناه :,1,0.0,dataset_1,0
.edits خاطر معرفتك طفل ولاطفلة,1,0.0,dataset_1,0
ياخويا في رادمي ماطلعت لا H+لا 4g كيفاش حل المشكل,1,1.0,dataset_3,0
يسقمو الريزو و التدفق بعدين يخممو ف العروض .. ربي يهديهم,1,1.0,dataset_3,0
يا خويا جيزي ف بلاصتنا مليحة يااسر والعكس في اماكن اخرى سيئة وموبيليس كذلك ايضا,2,2.0,dataset_3,0
تجربة رائعة 👍 نشكركم,2,2.0,augmented,1
تجربة رائعة 👍 نشكركم,2,2.0,augmented,1
كفاش ليميتاسيو 11 ميغا ؟,0,0.0,dataset_3,0
Cnx tgila makach تغطية w mindqk rizo tal3 w cnx makach w nzid ncjriha b 200 w kifah rqh nkml hadok 40go w dirli cnx t9ila tsama rakom tsr9o fina n3al bohq blad miki hadi wlh haja marahi tmacha nichan fuuck,0,-1.0,dataset_1,0
Hayl ❤️,2,1.0,dataset_1,0
افضل عرض انترنت,2,2.0,dataset_3,0
ماتفوتش 33kpts,1,1.0,dataset_3,0
كشما كاين عروض جديدة في زيادة الجيڤا للعلم عندي وين كنترول,0,0.0,dataset_3,0
"Salam akhi, kach 3efsa pour avoir un compte Netflix batel ??",0,0.0,dataset_3,0
Nechrouha f les agences berk ??,1,0.0,dataset_1,0
شكرا جزيلا  كل شي مزيان,2,2.0,augmented,0
haha syed ysma3 kpop,1,0.0,dataset_1,0
حتى موبيليس كيفكف سرعة السلحفاة خاصة هاذ الاسبوع,1,1.0,dataset_3,0
وقتاش يخلاص لبروبلام ازح,1,1.0,dataset_3,0
Merci pour votre suggestion 😊,1,0.0,dataset_1,0
الخدمة تاعكم رائعة بصح,2,1.0,augmented,0
كان ندير هاذ العرض تنعكس لحالة نولي نهدر بزاف ونكونكتي شوية,2,2.0,dataset_2,0
15 jours !! Jamais 7akmetli fog 5 jours 😒 Dirolna des offres ta3 internet bark lhdrat besma7,1,0.0,dataset_2,0
rockstar games and rockstar north,2,1.0,dataset_1,0
واشمن 5G يا راجل هه احنا مازلنا بال 3g يروح و يجي، ياو سمعنا بال 4g و مزال مشفناهش,1,1.0,dataset_3,0
khchine ah djezzy yripondouli,1,0.0,dataset_1,0
mobilis Merci,2,2.0,augmented,0
فليكسيت 1500 اكتيفيت الانترنيت بصح تقيلة 24 ساعة مداري فاليل خفيفة راهي 33k/s م علاه ماراني نقد لا نتفرج لا والو,0,-1.0,dataset_1,0
40g w tu consomme 3g 😂😂,1,0.0,dataset_1,-1
Seuls les arabes qui jeunent ! Bav bav,0,0.0,dataset_3,0
Wach lfayda ki tkon connexion t9ila ..,1,1.0,dataset_3,0
Ooredoo c&#39;est des voleurs,1,1.0,dataset_3,0
انا من عندي ياريت يديرونا شركة اجنبية خاصة غير بالانترنت في الجزائر على بالي غاذية تكسرهم قااع قولو والو هاتونا متعامل آخر وخلوه يخدم يعطيكم قطعة كي الريزو المقطع لنتاعكم ياخي حالة,1,1.0,dataset_3,0
موبيليس الله يبارك تسقمت بزااف❤️ bravo تسقمت بزااف❤️,2,2.0,augmented,0
واش راك تخرط انتا,0,0.0,dataset_3,0
شحال قديمة هذي لابليكاسيون درناها بكري,0,0.0,dataset_3,0
احكي طول علاه تدي وتجيب فالهدرة,0,0.0,dataset_3,0
1500دج وماعنديش البينك هذا الي تحكي عليه لبلاد هذي راحت,1,1.0,dataset_3,0
الشبكة ضعيفة 😢👎🏻,0,-1.0,dataset_1,0
*720#<br>ثم 11 حتى تجد تحويل نحو hayla maxi,0,0.0,dataset_3,0
حبيت انرجع الشريحة تاعى امتياز كيماه نعمل,1,0.0,dataset_1,0
انا عندي جيزي مدة عام مافيهاش محدودية الانترنت توصل حتى 3ميغا واحسن انترنت في الجزائر,2,2.0,dataset_3,0
علاش نتا اسطورة,0,0.0,dataset_3,0
و الله في خمس سنوات معانات ليومنا هادا المشكل اني ساكن في وسط المدينة و لا حياة لمن تنادي,0,1.0,dataset_2,0
علاه تكذبو علينا كل يوم تخرجنا بي pus جديدة و أنتما أنترنت تعكم ضعيفة بزااف و مشكيل في وسط البلاد أومكاش,0,-1.0,dataset_1,0
مليح بزاف  نوصي بيه,2,1.0,augmented,0
OOREDOO BLIDA DOW=34.5 UP=24.2 MAINTENANT IL EST 14::40 3ajbetni,2,2.0,dataset_3,0
شبكة العار,1,1.0,dataset_3,0
كفاش انشارك,1,0.0,dataset_1,0
الأنترنات تاع جيزي عيانة بزاف في بوسعادة. راني نخمم نبدل الخط إلى متعامل آخر,0,-1.0,dataset_1,0
موبيليس احسن شركة اتصالات في العالم,2,2.0,dataset_2,0
Pourquoi pas,1,0.0,dataset_1,0
راهي تاعها ايه..عندي عامين وانا مع جيزي عايش مبريزي. وماصبتش واش ندير..,1,1.0,dataset_3,0
يا خويا ما نفعتنا بوالو ن ديزابوني خير,0,0.0,dataset_3,0
شكرا جزيلا والله كل شي مزيان,2,1.0,augmented,0
.dz شكرا❤️❤️,1,0.0,dataset_1,0
واش راك 🌟 شكرا,2,2.0,augmented,1
و و أنترنات قوية الله كي طلعتو عدد جيكات عادت احسن,2,2.0,augmented,0
300DA Berk 😊,2,1.0,dataset_1,0
تجربة رائعة ❤️ نشكركم,2,2.0,augmented,0
موبيليس 👍👍,2,2.0,dataset_3,1
بصح راك روطار صاحبي هذا راه في شهر نشوفوه في تليفويو,0,0.0,dataset_3,0
❤️,2,1.0,dataset_1,0
ما سبب بطيء الانترنيت في جيزي تدفق 0.05 أسوء تدفق في العالم حاليا اليوم 30 3 2021,1,1.0,dataset_3,0
انا ترجعولي لوفر تاع 60 الف ربي يسهل 😂😂,1,0.0,dataset_1,-1
وراهي خدمة كلمني فالتطبيق برك مهيش مليحة ڨاع ناس تمشي و تسهال وحنا يصعبو فيها تقول طلعو للقمر,1,1.0,dataset_3,0
مليح خويا,2,2.0,dataset_3,0
الجمعة ولا نهار اخر ڨاع لكونكسيو مكاش لموهيم شوفونا جيزي اذا نحاو لي مطاسيو صح,1,1.0,dataset_3,0
Ch3al puce izzy,1,0.0,dataset_1,0
الأنترنت من الأسوء إلى أسوء من الساعة 17 حتى 1 ليلافى ولاية تلمسان,0,-1.0,dataset_1,0
كل العروض لمليحة نحيتووها ، مش ناس كل قادرة علي 200 ألف تفليكسيها كل شهر أنا كنت ندير انتاع 120 شهر زدتو نحيتوها ، ما عندكمش مصداقية و كونكسيو ضعيفة,0,-1.0,dataset_1,0
راضي بزاف 👍 الله يحفظكم,2,2.0,augmented,1
الي فهم يفهمنا معاه,0,0.0,dataset_3,0
vive djezzy ou nass dar el beida,2,1.0,dataset_1,0
الخدمة تاعكم رائعة 🌟,2,2.0,augmented,1
🌸,2,1.0,dataset_1,0
بلعكس عرض لاسويتش خردة مايليقش,1,1.0,dataset_3,0
جزاك الله خيرًا,2,2.0,dataset_3,0
Djezzy بعثتلك بارح مساج ردي عليا نت برك,1,0.0,dataset_1,0
عندي يومين ملي فليكسيت مكان والو,1,1.0,dataset_3,0
"Avec l'offre HAYLA MAXI 😍😍Profitez d'un MAX d'internet et de crédit, mais pas que, profitez aussi d'appels et SMS gratuits et illimités vers Djezzy 😎😍",2,1.0,dataset_1,1
"ما نزيدش نشارك خلاص .. هذه المسابقات تخليك تطمع و من بعد تربح الريح و يطيح لك المورال و تقول أنا ما عنديش الزهر و في الحقيقة ""اللاعب حميدة و الرشام حميدة "" = ""زيتنا في دقيقنا"" !",0,-1.0,dataset_1,0
سلام يا خوconx كرهتلي حياتي,1,1.0,dataset_3,0
نسقسيت وتاع la gold,0,0.0,dataset_3,0
عرض مليح يعطيكم الصحة 👏,2,2.0,dataset_2,0
ماعلابالهمش بالغاشي يحوسو دراهم برك,1,0.0,dataset_1,0
بارك الله فيك,0,0.0,dataset_3,0
ما نوع المودام بالضبط,1,0.0,dataset_1,0
الحياه وتحلى موبيليس,2,2.0,augmented,0
شرح 0 راك غيى تخرط,0,0.0,dataset_3,0
".dz svp win nalka ces 3 traits , au niveau de l'application djezzy app ?",1,0.0,dataset_1,0
انا عندي طوب كي نبعث رسالة SMS يقولي لم يتم الارسال,1,1.0,dataset_3,0
واش بيها مبليس في عين الدفلى راح الريزو كامل,0,1.0,dataset_2,0
علابيها وانا نقول كاسجي بيكس كيتفلكسي تحولها باش تولي خمسين الف والله غير منيتك صح,0,0.0,dataset_3,0
تحيا موبيليس . كثرولنا برك les Bonus ou Connexion,1,0.0,dataset_2,0
الريزو تقول جابوه من الحبشه اعوام الحظاره الكرطونيه,1,1.0,dataset_3,0
hata ana🐸,1,0.0,dataset_1,0
💪💪🔥,2,1.0,dataset_1,0
مكانش جديد هذه عروض قديمة باسم جديد 🤣🤣,0,1.0,dataset_2,0
البلاد الأضعف انترنات في العالم بدون منازع عندي اديسال وكات جي وتوب كات جي كلهم 00😤😤 المزنبيق الشقيق خير منا,1,1.0,dataset_3,0
حولت البيس تاعي من بيكس ل سما كيفاش نردها كيما كانت بيكس,1,0.0,dataset_2,0
ما هذا,0,0.0,dataset_3,0
الخدمة تاعكم رائعة 👍,2,2.0,augmented,1
صاحبي مداري تجيب غير جديد نتا جبت فيديو قديم,0,0.0,dataset_3,0
.dz merci à merci à vous on aimerait que ça soit opérationnel 🙂,2,1.0,augmented,0
تقعد بينا ب لي جيقا مكانش تحوس بلا ياخي تمصخير..نحوسو كونكسيو مليحة بلجيقا قبل فيديو هذا زيرو,1,1.0,dataset_3,0
كثرتوا في خوف الله..شبكتكم ضعيفة ان لم اقل منعدمة في سيدي الجيلالي بجنوب تلمسان رواحوا هزوا حدايدكم..الريزوا لي يروح مع الكهرباء كي تنقطع معندنا ما نديروا بيه..الكنكسيو ميتة,0,1.0,dataset_2,0
جيزي حانفليكسي إن شاء الله ماتدوهمش كيما المرة لي فاتت Sinon نتقابلو عند ربي ولن أغفر,0,-1.0,dataset_1,0
لا يمكنك التغيير من الدفع البعدي للدفع المسبق,1,0.0,dataset_1,0
😍😍 هه ريح عاقل كليتنا بالراب هه,2,1.0,dataset_1,1
عندي مشكل,0,-1.0,dataset_1,0
صح oredoo switch اذا متخلصش تتحاكم فل محكمة اتمنة الرد السريع 😓😓😣,1,1.0,dataset_3,0
J&#39;aime pas !,1,1.0,dataset_3,0
اجماعة تخيلو بلي رانا في ل مريكان وفايتين علا جماعة تلقهم يحكيو على لكونيكسيون يعني هذا موضوع في 2022 أاا نرحل ل لمريخ,1,1.0,dataset_3,0
يا حبيبي جيزي كل ما تهدر عليها نتا نروح ل30 سبيد تاست تطلعلي نورمال ابلاود 8 و داولاود 20 و مرات حتى ندير,2,2.0,augmented,0
وهل العرض تاع سويتش 1500دج فيه الbonus ولا لالا خويا؟,0,0.0,dataset_3,0
تقدر تسترجعها حبيبي ادا تبحرتلك ترجعلك top 4g عادي انا جربتها,0,0.0,dataset_3,0
ختي مانيش نقدر نشعل لي دوني تاع جيزي ،وراني ماكتيفيا,1,0.0,dataset_1,0
قمت بتحديث التطبيق ولم أتحصل على أي شيء,1,0.0,dataset_1,0
👏,2,1.0,dataset_1,0
كنت معدي من لقيتك تحكي على موبيليس و مميزاتها خلعتني حسابلي تفلكسي بعشرة يعطولك خمسين جيقا انترنات يا اخي كلحتني تفرجت عليك,0,0.0,dataset_3,0
الانترنت تروح ليه ليه,1,1.0,dataset_3,0
اخي جيزي هبال تاني فيها ليميطاسيون,1,1.0,dataset_3,0
عندي لاسويتش عرض150حاب نخرج شريحة ثانية خاصة بنت نتاع 50الف وشحال نولي نفليكسي للشهر هل 150 او 200,0,0.0,dataset_3,0
الانترنت واش بيها هذو ليامات رانا نخلصو بدراهمنا ومكان والو ؟؟,0,-1.0,dataset_1,0
الخدمة تاعكم رائعة بصح,2,2.0,augmented,0
مليح بزاف والله نوصي بيه,2,2.0,augmented,0
موبيليس تاع الزواولة يعطيهم الصحة. اما التدفق الي السرعة يشري سيارة ويروح ببها لكاش منطقة ويكنكتي .,2,2.0,dataset_3,0
انا بيس تاعي جديدا مقدرتش نديرها top 4g,0,0.0,dataset_3,0
اوريدو هو البطل في الجزائر,2,2.0,dataset_3,0
وقتى يفعلوو السرعة المنخفضة في موبليس,1,1.0,dataset_3,0
الخدمة تاعكم رائعة 💯,2,1.0,augmented,1
التغطية مكانش,0,-1.0,dataset_1,0
احسن عرض عندي خمس سنين بيها مانفيقش غير كي يخلص الشهر ندير بيها كلشش,2,2.0,dataset_3,0
Tamchli f téléphone Huawei ?,0,0.0,dataset_3,0
ياو ريڨلو كونيكسيون ولا ريبونديو على عزريني ماكمش دايرين فيا مزية اني نفليكسي بدراهمي احشمو شوي راكم تاكلو فالحرام,0,-1.0,dataset_1,0
أنا تاني نحي جد باباها,1,1.0,dataset_3,0
الله يهديكم رجعو لكونكسيو مالكم,0,1.0,dataset_2,0
"Timagini, ana habest djezzy l3am li fate, mach ge3 mliha. Kont ndir 80gb b 200da, mais download speed 200kbps 3la 6-12 te3 lil. Ghir f sba7 kamel jini 13mbps.<br>Doka rani b ooredoo connexion tiara, mabine 8-30mbps w f sbah 60-70, ana neskoun f kouba alger centre w rah ndir switch 2500 bach yjoni 120gb.<br>Li gamer w hab y3ich ghir ydir b ooredoo ma yeser9o les giga ma walo 😍😇",2,2.0,dataset_3,1
السلام عليكم اليوم اشؤيت مودام ساهلة بوكس زعما يقولو فيه 100 الف مكالمة مجانية و20 جيغا انترنت جربت نهدر بالهاتف الثابت بعد توصيله بالمودام جاتني رسالة رصيدكم غير كافي مع العلم اني اشتريته جديد لماذا ..اما بالنسبة لسرعة الانترنات 4جي بالرغم ان اشارة الشبكة قوية جدا الا انه الانترنات منعدمة او شبه منعدمة بعد السابعةمساءا انصحكم بالذهاب للنوم ..والله ندمت كي شيرتو 900الف بعدما كان 700الف,1,1.0,dataset_3,0
نعم شبكة جيزي سيئة جدا في العاصمة,1,1.0,dataset_3,0
Ooredoo ma3ndach Cox mliha awedi seraqin ma diruch maman f ooredoo 😤,1,1.0,dataset_3,0
جمعه خير,0,0.0,dataset_3,0
.cvctus wedh 9awdek nta nasma3 jalti wella cha3bi wella chkoupi. Nta wch 9awdek?? Addi 7kaytek w 9awed wasmek barka latatkhayel 3lina b les animes te3ek w kipoupek,0,-1.0,dataset_1,0
100 mknch ?,1,0.0,dataset_1,0
ياكنيكسيو ناقص ياالهظرة قليلة والله كرهنا منكم 😠,0,1.0,dataset_2,0
Djezzy مشكورين Djezzy مشكورين وبالتوفيق.,2,1.0,augmented,0
Navigi 4g تان,0,0.0,dataset_3,0
diroulna 20 go b 100 than 😑,0,-1.0,dataset_1,-1
هايل,2,1.0,dataset_1,0
اوريدو المتعامل السراق النصاب,1,1.0,dataset_3,0
Fantasy and rpg .ji_19 #7 .chouaib #yummy 🔥🔥,1,0.0,dataset_1,0
سڨمولنا غير الغيزو برك,1,1.0,dataset_3,0
زهرة توحشناك الى بغيتي زعمة 😪,0,-1.0,dataset_1,0
ههن اكبر شريكة سرقة هي اوريد,1,1.0,dataset_3,0
مرقري سرقتوني ومزال نتعامل معكم لاخطار انا مشي سراق,0,-1.0,dataset_1,0
خدعة في ساهلة بوكس تاع اوريدو,1,1.0,dataset_3,0
Ooredoo meliha,2,2.0,dataset_3,0
درت لابيس فل مودام 4gLte والو تقيلا نزيدو نستناو ونشوفو .,1,1.0,dataset_3,0
Avec ce bonus en peux pas appelé a l'international,1,0.0,dataset_1,0
أوريدو لاسويتش شيكورة لاسويتش شيكورة,2,2.0,augmented,0
الريزو عندو 4/5 ايام ثقيل,0,1.0,dataset_2,0
المجد و الخلود لشهداءنا الابرار-عاشت الجزائر حرة مستقلة يدا واحدة و موحدة دائما حكومة و شعبا و جيشا,1,0.0,dataset_1,0
look at this shit,1,0.0,dataset_1,0
نحن نحوسو كونكسيون مليحة الدراهم متهمش والي مش عايش في ليقروند فيل مكلاه يدير موبيليس باسكو مدعمين بيها غير الولايات الكبار جربتها عندي في تبسة فيديو 144ميمشيش نروح لعنابة سطيف قسنطينة يمشي حتى720p الله لاتربحهم,1,1.0,dataset_3,0
صحا رمضانكم ، techno les hommes,0,0.0,dataset_3,0
موبيليس إسم على مسمى هي الأسوء ماشي ماليوم، يغروك بالعروض والرخص…,1,1.0,dataset_3,0
انا بالنسبة ليا عروض الجيزي أحسن العروض لاني راني نفليكسي 1200dz يمدولي 30go و 2500dz هدرة نحو كل الشبكات وillimitées نحو جيزي <br>المشكلةغير فاليزو ساعات ينقص لوكان يتحسن الريزو مكاش كيما جيزي,2,2.0,dataset_3,0
عندي السويتش دون نحبسها و ندير العرض نتاع سما 150الف؟,0,0.0,dataset_3,0
ربحت سمارت فون ليوم وبعثتولي ميساج ! اذا كان ايريس ولا كوندور خليوه عندكم مع احتراماتي,1,0.0,dataset_1,0
نقطعوها باش تفيق,1,1.0,dataset_3,0
hani abounit💓💓,2,1.0,dataset_1,0
تحيا اريدو,2,2.0,dataset_3,0
لاوين موبليس شريتها ليوم لقيت فيها 15 g فقط علاش,0,0.0,dataset_3,0
مشكل في تدفق الأنترنيت كليتونا 🤬🤬,0,-1.0,dataset_1,0
كونكسيو تاع تتي,0,-1.0,dataset_1,0
لقد فزت بسمارت فون الأسبوع الماضي شحال نقعد باش نستلم الهدية اخت نسرين و لا زهرة كيف كيف,1,0.0,dataset_1,0
السرعة رديئة بعد اكتمال 600MG يعني تصبح 2G !! انا بالحميز بالعاصمة (زعمة) اريد الحل او اغير الشريحة مع العلم انا زبون مند 2003,0,-1.0,dataset_1,0
مليح بزاف  نوصي بيه,2,2.0,augmented,0
Mafhemtch tsema 500da nzidelha 600da yetsema 1100da ?,1,0.0,dataset_1,0
راه حرام عليكم هاد الشي اذا ماش قادرين على توفير خدمة انترنت محترمة وعلاش تخسرو فينا 1500 دينار الواحد نحاها من لحمو وعلاش المنكر هادا . ؟؟,0,-1.0,dataset_1,0
ما تبدلش سياسة اوريدو toujours تصرق كريدي انترنات,1,1.0,dataset_3,0
موبيليس والعذاب,1,1.0,dataset_3,0
حطونا هذا الاشهار في قناة #الهداف .. وياريت كل اشهرات جيزي تحطوها علي قناة #الهداف الرياضية راهم قتلونا ب اشهرات اوبي حبيبي,1,0.0,dataset_1,0
بالنسبة ليا اوريدوو ذا باست مأكيتيفي عرض نتااع YOOZ 30gb ب 150دقيقة كلش ب150 الفايس و اليوتيوب باطل,2,2.0,dataset_2,0
Conx zebala 👆,0,-1.0,dataset_1,0
احسن عروض روعة,2,2.0,dataset_3,0
قولنا على جرناصيو 5g وقتاش تدخل خدمتها,0,0.0,dataset_3,0
لا سما ولا هم يحزنون سقموا كونكسيون تاعكم يهديكم ربي مع رمضان هذا,0,1.0,dataset_2,0
والله غير عندك الحق سرقولي 200نلف وانا فلكسيت 200 واكتفيته وامبعد عطاوني 40جيقا ربي وكيلهم,1,1.0,dataset_3,0
😂😂 فقت بيها قبل انا ف يومين تروح خمسة جيغا هاديك ربعين جيڨا و مساعدتنيش تساعدني هاذي مشكيتش,0,-1.0,dataset_1,-1
السرارقة,0,-1.0,dataset_1,0
"جيزي راهي تنقطع على الساعة<a href="" مافهمناش علاش",1,1.0,dataset_3,0
واذا كانت عندك pix اصلية ماتقدرش تردها Top 4G ؟؟,0,0.0,dataset_3,0
تعلمي بلغتنا العربية الفصحى يا أختي ، ما هذه اللغة الهجينة التي تؤذي السامعين؟,1,0.0,dataset_1,0
.dz متوفر في كل ولايات,1,0.0,dataset_1,0
تسكن فالقرية؟,0,0.0,dataset_3,0
زعما صح 😢😤😤,0,0.0,dataset_3,0
إنقطاع شبه تام لشبكتكم في الحدود الغربية من مغنية و أرواح هاود و زيد دايرين عروض ها سيدي هاه,0,1.0,dataset_2,0
حنا عندنا مشكل تاع ريزو في دويرة و الشعب بارد و راضي,1,1.0,dataset_3,0
اصمط عروض قولي كيفاه راح يحطمو العروض الاخرى الشعب يريد انترناة وهدرة في نفس الوقت,1,1.0,dataset_3,0
Mzel??🥺,0,-1.0,dataset_1,0
كاش جديد عل top 4g من فضلك؟,0,0.0,dataset_3,0
ممكن رد على خاص,0,-1.0,dataset_1,0
مليح بزاف 💯 نوصي بيه,2,2.0,augmented,1
قوقل هه موقع الازرق,0,0.0,dataset_3,0
شكرا موبيليس,2,2.0,dataset_2,0
السلام هلا هاذا عرض مؤقت ام دائم وشكرا🤗🤗,1,0.0,dataset_1,0
يا جماعة عندي بيس جيزي شريتها جديدة متمشيش فيها 4g كيفاش نرجعها 4g,1,0.0,dataset_1,0
وقفتو. رقمي. القديم لماذا؟؟,1,0.0,dataset_1,0
ممكن تقولنا واشنو افضل شريحة لصانعي المحتوى من حيث الانترنت فيها بزاف لجيقا وماتخلاش بزاف,0,0.0,dataset_3,0
سرفيس مليح 😍 برافو,2,2.0,augmented,1
Djezzy راسلتكم في بريد الصفحة ولم يتم الرد 🤨,1,0.0,dataset_1,0
من فضلكم الغيولي اشتراك في كويز لي معندو حتى معنى معدتش نقدر نعبي رصيدي طول كل مرة تنحولي رصيد مع اني العين اشتراكي ومسحت التطبيق نهائيا والله بزاف اتصلت بكم لاوحياة لمن تنادي,1,0.0,dataset_1,0
L&#39;offre ada pour toujour wela période bark w yroh,0,0.0,dataset_3,0
"مع جازي، تمتّعوا بساعات و ساعات من المشاهدة 😍، قولولنا اما هي La série لي راكم تشوفو فيها هاد اليامات؟ 👀🍿 Avec DJEZZY, profitez pleinement de vos heures de visionnage 😍. Dites-nous quelle est votre série du moment? 👀🍿 #djezzy #dz #réseau #video",2,1.0,dataset_1,1
W ps4 kifah? ?,1,0.0,dataset_1,0
موبليس الريزو يمشي في تلمسان,2,2.0,augmented,0
ta3 700alf kayne mnha,0,0.0,dataset_3,0
انا عندي جيزي هيلة بزف وجيزي هبال الفيسبوك مهوش يمشي,1,1.0,dataset_3,0
._.grap وين غالي نتا وين قالو مياتلف تجيبلك ألف جوهرة. شوف يالحمار مياتلف تجيبلك خمسمية جوهرة و هاداك هو لبري ماغالي ماوالو. دك ماشي يجي طلاب كيما نتا و دبر عليهم وش يديرو. أشحن كيما نتا كيما ناس ولا قود,1,0.0,dataset_1,0
صلوا على النبي عليه افضل الصلاه والسلام,0,0.0,dataset_3,0
مسؤولين تاع جازي اختاروهم يخروضوا الناس العملاء بيهم ربحت جازي,0,-1.0,dataset_1,0
عندي مليحة,2,1.0,dataset_1,0
Mdr,1,0.0,dataset_1,0
باينة معوليين على التحايل والسرقة 😑,1,1.0,dataset_3,-1
يناعل راصة تاعهم اتصالات طلعولي دم لا ريزو لا كونكسيو راهم حابسين كامل مش عارف لاه محبسينهم هاد ليامات,1,1.0,dataset_3,0
20mbs,2,2.0,dataset_3,0
كيما قلت على موبيليس 😂😂😁,0,0.0,dataset_3,-1
من قسنطينة عين انترنت جيزي سمارة، انترنت جيزي مليح,2,2.0,augmented,0
ما شاء الله جميل جدا بتمنى تواصل على هذا الدرب,2,2.0,dataset_3,0
ماتش بوبجي متقدرش تلعبو,0,-1.0,dataset_1,0
فرار راك نسوق في منتوج فاشل انا خدمت فيها ونقولك,1,0.0,dataset_1,0
كيفاه ندير بيناتنا,1,0.0,dataset_1,0
خونا زين عندنا 8 ميقا بلافو 4 جي يستهلكها شعب هل 5 ج يكون فيها فوق 20 ج,0,0.0,dataset_3,0
Hier j&#39;étais chez Djezzy pour me plaindre de l&#39;internet et le bonhomme était étonné il m&#39;a dit que l&#39;internet ça va je lui est dit d&#39;aller sur youtube et il verra que rien ne va donc ils sont foute de nous,1,1.0,dataset_3,0
انا حابة نبعت ميساج باطل يعني 50فيها شحال من ميساج ممكن تعتوني كود,0,0.0,dataset_3,0
برافو عليكم بصح استمروا هكذا,2,2.0,augmented,0
سقمونا الريزو ☹,1,1.0,dataset_3,0
سمحلي على كثرة التعليقات باش نعرف,0,0.0,dataset_3,0
عندي طريقة للربح من كليب كلابس بسرعة,0,0.0,dataset_3,0
تم التحول الى موبيليس ينجاح 😅😅 زكارة فأوريدو,2,2.0,dataset_2,-1
اخي تكنو حبيت نتيليشارجي تطبيق techno dz من الموقع تاعك مي ما قدرتش يخرج رابط التحميل وكي ندخل نلقا باج فارغة,0,0.0,dataset_3,0
Internet de Djezzy c&#39;est catastrophique Mobilis c&#39;est beaucoup mieux,1,1.0,dataset_3,0
بصح سمحلي خويا الشرح تاعك يدخل في حيط كبير مكانش واحد ينجم يطلعوا هه,0,0.0,dataset_3,0
Djezzy سلام عليكم صباح الخيرقدمت طلبي كم من مرة ودون جدوىوزملائي كذلكحتى راسلتهم عن طريق موزع الرسائل وموزع الصوتي,1,0.0,dataset_1,0
ابوني مردودة في الحين❤️❤️,2,1.0,dataset_1,0
wach les offre lmlah t9dri thkili 3la le offre li 3ndk ana tani hab nbdal,1,0.0,dataset_1,0
40 qui durent 2,1,0.0,dataset_1,0
قمت بشحن شريحتي جيزي عبر الحساب البريدي (بالانترنت) بمبلغ 100 دج ولم يتم ادخال الرصيد الى هاتفي، اتصل على خدمة الزبائن ولا أحد يرد رفم الانتظار الطويل، وراسلتكم على الخاص ولم أجد رد أيضا..,0,-1.0,dataset_1,0
ki ndir rovoi fi Mobilis mayalah9ounich les msg,1,1.0,dataset_3,0
الناس الطير مع الجنون حنا مزالنا مع السرعة المنخفضة,1,1.0,dataset_3,0
كاين فكامل لي بيس تاع موبيليس العرض هذا ؟,0,0.0,dataset_3,0
الريزو راه ناقص علاش,1,1.0,dataset_3,0
"مرحبا, ندعوك للتواصل معنا على الخاص عبر Messenger و إفادتنا برقمك و معلوماتك الخاصة للنظر في طلبك شكرا عبد المؤمن.ك من جازي",1,0.0,dataset_1,0
انا ضيعت بيس نتاعي وركبيريتها عادي توب,0,0.0,dataset_3,0
شريحة اوريدو yooz .ديما محبتش تتحول,1,1.0,dataset_3,0
ان شاء الله ديرو ميزاجوغ لي ابليكاسون تاعك لجماعة ابل 🍎 😏😏,1,0.0,dataset_1,0
وش بيها كونكسيو تكمل في سمانة برغم نستعمل غير فيسبوك 15 جيقا راحت لماذا😡,1,1.0,dataset_3,0
جيزي في الطارف سنتر مليحة,2,2.0,dataset_3,0
التعليق 100,0,0.0,dataset_3,0
يا زهرة ولا نسرين سؤؤل فقط لماذا الانترنت ضعيفة في الالعاب يحدث لاق اتمنا ان تردي يا نسرين تالي زهرة مشكيتش ترد🥺😄,0,-1.0,dataset_1,0
عروض جديدة مليحة,2,2.0,dataset_3,0
عيدكم مبارك عندي مشكلة ممكن خاص,1,0.0,dataset_1,0
عندي 5 ايام كونكسيون عندي راهي ثقيلة بزاف مع العلم انو كاين لي معايا عندو جازي كيفي تمشي نورمال وعلاش,0,-1.0,dataset_1,0
مع كل احتراماتي،بصح لوكان ماشي ماد النومرو للناس لوكان هاذي مدة ملي كملت معاكم، و راني بهاد النومرو فالعشرة سنين ممديتولي حتى أوفر شباب,1,0.0,dataset_1,0
.habbar c'est bon je t'ai inscrite,1,0.0,dataset_1,0
فيها مساعدة 🆘😩,1,0.0,dataset_1,0
.amirou noob 😂,1,0.0,dataset_1,-1
نحيتو العروض *44# علاه ريبوندي فالبريفي 😑,0,-1.0,dataset_1,-1
تباع في بعض الولايات وهل تشتغل في الولايات الاخرى وكم ثمنها,0,0.0,dataset_3,0
kifach bach madoholak ? Meme ana rba7t tilifon,1,0.0,dataset_1,0
لله يعطيك الصحة والعافية,0,0.0,dataset_3,0
C'est opérateur J'adore cette pourquoi téléphonique vraiment,2,2.0,augmented,0
انا شريتها بليدة 😏😏 من بليدة 😏😏 عجبتني,2,2.0,augmented,0
حولت البيس تاعي ل ايزي وماحبتش ترجع كيما كانت بليز جاوبوني كيفه نرجعها,1,0.0,dataset_1,0
أوريدو كارثة بأتم معنى الكلمة,1,1.0,dataset_3,0
Mt9drch thder batel 30j psq ana dirtha fi 4j khlast wlit mn9drch nhder mais cnx kayna dork hiya ta3 cnx w mich t3 hdra yek wla kifav !!,1,0.0,dataset_1,0
مرحبا، كل التحويلات المتوفرة في خطك المسبق الدفع تجدها بتشكيل *720# و اتباع الخطوات.زهرة من جازي :),1,0.0,dataset_1,0
كي تكون تدير في تست الانترنت. مشي بيس. واحدة. لاخاطر كي. يكونو 2. بيس ينقص الريزو,0,0.0,dataset_3,0
Oorido khir ni 7ayr,0,-1.0,dataset_1,0
.dz andkom ?wela bera?,1,0.0,dataset_1,0
بدل تصويرة برك,0,0.0,dataset_3,0
أسوئ انترنت في االكون 👏👏,0,-1.0,dataset_1,0
.benblal شكرا على المعلومة,1,0.0,dataset_1,0
"Certainly, as usual, he is a distinguished riad always and forever, oh my God, how much I want to score the most adequate goals, good luck to him 🙏",1,0.0,dataset_1,0
عروض مليح والريزو كامل لبلايص في كامل لبلايص مليح,2,2.0,augmented,0
بكري من ليزوم,2,2.0,augmented,0
عندي جيزي هبال ماشاء الله,2,2.0,dataset_3,0
Mohamed Kellouche مرحبا،تطبيق جازي متوفر على App store :) زهرة من جازي,1,0.0,dataset_1,0
أن إنترنت اوريدو عندي إنترنت اوريدو سويتش طيارة,2,2.0,augmented,0
🙏😉🙏,2,1.0,dataset_1,0
هديك نافيكي تع موبيليس تع ست شهور نحاوها,1,1.0,dataset_3,0
ممتاز والله,2,2.0,augmented,0
قولد راهي تسرق فينا عيني عينك من 40 جيغا ب 1500 ل 20 جيغا 1500 والله ميربحو,1,1.0,dataset_3,0
Connexion nulle,1,1.0,dataset_3,0
انا شريتها من بليدة 😏😏 عجبتني,2,2.0,dataset_3,0
هه,1,0.0,dataset_1,0
أسوء شريحة هي موبيلس لا ريزو لا كونكسيو لا عروض ملاح و يزيدو يقولو تواصلوا معنا في خاص و هما ما يجاوبوش pff 😡😡👎,0,1.0,dataset_2,0
نتا تخدم معاهم ولا,0,0.0,dataset_3,0
جيزي ناقصة بزااف زبل,0,-1.0,dataset_1,0
Linda Li انا ثاني عيطتلهم قالولي ماش نتا برك لي غلقنالك الخط.. لله يلعنهم,0,-1.0,dataset_1,0
Bshh ana mzll mnedi 5 gb😢,0,-1.0,dataset_1,0
"not enough , 10 gb nowdays is nothing",0,-1.0,dataset_1,0
حشاوهالي ياخو,1,0.0,dataset_1,0
kifch les abonnes taa pixx ynswhom ou ydiro des pucces jded,0,0.0,dataset_3,0
الريزوا راه كامل مكاش راني نعيط لبال متفوتش كيفاه ديروا عرض ومتحسنوش من الخدمة,1,1.0,dataset_3,0
512 kb /s w zid bah tactivi kolch lzem 1700 da 🙄🙄 عرض فاشلل,0,-1.0,dataset_1,-1
Wlh ghiir rakom tdahko 3la roohkom hadii conx thdroo 3liiha pff maskin ghiir cha3b li Thcholo conx Ta3koom 0 👎👎,0,-1.0,dataset_1,0
و تاني جماعة شبيه البينق في جيزي ياخي البينق 300 و 700 و الكونيكسيون تكون خفيفة في باقي التطبيقات انا في الالعاب البينغ مرتفع هل من حل,2,2.0,dataset_3,0
الله يرحم والديك والله لنفعتني <br>كنت فيس منقدرش نفتحه <br>ودرك راهي قوة,0,0.0,dataset_3,0
.guen 😂😂,1,0.0,dataset_1,-1
😎,1,0.0,dataset_1,0
Navigui ping dialha mli7,2,2.0,dataset_3,0
Kch mkyn 3ard jdid jay mn mobilis .?,0,0.0,dataset_3,0
عندي جيزي كونفور و مفيهش ليميطاسيون و مام لميتين الف هديك مع جميع الشبكات ماراهيش تكفي كامل,1,1.0,dataset_3,0
كي تهدر على اتصالات شكوبيستان احترم شويا الفكرون 🐢,1,1.0,dataset_3,0
ديرونا حاجة تاع خمسين الف ولا اقل رانا مشومرين,1,0.0,dataset_2,0
5 go vraiment mokhak yahbas 😢😢,0,-1.0,dataset_1,0
انا راني نعاني مع جيزي,1,1.0,dataset_3,0
جوبنا ربي يحفضك,0,0.0,dataset_3,0
انترنات قاوية,2,2.0,dataset_3,0
Pourquoi la connexion djezzy est lent ?,1,0.0,dataset_1,0
انا عندي والله غبر خفيفا بزاف راني نكونسومي 60 جيقا فشهر,2,2.0,augmented,0
بعد نفاذ 50 gb تقطع الانترنت,1,1.0,dataset_3,0
Bch ykoun aandi kolch illimitee b 200da?!,1,0.0,dataset_1,0
كونكسيون ميتة,0,1.0,dataset_2,0
هذي من بكري كاينة عندي عامين وانا نتفرج ب توب 4 جي نتاع 500ألف كلش فيها ليبر,0,0.0,dataset_3,0
مرحبا،تفضل بطلبك كيف يمكنني مساعدتك ؟نسرين من جازي 🙂,1,0.0,dataset_1,0
كلامك صح أخي راهي كارثة ذو الايام .,0,0.0,dataset_3,0
جيغا وهدرة متخلاصش مليحة وهدرة متخلاصش هادي,2,2.0,augmented,0
متقدرش تلعب بيها,1,1.0,dataset_3,0
وتوب4جي,0,0.0,dataset_3,0
"ساعة : <a href="" <br>سرعة الأنترنات عندي : 96 kdps 🤦🏻‍♂️😫🤬 <br> شريحة دجيزي العرض 40G <br>نصيحة مني : <br>لا تشتري دجيزي إجمع المال و إشتري حبل و إقتل نفسك ✌️",1,1.0,dataset_3,0
يا ودي عرض سيما ماعجبنيش انترنات تخلاص ليه ليه ادا بغيتو ربي ردوهالي بيكس ماحبتش توالي وندمت لا رديتها سيما,0,1.0,dataset_2,0
ديروها تبعث مكتيفيا رانا كرهنا,0,1.0,dataset_2,0
ودعتها هادي زمان,1,1.0,dataset_3,0
موبليس Top4g راهي نقصت بزاف ولينا قاع مانقدرو نكونيكتو,1,1.0,dataset_3,0
كمنتار تاعي هذا و قريب مطلعش بسبة الكونيكسيون و نتوما تقولو برطاجي 😑 اي ثقييلة,0,-1.0,dataset_1,-1
Ping 109 mechi mlih khlah,1,1.0,dataset_3,0
J'espère que les 40 Go sont à vie moch après 3 mois yweliw 50% (20Go) comme la hayla maxi,1,0.0,dataset_1,0
توب 4 جي عمرها ما تطلع 512 كيوا بايت,1,1.0,dataset_3,0
سراقين🙃🙃كونيكسيو تحسب فكرون راهو يمشي اوريدو ب2G خيرمن جيزي 4G تحيا اوريدو,0,-1.0,dataset_1,-1
خويا 4g مش ناجحا في دزاير من لخر,2,2.0,dataset_3,0
موبيليس راه عندكم خلل ف DNS وهاذ خاصية تحمي بيانات الهاتف ودرك مليل لليل راها تروح والهاتف ناس معرض للخطر,0,1.0,dataset_2,0
Ooredoo Switch 9.75 et 13.1,0,0.0,dataset_3,0
السلام عليكم أخي انا شريت من AliExpress <br>ولكن تم إغلاق طلباتي والسبب مجهول مع أنهم أخدو الأموال ممكن تفيدني جزاك الله خيرا,0,0.0,dataset_3,0
اوريدو وشبيه يمات هذو مكانش علاه,1,1.0,dataset_3,0
وي مام انا تثقال مي مور 00:00 ترجع طير,2,1.0,dataset_1,0
انا راني في المسيلة راه تمشي لباس عليها المهم الفيديو تمشي بدون انقطاع,2,2.0,dataset_3,0
🌟 ممتاز والله,2,2.0,augmented,1
Awdi l conection ta3kom hia li khasha dark mode men kotr ma t9ila,0,-1.0,dataset_1,0
أنا ترجعولي درااهمي ما دخلني سراقين لي يفليكسي تدولو دراهمو vive اوريدو نكونيكتي بالزيرو و نشوف ليفوطو ملفوق سراقين لواحد ما يجي يفليكسي بسيف مبعد تنقصولو منهم,0,-1.0,dataset_1,0
كي تزيد 50 ميل و تدي شريحتين <br>و تخلص 150 ميل لشهر <br>آسكو صح يمدولك 50G فلابيس اللولة <br>و 30G فلابيس الثانية,0,0.0,dataset_3,0
Ilyes Koni عياونا يا خويا الله يهديهم,1,0.0,dataset_1,0
واش قصة لهاربة,1,0.0,dataset_1,0
هادي غي عندك نتا <br>مدلش تغلط في الراي العام <br>نتا كنت مطلع فيديوات تيك توك من قبل و دخلت تفرجتهم مدلش تكوف في ىوحك,0,0.0,dataset_3,0
ميش افار ادي حكايتك نفليكسي لوريدو بمئة عشرين جيغا ربعمية الف هدرة🙂,0,-1.0,dataset_1,0
وليت منقدرش نفليكسي فلا بيس تاعي كاش حل رجاءا بعتلكم فل بريفي متريبونديوش😑😑,0,-1.0,dataset_1,-1
🇩🇿❤️🇩🇿❤️🇩🇿❤️🇩🇿❤️,2,1.0,dataset_1,0
واش راك تقول خونا والله مادرت والو راك تدير فاوبسيو في هواتف شاومي باش تشوف السرعة تاع انترنيت ماشي باش تسرع الانترنيت ؟!!,0,0.0,dataset_3,0
Lokane ghir andi 3 millions heurs chaque jour. Je pourrais finir mon boulot. Ma3lich manhderch bezaf 😢😢,0,-1.0,dataset_1,0
راك كي شغل خنت قضية فلسطينية,1,1.0,dataset_3,0
ولكن خارج البلاد برا متمشيش 2Gومكانش,1,0.0,dataset_1,0
"chritha w flop , jai cru que ki yakhlaso 5g hdok tab9a illimité mais non w en plus 5g hadok yakhlaso f2 jours lol",1,0.0,dataset_1,0
غالية جدا,0,1.0,dataset_2,0
راضي بزاف 💯 الله يحفظكم,2,1.0,augmented,1
ممكن طريقة نرد بيس تاعي من 3جي لي 4 جي بلا ما نروح لي وكالة تاعهم ؟؟,0,0.0,dataset_3,0
حتى مبيليس ماعندك ماتقول فيها. 😑,1,1.0,dataset_3,-1
الخدمة تاعكم رائعة 💯,2,2.0,augmented,1
في البليدة راهي تلحق 89 ميقا قاوية,2,2.0,dataset_3,0
سرفيس مليح ✅ برافو,2,2.0,augmented,1
على 50 الف تزيد 60 الف يعني تروح حتى 110 هكذاا ولا نوو لاه ماشي 60 الف برك علاه نزيدها على 50 😡😡,0,-1.0,dataset_1,0
"votre centre d appel est une vraie catastrophe je ne sais ps que font vos superieurs, depuis une semaine que je fais une reclamation pour du credit perdu sans aucun retour(envoyé via la messagerie fb) , un message m a été envoyé par une certaine nesrine mais je vois pas de réactivité dans le traitement du probleme !! Djezzy",0,-1.0,dataset_1,0
الله يهديكم ريقلو غير ريزو تاعكم برك عروض معليش خلوهم توالا,0,1.0,dataset_2,0
Ooredoo Switch مليحة أني نخدم بيها,2,2.0,dataset_2,0
أكبر حشوة هي انك تحولها للسما 🤮 تخلاصلك في 10 ايام سريقة ديراكت,0,1.0,dataset_2,0
اسوء إنترنت في العالم 😑🖕,0,-1.0,dataset_1,-1
وهران مشاء الله سيتها تتمشى غايا,2,2.0,dataset_3,0
إدا يطلق هدو العروض وسرعة انترنت 512 يبخرو بيها,1,1.0,dataset_3,0
مزية كاين تقنية الvار 😂😂,1,0.0,dataset_1,-1
الريزو تاع موبيليس زبل خاشاكم,0,1.0,dataset_2,0
اكتيفيت نت ومحبتش تمشي باسكو تخرجلي 3g مالقري تيليفوني يقبل 4g نورمال قولولي كيفاش نبدل لابيس 4g,0,-1.0,dataset_1,0
saqssitehom homa machi nta,1,0.0,dataset_1,0
وجدته إلي في موبيليس لحد الان ليس متوفر بعد في محلات,0,0.0,dataset_3,0
لقد تم الرد على رسالتك في الخاص.نسرين من جازي 🙂,1,0.0,dataset_1,0
شريتها ب 600 دج فيها وماكتيفيا وتانيت قالي خير رقم من الميكرو ❤️,2,2.0,dataset_2,0
انا والله منسمحلك رحتلي مكسي ولات دايم,1,1.0,dataset_3,0
سلام،مدة صلاحية مزايا Extra ل HAYLA BEZZEF هي نفس مدة صلاحية التسجيل الشهري المشغل في خطك.زهرة من جازي :),1,0.0,dataset_1,0
تحيا الموبيليس,2,2.0,dataset_3,0
مدابكوم تحسنو كنكسيو راهي تقيلا,0,1.0,dataset_2,0
3ich la vie m3a mobilis,2,2.0,dataset_2,0
لوكان درت قبل التطبيق وبعد التطبيق,0,0.0,dataset_3,0
لقد حسنتم التغطية و حسنتم العروض واصبحت عروض موبليس هي الأفضل في الجزائر من حيث الفئة السعرية شكرا لكم,2,2.0,dataset_2,0
65 mb alger switcj,2,2.0,dataset_3,0
مرحبا،ماهو الإشكال تحديدا من فضلك ؟نسرين من جازي 🙂,1,0.0,dataset_1,0
هه احنا مازلنا بال 3g غير معنيين,1,1.0,dataset_3,0
واش يليق الواحد يعرش باش تردو عليه فالخاص,0,-1.0,dataset_1,0
ما عندنا 4g. في الجزائر جازي شبكه يهوديه.. لا تسرق اخاَك اليهودي واسرق غيره.. هذا هدفهم,0,-1.0,dataset_1,0
La 4g te3 ooredoo rahi habsa mel 10h te3 lil rani fi birkadem wechnou hada,1,1.0,dataset_3,0
Vive djezzy 👏,2,1.0,dataset_1,0
.10,1,0.0,dataset_1,0
انا عندي تمشي مليح,1,0.0,dataset_1,0
hchwa hchwa,0,-1.0,dataset_1,0
عرض مليح إذا توفرو تغطية و تدفق مقنعين,2,2.0,dataset_3,0
السلام عليكم أخي طوب 4 g فيها هدرة اليميتي للموبيليس؟ و اسكو كي تخلاص 1 g يمشي يوتيوب,0,0.0,dataset_3,0
كاين تاع 50جيغا تشريها 150 الف هدرة للخارج اورودو باطل مينقصوش ليجيغا,2,2.0,dataset_3,0
En plus sra9iin hasbiya lah wa ni3ma lwakiil fikom kamlin ya wjoh lmiziriya,0,-1.0,dataset_1,0
الكذب🔝🔝,0,-1.0,dataset_1,0
Tm,1,0.0,dataset_1,0
تكمل في 4 أيام,0,1.0,dataset_2,0
أنا من بكري نتفرج بيها تيكتوك باطل اليوتيوب و ماشي غي ليوم,2,2.0,augmented,0
هناك تحسن في التدفق,2,2.0,dataset_3,0
مرحبا، الرجاء مراسلتنا على الخاص من فضلك لمعالجة طلبك. زهرة من جازي,1,0.0,dataset_1,0
انا خلاص اخر يوم نزيد نستعمل فيه جيزي هذي اسوء انترنت واتصالات و اسوء شركة في الجزائر وزيد كل مرة يزيدو سعر تعبأت الرصيد والمشكل انهم متاكدين انو شريحتهم احسن من الباقي ياسراقين,0,-1.0,dataset_1,0
اخويا اوريدو راهي مكانش ديراكت بسك 8تاع ليل راهي تولي شبه منعدمة وفي نهار تتقطع تسما راك غالط في هدرتك,1,1.0,dataset_3,0
عرض سيء جدا ..كنت انتظر تدفق بسرعة منخفضة لا محدود ة ..اما المكالمات المجانية كثر خير الغرب عطاونا تطبيقات مجانية ..صوت وصورة ..أين هو العالم واين هي الجزائر😑😞,1,1.0,dataset_3,-1
مالا ندوروها موبيليس 💚💛,2,2.0,dataset_2,0
Votre est aussi merdique que votre réseau!!On veut internet illimité pas 5gb!!,0,-1.0,dataset_1,0
لماذا عرض 100دج أصبح 1200دج!!؟,1,0.0,dataset_1,0
2022و ماكاش تافيشي 4gو نزيد نشري بيس سڨمونا كونيكسيو خليكم من قوادة,0,1.0,dataset_2,0
اسوأ انترنت هي جيزي واكبر كذابين,1,1.0,dataset_3,0
ايعقل في دائرة عين اميناس دائرة اغلبها قواعد حياة لعمال الشركات البرترولية وثكنات عسكرية اغلب قاطينها لديهم اشتراك شهري في خدمات موبيليس والخدمات شبه منعدمة ..اهكذا يتم معاملة الزبائن من قبل المؤسسات الاقتصادية ؟!,0,1.0,dataset_2,0
4G w marahich kayna 5G ida talgoha ndiro day day,1,1.0,dataset_3,0
كنكسيو ثقيلة بزاف مستحيل تقدر تستهلك 5 جيقا في الشهر موبيليس هي الافضل بكل إمتياز,0,-1.0,dataset_1,0
لكونكيسيون عندنا déjà 0 وزيد ليميتاسيو هه صافي اغلقها وخلاص ..جيزي أعطي لنا الوقت لنهاية الشهر,1,1.0,dataset_3,0
مين تخرجو سبيسيال تاع ١٠٠ دج ڤوليلي دجيزي,1,0.0,dataset_1,0
Z3ma 30jr sah!! Machi 3jr?,1,0.0,dataset_1,0
وريدو منهم خير راهي كامل,2,2.0,augmented,0
Répondez moi en privé svp,1,0.0,dataset_1,0
❤️❤️❤️❤️❤️❤️❤️❤️❤️❤️❤️❤️❤️❤️❤️❤️,2,2.0,dataset_3,0
Aid mabrouk..msg privé envoyer veuillez rependre svp,1,0.0,dataset_1,0
عندي الشرائح 3 اي اوريدو ماشاء الله موبيليس ماشاء الله جيزي كارثة مدة شهر عندي 50 جيڨا استهلكت 1.3 جيڨا او كي رحت نشكي فشلولي اركايبي روح دير هاك امبعد حاجة وحدخرة اخر حاجة اقترحوها عليا اني انبدل تليفون . المهم باش ايقولو ان عندهم مشاكل في الشبكة متسمعهاش منهم سراقين,0,-1.0,dataset_1,0
عندي توب 4ج ومكتش منها وش رك تهدر كي ندير 50 الف شي ما تغير,1,1.0,dataset_3,0
انا عندي جازي عند احسن بي کثير من موبليس شھادہ للہ<br>18 ميغا في في الشھر موبيليس عمري ما ستھلکت منھا اکثر من 1 ميغا کارثة بمعنی الکلمة,2,2.0,dataset_3,0
.ab يجب شراء شريحة جديدة 😊,1,0.0,dataset_1,0
🇩🇿🇩🇿🇩🇿🇩🇿mahrez 👏👏,2,1.0,dataset_1,0
ana m3a ooredoo switch 3endi depuis un ans 100 mega tal3a,2,2.0,dataset_3,0
سعيد خبر,2,2.0,augmented,0
ياو توب كجي راهوم انحونا من الصولد؟,1,1.0,dataset_3,0
هيه والله كارثة,0,-1.0,dataset_1,0
لتشجيع المنافسة نفنرح على الزبائن بشراء شرائح موبيليس كشريحة رئيسية والشريحة السابقة للإستقبال فقط حتى يطورو نشاطاتهم,1,1.0,dataset_3,0
موبليس عالجونا المشكل رانا نعانيو لا ريزو لا كونكسيو,0,1.0,dataset_2,0
فهمونا مليح ، قصدكم تديو ثمن 2 دقايق فقط حتى اذا مكالمة ساعة ؟ ، قولو هكا الناس يتبالها مجانية تماما,1,0.0,dataset_1,0
اقسم بالله اكبر سراقين هما اوريدو,1,1.0,dataset_3,0
علا هاديك كونكسيون شابة,0,-1.0,dataset_1,0
J&#39;aime direct frr tkt t&#39;es une personne machallah rebi ywaf9ek inchallah mo7tawa au niveau 👏,0,0.0,dataset_3,0
كاش واحد ربح يبين روحه فتعليق ؟,1,0.0,dataset_1,0
تم الرد.شكرا لتواصلك بنا، نسرين من جازي 🙂,1,0.0,dataset_1,0
توب جيزي ويردو على المكالمات 😍,2,1.0,dataset_1,1
اي ميتة,1,1.0,dataset_3,0
حبيت نفهم حاجة تاع 300 جيغا اسكو بعد الشهر السادس كي نفليكسي 1500 دج ما يعطونيش 50 جيغا بيسك كاتبين سرعة مخفضة بعد 300 جيغا,0,0.0,dataset_3,0
موبليس في باب الرحبة مكاش انترنت .ربي يهديهم,1,1.0,dataset_3,0
ايا بركو عروض خادمة لمصلحتكم,1,0.0,dataset_1,0
Ya djezzy hiya mliha,2,1.0,augmented,0
يخدم جيزي سيريو,2,2.0,augmented,0
لاوين كونترول يعطوك 30 جيغا دائما ولا غير الشهر هذا و ترجع 15 جيغا كيما قبل,0,0.0,dataset_3,0
من فضلكم حاب نسقسي علا بيس 0780 قداه ولات من جيقا انطرنط من فضلكم,1,0.0,dataset_1,0
J'ai opté pour Djezzy depuis qlq mois .. je préfère djezzy,0,1.0,dataset_2,0
ooredoo zero makayen walo,1,1.0,dataset_3,0
انا تلحقلي جيزي حتا 30 ميقا..,2,2.0,dataset_3,0
Ooredoo gold mliha gold mliha,2,2.0,augmented,0
عرض عريض بلا فايدة,1,1.0,dataset_3,0
oui rani m3ak,1,0.0,dataset_1,0
وعليكم السلام ورحمة الله وبركاته <br>واللهم صل وسلم وبارك على سيدنا ونبينا وحبيبنا وشفيعنا وقائدنا وقدوتنا وقرة اعيننا محمد عليه افضل الصلاة والسلام,0,0.0,dataset_3,0
ماتكثرش الهدرة من فضلك، فالقناة تقنية، إقتصادية بحت فلا حاجة للغة الخشب، الهدرة و المغزى، و شكرا على أخذ الملاحظة بعين الاعتبار، فالمصلحة مشتركة بين متابعي القناة و Admin,0,0.0,dataset_3,0
موبيليس اضعف شبكة في جزائر,1,1.0,dataset_3,0
"Fi Italia 3andi 50 GB, unlimited call, unlimited messages 5,99€",1,0.0,dataset_1,0
والله غير مشا معيا بهذه الطرية كي شغلت سويتشر شكرا نحس روحي حشيتها لتبون,0,0.0,dataset_3,0
عندي عرض جيزي امتياز 100 دينار فيه 300 دينار نحو كل الشبكات و لكن ما مكتوبش فيه حجم الانترنت .. حابة نعرف شحال فيه من جيقا,1,0.0,dataset_1,0
يحيا الجيزي,2,2.0,dataset_2,0
بزاف مليحة عروض,2,2.0,augmented,0
Tfooh,0,-1.0,dataset_1,0
يخو قوللنا الحل تع هايلة جيزي متمشيش كامل في نهار,0,0.0,dataset_3,0
321 فهمو..,0,0.0,dataset_3,0
50 جيغا نتاع سويتش تخلاصلي في سمانة,1,1.0,dataset_3,0
> تمشي خفيفة,2,2.0,dataset_3,0
7€/ 1 moi <br>200mb/s <br>ابكي على زهرك ايها المواطن الفرنسي,1,1.0,dataset_3,0
نشاله كي تكون انترنت خفيف في الليل نشريها,0,-1.0,dataset_1,0
لصوص,1,0.0,dataset_1,0
أسوء متعامل,0,1.0,dataset_2,0
خويا قدها من يوم شهر تقعد ولا اقل,0,0.0,dataset_3,0
❤️❤️❤️😍😍@,2,1.0,dataset_1,1
لفهم يفهمنا,0,0.0,dataset_3,0
الخدمة تاعكم رائعة صح,2,2.0,augmented,0
انترنات 0 باش تلشرجي تقعد سمانة ولا تلشرجيت عندنا في عين تموشنت😢😢,0,-1.0,dataset_1,0
مشكور علىالجديد,2,2.0,dataset_3,0
أولا سڨمو الريزو لوكان يعطوك 100 جيقا في شهر مش راح تستهلك غير 1جيقا لانو ماتمشيش ريزو عيان.. ثانيا يعطولك عرض وماتقدر تبدل لعرض آخر ولا شئ واذا حاب عرض جديد لازمك تسمح في رقم الهاتف تاعك.. ثلاثا الإجابة اللي ديما يقولوهالك كي دير ريكلاماسيون على ريزو يقلك فرقنا التقنية تحاول جاهدة اصلاح الخلل وسوف يتم اصلاحه في اقرب وقت..وقت الاصلاح ماحبش يلحق كامل راني في عامين.,0,1.0,dataset_2,0
Ya djezzy wlh ila bzzaf 3liha tkhfaf 30 min tat9al 5h,1,1.0,dataset_3,0
هذيك هي الحشوة ..ماكاش ايليميتي نحو موبيليس,0,1.0,dataset_2,0
. . لا أعلم من سيرى تعليقى ولكن أنا قارئ للقران الكريم 😍🙏 فهل من مشجع لأهل القرآن 😍💙🌹🌴..,0,0.0,dataset_3,1
نهار جاء باروش تاع منتج فيديوهات الدعارة عطاولو انترنت فائقة السرعة للمواطن ومعندوش مسكين ،يعرفو يسرقوا غير الشعب هذ الشركات الدنيئة وذات خدمات الدنيئة منعرف علاه الدولة ساكتة عليهم هك والله,0,0.0,dataset_3,0
بصح في تمنراست عندنا جيزي هي جيزي هي الافضل من ناحية السرعة و حتى جودة الاتصال,2,2.0,augmented,0
اهلا انا يوتيوبر جزائري احاول ان ابدا الستريم بصح راك تشوف مكانش الابلود واش العرض يلي قلتلنا عليه,0,0.0,dataset_3,0
الانترنات ضعيفة ضعيفة جدا معكم في هاذه الايام حسنو الخدمة او نتنازل علي خدمتكم,0,-1.0,dataset_1,0
اني بديت نسمي في ولادي لي راح نتزوج ب باباهم كي نروح معاكم و نهربلكم 🤣🤣,1,0.0,dataset_1,0
نرجو تحسين التدفق,1,0.0,dataset_2,0
hadi gta5 bsa7 9alk en general ta3 grand thef auto,1,0.0,dataset_1,0
يا و وراه الايف,1,0.0,dataset_1,0
عرض pix افضل,1,0.0,dataset_2,0
عيدمبارك للجميع ان شاء الله .الريزو من الصباح لحد الان ما كانش في ولاية الوادي,0,-1.0,dataset_1,0
وداعا جيزي,1,1.0,dataset_3,0
سامحنا خويا لعزيز.. انها فاشلة نقعد من دون انترنت خير..256 والله عيب كبير,1,1.0,dataset_3,0
السلام عليكم فليكسيت1300دج في لا وين انتاعي عن طريق الذهبية اخطات في العرض وضعتها فيinternational هل يمكن الاستفادة من الانترنات او تعويضها او ارسالها الى شخص اخر وشكرا,0,0.0,dataset_3,0
مديتولنا دقائق باطل باه نغافرو ومنبعد قولو صح عيدكم,0,-1.0,dataset_1,0
واش من لهاتف لي راه مليح الالعاب القوية,0,0.0,dataset_3,0
ناس لي تقول مكانش مصداقية انا ربحت كارطة تاع 200 دج. بعثوهالي ليوم,0,1.0,dataset_2,0
سلام خو ربي يوفقك,0,0.0,dataset_3,0
حذاري ثم حذاري شريحه اوريدو سراقين,1,1.0,dataset_3,0
مزلتوا تحبوا خوبيليس يعني تحبوا ليسرقكم ويستغلكم فيقوا لعماركم راكم روطار.,1,1.0,dataset_3,0
في عنابة الأفضل هي جيزي,2,2.0,dataset_3,0
بصح حسيت روحي تكلحت في لاجونس كي درتها ماقالوليش على مشكل مساجات لغير موبيليس وشوفو العرض واش حاطين فيه,0,1.0,dataset_2,0
hadj ta3 gta kamel,1,0.0,dataset_1,0
وكيلكم ربي عالكونيكسيو هذه,0,-1.0,dataset_1,0
twahacht had la pub 😂,1,0.0,dataset_1,-1
عرض تاع 600دج هايل علاه نحيتوه او ربي يعاونك زهرة..؟,1,0.0,dataset_1,0
3adlo reseau,0,1.0,dataset_2,0
كاين عرض ب 1200 دج,1,0.0,dataset_1,0
عبد المالك اي بلعاني و زكارة و سرقة يطلفو عروض جيدة يكسبو بيها الزبائن و ممبعد يرجعوها ثقيلة و يطلقو عرض جديد و خفيف باش نبدلو العرض و تشري بيس جديدة,0,-1.0,dataset_1,0
rek fel commentaire taei,1,0.0,dataset_1,0
سما لعرض تع pixx يبقى برك يزيدو 2 جيغا ؟ انا كان مسعدني فيسبوك باطل نشوف فيه كلش,0,0.0,dataset_3,0
و ماذا عن اتصالات الجزائر. هل ستقوم بتقديم حلقة خاصة عن المشاكل التي يعانيها الزبون,0,0.0,dataset_3,0
Kifah ndirha tar 600da 1 mois,1,0.0,dataset_1,0
ديروها أو متندموش المخير تع لمخير في موبيليس,2,2.0,dataset_2,0
موبيليس اسوء متعامل,1,1.0,dataset_3,0
Tahya Mobilis mn bakri bonne courage,2,2.0,dataset_2,0
Cnx khra kifkoum b3d 👌 w tzidou thdrou 50 gb 😂 aya bala3,0,-1.0,dataset_1,-1
oui a3labali 😂😂 anta douka Rak atchikh m3aya fli coumentar Rak atchikh hh😂😂 rani b3antalk akbal biya 😂😂❤️,2,1.0,augmented,-1
Je préfère djeezy,2,2.0,dataset_3,0
روشارجيو 100 دج المرة الأولى و إستفيدوا من 15جيقا 😍😍زيدوا 500 دج و يولولكم 30 جيقا 😱😍😋للمزيد من المعلومات إطلعوا على الرابط في La Bio #Djezzy #Internet #dz,1,0.0,dataset_1,1
النت سيئ للغاية في شريحة موبيليس,0,1.0,dataset_2,0
Ou est la justice algérienne pour protégé le peuple,1,1.0,dataset_3,0
Xbox série x,1,0.0,dataset_1,0
إلغاء خدمة الرنتي من أساس,1,0.0,dataset_1,0
توحشناك يالجيلالي,0,0.0,dataset_3,0
عرض ساهلة بوكس افضل,2,2.0,dataset_3,0
الله يخليك محتاجة مساعدة,0,0.0,dataset_3,0
تقتني بيس فيها الف جيغا و تستعمل نص جيغا ياو بركاونا مالخرطي يرحم والديكم,1,1.0,dataset_3,0
هذي كونفور ؟؟,1,0.0,dataset_1,0
5 deux jours ykhlsso,0,-1.0,dataset_1,0
Les appelles et les sms vers djezzy sont illimité ?,1,0.0,dataset_1,0
الكونيكسيو في موبليس سيءة للغاية,1,1.0,dataset_3,0
يدير عليك غير واحد مجنون ..ندمت نهار لي تفرجت قناتك كل يوم بهدرة ودور,0,0.0,dataset_3,0
أوريدو أجمل أنترنيت في الجزائر نهيها مالمودام و ديرها فالتيلفون و دير تست,2,2.0,dataset_3,0
نعل الراصة تاع والديهم<br>جيزي واوريدو,1,1.0,dataset_3,0
عرض مشاء الله اول عرض رائع يساعد الزبائن ❤️❤️,2,2.0,dataset_2,0
بدل طريقة الشرح تاعك 🧐,0,0.0,dataset_3,0
ysama ana mch bnadem anaya,1,0.0,dataset_1,0
على الكونيكسيو زينة لي فيها و زيد ليجيغا يكملو بلخف انا في 3 ايام راحت 12 جيغا تبقى حاير الله غالب الوقت الحالي بسيف عليا نمشي بموبيليس بصحتكم و صاي,0,1.0,dataset_2,0
Lah lah 9elechtouna yeah,2,2.0,dataset_2,0
طلعنا لابليكاسيون وماشفنا حتى هدايا,1,0.0,dataset_1,0
Keyser Söze prkoi t a le même problème ?!,1,0.0,dataset_1,0
ريڨلونا الانترنت على وجه ربي الواحد راح يجهل راكم توكلوا ولادكم في الحرام🤬🤬,0,-1.0,dataset_1,0
ريزو جيل رابع كاين بصح كونكسيو ربي يجيب وغلا يدهش<br>في جزائر الخلاص بشهر و كونكسيو بزهر,1,1.0,dataset_3,0
بصح ثقيلة بزاف كنكسيو فيها,1,1.0,dataset_3,0
toop 4G ويي اي عندي,0,0.0,dataset_3,0
نهار لي تريڨلو الريزو,0,-1.0,dataset_1,0
Djezzy.dz hayla,2,1.0,dataset_1,0
كاش جديد على سويتش,0,0.0,dataset_3,0
عرض سوتيش هو الأفضل والسرعة تلحقلي فاليل 12 ميڨا <br>لكن الحاجة الوحيدة الي ماعجبتنيش هي كي يخلاصو جيڨا قبل نهاية الشهر ماتقدرش تجدد العرض حتى الاول من الشهر الجديد <br>يعني كي يخلاصو ليجيڨا الشهر مام تفليكسي وماتمشيش وهذا الي زعجني دايما عندي هاذ,2,2.0,augmented,0
السرعة يجيب ربي,1,1.0,dataset_3,0
المشكل حنا شعب يبقى يشري و يستهلك رغم السرقة لازم نديرو حملة أخرى مقاطعة تامة لأي عرض ، لوكان تصرا هاك في أمريكا أو أوروبا تلقى الشعب كامل يدير احتجاجات او مقاطعة تامة أما نحن نبقاو نتسرقو و نتفرجو ،شوية وعي كاين ناس ماشي لاحقين و هوما يزيدو يسرقولنا حقنا، ساعات نقول المشكل فينا لي رانا راضيين بالرداءة و ساكتين,1,1.0,dataset_3,0
كي شغل هدي جديد,1,0.0,dataset_1,0
رايي في التسريبات متاخرة,0,0.0,dataset_3,0
ما هو أحسن مودم,0,0.0,dataset_3,0
فيها. انتترنات مليحة,2,2.0,dataset_3,0
راهي عندي فيبروتيك 2ميقا ماشاء الله,2,2.0,dataset_3,0
جيزي أحسن خاصة من ناحية العروض والانترنت,2,2.0,dataset_3,0
تعلم دير فيديو مرتب و مفهوم بعدها ساهل,0,0.0,dataset_3,0
هردتونا بخرطي,0,1.0,dataset_2,0
واش اسمو التطبيق لي تقيس بيه,0,0.0,dataset_3,0
عرض ممتاز,2,2.0,dataset_2,0
يوجد مشكل في تدفق الانترنت هده الايام في وهران,0,1.0,dataset_2,0
2.5 مليون ساعة تاع هدرة راحت غير في الو راك تسمع فيا استنى نبدل البلاصة الريزو طايح 😑😑,0,-1.0,dataset_1,-1
N9dr nsst3mlha fi téléphone?,1,0.0,dataset_1,0
Connxx. Merdiique.,0,-1.0,dataset_1,0
عندي علم مند حوالي شهر ونصف العام الجاي تتحسن,2,2.0,augmented,0
رام يصلو التراويح 😂,1,0.0,dataset_1,-1
ناس تخدم 5g وانت تحكيلي على شريحة حتى 4g ماقدرتش علاها,0,-1.0,dataset_1,0
أخي بيس top4 بيس تحرقتلي يعني كي نبلاصيها في تلفون ميخرجليش ريزو مي مهشي موقفة لا يعني نجم نريكيبيريها ياك عندهم للوكالة ولا خلاص ميركبيهاليش اخي جاوبني من فضلك علما انا فيها كريدي و انترنت,0,0.0,dataset_3,0
ههع تكنو هذيك مانيطا عندي معاها ذكريات <br>ايام زمن جميل 😂😂,0,0.0,dataset_3,-1
شكرا خويا هذا هو المحتوي الذي يعجبيني فيك مزيد من النجاح,0,0.0,dataset_3,0
كونيكسيو شغل طبع حمار ميت 😒,0,-1.0,dataset_1,0
سلام اخي ني هاب نشري مودام كيما لعندك جيزي عايلة واش مليحة للألعاب و خفيفة نتمنى ترد😦,0,0.0,dataset_3,0
ما الفائدة من الغرامات ما دام المواطن هو الذي يخلص الفاتورة.,1,1.0,dataset_3,0
sahito cnx mobilis ta3kom khfifa bzff,2,2.0,augmented,0
التغطية ناقصة من اوريدو فالبليدة بالضبط بني تامو,1,1.0,dataset_3,0
هل تنصحي بشراء شريحة izzi,0,0.0,dataset_3,0
في 3 ايام طارولي 13 جيڨا Pix كانت أرحم نضل نكونيكتي منكونسوميش 1 جيڨ,0,1.0,dataset_2,0
.edits 😂😂 تمصخرش 😂😂,1,0.0,dataset_1,-1
شكرآ موبيليس🙂,2,2.0,dataset_2,0
"1100 en tout, et vous aurez youtube en illimité pendant un mois ! 😊",1,0.0,dataset_1,0
و الله ما تحشموا صح,1,1.0,dataset_3,0
اي كونكسين تاعها مكانش وناقصة خلاه,1,1.0,dataset_3,0
Ooredoo tmchi tani 3la 7Sab champ <br>Sim 2 hiya tparatagii lha 7ata 20 go,0,0.0,dataset_3,0
لفهم يفهمنا بارك الله فيكم,0,0.0,dataset_3,0
اليوم سرعة الانترنت خراا بكل بساطة اسؤا خدمة انترنت فالعالم يعني انا يوم كامل سرعة الانترنت لم تتعدى 80kbs,0,-1.0,dataset_1,0
😂😂ريزو بروبلام وكونكسيو نتاع سلحفاة واش نزيدك,0,-1.0,dataset_1,-1
براك موبيليس فيك عمو الله,2,2.0,augmented,0
يجب أن تشرح لنا ديما 120حتى مستفاد منها!,0,0.0,dataset_3,0
5جي في الجزائر. انشاله بربي.😂,1,1.0,dataset_3,-1
الانترنت الفضائي في الجزائر,1,1.0,dataset_3,0
.sn.794 علاه مسحته علاه😂😂,1,0.0,dataset_1,-1
".xx neta retard af,beghit nechof la réaction ta3 khtek ki tchot kifach tehdar f les pages officiel,hechmt f plastek",1,0.0,dataset_1,0
وشنو هاذا أوريدو ڨولد راهي ولات تعيي ريزو عيان ميت,1,1.0,dataset_3,0
🙌,2,1.0,dataset_1,0
Connexion merdique 00🤮🤮👎👎,0,-1.0,dataset_1,0
الله أعلم كانت كاين في موبليس تاع تفلكسي ثلاثين ألف يعطوك متين ميغا وكي تكملك تكونكتيلك بالسرعة الدنيا موالف نخدم بها موش جديدة,0,0.0,dataset_3,0
عرض عيان,1,1.0,dataset_3,0
مع موبليس ونعل بليس. اهدر ونعل بليس.,2,2.0,augmented,0
37 798 مشاهد تافه تفرج عليك <br>الجزائر جاهلة الله غالب <br>المفروض لي كيفك راهم في حبس الحراش <br>وجه القرمة,0,0.0,dataset_3,0
انا درتها التدفق مليح و حاليا راني مفعلة تاع sama net 1500 da فيها 60Go,2,2.0,dataset_2,0
.amier mrc,1,0.0,dataset_1,0
الله يسترك حبيبي,0,0.0,dataset_3,0
Wlh khsra jms rbht ana ☹️☹️☹️☹️☹️☹️,0,-1.0,dataset_1,0
ديرولنا الانترنت و ساهلة,0,1.0,dataset_2,0
hh sara9in galk 3la jal 5 Go taslk 1100 da walh ga sah zid 500 Alf waslk wifi wdir wach tahb yakhi hala 3lihom 😂,0,-1.0,dataset_1,-1
Fantasy and rpg,1,0.0,dataset_1,0
نقدر ناكتفي extra 300 مرتين ولا تلاتا في نفس الشهر ؟.. عندي جيزي هبال,1,0.0,dataset_1,0
لزم نروحو لوكالة موبليس,1,1.0,dataset_3,0
je confirme,1,0.0,dataset_1,0
نسرين زيدي ريبوندلي باش نربح كما المرة لي فاتت 😌زهرة سمحيلي مي سمحت فيك الى بغيتي زعما 🙄,1,0.0,dataset_1,-1
خويا تيكنو ديزاد ربي يحفظك او شكرا على كل هاذي المعلومات ونصائح الموفيدة حبيت نسقسيك في مايخص الي قلت عليها + 4 هاذي تجي وحدها تلاقي من عند شركة موبيليس ولا خاصية نفعلوها,0,0.0,dataset_3,0
.officiel hfdk khouya,1,0.0,dataset_1,0
فهمنا في لا سويتش 150 تاع اوريدو واش دارو,0,0.0,dataset_3,0
الربي لاه راكم تسرقولنا فالرصيد تصيدونا وقت لي نفليكسو تهردونا والله لحراام عليكم كنتو فوور وليتو 0 و ماتأكديلي ماوالو يا نسرين ماعندي حتى عرض انا و كل مرة خاليينني حرام عليكن,0,-1.0,dataset_1,0
ل4 جاي مزال ملحتناش في منطقة فلبويرة,1,1.0,dataset_3,0
رڨلو ريزو من بعد ساهل,0,1.0,dataset_2,0
الأخت djezzy الكونكسيون تواحشناها في سكيكدة حتى بطلت ما نلعبش pubg و الغاشي كامل هنا دوروها موبيليس يرحم والديكم ريڨلوها كرهتونا حياتنا,0,-1.0,dataset_1,0
قودو قودو ديرا كلخرا,0,-1.0,dataset_1,0
60Go trou7 f 15 jour 😏,0,1.0,dataset_2,0
ولا زدت تعاملت معاكم انا مانسواش كل شهر نفليكسي 1500 وانترنت تاعكم رهج بقاو على خير شهر هدا نتفارقو,0,-1.0,dataset_1,0
سلام عليكم عندي اوريد و سويتش ومزالش عرض شهر الاول وفليكسيت باش تخلص الفطورة فليكسيت ومعطوني العرض تاع شهر ثاني يا ترا كي يكمل شهر يدو ولا درت خطء كي فليكسيت ارجو رد,0,0.0,dataset_3,0
معناها 1500دج و 45 جيقا الشهر و الشهر توالي 6 جيقا لالا؟؟,1,0.0,dataset_1,0
Hicham هاوليك المودم الجديد,1,0.0,dataset_1,0
Vous avez pas honte que a chaque fois vous coupé la connexion chaque vendredi après midi !! Hram 3likoum,1,1.0,dataset_3,0
ربي يبارك في حالك خو,0,0.0,dataset_3,0
بن علي مرحبا،عرض BINATNA يسمحلك باش تشارك نفس الرصيد مع أفراد عايلتك 👨‍👩‍👦‍👦 تحدّد رصيد الأنترنت و المكالمات حسب احتياج كل واحد 😍 و أيضا تراقب استهلاتكم 👌يحتوي على ثلاث باقات مختلفة : 200، 300 و 400 و متوفّر في كل خطوط جازي للدّفع المسبق و حتى خطوط Djezzy Confort و Special التي تحتوي على ميزة Control !لتشغيل العرض ماعليك إلا تشكيل *720# أو مباشرة من خلال تطبيق جازي :) كل التفاصيل هنا : من جازي,1,0.0,dataset_1,1
اسوء شرح فاليوتيوب 🙂 شغل تتفرج شرح mp3,1,1.0,dataset_3,0
يهديكم ربي ريڨلو لكونكسيو راهي ماتمشي والو لجيڨاا ماعندنا منديرو بيهم 😡😡,0,1.0,dataset_2,0
كونكسيون جيزي تساوي السلحفات عرض سلحفات لجازي,0,-1.0,dataset_1,0
راك روطار بزاف انا طلقتها في 2017,0,0.0,dataset_3,0
"Abonné moi toujours jdid.""dymn live flil"",,""échange de pub""🙏❤️🔥",1,0.0,dataset_1,0
لل نحتاج سما رجعونا لل pixx و نبينا و صلينا عليه,0,1.0,dataset_2,0
و الله أنترنات قوية و كي طلعتو عدد جيكات عادت احسن,2,2.0,dataset_2,0
Déposy CV 😁,1,0.0,dataset_1,0
عندي مشكل ف اوريد ممكن تلقالي حل؟,1,1.0,dataset_3,0
ريبونديو عليناا 😠,0,-1.0,dataset_1,0
الله مشاء ربي يحفضكم,2,2.0,augmented,0
والله يا خويا نعرفك تخرط بزاف مي ديما نتبع فيك. سبحان الله بلاك سحرتني يا جدك هه,0,0.0,dataset_3,0
السعر,1,0.0,dataset_1,0
كيفاه تعاود تسلك شهر اخويا,0,0.0,dataset_3,0
Est-ce qu'il y a une possibilité de migration depuis les autres offres ?,1,0.0,dataset_1,0
500+600+600,1,0.0,dataset_1,0
ان شاء الله ينحولنا اوريدو السراقين,1,1.0,dataset_3,0
"جيت فالوقت المناسب، كنت رايح ناكتيفي pix100, شكرا جزيل الشكر اخي ❤️❤️❤️🥰🥰",0,0.0,dataset_3,1
Thkem réseau f 10% ta3 territoire dz 🌝,1,0.0,dataset_1,0
عروض الانترنت ضعيفة في الجزائر.نقطة ارجع للسطر.,1,1.0,dataset_3,0
كثر خير ليكوبل 😂😂,1,0.0,dataset_1,-1
لا لا حنا لي راضين بيهم <br>لازم مقاطعة تع يومين ولا 3 ايام <br>مناش نطلبو فيكم رانا بدرهمنا,1,1.0,dataset_3,0
Djezzy merci je me suis déplacé auprès de l'une de vos agences c'était la mise à jour de l'authentification ?? Mais ce qui m'a énervé c'est le blocage de la puce sans m'avertir ? Au moins il fallait m'informer par un simple message 🙁🙁car j'ai eu des communications importantes ??,0,-1.0,dataset_1,0
الله يبارك ماشاء الله بالتوفيق والنجاح,2,2.0,dataset_2,0
والله مفهمت حبه اوريدو,1,1.0,dataset_3,0
راه خاصنا العروض ليكانو كاينين من قبل وين راهم دجيزي راهي هي التالية,1,0.0,dataset_1,0
لي عندو الشريحة القديمة فيها هذا العرض و لا باقي فيها العرض القديم,0,0.0,dataset_3,0
عروض ملاح,2,2.0,dataset_2,0
كونكسيون تاع موبيليس هي ديجا عيانة فل دزاير واش يزيدو يديرو ليميتاسيون وعلى حساب واش يقولو مليحة فل صحراء,1,1.0,dataset_3,0
أقسم بالله عندي عفسة نمشي بيها في top 4g اليميتي شهر كامل نتفرج hd fhd الحمدالله,2,2.0,dataset_3,0
قتلتونا بلكذب والخرطي ورابط التحميل اسفل الفيديو<br>يااو اللي النات عيانة عندو مايتعب روحو ماوالو حنا في الجزائر النات سيئة جدا<br>ماتعب روحك ماتروح لأسفل الفيديو<br>خافو ربي,1,1.0,dataset_3,0
راهم يبيعو فيها 1300 فيها 15G,0,0.0,dataset_3,0
اسوء خدمة في العالم هي شركة اوريدو حسب تجربتي مع الانترنت ضعيفة بزاف 😔,1,1.0,dataset_3,0
من اكبر الحشوات هاذي سما لي عندو بيكس غي يشد فيها,0,1.0,dataset_2,0
Mrc énormément 💪💪😊,1,0.0,dataset_1,0
خرطي ما كان حالة،انا عندي جيزي تلحق حتى 36 م/ثانية،موبيليس تمرضك,1,1.0,dataset_3,0
سڨمولنا ريزوو,1,1.0,dataset_3,0
والله هذا العرض أكبر حشوة كثر من الحشوة تاع الجزائر الجديدة 🙁,1,1.0,dataset_3,0
اذا تعرفوا بلي الشركة الوطنية للاتصالات السلكية و..ما تمدلكمش الحجم الكافي للتدفق علاش تكثروا العروض علابالكم بلي التدفق قليل,0,-1.0,dataset_1,0
Ou PS4 makache ??,1,0.0,dataset_1,0
Rani hab nhabes l'abonnement teb9ali la puce nrml yek ?,1,0.0,dataset_1,0
علاه منقدرش ندخل لصفحتك الفيس بوك و لا نتيلاشارجي التطبيقات تاعك يقلي بلدك مفيهاش يوتوب برينيوم,0,0.0,dataset_3,0
جوبي عل كلمي,1,0.0,dataset_1,0
عندي جيزي رهي الكونكسيو 65 ميقا راهي هايلة,2,2.0,dataset_3,0
سلام وشكرا على المعلوامة,0,0.0,dataset_3,0
Rani nchouf mobilis mliha fi réseau connexion,2,2.0,dataset_3,0
من بلدية بريحان ولاية الطارف باى باى دجزى البارح خلصت 1500دج راهى في حالة كارثة كبيرة,1,1.0,dataset_3,0
راح جهلونا والله متريبونديو علينا بدراهمك ومتكنكتيش ياخي بلاد يا خي,0,-1.0,dataset_1,0
اخي فيما يخص جيزي درت جيزي كونفرت تاع 1500 دينار في رقمي العادي كي دار عليها سنين بغيت نوقغها ونحافظ على رقمي غير انهم رفضو قالولي توقفها ويروح رقمك معها<br>اخي هل هذا الامر قانوني؟؟ من فضلك جاوبني,1,1.0,dataset_3,0
Très bon initiative 👏,2,2.0,dataset_2,0
نهاركم مبروك خاوتي,0,0.0,dataset_3,0
افضل عرض,2,2.0,dataset_2,0
نا صح والله راجلي ربح واحد عندو واحد الشهرين هكاك شارك العام لي فات وحنا من قسنطينة رحنا لاجي وجبناه واني نكونيكتي بيه ضرك,2,2.0,dataset_2,0
سأرمي شريحتي و موبيليس,2,2.0,augmented,0
حول ستيديو,0,0.0,dataset_3,0
لما تحققون التغطية داخل المدن ممكن,1,1.0,dataset_3,0
ولي عندو win controlنتاع 1300,0,0.0,dataset_3,0
وو صحيتو موبيليس تهليتو فينا هاد الخطرة,2,2.0,dataset_2,0
عيب نتاعه ما تقدرش تبعت sms,1,1.0,dataset_3,0
الرداءة تتكلم,0,1.0,dataset_2,0
علاش نعيطو 77 مكانش الصوت. والله راه عندي مشكل,0,-1.0,dataset_1,0
ما كانش مصداقية معاكم غير الكذب انا ربحت في رمضان تلفون حتى الدرك ماعطيتوهليش,0,-1.0,dataset_1,0
خويا ولي عنده لاوين هديك تاع 130 الف في الشهر ؟,0,0.0,dataset_3,0
جيجل مفيهاش 4g جيزي 😅😂,1,1.0,dataset_3,-1
W google kifech?,1,0.0,dataset_1,0
مازال مابداش,0,-1.0,dataset_1,0
الإنترنت في الجزائر كارثة و خاصة ان الاسعار غالية و..,1,1.0,dataset_3,0
سلام و عليكم أن أستهلك أنترنت في 3 أيام جازي 60Go ماهي شرحة جيد,0,0.0,dataset_3,0
سويتش اوريدو تنقص في الليل بزااف,1,1.0,dataset_3,0
واش هو الكود انتاع 600الف باش تاكتيفي الأنترنات في جيزي,1,0.0,dataset_1,0
خلاصة القول : بعد نفاذ الجيقا تبقى تمشي بسرعة منخفضة ..مشكور أخي,0,0.0,dataset_3,0
Alors mel 500 wlina fi 110 min hak alors hya ou nta3 150 ou 130 kif kif 😠🙁😑 Yak gholto Li maunjmch y3mar 150 c'est profiter,0,-1.0,dataset_1,-1
شكرا جزيلا  كل شي مزيان,2,1.0,augmented,0
راضي بزاف 👍 الله يحفظكم,2,2.0,augmented,1
😂😂علاه الكونيكسيو تاعكم تصلح نتفرجو بيها ؟؟,0,-1.0,dataset_1,-1
افليكسي،1500 فالأوريدو 40 جيڨا تشدلك شهر,1,0.0,dataset_2,0
Bezaf ghaleya wi 😒,0,-1.0,dataset_1,0
اواه معجبنيش اليوم لعب ناقص شويا,0,-1.0,dataset_1,0
مدام الانترنت ضعيفة مفائيدة جيڨات,1,1.0,dataset_3,0
الناس تحسن المستوى بالاستماع للنقد <br>قلنا لك اختصر الكلام يا اخي وهد ملاحظة الكثير من الناس ..ما تبقاش تلكك بزاف بش تعطي معلومة واحدة,0,0.0,dataset_3,0
Rakom grv tesr9ona normalement un mois une semaine nsiboha khlaste c injuste,0,-1.0,dataset_1,0
Wlh Ana tani sratli tahbess f 250 k..matzidch hdart m3ahom w thawecht m3ahom 3la jalha ..,1,1.0,dataset_3,0
الانترنت عندنا ضعيفة لا 4.8 ولا 5 و لا حتى 12,1,1.0,dataset_3,0
Kifach nchri sim m3a corona dk,1,0.0,dataset_1,0
Djeezy rahi karita mobilise rahi khir mnha,1,1.0,dataset_3,0
راني نبيه شريحة top 4G موبيليس ونسجلها على اسمك شحال تعطولي فيها,0,0.0,dataset_3,0
de rien frère 😣 ça me saoule vraiment à chaque fois nqol je change de puce mais nqol balak ça va se régler mais apparement j'ai pas trop le choix,0,-1.0,dataset_1,0
W 600 da,1,0.0,dataset_1,0
يا ودي اوريدو خردة فالبينج,1,1.0,dataset_3,0
حبيت نعرف حاجة و هاديك تع 100 الف و 15 جيڨا يكي بخلاصو يبقى يمشي الفايسبوك,1,0.0,dataset_2,0
راهي قديمة عندهم هادي .,1,1.0,dataset_3,0
ماكانش ليميتاصيو يا تكتك في جيزي,2,2.0,dataset_3,0
جميل ولكن لو كان الفيس مجاني يكون في القمة,2,2.0,dataset_2,0
يامس صباح نضت عالخمسة تاستيت اتصالات الجزائر لم اصدق. ماتراه عيناي تعرف قداش لقيتها 63ميغا سرعة تحميل <br>مي توا راهي ميتة جوايه 2ميغا برك علما اني في ورقلة. حاليا <br>وهاذي الميزة لي في، موبليس. كل الشرائح. ولا شريحة جديدة خاصة بالادفانسد نات وورك,2,2.0,dataset_3,0
Esque ya du nouveau pour les abonnés 0661 ..merci beaucoup,0,0.0,dataset_3,0
Anda ttela Zahra inass saha l3idim,1,0.0,dataset_1,0
Yaw sgmo lcnx ta3kom rahi grv 3yana wlh,0,-1.0,dataset_1,0
واش راك ✅ شكرا,2,2.0,augmented,1
What&#39;s the best one for gaming?,0,0.0,dataset_3,0
حياتك كامله تخرط تكدب,1,1.0,dataset_3,0
حمبوك اريدو سويتش منجموش نخلصها عام ضربة وحدة ؟؟,0,0.0,dataset_3,0
مكاش عرض مليح في الجزائر في كامل المتعاملين صديقي كامل خردة لامن نحية الاسعار ولا سرعة ولا حجم الانترنت المهدي مزلنا بزاف روطار,1,1.0,dataset_3,0
كنت مع جيزي سوفريت كي درت موبيليس بش رجعتلي الحياة,2,2.0,dataset_2,0
مرحبا،سيتم الرّد على رسالتك في اقرب وقت 😊,1,0.0,dataset_1,0
ثالت,0,0.0,dataset_3,0
حبيت نشري مودام 4g موبيليس شحال راهو يدير تنصحني بيه بلييز,0,0.0,dataset_3,0
4جي في رالسرعه تاع مودام زادو,2,2.0,augmented,0
الكونيكسيو رها عيانة,0,1.0,dataset_2,0
فرشة تعطيك 3 جيغا مبعد يخلصو ليه ليه يتسما كي توب 4 جي كل شهر تفليكسي 50 الف تموتلك 1 جيغا تقعد تمشي ب 256,1,1.0,dataset_3,0
شوفنا لبينڤ داخل بابجي,0,0.0,dataset_3,0
Bing مش حاجة في اوريدو,1,1.0,dataset_3,0
السلام عليكم خويا حاب نسقسيك كي تلم 100 الف في توب 4ج وتاكتفيها بيكس تقدر تعاود ترضها توب 4ج ولا لا,0,0.0,dataset_3,0
المشكل الوحيد هو سرعة الإنترنت,1,1.0,dataset_3,0
مدام عرض مؤقت مافيه حتى فايدة,1,1.0,dataset_3,0
وسمها,0,0.0,dataset_3,0
تحيا اوريدو لاسويتش تحيا اوريدو,2,2.0,augmented,0
ياو سقمو لكونيكسيون ومكلاه تقولولي تعال للخاص على خاطر ماتردوش,0,-1.0,dataset_1,0
The Education of Viva from the change of the one two three viva Algeria to ABC one two three viva Algeria the new banking system,1,0.0,dataset_1,0
السلام عليكم خونا أنا عندي جيزي هايلا بزاف نورمالمو يبدلوها آسم يسموها ( تقيلا بزاف ) راهي تقيلا راهي تعيي كاش vpn جديد ليراك دايرهم عندك سيتم كامل مادارو والو تقعد دايمن تقيلا كاشما كاين حل خو,1,1.0,dataset_3,0
سما انا ماشي بنادم,0,0.0,dataset_3,0
Rockstar games eat rockstar north .dla,1,0.0,dataset_1,0
صح من لي درنا 4g الحمد لله كاينة الكونكسيو بالتوفيق,2,2.0,dataset_2,0
بكل مصداقية حاليا كونكسيو جيدة,2,2.0,dataset_2,0
.dz mais les profil est que cette operation disponibl avec tout les profil de djezzy Hayla mxi ou Hdra U b1 habl merci d avance,2,1.0,augmented,0
هل من الممكن تذكرنا الولايات التي تتوفر فيها 4g advance,0,0.0,dataset_3,0
تطبيق رائع مشكور واصل,2,2.0,augmented,0
تجربة رائعة 🌟 نشكركم,2,2.0,augmented,1
أوريدو العرةة !! أوريدو رايحا تغلق ..!!,1,1.0,dataset_3,0
شياء لي مليح عند جيزي هو رصيد مكالمات يعطوك من جيزي الي جيزي بطل و ثلاث ميات الف الي كل معملين اوريدو و موبيلس اما بي نسبة لي الانترنت تع جيزي اثقل كونكسيو في العالم عينا بزاف جيزي وتبقا اوريدو هي الاقوا من نحيات الانترنات اما جيزي غير يحبسو ويروحو علينا,1,1.0,dataset_3,0
ff-zena👍👍,2,1.0,dataset_1,1
مكانش منها انا مهيش تمشي عندي,1,1.0,dataset_3,0
شوف السطوري و طلع لي زابوني ↖️,1,0.0,dataset_1,0
يا خويا يسرقون بزاف كرهنا منهم,1,1.0,dataset_3,0
🤔🤔,1,0.0,dataset_1,0
اوهادي اتكمل في نفس الشهر ولا شهر جديد,1,0.0,dataset_1,0
خويا الله يسترك درت سما كيفاش نردها بيكس,0,0.0,dataset_3,0
عرض 100 في اريدو مليح,2,2.0,dataset_3,0
من فضلكم كيف اشتراك في مسابقة حملت تطبيق جيزي,1,0.0,dataset_1,0
السلام عليكم ، الكابل الجديد لموبيليس تم اقتناءه بسبب العاب البحر الابيض المتوسط,0,0.0,dataset_3,0
💚❤️,2,1.0,dataset_1,0
Pub 🤙,0,0.0,dataset_3,0
Kifach nchriw top 4g,0,0.0,dataset_3,0
hayla Cnx,2,2.0,augmented,0
Yaatik saha. Rebi yahefdek,2,2.0,dataset_3,0
الشعب كامل يشتكي ولا واحد قالكك كونيكسيون مليحة و حتى انا عندي جيزي نكونيكتي بيها ڨراف عيانة و حابين بوجوهكم صحاح و ما يعرڨوش و ديري في بيبليسيتي و تقولي 1500دج,0,-1.0,dataset_1,0
.dz mora 30 jr ki nwalo nflixo 800 da ??,1,0.0,dataset_1,0
شبيكم كل يوم تقطعو كونيكسيو قلنا نهار معليش بصح دايما تقطعوها هنا سمطتوها,0,1.0,dataset_2,0
Okht nessrine cnx ta3kom deyra ki lkhra w chokran 🙄,0,-1.0,dataset_1,-1
يودي معاناة لا كونيكسيو لا هم يحونون,1,1.0,dataset_3,0
العروض غالين بزاف افشل عرض لي موبليس وتبقى جازي هيا احسن من ناحية انترنت والمكلامات,1,1.0,dataset_3,0
🤔🙃,0,0.0,dataset_3,-1
واش من فيدا في كامل هذو العروض والريزو موبيليس ضعيف جدا جدا,1,1.0,dataset_3,0
Hna mazalna vraiment retard moi je suis au Canada ce n'est pas la même vie de tous,1,0.0,dataset_1,0
غير الهف برك,1,1.0,dataset_3,0
المشكل راني بدلت من جيزي ماكسي الى اوريدو سويتش العرض 150 الانترنت نفس الشيء مليميتي 50 كيلو الانترنت زمر والله نفس الشيء كيما جيزي كيما اوريدو شريتها وندمت .,1,1.0,dataset_3,0
يوتيوب غير محدود,2,2.0,dataset_3,0
عرض الله,2,2.0,augmented,0
برحمت والديك سرعة منخفضة تاع 400دج موام اوريدو,1,1.0,dataset_3,0
واش يمدلك في 1500 تاع Switch,0,0.0,dataset_3,0
انترنت عروض غير محدودة,2,2.0,augmented,0
أفضل كوناكسيو من اوريدو,2,2.0,dataset_3,0
Haya ya zh mazal madartohch😒😒,0,-1.0,dataset_1,0
سڨمو االريزو رانا نعانو في تيبازة وخاصة بلدية حطاطبة وسيدي راشد راه شبه منعدمة,0,1.0,dataset_2,0
والله ديما تلحق من 50 ميجا حتى 120 ميجا,2,2.0,dataset_3,0
منتوج جزائري 😂😂,2,2.0,dataset_3,-1
راني نقارع في نهار السبت كتر مشهرية 😂😂<br>راني نشوف فيك غي realmi هه,0,0.0,dataset_3,-1
ماراهاش ماتكونيكتيش خلاصتلي جيڨات و متمشيش,1,1.0,dataset_3,0
سرقة,1,1.0,dataset_3,0
ادم محمد اسلام مرحبا،هل تقصد تحويل خط دفع بعدي نحو دفع مسبق من فضلك ؟ زهرة من جازي 🙂,1,0.0,dataset_1,0
Beautiful,2,1.0,dataset_1,0
عرض تاع 1500 dz مكانش,1,1.0,dataset_3,0
اولا عليكم ان تصلحو سرعة التدفق بعدها تكلمو عن عروضكم ولا داعي لإعادة جملكم التي يحفظها الشعب الجزائري و الله والله والله ثلاث مرات لا أصدق حتى صدق تحيتكم انا اعترف بالملموس وليس الكلام,0,1.0,dataset_2,0
من قوة جيزي فور . لي زونيتي يتهدرو وحدهم,0,-1.0,dataset_1,0
Connexions de mobilis 00 dans la maison,1,1.0,dataset_3,0
ياساراقين ماتحشموش جابو علينا بدون رسوم وبدون ليزينيتي ياالسراق كليتولنا,0,-1.0,dataset_1,0
عندي اوريدو بصح راني نخمم في موبيليس,0,0.0,dataset_3,0
من فضلكم كيفية تحويل رصيد من البطاقة الذهبية للتلفون ؟,1,0.0,dataset_1,0
Conx merdique,0,-1.0,dataset_1,0
Comment activer Comment activer cette magnifique offre ?,2,1.0,augmented,0
اوريدو من بكري مافيهاش الخير .,1,1.0,dataset_3,0
._raouf_.x,1,0.0,dataset_1,0
🤑💥w3ra di❤️❤️❤️😍💯,2,1.0,augmented,1
.dz 1100da ou est la révolution ici !!,1,0.0,dataset_1,0
Mobilis connexion rétablie merci,2,2.0,dataset_2,0
اليوم دخل العرض هذا للخدمة وليس غدا,0,0.0,dataset_3,0
خويا زيد موبيليس تزيد في سرعة الأنترنت المنخفض على توب 4G رانا نعنيو,0,0.0,dataset_3,0
🤣🤣,1,0.0,dataset_1,0
.dz كيفاه نحرك الهاتف فهمنا اكثر,1,0.0,dataset_1,0
النشر و الأشهار,0,0.0,dataset_3,0
Li skhouna ji prv el wahed rah mharhar yaw 🔥🔥🍆🍆,1,0.0,dataset_1,0
ان عندي جيزي حبست نحولها بالصح ما عرفتش العرض لمليح hayla maxi ou bien Djezzy special ou bien hayla bezaf<br>جاوبني اخي من فضلك,0,0.0,dataset_3,0
مرحبا،نعم شريحة Djezzy Internet متوفرة في كل محلاتنا، للإطلاع على مزاياها اضغط هنا من فضلك : من جازي :),1,0.0,dataset_1,0
".bella Lala NTI khiyri wesh isa3dek machi lazem t'activy koulech. Ila tmouti 3la fb insta kayen illimité, Ila tchoufi bezaf les vidéos kayen illimité. 😁",1,0.0,dataset_1,0
Mauvaise affaire 😏,0,-1.0,dataset_1,0
يسرقولك دراهم,0,1.0,dataset_2,0
هاذي حشوة يعطوك حاجة او نحو منك حاجة يخلوك,1,1.0,dataset_3,0
INTERNET Nulle !!,0,-1.0,dataset_1,0
"ألق نظرة على خواطري و إقتباساتي و ثريد ربما تجد مايلامس قلبك✨ ⠀⠀✦ ⠀ ⠀ ⠀⠀* ⠀⠀. . ⠀⠀✦⠀⠀ ⠀⠀ ⠀⠀☄️ ⠀ ⠀⠀. . ﾟ . . ✦ , .⠀⠀☀️ * .. . ✦⠀ , * ⠀ ⠀ ,⠀⠀. ⠀ ⠀. ˚ ⠀ ⠀ , . . *⠀ ⠀ ⠀✦⠀ . . . ⠀🌕 . 🚀 ˚ ﾟ . .⠀ 🌎⠀‍⠀‍⠀‍⠀‍⠀‍⠀‍⠀‍⠀‍⠀‍⠀‍⠀, * ⠀. . ⠀✦ ˚ *.⠀ . . ✦⠀ , .",1,0.0,dataset_1,0
السلام عليكم <br>خويا حبيت نشري مودام 4gبواش تنصحني تاع موبيليس ولا اتصاالات الجزائر,0,0.0,dataset_3,0
أعفن مسلسل <br>عاشور العاشر<br>في ما يخص جيزي هناك تحديث فيه مسلسل عاشور العاشر بالإضافة إلى الإذاعة وكذا 3 حصص نرفيهية لمدة ساعتين هادا كله في تطبيق جيزي ويجب تحديث تطبيق جيزي,0,0.0,dataset_3,0
يسرقولي فيها لبونيس مزال ما كملش نلقاهم ينحو من صولد,1,1.0,dataset_3,0
انا بعتولي 25 جيغا كسرتها ورميتها,1,1.0,dataset_3,0
الخدمة تاعكم رائعة 👍,2,2.0,augmented,1
موبيليس فيها ليمتاسيو و عن تجربة تحبس عند 7 ميغا بيكس و جربت لاوين كذالك نفس الشي . <br>بصح عندي ابيس وحدخرة بيكس و في نفس لبلاصة تلحق لل 22 25 ميغا بكل سهولة ما فهمتش وراه الديفو لي خلاها تطلع فليميغا,1,1.0,dataset_3,0
jojo واش تتفرج مثلا,0,0.0,dataset_3,0
Dir vidéo 3la esim,0,0.0,dataset_3,0
Free fire,1,0.0,dataset_1,0
رنا معاك تيكنو ديزاد👏🇩🇿مكاش حق المستهلك في الجزائر 😠 حقا متنسناش فيديو تع Spotify وشكرا.,0,0.0,dataset_3,0
Un rpg style fantasy,1,0.0,dataset_1,0
Salah Khs شوف كون يريبونديولك نجري حفيان,1,0.0,dataset_1,0
شيكوور,2,1.0,dataset_1,0
لماذا لاتردوا في الخاص؟تردوا برسالة وبعدها متزيدوش تبانوا,1,0.0,dataset_1,0
العمق😆😆😂😂,1,0.0,dataset_1,-1
حنا 3gمكاش وهو يهدر على 5g ربي يجيب الخير,1,1.0,dataset_3,0
💯 ممتاز والله,2,1.0,augmented,1
رجعت بيس تاعي لجيزي هايلة وندمت كيفاش نحيها ؟؟,1,0.0,dataset_1,0
خويا كان نطلع ل 8m adisl زعما تتحسن لنترنت <br>علبالك دائما اتصالات الجزائر محتكرة وتمدلك 1m<br>في عرض 8m,0,0.0,dataset_3,0
يا جماعة أنا جربتها الشريحة مليحة . بصح كاين حاجة . كي تولي 3G توللي ثقيلة . و كاينة حاجة بخصوص ليلعبوا الببجي و الفري فاير . لبينغ يكون مليح كي تكون 4G بصح كي تكون 3G تولي عيانة خلاص,1,1.0,dataset_3,0
تحيا جيزي كونتر موبيليس,2,1.0,dataset_1,0
عروض اتصلات الجزائر خرا 💩,1,1.0,dataset_3,0
الخدمة تاعكم رائعة 👍,2,2.0,augmented,1
اقسم بالله العظيم الا بيس عيانة وتقيلا بززاف <br>شريتها في يومين تقالة كرهتها,1,1.0,dataset_3,0
الجازي مليحة ماشاء الله في الشارع ولكن عند دخولك للمنزل بايباي ريزو 😂,2,1.0,dataset_1,-1
Le resaux Mobilis d'Alger ça marche pas,0,1.0,dataset_2,0
هدي قاع مكانش منها,1,1.0,dataset_3,0
Djezzy imagini 😂,0,0.0,dataset_3,-1
سرااقين 😒😒,0,-1.0,dataset_1,0
اسوأ عرض شفتوا في حياتي انترنت ضعيفة بزاف,1,1.0,dataset_3,0
انا عندي جيزي وفي ولايتنا تمشي الانترنت مليحة بزاف ومافيهاش مشكل,2,2.0,dataset_3,0
بزاف200,1,1.0,dataset_3,0
.oubachir,1,0.0,dataset_1,0
من اسلوب أوريدو إبتزاز أموال الجزائريين ابتعدوا عن هذه الشركة السراقة,1,1.0,dataset_3,0
chadi,0,0.0,dataset_3,0
ana 3ndi hayla maxi ta 1200 tjini ya3touni 10Go mch 20Go kifech ??,0,0.0,dataset_3,0
هل متوفر العرض على شريحة جيزي هايلة بزاف !؟,1,0.0,dataset_1,0
والله مفهمنا والو 😒,0,0.0,dataset_3,0
انا عجبتني mobilis,2,2.0,dataset_2,0
أحسن شريحة تختار منها واش تحب,2,2.0,dataset_3,0
مانيش حابة نولي كيما هادوك السامطين لي وين تروح تلقاوهم😂😂 أيا دير ابوني في طريقك ربي يحفظلك ديك لميمة لعزيزة 😍😍,2,1.0,dataset_1,-1
أودي فدزاير لباغو يديرو 6 ج وماتتسڨمش مادام إتصاالات حاكما كلش,1,1.0,dataset_3,0
حطنا lien لي نشكو فيه,1,1.0,dataset_3,0
بارك الله فيك 👍❤️👏👏,2,2.0,dataset_3,1
"📱DJEZZY APPال 👌 ضربت حطّة جديدة 😎 مع تصميم و ميزات تطبيقيّة هايلة La story تقدروا تحمّلوا التطبيق على الرّابط في 💪 تستفيدوا من 1جيغا أنترنت مجّاني للتحميلات الأولى 😍، ما تضيعوش الفرصة !La DJEZZY App📱 fait peau neuve 😎 avec un tout nouveau design, une meilleure ergonomie et de nouvelles fonctionnalités 👌 Allez vite la télécharger via le lien en swipe up dans notre sotry 1GO d'internet offert pour les premiers téléchargements 😍, ne ratez pas l'occasion 💪#Djezzy #App #Internet",2,1.0,dataset_1,1
Vive Djezzy 600da,2,2.0,dataset_3,0
طالبو بالعروض,0,0.0,dataset_3,0
شكرا على المجهوداة باصح مازالة لاكونيكسيون غالية خويا تيكنو,1,1.0,dataset_3,0
تتحصل جائزة أحسن تغطية في #الجزائر المقدمة من شركة #أوكلا العالمية..الف مبروك. موبليس. في القمة.,2,2.0,augmented,0
عندي مودام هواوي 5G منذ تقريبا عام جبتو من السعودية يحكم 4g+ بقوة ..بانتظار ال 5G<br>العلم اشتريته من السعودية تقريبا 4ملايين في ذلك الوقت و حالياا يصل ل 8ملايين,0,0.0,dataset_3,0
واش من عرض هذا هل هو متوفرفي كل البطاقات,1,0.0,dataset_1,0
عجبوني العروض تاع سما,2,2.0,dataset_2,0
راح تهبل من الثقل نتاع الانترنت هه,0,1.0,dataset_2,0
Ana nedir nta3 1500 3andi hadra batel djezzy w 300 da les autres réseaux w 40g netferj biha ga3 chehr khir men hadi bzf,0,-1.0,dataset_1,0
وش معناها ميطاسيو,0,0.0,dataset_3,0
وعلاه يعني هدي لفرونسي لمخلطة بالعربيياخويا ساهلة، ديرو فيديو بالعربيةو ديرو واحد اوخر بالفرنسي قدقدلب حاب يتبع عربي يلقى هواه و لخر كيف,1,0.0,dataset_1,0
عروض لشهر ديسمبر 2020 هي الجديد تاعك بارك فيك,2,2.0,augmented,0
"سلام عليكم فعلت عرض يووز و الأن لا أستطيع دخول ل *110# يخرج لي ce service n&#39;est pas disponible sur votre offre,un programme dédié vous sera annoncé prochaine ent",0,0.0,dataset_3,0
Where did you get this little cutie?! + 1,1,0.0,dataset_1,0
Cnx t9ilaa 3lchv,0,-1.0,dataset_1,0
على ريزوكم الزين,0,1.0,dataset_2,0
oui 👍,1,0.0,dataset_1,1
كي تقذى 20 يعجوم 20 وداخرة,0,0.0,dataset_3,0
Djezzy Oran 56k حاليا💢💢,1,1.0,dataset_3,0
😂😂شهر الدول كليت 40 go غلق هالي 😂,1,1.0,dataset_3,-1
ارجو من صاحب الصفحة الاهتمام بجهاز اسمه مكرر الاشارة و نتمنى تعمل مراجعة عليه و واش متوفر عندنا فالجزائر او لا <br>و شكرا,0,0.0,dataset_3,0
والله يا خويا نعانيوا في ريزوا المسيلة مرض موبليس,1,1.0,dataset_3,0
نشكركم على المجهودات المبذولة 🤔 ولكن هناك كثير من الإنقطعات على مستوى شبكتكم في بلدية الطارف ولاية الطارف 36 و خاصةً الانترنت ضعف في التدفق ..,0,-1.0,dataset_1,0
Ooredoo khalas khlaas,1,1.0,dataset_3,0
اخي العزيز راك غالط 100/100 واحد جيغا بيت فالدقيقية وليس فالثانية صحح معلوماتك. وهنا نتحدث عن عن سرعة تحميل الملفات الكبيرة والالعاب وليس للتصفح العادي. وشكرا,0,0.0,dataset_3,0
اطلڨونا ريزو تحسب ان نطلبو فيكم,0,1.0,dataset_2,0
باغي نرد 3g لل 4g من سيت تاع موبيليس,0,0.0,dataset_3,0
Allah ybarak,1,0.0,dataset_1,0
حبسو فيسبوك مجاني في جازي,1,1.0,dataset_3,0
موبيليس مليحة برك في الصحراء وين كاين جماعة سوناتراك و الدراهم لأن في العاصمة الشبكة معدومة ( الريزو ),1,1.0,dataset_3,0
اودي هاذ شهر برأس ما مني زايدها,1,1.0,dataset_3,0
.dz لوكان ترجعوها شهر وتزيدولها شوي لابغيتو زعما,1,0.0,dataset_1,0
أحسن top موبيليس من 4 g موبيليس من حيث سرعة الانترنيت,2,2.0,augmented,0
"Vive l&#39;europe bouyges ,orange",1,1.0,dataset_3,0
إوريدو.مكانش.منها,1,1.0,dataset_3,0
Est ce que hedi pus jdida te3 djezzy welaa kifech?,1,0.0,dataset_1,0
لماذا انترنيت تنفذ بسرعة يعني لي ميغا ثم ثم يخلاصو,0,-1.0,dataset_1,0
انا آخر مرة اشترك في جيزي انترنت .ثقيلة جدا .و اتعيف,1,1.0,dataset_3,0
حاجة ماتصلح,1,1.0,dataset_3,0
ils nous ont arnaqué hchawhalna 😒😒,0,-1.0,dataset_1,0
شريتها ب 600 قالي خير دج فيها وماكتيفيا وتانيت قالي خير رقم من الميكرو ❤️,2,2.0,augmented,0
Merci ❤️,2,1.0,dataset_1,0
300da 😊,1,0.0,dataset_1,0
Wlate samta t9ila bzf 😒😒,0,-1.0,dataset_1,0
مرحبا بيك 🕤😋♥️,0,0.0,dataset_3,0
سلام خصنا عرض تاع 40 جيڨ ب 100 في اوريدو,0,0.0,dataset_3,0
Lwakn dirou dirou 1100da Insta w fb w youtube illimite Rah tenejhou grave,1,0.0,dataset_1,0
الخيار رقم. 7 لايضهر لي كيف الحل,0,0.0,dataset_3,0
خصتني انترنت مجاني في اوريدو,0,0.0,dataset_3,0
C&#39;est bon khrajli,0,0.0,dataset_3,0
3andi djezzy Confort 1500 DA ( control ) lhmdlh ya rabi .. Descendant 56 Mbps Ascendant 24 Mbps + ping 56,2,2.0,dataset_3,0
🙂لي يعرف كفاش نحي هد سما يقولي راني درتو و ندمت؟,0,1.0,dataset_2,0
ou kifach lazem une autre carte sim !,1,0.0,dataset_1,0
لله يرحمهم جيزي ديرولنا بونيس ياك نعرفوكم قادرين عليها ماتخيبوناش,1,0.0,dataset_1,0
كارثة في فلكسي ولا في انترنت,1,1.0,dataset_3,0
Kawin djoumla moufida ya za7 ..rien a compris,0,0.0,dataset_3,0
ياخي جيبلنا اخبار رسمية من صفحة موبيليس,0,0.0,dataset_3,0
Khawti kol mathrk tel yklolk les mégas bch ykoun fi 3lmkom brk mch gratuit 😂😂,1,0.0,dataset_1,-1
كونيكسو دوكا متريڨلوهاش ولا كيفاش,0,-1.0,dataset_1,0
متغلطش روحك يا أخي أوريدو لانها سريعة تبان بلي تستهلك فالجيجا لكن عندما ترجع للعداد تجد الاستهلاك صحيح وغير مغشوش,2,2.0,dataset_3,0
ماتساعدهمش 😜,1,0.0,dataset_1,0
probleme ta3kom c que makanch el réseau,0,1.0,dataset_2,0
تريد توجيها و نصائحاً لانشاء مشروع بميزانية صغيرة او معدومة!! تابع صفحتنا👌,2,1.0,dataset_1,0
مبروك مزيد من التقدم والنجاح إنشاء الله,2,2.0,dataset_2,0
جيزي و الكل مكريزي,1,1.0,dataset_3,0
الله لا تربحكم ..بدراهمي ومانيش نكونيكتي,1,1.0,dataset_3,0
كاين منها خويا والله عانيت منها بزاف,1,1.0,dataset_3,0
8 ملاير مديرلهم والو يدخلوها في 4 ايام لازم توقيف و مراقبة قانونية,1,1.0,dataset_3,0
😍 Servant,2,1.0,augmented,1
سمع مليح للمسنجر راهو مبلوكي على العالم كل<br>لانه كاين خلل تقني في التحديث لي فات حتى vpn ميدير والو عندهم ساعة ملي بعثو التحديث الجديد للمسنجر طلعو برك يروح البلوكاج,0,0.0,dataset_3,0
33KB = 264 kb <br>ولاية قسنطينة <br>عندي 5 سنوات منذ طلبت الهاتف الثابت للأسف مزال معندناش انترنت تاع Adsl,1,1.0,dataset_3,0
.dz يا دين الرب فالكومونتار و ثقال عندي يومين ملي قلتلكم حاب نفليكسي.. الكونيكسيو تقارعلها حتى 3تاع صباح باش تتسقم شويا و الكومونتار يومين بزااف والله العظيم 😏😏👎🥴,0,-1.0,dataset_1,0
متعامل علي أفضل متعامل علي وجه ارض,2,2.0,augmented,0
سراقين يخي يخي خداعيين 😡,0,-1.0,dataset_1,0
شوفلنا كاش حاجة نرجعو بيها حساب موقف نتاع فايسبوك,0,0.0,dataset_3,0
عندي موديم 4G و الله فيديو 360 ما يخدم مليح في اليوتيوب ..الله ينعل تبون و جزائره الجديدة,1,1.0,dataset_3,0
wtf is going in frucking algeria,0,-1.0,dataset_1,0
عرض iZZY متوفر على مستوى كل محلاتنا بسعر 300 دج 🙂,1,0.0,dataset_1,0
اول لايك,0,0.0,dataset_3,0
ياجازي انا راني في 400 نقطة.. وين راهي جائزة تاعي,1,0.0,dataset_1,0
Votre connexion est catastrophique c est pour ca je vais basculer vers 1 autre opérateur,0,-1.0,dataset_1,0
عندكم الشعر ماشي الجودة العالية,0,-1.0,dataset_1,0
راك روطار,1,1.0,dataset_3,0
١ض,1,0.0,dataset_1,0
لا حياة لمن تنادي، حسبنا الله و نعم الوكيل.,1,1.0,dataset_3,0
نحي لحيط هه,0,0.0,dataset_3,0
لا جيزي لا اوريدو لا اتصلات الجزائر نولو كي بكري ونطلڨو الكونيكسيون تع الجزائر كومبلي نولو ليامات دودة فلميلسون ديس ونلعبو غمايضة على كبرنا ولى قسام يمات كونيكسيون تع شكوبي هذي 😒,1,1.0,dataset_3,0
عندي 4 شهر من لي كملت مع جيزي كانو عندي 2بيس عذاب,1,1.0,dataset_3,0
أفشل شريحة وأسوء متعامل في الجزائر جيزي,1,1.0,dataset_3,0
البارح فليكسيت 500 و درت عرض اكسترا تاع 500 واليوم ملقيت والو راني نعيط بصح مكاش رد,0,-1.0,dataset_1,0
انترنت. في جزائر مشروع تسويقي لا غير. نوعية. الخدمة. معدومة,1,1.0,dataset_3,0
رمضان كريم لكل جزائرى,0,0.0,dataset_3,0
عندي عرض Sama net 100فديو (فايسبوك مجاني) ماراهش يتمشى,0,1.0,dataset_2,0
بصح حابة نسقسيكم حاجة وجاب ربي الفرصة علاه تضلو تاكلو في لينيتي تاع ناس ودايرين هاديك لبال فوكال تاكل 🤔🤔,1,0.0,dataset_1,0
من فضلك عرض سويتش تع أوريدو,0,0.0,dataset_3,0
👍 ممتاز والله,2,2.0,augmented,1
عرض دائم ولا مؤقت؟,1,0.0,dataset_1,0
العرض هاذا مليح العرض هاذا,2,2.0,augmented,0
برافو عليكم ❤️ استمروا هكذا,2,2.0,augmented,0
كسر البيس,1,1.0,dataset_3,0
bonne offre,2,2.0,dataset_3,0
ارجو الرد 12.00 تع ليل يدولي 20da ويبعتولي هاذة لميسااج Félicitations vous êtes sur Quiz Renew بلييز رد,1,0.0,dataset_1,0
بلا ريزو ولا كونكسيو,0,1.0,dataset_2,0
الانترنت عيانة ولات في سمانة خلاصت,1,1.0,dataset_3,0
me❤️❤️ Follow,2,1.0,augmented,0
مزالكم تسرقو خمسعلافات ول,0,1.0,dataset_2,0
رهي مليحه وتبقا لجيزي هي افضل متعامل نقال متعامل نقال فلجزائر,2,2.0,augmented,0
عندي top 4g حاب نرجعها pixx شهر ونرجع top منخافش,0,0.0,dataset_3,0
جيزي عندي فالدار (الشيقارة ميلة) بصح نقرا في قسنطينة يقولك hors connexion طول 😏😂,2,2.0,augmented,-1
حتى نكمل الحلقة الأولى ممبعد ساهل ، 😑 من ثقل النت عندكم ،,0,-1.0,dataset_1,-1
Mli7a hdi 😂,1,0.0,dataset_1,-1
عند اكمال شهر وشهر أخر نقدر نعاود نأكتيفي 100 دج 30جيغا,0,0.0,dataset_3,0
موبيليس مافيهاش العروض ثاني فيها ليميتاصيون تاع 8 ميغا ماتفوتش فال 3g اما فال4G ماتفوتش 512 كيلوبايت فالثانية ، فالنهار من 8 صباحا حتى تقريبا 1 فالليل تكون مليميتيا .. اما جيزي واوريدو ضعف تغطية وكذا ضعف تدفق فالنهار حتى تصل الى تقريبا 30 كيلوبايت اما فالليل فتبدا السرعة تتضاعف مع 2 تاع الليل حتى 9 تاع الصباح لتصل خلال هاته الفترة الى سرعة مهولة تصل الى 30 ميغابايت فالثانية . اما فالفترة الصباحية كلهاا كما ذكرت اضعف من الضعيف,1,1.0,dataset_3,0
لي يدير العرض هذا يقدرش يرجع لي عندو وعرض فاشل غير مكلاه تجربوه,0,1.0,dataset_2,0
علاش كي تكمل المدة و يبقاو لي les octéو لا les giga تسرقوهم ما تحشموش ياك هذوك دراهمي من المفروض تخلوهم و الله المستعان,0,-1.0,dataset_1,0
خويا شوفنا اوريدو كونكسيو تعها ولت حلة توصل 10 تع نهار بينڨ500,1,1.0,dataset_3,0
الله يحفظكم دجيزي بعثولنا لبونيس تاع شهر Djezzy smart خلاصتلي لكوناكسيو ولهدرة وغدوا لعيد بزاف حتى 1شهر 0781494722لالين تاع 1300دج,2,1.0,dataset_1,0
وشبيها الكنكسيون هاد ليامات¡¡¿ يخي راني مخلص مش نسرق ولا ؟؟,0,-1.0,dataset_1,0
خويا سؤال نحب نسقسيك <br>umdigi a5 pro<br>هل يستحق الشراء,0,0.0,dataset_3,0
بلدية تامسة ولاية المسيلة غير مغطاة بخدمة الجيل الثالث,0,-1.0,dataset_1,0
عندك لحق دجيزي راني مريض معنها,1,1.0,dataset_3,0
Barakallaho fik Barakallaho fik akhi,2,2.0,augmented,0
واش معنتها لميتاسيو أخي الكريم قول استهلكت كذا جيڨا ولا تقل كالي 6 جيقا خلينا نفهموك باه نبقى نتابعوك اني درتلك جام تهلا ويعطيك الصحة,0,0.0,dataset_3,0
انتي افضل افضل دجيزي💞😍😘💞💞😍😘💞💞😍😘💞💞😍😘💞 دجيزي💞😍😘💞💞😍😘💞💞😍😘💞💞😍😘💞,2,1.0,augmented,1
Djezzy الحمد لله انكم رديتمهناك شئ محير اعلاه هاتف مصلحه الزبائن مغلوق,1,0.0,dataset_1,0
أسوء تغطية و أسوء انترنت و مرانيش نحكي على العاصمة نحكي على باقي ربوع الوطن,0,1.0,dataset_2,0
عندي جيزي شركات الريزو والو كي نكون فالبيت,0,-1.0,dataset_1,0
مقدرتش نشوف لفيديو بسبة لكنكسيو تاعكم,0,-1.0,dataset_1,0
Wlh marani n7Qi biha 5las,1,0.0,dataset_1,0
طز في الجزاير 3g 4g 5g كيف كيف اضعف انترنت في العالم نحن في الجزائر عندنا غير التسمية لكن الحقيقة السرعة 0. وايضا التغطية 0 <br>سميها كيما تحب الجيل 3 او 4 او 5 او حتى 6 تبقى السرعة والتغطية تحت الصفر,1,1.0,dataset_3,0
درت عليها فيديو خويا يعطيك الصحة,0,0.0,dataset_3,0
المشكل أنهم يطلڨو عرض يقولو هايل ب ألف دينار 40 جيقا وكلش باطل حتى تحشم تحس روحك رآهم يصدقو عليك هذا في الإشهار طبعا بصح في الواقع غير تروح للعرض هذاك تبدأ المعاناة غير يخلاص وتجي تعاود تشارجي يقلك ما تقدرش لازم 1500 دينار هذيك المرة الأولى برك لابيس هدية من عند جيزي تقول عطاوهالك باطل والأنترنت 40جيڨا تاكل منها 15 والباقي تلقى غير الحنش يدور في النص وقبل وقت النهاية ب خمس ساعات يقلك خلاص لازم تشارجي المهم نصب وإحتيال أمام الملأ وعادي متخير حتى متعامل كامل كيف كيف,0,-1.0,dataset_1,0
سرفيس مليح ✅ برافو,2,2.0,augmented,1
Connexion 4 g ماتصلحش فراك سي بون وليت مانأكتيفيش غير على جال التغطية تاعكم ارتقو ناس راهي ف 5g وحنا 4 g زعمة والفايدة قرنون,0,-1.0,dataset_1,0
لنترنات تا الجزائر ثقيلة طول عامة,1,1.0,dataset_3,0
عندي مشكل في الشريحة، لا استطيع استقبال المكالمات و اذا حاولت الاتصال لا استطيع أيضا، مع العلم ان الشريحة سارية المفعول.,1,0.0,dataset_1,0
لونطيل نتاع موديل 4جي واين نلقاهم,0,0.0,dataset_3,0
Rockstar 🔥,1,0.0,dataset_1,0
غدوة انشاء الله نشري بيس موبيليس 💛💚 بيس موبيليس,2,2.0,augmented,0
Conx ki zabi jaya,0,-1.0,dataset_1,0
انا قبل شهرين لحقت عندي 16mb,2,2.0,dataset_3,0
Djezzy au niveau de Tizi-ouzou catastrophe,1,1.0,dataset_3,0
كيف الغي عرض كويز ورجاء الامثلة بالصور,1,0.0,dataset_1,0
.s ترافيس سكوت خاف منها خهخ,1,0.0,dataset_1,0
موبيليس ما كانش خلاص,1,1.0,dataset_3,0
جربلنا djezzy confort,0,0.0,dataset_3,0
السلام عليكم<br>صحا رمضانكم وصحا فطوركم، هل من جديد حول ستار لينك الخاص بكم وهل تم تسريحه من طرف الجمارك ؟!,0,0.0,dataset_3,0
شريتها لبارح وثقيلة بزااف,1,1.0,dataset_3,0
مستحيل,1,1.0,dataset_3,0
ياجازي دعيتكم لله 🤲🏻من هد الكونكسيو 😢,0,-1.0,dataset_1,0
حتى تخدمولنا ريزو نكونيكتو غاية 😑😑,0,1.0,dataset_2,-1
الشيء المحير ليس في جيزي لكن في مسؤولي القطاع أليس هناك وزارة لتتدخل لوقف هذه المهازل ..,1,1.0,dataset_3,0
خسارة 😒,0,-1.0,dataset_1,0
وش راه يقول هذا المخلوق اللي فهم يفهمنا ما تقليش راه يلقط في المشاهدات برك,0,0.0,dataset_3,0
سلام واش هو احسن تطبيق vpn,0,0.0,dataset_3,0
خصنا شوية تاع كونيكسيوا مرقتوها,0,-1.0,dataset_1,0
كيفاه نديرها تع موبيليس؟؟,0,0.0,dataset_3,0
Djezzy dyra ki khra cncio vrai chkla,0,-1.0,dataset_1,0
اوريدو اكبر شركة سراقة في العالم,1,1.0,dataset_3,0
Win rahom rifkaa ou nhla ou ou..wela mchi t3hom lprojet 🤔🤔,1,0.0,dataset_1,0
مرحبا، عرض مودم Pack Djezzy 3ayla متوفّر في 3 باقات كما يلي : 1- باك عايلة 700 دج : شريحة انترنت USIM مع رصيد 15 جيغا صالح لمدة شهر + مودام 2- باك عايلة 7500 دج : شريحة انترنت USIM مع رصيد 60 جيغا صالح لمدة 3 أشهر + مودام 3- باك عايلة 8500 دج : شريحة انترنت USIM مع رصيد 150 جيغا صالح لمدة 6 أشهر + مودام زهرة من جازي 🙂,1,0.0,dataset_1,0
تطلعلي موبيليس فالدار 50.81mps // هي احسن في الانترنت على مستوى الجزائر برك خاصين يزيدولنا شويا عروض و ما يقعدوش محصورين في pixx100 w pixx200,2,2.0,dataset_3,0
كيفاش نحاول لجيزي بيناتنا,1,0.0,dataset_1,0
علاش كنكسيو مكاش علاش 🙄,0,-1.0,dataset_1,-1
سرقوهالي ومكانش منها قااع .,1,1.0,dataset_3,0
نحيتولي ريزو تاع نت و عندي ريزو ميقدروش يعيطولي ناس موقف علاش هكا مزالي ١١جيقا تاع نت علاه كوبيتلي نت نعيطلكم مكاش ني خدمة زبائن ني والة,1,0.0,dataset_1,0
OMG 😵😵❤️,2,1.0,dataset_1,0
نسقسي هذي برك و نروح لي يجاوب على ليكومنثار خالص !! هاا دخلوني نخدم,1,0.0,dataset_1,0
اكبر حشوة هي سما المهم السمانة الاولى يطيرولك بالانترنات نصيحة لا تشتروها فيها سرقة كبيرة او عرض تافه اكبر عملية نصب على الزبائن لوكان جات الدنيا دنيا والله غير العدالة تاكلهم,0,1.0,dataset_2,0
"Bonjour, j'ai tant joué au jeu quiz mais je me demande Sincèrement comment ont gagné.",1,0.0,dataset_1,0
Gagne 100dhams😂😂,1,0.0,dataset_1,-1
عيب مكانش حتى تعليق موجد كلهم سالب و مازال ما حشمتوش تنشرو يا وجوه البق,1,0.0,dataset_1,0
Djezzy يا اخي انا اتنقل بعدة اماكن بالعاصمة المشكل ليس بالمكان ،مشكلتي هي انكم تحددون سرعة النت بعد كمية محددة من الاستهلاك ارجو حل ، اريد تحميل لعبة 2G سانتضر 3ايام لاحملها 😤,0,-1.0,dataset_1,0
ياودي عندي جيزي وموبليس في زوج مكاين والو ناقصين في زوج لكونيكسيو ثقيلة بزاف وانا نسكن في العاصمة ياودي كارثة في زوج يبيعونا في الريح,1,1.0,dataset_3,0
slm 5ouya ma9oltnch lakan ki nbedlo men offre 1500da le 2500da <br>es que na9dro nerj3o le 1500da le mois li men wrah ?<br>switch ooredoo,0,0.0,dataset_3,0
الله حفضك خويا كي درتنا تاسة هكا باه ملاه نشريها نكنكتي بسوتش خير,0,0.0,dataset_3,0
برافو عليكم صراحة استمروا هكذا,2,2.0,augmented,0
منحوسش نطير كما لي راه طاير في لافوطو ويحوس على ريزو نحوس غي في بلاصتي ونحكم,0,-1.0,dataset_1,0
esQue lazem ykon 3ndKk puss #Djezzy bsh participer !? li3ndoo d’autre y9dr .. nn!?,1,0.0,dataset_1,0
الله لا تربحكم يا السراقين ديرولنا حل نرجعو لعرض بيكس الا مكانش الواحد يبدل المتعامل,0,1.0,dataset_2,0
احسن متعامل احسن متعامل جيزي,2,2.0,augmented,0
هه حتى انا,1,0.0,dataset_1,0
اسوء متعامل يحاولو يراوغو في هذا العرض نقصو من لكريدي ورجعوه في لي جيق,1,1.0,dataset_3,0
والله كرهتني الانترنت ضعيفة ياسر,1,1.0,dataset_3,0
Slower than a snail 🐌🐌,0,-1.0,dataset_1,0
Very low speed 80G !!,1,0.0,dataset_1,0
خويا واش رايك في اوريدو سويتش ارجو رد خويا لعزيز,0,0.0,dataset_3,0
راني نشوف فهاد الكذبة باليوتيوب المجاني 😂😂,1,1.0,dataset_3,-1
Nn pink f ooredoo hwa lmyar,2,2.0,dataset_3,0
حسنو في خدمات الانترنات و من بعد حطو الاعلانات و العروض,1,0.0,dataset_1,0
كي نفليكسي يسرقولي خمسالاف شكون لي راهي تدي فيها زهرة ولا نسرين 😒,0,-1.0,dataset_1,0
بلاصة مافيهاش 4g موبليس,1,1.0,dataset_3,0
هكذا تعجبني موبيليس 💪😎❤,2,2.0,dataset_2,0
العرض إبتداءا من 15/11/2020 إلى غاية 05/12/2020 وتعود كما كانت,0,0.0,dataset_3,0
الكونكسيو طيارة,2,2.0,dataset_3,0
يا وحد الجيش الالكترونية هه,0,0.0,dataset_3,0
parmi gae les puces c’est la seul li mndmtch 3liha,2,1.0,dataset_1,0
رني في خمس سنين نخدم بيها عجبتني,2,2.0,dataset_3,0
اذا مخلصيناك موبيليس. قولهم القرية زرالدة لونتال تاعهم طاح. لا ريزو لا كونيكسيو. اذا عروضهم يعاونو بيها رواحهم,1,1.0,dataset_3,0
انا بدلت العرض تاعي من pix الى sama وفليكسيت 100 .. ملحقتنيش قلت بالاك بعتهالي ماكتيفيا pix ؟ واش ندير,1,0.0,dataset_2,0
كيفاه نكتيفي جيزي,1,0.0,dataset_1,0
متحكمش 15 يوم,1,1.0,dataset_3,0
وش ندير ل ب 30g هه انا 13g و تفضل..كل سهر ترجعلهم 8g و 100da كريدي..مانكملهمش..,0,0.0,dataset_3,0
Ana 3andi rahi mliha,2,2.0,dataset_3,0
فليكسيت وديتو الكريدي,0,-1.0,dataset_1,0
كون تريڨلوا الإنترنت قبل بش نقدروا نشوفوا سيري كي الناس 😕,0,-1.0,dataset_1,0
راك غالط اوريدو سويتش فليل تولي عندي 512 المكان وهران,1,1.0,dataset_3,0
ما درتو حتى لقطة تحتافلو و خلاص اعطيونا شهر باطل من 5حتى ل5,1,0.0,dataset_1,0
الخدمة تاعكم رائعة 🌟,2,1.0,augmented,1
Manquent n1 wesmoo😂😍😍,2,1.0,dataset_1,-1
اودي كونكسيون كي صرالها ؟,0,-1.0,dataset_1,0
ياودي حنت خصنا تيك توك ولا 🙄🙄😏,1,1.0,dataset_3,-1
واش من زادت راها غير كيف كيف بالعكس البارح واليوم نقصت كي موبيليس كي ايدوم 4جي,1,1.0,dataset_3,0
Nzid 200 Da 3and ooredoo ya3toni 20 Go 😉,0,-1.0,dataset_1,0
حاب نحبس اشتراك معكم لان خدماتكم سئي واذا ولايات الجنوب جميع موطنيها لديهم اشتراك مع موبليس الان شركة لم تقدم شئ كمقابل لهاته الولايات كمثال مساهمة في تشيد مستشفى او صرح ترفيهي أو دعم الفرق المحلية,0,1.0,dataset_2,0
موبيليس والكل يتألم,1,1.0,dataset_3,0
ساهلة بوكس لمودام يمشي مليح في لبلايص وين تكون ناقص ريزو رد عليا من فضلك,0,0.0,dataset_3,0
Hope Ania Natir انا والله غير شريت موبيلس,0,-1.0,dataset_1,0
كي تسڨموا ريزوا نتاعكم ومن بعد ديروا عروض نتاوعكم,0,1.0,dataset_2,0
"Ooredoo rahi ,🤬🤬 kol yom nriklami mi walo",1,1.0,dataset_3,0
الخدمة تاعكم رائعة ❤️,2,2.0,augmented,0
خويا تكنو انا عندي لاسويتش نتاع 50 جيڨا و سرعة الانترنات لا تتجاوز 2 ميجا في الصباح علما انني من بجاية,0,0.0,dataset_3,0
هات يكيفوني انا برك ومنبعد ساهل ودرك نرجعو للامتياز علاش عندي 9 اشهر ملي نحيتوهم ومرجعتوهمش وعندي مدة وانا نبعتلكم فالخاص ومترجعوش,0,-1.0,dataset_1,0
جيزي والكل مبريزي خدمات ضعيفة,0,-1.0,dataset_1,0
Mankdebch alik fih haja whda ta3 50 da mix Hada wch banli mli7 djezzy sahbi 200 andk 60 go 700 da vert tout en plus djz batl Hada wch kyn mli7 li rah ydor dommage kayn prb ta3 réseau min dak f quelques places hfdk shbi pr l&#39;info slm,1,1.0,dataset_3,0
انا راه عندي مدة تاع اربع سنين اوزبد شريتلوا بيس سويج ا.و تلفون فيكس الله يبارك,2,2.0,dataset_3,0
♥️,2,1.0,dataset_1,0
والله يديولنا دراهمنا الله لا يتربحهم,1,1.0,dataset_3,0
يا صاحبي شحال تكدب للفيديو ديالك كامل خرط,1,1.0,dataset_3,0
هذا وين سييتو ميمشيش,1,1.0,dataset_3,0
الخدمة تاعكم رائعة ✅,2,2.0,augmented,1
تدفق مكانش كي تولي 100جڨا,0,1.0,dataset_2,0
تدفق تحت الصفر,0,-1.0,dataset_1,0
j'ai acheté la puce izzy et j'ai rempli toutes les informations j clicke sur envoye mais ça reste comme ça rien ne se passe😢😢,0,-1.0,dataset_1,0
درتها وخيرت sama net نحاولي الكونيكسيون وليزينيتي راني بالزيرو,1,1.0,dataset_3,0
عروض دائمة ولا مؤقتة ..؟؟,0,0.0,dataset_3,0
لا vpn لا شكوبي بركاك مالخرطي,1,1.0,dataset_3,0
عندي 30 جيقا وراني نخدم بالفيس بوك مجاني فهموني دروك أطلقوا ا الانترنت ردوا عليا الصباح تخدم ودروك راحت كامل اتقوا الله ..,0,-1.0,dataset_1,0
ربي يحفضك اخي,0,0.0,dataset_3,0
عيطت ل 77 و جربت كود 780 و والو,1,0.0,dataset_1,0
لا لي الليميتاسيو هيا نديرو حملة,1,1.0,dataset_3,0
Fantasy jeu de stratégie,1,0.0,dataset_1,0
غيرتها فقدت اشتراكي في بيكس مع اني جددت العرض قبل ايام. كان لازم توضح يا الاخ قبل النشر,0,0.0,dataset_3,0
السلام عليكم تحية من ناس البرواقية اليك نحن من المشتركين للقناة شكرا,0,0.0,dataset_3,0
السلام عليكم جيزي هي الافضل من ناحية العروض وجامي سرقتوني كي نكتيفي ولا نفليكسي فقط الفيسبوك راو ثقيل بزاف حتى نعيا,0,-1.0,dataset_1,0
خويا فهمنا كيفاه نشري لابيس وكيفاه ندير ديما,0,0.0,dataset_3,0
Brabi nchlah chahar lakher manzidech nflixy fiha conixoin zebala,0,-1.0,dataset_1,0
hay lhadra,2,2.0,dataset_2,0
كونيكسيو تاعكم 💩💩,0,-1.0,dataset_1,0
موبيليس توب كاتجي تبقى هي أحسن شريحة فلجزائر,2,2.0,dataset_3,0
في وهران دجيزي راها مليحة,2,2.0,dataset_3,0
المشكل لي حيرني ان سرعت الانترنت في رمضان جيزي هايلة ماكسي مكانش فيها ليميتاسيو و سرعت الانترنت كانت طيارة video 1080p كنت نشوفو نورمال,2,2.0,augmented,0
هديك لكونكسيو الباهية حتى نزيد نبارطاجيها,2,1.0,dataset_1,0
مشكور على المعلومات القيمه 🥰❤️🇩🇿,0,0.0,dataset_3,1
L'offre elle est loin de nos besoin,0,-1.0,dataset_1,0
Wchbih hayeej hh,1,0.0,dataset_1,0
علاه تفسدو في العروض 6G واش دير بيها اصحيبي 🐸😌,0,-1.0,dataset_1,0
Khas nchri puce jdida?,1,0.0,dataset_1,0
هل المكالمات نحو موبيليس. مجانية في عرض sama net,1,0.0,dataset_2,0
راكم غير تخرطو عرض اقل اغراء من العروض الموجودة .لماذا تخسروا في الاشهار باطل المسؤول عن التسويق ديما يحب يكسر شركة جيزي ؟؟,0,-1.0,dataset_1,0
حسبوان الله ونعم وكيل,0,-1.0,dataset_1,0
9awdi,1,0.0,dataset_1,0
.dz وقتاش تبعثو ؟,1,0.0,dataset_1,0
J'attends votre reponse,1,0.0,dataset_1,0
صح فطورك عمتي موبيليس ❤️❤️,2,2.0,dataset_2,0
سڨمو ريزو تاعكم بركاونا متمسخير,0,1.0,dataset_2,0
تطلق فيهم سوارخ,0,0.0,dataset_3,0
سلام أنا عندي بيص جيزي حب نبدلها نرجعها إيزي نقدرو نبدلوها ولا نن,1,0.0,dataset_1,0
احسن العروض هو عرض جيزي.,2,2.0,dataset_3,0
علاه متحبوناش نكونيكتو حتى يكملو الجيڨا يوصل شهر تقطعوها,0,-1.0,dataset_1,0
بلباركة عليك خو,2,1.0,dataset_1,0
w ta3 ooredoo,0,0.0,dataset_3,0
نقدر نغير من عرض توب 4 جي ل لاوين,0,0.0,dataset_3,0
صحيت.. انا ثاني رايح نطيشها,1,1.0,dataset_3,0
كم مدة صلاحية العرض هل هو شهر ام غيير محدود ..ملاحظة انا لا اقصد الفترة الترويجية لأنني اعرف ان اصدار هذا العرض لمدة وجيزة و يتم نزعه,0,0.0,dataset_3,0
Aaa saha hadawin fhmt hsbt b crédit et tous 300da 😂😂 merci frr hfdek 🙌❤,1,0.0,dataset_1,-1
جيزي تبهدل بزاف ماشي هايلة بزاف,0,-1.0,dataset_1,0
مفهمتش واش هي لي مدى الحياة,1,0.0,dataset_1,0
La connexion fi hala en plus normalement tmdoulna un mois batel,0,-1.0,dataset_1,0
احسن شريحة هيا اوريدو سويتش لحقتلي 45ميڨا في الثانية,2,2.0,dataset_3,0
الشبكة منقطعة منذ عدة أيام,1,1.0,dataset_3,0
الشريحة تسكرت، ممكن نفتحها,1,0.0,dataset_1,0
راني نفلكسي تدولي,0,-1.0,dataset_1,0
خويا واشنو هوا سر,0,0.0,dataset_3,0
アヌースアヌス アヌースアヌス même chose je souffre énormément aucune connexion,0,-1.0,dataset_1,0
Amir Alger hkk ra7 tsrali mn9drch n déplacer f hed corona w ida 3la 4g m3ndi mndir biha,0,-1.0,dataset_1,0
فيها الحيلة والخداع في العرض لا يوجد شفافية,0,1.0,dataset_2,0
mobilis,1,0.0,dataset_1,0
ناس كونيكسيو عندها باطل والتدفق العالي واحنا مزال متخبطين معاها ..طز,1,1.0,dataset_3,0
فليل نقصا بزاف,1,1.0,dataset_3,0
Saha aidkoum w kol 3am w ntouma bikhir Snn ta9drou tmadouli numéro tae service dylkom Bach naeytlkom aendo prplm f la puce,1,0.0,dataset_1,0
ليوم في عين الدفلى راحت التغطية اكثر من ساعة,0,1.0,dataset_2,0
شكرا جزيلا ❤️ كل شي مزيان,2,2.0,augmented,0
La Switch 25Mbps /38Mbps 3ajbetni,2,2.0,dataset_3,0
En ce moment-là Djezzy spécial 34 Mbps <br>Ain Taya Alger,2,2.0,dataset_3,0
جازي سبيسيال مكااش,1,1.0,dataset_3,0
تجربة رائعة والله نشكركم,2,2.0,augmented,0
ريزو مليح في الاماكن الضعيفة التغطية,2,2.0,dataset_3,0
Diroha fi to9betkoM,0,-1.0,dataset_1,0
اذا كان غير قانوني من يحمي المشتركين انا بالنسبة ليا لاسويتش خيرمن موبيليس سرعة الانترنت تعتمد على البلاصة والتغطية,1,1.0,dataset_3,0
أمال أمولة ما تجيش غير هاك و توكلي ربي مشي سااهلة نعلي شيطان,1,0.0,dataset_1,0
حابة انسقسيكم اليوم ياك كونيكسيو راهي باطل مي ماهيش تمشيلي تبقى غير تخرجلي هاديك الدويرة ادور ندخل فالفايسبوك مي اتروح انشوف لي ميساج ميدخليش لاه ؟؟😭😞😭😞,0,-1.0,dataset_1,0
مليح بزاف 🌟 نوصي بيه,2,1.0,augmented,1
كلامك صحيح أصبحت الكونيكسيو تثقل بزاف مش كيما بكري,1,1.0,dataset_3,0
ماجاتنيش,1,1.0,dataset_3,0
مهزلة الله لا تربحهم يخلاص شهر نكصرها 😑 عندي 30go ومزال 10 ايام كفاه نكملها انا بهذي لافيتاس يرحم باباك,1,1.0,dataset_3,-1
Nn f pink ooredoo hwa lmyar,2,2.0,augmented,0
يرحم باباك اوريدو 100 الف يعطوك 8 جيغا و150 الف يعطوك 30 جيغا وفي نفس الوقت يسرقوك معنتها دزاير ما فيهاش انترنت,1,1.0,dataset_3,0
راضي بزاف والله الله يحفظكم,2,2.0,augmented,0
.dz merci 💥,1,0.0,dataset_1,0
والله لا زادت دخلت فرنك في جازي راح ندورها لاسويتش,1,1.0,dataset_3,0
سنتيم ولا دينار ا حبيبنا,0,0.0,dataset_3,0
ليس مشكل عروض المشكل في التغطية و التدفق موبيليس كارثة,1,1.0,dataset_3,0
Nrmlmnt gratuit akem mais me3lish 🙂 mshoumrin je cc ..,2,1.0,augmented,0
والسرعة بعد نفاذ الجيقا نتاع انترنت 100,0,0.0,dataset_3,0
احسن عرض احسن شركة .. جزيلا لكم,2,2.0,augmented,0
الشبكة ضعييفة جدا جدا حتي في وسط المدينة .الشبكة كارثية,0,1.0,dataset_2,0
أخمج عرض هو ديما سياسة تجارية ماكرة ماننصح حتي واحد بيه هءا العرض آتى للتخبصمن عرض غولد. في غضون الأشهر المقبلة لا انصح اي احد به شريحة اووريدو عادية لا يمكنك التحويل إلي عرض غولد أنا عرض ديما التافه يمكنك التحويل إلي عرض ديما سياسة تجارية ماكرة فهمتم الآن,1,1.0,dataset_3,0
شكون لي راه ينحولو من sold كي دير مكالمة ومنحولوش من لبونيس,1,1.0,dataset_3,0
سرفيس مليح صح برافو,2,1.0,augmented,0
Woww🇩🇿💚.7,2,1.0,dataset_1,0
نتا لي عندك ليميت انا ماعنديش 😑 في جيزي تمشي عندك ليميت عادي,2,2.0,augmented,-1
هاذ العرض مكاش منو نهائيا غير خرطي شفت في صفحة اوريدو على الفيسبوك مكان حتى اعلان على هاذ العرض و موقعهم كذلك لا اثر للاعلان حتى في وكالتهم عندنا معندهمش علم <br>منين جبتو هاذ الخبر منيش عارف <br>الله يهدينا ويهديكم,1,1.0,dataset_3,0
rahtlnna 😭😭,1,0.0,dataset_1,0
nchlh diro section surprise sur izzy,1,0.0,dataset_1,0
نتما درتو publicité أو انا جبتوو,1,0.0,dataset_1,0
مرحبا موبيليس 🔰 غدوا نشري شريحة تاعكم 🇩🇿,2,2.0,dataset_2,0
حشيتوهالنا حشوة متتعاودش بالعرض هذا تاع سيما تاعكم تفليكسي 100الف يعطوك 20 الف هدرة ستحمرتونا,1,1.0,dataset_3,0
هل هناك جديد على عرض مؤبيليس<br>لوين كنترول,0,0.0,dataset_3,0
يرجا تحسين انترنات راهي ضعيفا بزاف,0,-1.0,dataset_1,0
Joyeux fête l3id djezzy,1,0.0,dataset_1,0
Dayra djezzy spiciel abonment kanet jiga hayla tawal mtroh 25 Go w dok troh tem tem whedha??w😒,0,-1.0,dataset_1,0
سلام عليكم<br>موبيليس ريزو طلالبا شغول راهم يصدقو او كي تروح لعندهم تشكي يقولولك جيب 5 يشكو,1,1.0,dataset_3,0
Wali ma3ndoch djezzy,1,0.0,dataset_1,0
Djezzy braavoo 👏👏rakom ttawro mn say2 ila aswa2 😑😑,2,1.0,dataset_1,-1
يااخي الكونكسيو عندنا في حاسي مسعود مكانش فرق بين اوريدو وجيزي موبيليس كارثة كبيرة والله تعبنا يا اخي مع العلم عندي اوريدو سويتش و لا وين كونترول ماكس خسارة دراهم باطل,1,1.0,dataset_3,0
في التغطية تتفوقون على منافسيكم,2,2.0,dataset_2,0
دجيزي تمشي عندي لاباس في لاباس في عنابة .,2,2.0,augmented,0
وعلااه لنترانات راهي مكانش اربي. وش. بيكم. هذاا وشي هذا ااستغلال والسرقة,0,-1.0,dataset_1,0
90 جيغا انترنت في شهر والسرعة توازي سرعة السلحفات ما الفائدة ؟!!90 جيغا هاذي تعطوهاني في عام ما نكملهاش وين راني عايش انا 😄😄,0,1.0,dataset_2,0
حنا لي جا يزوج بنا حقنا ضياع في كل شيء,1,1.0,dataset_3,0
Normalement chof chhal bqawlk ô matfrajch 😢😢,2,1.0,dataset_1,0
جيزي وين راه الكادو تاعي من رمضان مبانش و متقولوليش روخي بريفي نظل نبعث ليميساج مترجعوش,0,-1.0,dataset_1,0
واش معناها ليميطاسيو مافهمتهاش,0,0.0,dataset_3,0
سراقين,0,-1.0,dataset_1,0
.chicola ce n'est pas une promo mais une offre valable à vie 😉,1,0.0,dataset_1,0
ريڨلونا الكونيكسيو تاع المودام ومبعد اهدروا,0,1.0,dataset_2,0
السلام عليكم لقد تم غلق شريحتي جيزي اتصلت بمصلحة الزبائن لم يتم الرد عليا.اريد استرجاع شريحتي,1,0.0,dataset_1,0
ياو سقموا الكونكسيون,0,1.0,dataset_2,0
طول فل الهدرى بزاف تقلق,0,0.0,dataset_3,0
موبيليس الأفضل في الجزائر أصحاب التعليقات برك تبغوا تنتقدو من أصحاب التعليقات أجل الانتقاد فقط.,2,2.0,augmented,0
cnx rahi t9ila ?,1,1.0,dataset_3,0
كي سموه تطبيق؟؟,1,0.0,dataset_1,0
على ما اظن عرض بيكس خير منها,2,2.0,dataset_3,0
من نيتكم 😂,0,-1.0,dataset_1,-1
بالتوفيق خويا تكنوا حنا علينا الدعم و نتا عليك الحصري,0,0.0,dataset_3,0
جاوبني,1,0.0,dataset_1,0
واش راك 🌟 شكرا,2,2.0,augmented,1
يونوب ثقيل زدرة قريب ما يمشيش .. فيديو تع دقيقة تشوفو متقطع في عشرين دقيقة,1,1.0,dataset_3,0
عرض اوريدو سويتش اذا ما كملتش بيها العام صح يتابعوه قضائيا,1,1.0,dataset_3,0
هاذي لازم بيس تشريها موبيليس ولا فلبيكس كاينا او كيفاش تكتيفيها اخي الكريم,0,0.0,dataset_3,0
Lazem techri la puce iZZY 😁 rahi disponible partout f Kamel nos points de vente,1,0.0,dataset_1,0
اضعف شبكة فالعالم..كي ندخل للدار الريزو و مكانش..امام المنزل 2g..كيف استفيد من عروضكم و الشبكة ضعيفة في مدينتنا..إتقو الله,0,1.0,dataset_2,0
ريقلونا جد الريزو وقوولنا فالانترنت وشنو هذا تحسب راني عايش فلعصر الحجري,0,-1.0,dataset_1,0
rebi yahefdek,2,2.0,dataset_3,0
عروض جيزي هي الأسوأ,0,-1.0,dataset_1,0
هاذي تاع زوج توب 4جي و الشهر الثالث مافهمت فيها والو,0,0.0,dataset_3,0
ريزو خردة,0,-1.0,dataset_1,0
Djezzy هلا نسرين🙂😂😂,1,0.0,dataset_1,-1
.se_ cha3b zz ntoma,1,0.0,dataset_1,0
كونيكسيون انتاع جيزي عيانة بزاف نجمة فور بزاف,0,-1.0,dataset_1,0
ناس في الجقا بار سجوند و حنا مزلنا في الكلوبات او صاحبي صومالي و لا يعاير فيا,1,1.0,dataset_3,0
.se_ why are you moka3ab,1,0.0,dataset_1,0
السرعة المنخفضة,1,1.0,dataset_3,0
C mobilis merci Gentil ♥️♥️,2,2.0,augmented,0
Ya kho ana Djezzy f Tizi connexion matetla3ch plus que 150 kb,1,1.0,dataset_3,0
جيزي لا تختلف علي موبيليس و اوريدو كلهم سيئين جدا كلهم سراقين و كدابين في مكاني موبيليس سيئة جدا حتي في وسط المدينة نفس الشيء مع اوريدو انا لا استعمل جيزي ..اللنترنات في الجزائر عموما لا يوجد اسوء منها,1,1.0,dataset_3,0
علاش كي نفليكسي تديو دراهم,0,1.0,dataset_2,0
سلام عليكم خويا ربي يقويك خويا,0,0.0,dataset_3,0
لي بو وشحال تسوى انتاع اوريدو<br>لي عندو معلومات يقلي وشكرا,0,0.0,dataset_3,0
Rockastar games,1,0.0,dataset_1,0
Geeze..killing us with cuteness!❣️🐶,2,1.0,dataset_1,0
#isama 🔥🔥,2,2.0,dataset_2,0
جيزي راهي خرا نيشان,1,1.0,dataset_3,0
العرض تاع موبيليس وقتاه ديرنا فيديو عليه؟,0,0.0,dataset_3,0
دخلت لرابط يقولك لايمكن عرض او تنزيل هذا الملف واش هي المشكلة,1,1.0,dataset_3,0
سمحولي مي لا كونيكسيون كارثة شهر لي فات اكتيفيت 30gega شهر كومبلي مابغات تمشيلي والو لا انستاغرام لا فيسبوك باي لا يوتوب ثقيلة بزاف مينذك تمشيلي شويا صباح و مباعد لحشيا تروح قاع زدت اكتيفيت عندي يومين مابغاتش تمشيلي كيما فالشهر اللول درت ريكلاماسيون قبلها قالولي مبعد نشوفو لبروبلام لي راه عندك عندها اربع شهر ولا خمسة ما دارولي والو دروك قولولي غير شا نقدر ندير,0,-1.0,dataset_1,0
هدرا معوقة درك الشعب البسيط يفهم المصطلحات لي قلتيهم ؟ فشك نتي و ماشي فاهمتهم 😒,0,-1.0,dataset_1,0
يعطيكم صحة شكرا,2,2.0,dataset_2,0
تجربة رائعة والله نشكركم,2,2.0,augmented,0
ya kho rani mdecoder modeme lte te3 itissalat el jazair .. kon nchrilou antenne iched réseau khir ??,0,0.0,dataset_3,0
Wel giveaway kifah sratlu wela ndemt ya khu !!??,0,0.0,dataset_3,0
سلام Khaled،عرض جازي SPECIAL متوفّر في صيغة الدفع المسبق و الدفع البعدي حسب اختيارك :) ب 200 دج تستفيد من مكالمات نحو جميع الشبكات بصفة غير محدودة، 25GO انترنت، رسائل مجانية نحو جازي و 30 SMS نحو الشبكات الأخرى لمدة شهر. كل التفاصيل هنا : من جازي,1,0.0,dataset_1,0
T3ayo ki ntoma ki Mobilis ki Ouredoo Gu3 0 😑😑 5go yahdro 3liha elnas même pas 1jour ttkhlas,0,-1.0,dataset_1,-1
أوريدو مانخدمهاش و لو يبقى غير هو متعامل فالجزاير,1,1.0,dataset_3,0
موبيليس ماعندهاش ليميتلسيون و ناعندهاش ريزو🙁.,1,1.0,dataset_3,0
عندي 2 ans وانا داير swich فور معندي حتى مشكل,2,2.0,dataset_3,0
انا عندي سويتش هيا صح شابة بصح حاجة دوختني كل حاجة خفيفة وسرعة قوية بصح كي نلعب بوبجي تولي سيئة للغاية ارجو رد,1,1.0,dataset_3,0
الله يجازيك شريت وحدة حبيت نشوف رصيد الانترنت المتبقي درت #200* مخرجلي والو,0,0.0,dataset_3,0
دجيزي غير قاعدة ترجع لورا حتى هية الناس كامل نحاتها,1,1.0,dataset_3,0
اسوء متعامل من ناحية التدفق الانترنت رانا في 2020 ناس راها في 6 G و حنا 3 G و ثقيلة نقولكم حاجة الله يجيبهالكم في صحتكم يا خيان تربحوا ز..,0,-1.0,dataset_1,0
Comment on peut accéder a l option flexynet et esq on peut les partager avec n'importe quelle autre puce,1,0.0,dataset_1,0
Wrizo na9s wchmn fayda,1,0.0,dataset_1,0
تم الرد على رسالتك في الخاص 🙂,1,0.0,dataset_1,0
😂😂 tahchiwlna frat,0,-1.0,dataset_1,-1
اريد مشارك,2,1.0,dataset_1,0
تجربة رائعة ✅ نشكركم,2,1.0,augmented,1
سلام عليكم وش كاين عرض تع 100 دج بزاف انترنت و هدرة قليلة و نت مليحة شكراً,0,0.0,dataset_3,0
هه زعمة جيزي سامعة بيك,1,1.0,dataset_3,0
fhemti 3lash 3ndi puce djezzy 🙄😂,2,1.0,dataset_1,-1
PRV,1,0.0,dataset_1,0
ولكن اظن جيزي انترنات ظعيف مقارنة بشبكات الاخرة,1,1.0,dataset_3,0
مليحة,2,2.0,dataset_3,0
مشكور اخي راني حولتها top و سرعة الانترنت بقات قوية بعد ما كملت 1 جيقا ، بارك الله فيك و ربي يوفقك,2,2.0,dataset_3,0
كل ما تهوى كونيكسيون تاعكم خرا,0,1.0,dataset_2,0
Ahm Ed هه ترجمة حرفية ل connexion هه,1,0.0,dataset_1,0
في مفتاح راهي تروح كامل ،و كي نعيطولهم يقولونا مفتاح راهى مديورا عندنا بلي فيها مشكل الشبكة،عندها شهور و هي على هذي الحالة.<br>😣😣حرنا كيفاه نديرو معاهم😣😣,1,1.0,dataset_3,0
من فضلكم حابا نردها piXx ديرولنا حل ما عجبتنيش سما هذي,1,0.0,dataset_2,0
ثاني★✩✩ تعليق✩✩★ مشكور أخي تكنوعلى المحتوى,0,0.0,dataset_3,0
اخي موبيليس 0 لانريدها ولا ترويج عنها,1,1.0,dataset_3,0
جيزي راهي جيزي راهي مليحة عدنا في غليزان عكس اوريدو,2,2.0,augmented,0
عرض 4 ميجا رجعوه 2 ميغا,1,1.0,dataset_3,0
كيفاش نبدل من هايلة ماكسي لجيزي هبال؟,1,0.0,dataset_1,0
c'est pour ça personne ne va faire un like pour l'autre c'est la division .dz,1,0.0,dataset_1,0
موبيليس شبكتها ضعيفة تغطية ناقصة,1,1.0,dataset_3,0
الله لا تربحكم يا جيزي,1,1.0,dataset_3,0
أنا دخلتvpn Infiniراهي ممنوع انتضر جواب,0,0.0,dataset_3,0
كلامك في صوب,2,2.0,dataset_3,0
لاسويتش اوريدو كارثة تصورو سرعة تدفق الأنترنت فيها بيس عادي موبيليس ولا جيزي خير منها أظن مشكل كبير في اوريدو كيف كانت وكيف أصبحت,1,1.0,dataset_3,0
صاحا علاه راك مركز على كلمة حمار 😒🙂انا حياتك كاملة اني جايبها دراسة و تجي نتا فتالي تقولي حمار. هاذي هيا لحاجة لي خلاتنا فلخر كل واحد عاس لاخر يغلط يظحكر عليه ما يغلطش يردوه غلطان,1,0.0,dataset_1,0
انا عندي يبارك كونيكسيو شريحة جيزي الله يبارك كونيكسيو مشاء الله خير من موبيليس خطرات توصل الانترنت حتى 12 ميغا,2,2.0,augmented,0
التغطية ماكاش في قلب مدينة بومرداس,1,1.0,dataset_3,0
شكرا سوف اجرب مع العلم اني درت تسجبل الخروج من التطبيق و محيت كي تطبيق عاود نحاو,2,1.0,augmented,0
شخويا نتا تشرح غي ل جماعت الاندرويد و جماعة ios دايمن حاقرهم,0,0.0,dataset_3,0
لا اتصالات الجزائر تكونكتي جميع مواقع,0,0.0,dataset_3,0
كي مدولي أنترنت ساعة باطل كهدية نقدر نربح الهدايا كيما تيليفون رجاء رجعولي,2,1.0,dataset_1,0
لا الصراحة مشي مليحة 150 مشي مليحة نجمة,1,1.0,dataset_3,0
جيجل مافهاش الكونكسيو كامل ياك بدراهمنا,0,1.0,dataset_2,0
شبكة أنترنيت معندمة تماما.. أظنكم تغردون خارج السرب,0,-1.0,dataset_1,0
نحو جيزي الليميتاسيون 😑,1,1.0,dataset_3,-1
خدمة مليحة بزاف,2,2.0,augmented,0
ان شاء لله يزيدولهم على المنكر تاعهم,1,1.0,dataset_3,0
.dz تعال على خاص,1,0.0,dataset_1,0
سرعة التدفق ضعيفة، فيرجى تحسين خدمة الأنترنت,0,-1.0,dataset_1,0
Vraiment votre service é nul ..nn seulement tnahiw les unités ghir haka w tactiviwhom w ma trepondiwch 3la les réclamations👎,0,-1.0,dataset_1,0
كونيكسيو راهي تحت الصفر,1,1.0,dataset_3,0
محمد مسعودي عندك الصح,1,0.0,dataset_1,0
و ببجي لا ؟,0,0.0,dataset_3,0
قلتلنا بلي سويتش غادي ترجع 70 g,0,0.0,dataset_3,0
راني نستناا تيليفون تاعي عندي شهرين ملي ربحت 😩😩,0,-1.0,dataset_1,0
شعال دير؟,1,0.0,dataset_1,0
ما اسم الاعبة,1,0.0,dataset_1,0
Connexion 0 3g,0,1.0,dataset_2,0
Connexion t3ayi,0,-1.0,dataset_1,0
رمضان مبارك,0,0.0,dataset_3,0
خويا نقدر رجع لبيس مبليس نتاعي عندها كثر من 3أشهر ماستعملتهاش سكروهالي شكرا,0,0.0,dataset_3,0
يا ودي حاجة ما تصلح في هذه البلاد لا جيزي لا اوريدو لا موبيليس,1,1.0,dataset_3,0
ديرن فيديو أنتع سرعة انترنت 1500,0,0.0,dataset_3,0
هل يمكن استعادة بطاقة سيم عندها مدة طويلة موقوفة اريد استرجاعها من جديد,1,0.0,dataset_1,0
سعر، جودة و إمتيازات رائعةDjezzy CONFORT 😎😍😉,2,2.0,dataset_2,1
redmi note 10 بشحال,0,0.0,dataset_3,0
اطلقونا 4gربي يهديكم حقرتونا,0,-1.0,dataset_1,0
thricha,1,0.0,dataset_1,0
".dz Quand j'introduis les informations de la carte Edahabia et je valide, le site m'affiche que le transfert a échoué",1,0.0,dataset_1,0
ana 3endi jezzy 28M Download ou 25M Apld,2,2.0,dataset_3,0
مزلتو برك ب 5go عالم راه ب 100go بهدلتو بينا بين لجناس أوريدو أي 15go و 5go يوتوب عرض تافه,1,0.0,dataset_1,0
انا شريتها 10 اكتوبر هايلة❤️ على حساب كونكسيو فالبلاصة لي راكم فيها والتغطية تاع اوريدو,2,2.0,dataset_3,0
أخويا هديك تع ربعين جيڨا بربعين ألف مزلت كينة,0,0.0,dataset_3,0
يا نتوع الجزي يرحم بابكم قولولي بك لي زينيتي نشرجي من تاكلوهملي من كشغل راني نعمر في بيدون مخروق.,0,-1.0,dataset_1,0
لي يسكن في قسنطينة مننصحوش بيها,1,1.0,dataset_3,0
ديرنا شرح تاع اوريدو مؤسسات bessniss و كيفية تحويل الانترنت منها,0,0.0,dataset_3,0
موبيليس راها موبيليس راها مليحة,2,2.0,augmented,0
التوفيق ان شاء الله شكرا لكم,2,2.0,dataset_2,0
wnta wsh andek,1,0.0,dataset_1,0
ردوا,0,-1.0,dataset_1,0
بصح ممتاز والله,2,2.0,augmented,0
عرض فاشل لي عندو دراهمو حرام يشترك فيه دراهمك يروحو وانت تضحك,1,1.0,dataset_3,0
الجودة علامة موبيليس,2,2.0,augmented,0
راني ثبتت التطبيق و سجلت و صلني الكود بصح تجيني كتيبة تقول لازم ترجع تعاود تسجل.. مافهمتش,0,0.0,dataset_3,0
Walah rak tefah ou koul khatra video tafeh kifek ghir bach dir les vues fateh chain youtube ghir bach tlem les vues b t3izz ou rzaa ahsen 3ard ou thalaw salam rak kbir ou makharjtch 3lik koulch metsanee3 yaw essaie de faire mieux que ça dir haja ma khir bach lmara jaya mansibkch terzi,0,0.0,dataset_3,0
متصلحش خلاص,1,1.0,dataset_3,0
5g هه 4g معندناش تخرجلي لا توجد خدمة ياحتى هه,1,1.0,dataset_3,0
الكل مش ملاح ماعندك في لخرا ماتخير اتصالات الجزائر الكل موبيلس جيزي لازم مقاطعة شاملة حتى تتسقم والله هذا اخر حل,1,1.0,dataset_3,0
لبارح فليكسيت نحيتولي 10 الاف بدون سبب,1,1.0,dataset_3,0
واش راك 💯 شكرا,2,1.0,augmented,1
اخي سلام موزاية ناقص فيها شون,1,0.0,dataset_1,0
يرحم ولديك مدزيدش دير فديوهات على مبليس و جيزي و الله بسبابك خسرت مياتلف و كونت مهني مع أوريدو 150و راسي مهني حتى تعليق و يطلعش,0,0.0,dataset_3,0
ياجيزي بإسمي و اسم العايلة الكريمة نطلب ترجعولي على الميساج تاعي عيتوني معاكم,0,-1.0,dataset_1,0
أنترنت جيزي تعلمك الصبر .. تعلمك تتأمل فالتفاصيل تع الهاتف تاعك .. تعلمك تتنفس غير بالعقل بش ماتكونصوميش الأكسيجين بزاف ..ااسي ⁦☝️⁩,0,-1.0,dataset_1,0
سلام راكم غلقتولي لابيس ومش تردو,1,0.0,dataset_1,0
مكانش حل للريزو نتاع موبيليس منين داك تكونكتي بل4G حتى تتقلب لل3G وحدها,1,1.0,dataset_3,0
Riglou ghy Réseau lwla mnba3d Sahal,0,1.0,dataset_2,0
ساع كون سمعت المدير العام تع موبليس تنخلع كان يهدر على الجوائز الي اداتها موبليس و افضل متعامل الخ,0,0.0,dataset_3,0
Khalifa Rouibah مساء الخير،شكرا، نحن نعمل جاهدا على توفير تغطية الجيل الرابع في كل المناطق :)زهرة من جازي,1,0.0,dataset_1,0
Woow ❤️🔥,2,1.0,dataset_1,0
ولله فلكست 100تلف عطوني 30 عاود قلولي بلي عطوني 13,0,1.0,dataset_2,0
راكم في عام الفيل كي عاد الدفع الالكتروني توفير متطلبات 😂 حنا رانا في الجيل الخامس g5+,1,0.0,dataset_1,-1
سرفيس مليح بصح برافو,2,2.0,augmented,0
Djezzy عبد المومن نتا يخي عندك جيزي باطل جاك نورمال جاك نورمال التدفق ؟ او مكانش تدفق خلاص 😡,0,-1.0,dataset_1,0
يا اخ كريم طوب كات جي كي راك تقول مليحة عندك مليحة كاينين راه لمش تمشيلهم طول,0,0.0,dataset_3,0
الور. الور الوور. الوور. فيديو نتاع دقيقة دير فيه شهر. الوور,0,0.0,dataset_3,0
فيسبوك مايكلش معا الاول ولا ياكل,1,1.0,dataset_3,0
يا خو أنا جيزي عند لباس بيها 9 ميڨا معنديش ڤع مشكل في جيزي,2,2.0,dataset_3,0
وين 850 نالف رحت ضك نشريها 1300,0,0.0,dataset_3,0
بدل علينا هذاك الإشهار الله يرحم اللي ماتلكم😖,0,-1.0,dataset_1,0
كونيكسيو هاد اليامات راهي بزاف تقيلا و ريزو كيفكيف مراهوش مليح,0,-1.0,dataset_1,0
ديرنا فيديو كيفاه تحل paypal كندي,0,0.0,dataset_3,0
روعة تتمنيك بينا مشي روعة,0,0.0,dataset_3,0
تيرانو فبيان برو أفضل فبيان في العالم نخدم بيه كونكسيو روعة سعروا 395دولار,0,0.0,dataset_3,0
بارك الله فيكم,2,2.0,dataset_2,0
نسقسيكم خاوتي كي نجيب اوريدو سويتش اسكو تنجم تحبسها بلا ما تكمل العام !,0,0.0,dataset_3,0
الانترنت تخلاص بالخف 😔,0,1.0,dataset_2,0
Nik matkom ga3 40 g tkhlas fi 10 jour trbho zabi bsh,0,-1.0,dataset_1,0
Tssawar mla7 yhablou bs7 koun jat wrahom maktouba machi .dz,1,0.0,dataset_1,0
تعيي علابالك هاهدر في صلب الموضوع,0,0.0,dataset_3,0
Majebt 7ata 7aja jdida rani fi 3 ans wana n5dm biha dir 2400da ya3tok 2g kol 1 moi w chhar lewla y3tok 3 g tar7ib w ki ykmlo hadok les giga twli 7achakom 5ra defois Messenger ma ytla3ch surtout had lyamat la5rin,1,1.0,dataset_3,0
Riglona connexion te3 3g yerham waldikom 😅,1,0.0,dataset_1,-1
Fi Sidi Bel Abbés rahom ybi3ouha 800da wlad la7ram,0,-1.0,dataset_1,0
انا بدلت top 4g وفليكسيت 100 الف بقات في الكريدي وما صرا والو <br>كيفاش هذي رحمة على والديك فهمني,0,0.0,dataset_3,0
☺😊💛💚👍👍,2,2.0,dataset_3,1
Stp 3andi puce Abonnement 0770 rani nkhals la facture b 1300 ymadouli ri 6G 3touni code Bach nbadal 25G,1,0.0,dataset_1,0
ممكن تحسين الشبكة راهي متصلحش طول,0,1.0,dataset_2,0
قنعتني باه نشري بيس,2,2.0,dataset_2,0
سرفيس مليح  برافو,2,1.0,augmented,0
هه كونكسيو ميتا في دزاير,1,1.0,dataset_3,0
Hhh Hata Dark Mode wmadrtohch khal ki nas flha9 yjy zràg,1,0.0,dataset_1,0
Sahla box introuvable,1,1.0,dataset_3,0
ساما ميكس فيها عروض احسن,2,2.0,dataset_2,0
جازي مع عاشور العاشر.. هه,0,0.0,dataset_3,0
الله يجيبهالكم عواشر عواشر,1,1.0,dataset_3,0
كونيكسيو كي وجوهكم و نزيد نبارطاجيها ، انا وحدي و مانيش سالك .. ان شاء الله هذا الشهر تالي مع جيزي تاع الهم,0,-1.0,dataset_1,0
مدام تخفيض سرعة امر غير قانوني علاش ماتشكيش ل صلطات ضبط ولا دير مقاطعة,1,1.0,dataset_3,0
كثرولنا من ليبيب تع مراد سيلتوبلي هه😹,1,0.0,dataset_1,0
خاوتي حابة نشري بيس موبيليس مليحة معرفتش واش نشري اعطوني اسم لابيس ومتكونش غالية ربي يحفظكم,0,0.0,dataset_3,0
وزعمة صح تلحق 70 جيڨا 😂😂,0,0.0,dataset_3,-1
لي عندو بيس 3جي . كي تحب تبدل البيس نتاعك 4جي لازم تروح لوكالة موبيليس . ما يكذب عليك حتى واحد,0,0.0,dataset_3,0
مجاني الله تبارك الرحمن مزيد من التالق والتوفيق🥰..مالا مدولي اشتراك ماشاء مدى الحياة😁😁😉,2,2.0,augmented,1
#improvedznetwork,1,0.0,dataset_1,0
Fiha dili 3am nichan ??,0,0.0,dataset_3,0
جيل الخامس يفوت 100 ميجا,0,0.0,dataset_3,0
أضعف شبكة وأضعف عروض وأضعف تغطية على مستوى العالم,0,-1.0,dataset_1,0
Comment puis je désactiver l'abonnement quiz renew :(,1,0.0,dataset_1,0
ديرولينا حل جيغا راه تهرب بالخف,0,1.0,dataset_2,0
جيزي في قسنطينة وصلت 50 ميغا قاوية,2,2.0,dataset_3,0
الشركة مقبلة على الافلاس,1,1.0,dataset_3,0
سرقة عيني عينك,1,1.0,dataset_3,0
تجربة رائعة والله نشكركم,2,2.0,augmented,0
افضل العروض عند جيزي و مند زمن بعيد محال متعامل يقدر يربحها في العروض باش ندير موبيليس 13 جيڤا ب 100 هادي سريقة واستغباء لشعب ولا اوريدو لي تخلعك 30 حتى 50 جيڤا تتفرج فيديو يروحلك 1 جيڤا متمسخروش بينا رانا العرة في البلدان الناس راهي تمشي بلي جيڤا وحنا مزلنا في الكيلو والله عيب,2,2.0,dataset_3,0
والله معنات مع انترنت زبالة البينغ راهو مكانش هدر عليه لازم تغيير,1,1.0,dataset_3,0
M3a le débit d'escargot dyalekoum netfardjo ch3ar 😏 10Go 1 ans matekhlasch. Wjahkoum s7i7.. service tiers monde 👎👎,0,-1.0,dataset_1,0
اطلقو الكونيكسيو باركاو ما تتمسخرو بينا رانا نخلصو بدراهمنا ماناش نطلبو عليكم,0,-1.0,dataset_1,0
والله لكان الجزائر رجالة يكسرو لبيس كرهنا من الانترنت انتاع السلحفاة,1,1.0,dataset_3,0
راضي بزاف صح الله يحفظكم,2,2.0,augmented,0
Yaw segmou l connexion,0,-1.0,dataset_1,0
كامل كيف كيف حتى اوريدو هدا الايام ماتعجبش,1,1.0,dataset_3,0
عرض سويتش 3500دج القديم للبيع,0,0.0,dataset_3,0
السلام عليكم خويا الله يجازيك بالفعل جازي ولات تعيي بزاف سطيف,1,1.0,dataset_3,0
مزال ملحقناش هذا العرض زعما فى رايكم امليح اشويا 😕,1,0.0,dataset_2,0
رخاس,0,-1.0,dataset_1,0
حسب الرسائل عرض رائع خصوصا 1500 دج <br>المشكل في العرض هو تجربتي,2,2.0,augmented,0
كدب على الجزائر لوكان يجي واحد امركيا يموت لكدب,0,-1.0,dataset_1,0
عندي مودام موبيايس نقدر اندير فيه شريحة لاسويتش ? وشكرا بارك الله فيك,0,0.0,dataset_3,0
سرفيس مليح  برافو,2,1.0,augmented,0
خويا هاكا درتها العام لي فات فالاول. تكون مليحة وبعد 30 غيغا تولي رهج .. فيتاس تحت الريدوي 😆😆,1,1.0,dataset_3,0
thanks #netflixandchill #couplegoals,1,0.0,dataset_1,0
برافو عليكم ❤️ استمروا هكذا,2,2.0,augmented,0
كانت عندي شريحة منذ 17 سنة مافليكسيتش في بداية الحجر غلقتوهالي وهي شريحة عمل مهمة جدا بالنسبة لي، شانقولك يا نسرين ويا زهرة الله لا تربحكم كينتوما كيجيزي تاعكم.,0,-1.0,dataset_1,0
مزال لحد الأن لم يظهر العرض في *600#,0,0.0,dataset_3,0
العيد اسلامي والدولة الجزائرية مسلمة عربية لغتها الرسمية العربية والتهنئة بلغة فافا فرنسا لانحتاج تهنئتكم,1,0.0,dataset_1,0
3lah LA Connexion Ta3koum T9ila Fel5roub (Massinissa) 🤔,1,0.0,dataset_1,0
مرحبا، هو عبارة عن ميزة Extra أي يضاف مع عرض آخر.زهرة من جازي :),1,0.0,dataset_1,0
ana ntal3w,0,0.0,dataset_3,0
يا زحي هلكتونا كل ما نفليكسي يسرقولي نصها,0,1.0,dataset_2,0
3lah delo tessar9o fina flexyt ditoha,0,-1.0,dataset_1,0
مام انا راح نودع جد يمات دجيزي لي طلعتلنا سكر يا زح اني نستنا غير فالشهر يكمل نكمل 40 جيغا تاعي لي ماتقاستش خلاص ونكسرها..تعيش ديرلنا وشمن بيس مليحة في اوريدو,1,1.0,dataset_3,0
مبتسم كيف تفيكسي فيها رهي حابسة ماتقدرش تفكس كثر من خطرة ماهو الحل,0,0.0,dataset_3,0
والعرض تاع سويتش لي يدير 400 أف,0,0.0,dataset_3,0
Mrc,2,2.0,dataset_2,0
الخدمة تاعكم رائعة ✅,2,1.0,augmented,1
يوجد مشكل في خطي لا في الشبكة لأني جربتها في عدة مناطق وغيرة الهاتف وقمت بتبديل شريحة سيم لدي فرع جازي وغيرت من 4g إلى 3g وجربت كل الطرق بدون جدوى اتصلت ب 77 ثلات مرات و تقدمت إلى فرع جازي مرتين والإجابة نفسها خلل في الشبكة وانا اقول ليس عيب في الشبكة بل في خطي لأنها لا تتعدي في التدفق 30k وهذا منذ 30-07-2020 الي يومنا هذا مع العلم باقتي من 200DA .هل ستقومون بعلاج الوضع لأن الأمر أصبح لا يطاق مع العلم أنكم لا تعوضون الزبون عن الأعطال اذا بقي الأمر مع نهاية الباقة سالغي عقدي معكم لأني أدفع مقابل خدمة جيدة لا بخدمة أسوء من السيئ. الوجهة موبيليس pixx200. إن لم تستحي فافعل ما شئت.,0,-1.0,dataset_1,0
يا سيدي صافا .. تطور ملحوظ هاذ الثلات اشهر في نوعية اشهاراتكم و اعلاناتكم,2,2.0,dataset_2,0
نهار تسقمو الكونيكسيو تاعكم نهدرو على العروض,2,2.0,dataset_3,0
سقمو الكونكسو,0,1.0,dataset_2,0
مليحة بزاف,2,2.0,dataset_3,0
كنكسين فيه رهج 😡😡,1,1.0,dataset_3,0
هل تزال تباع شريحة جيزي 400da تع 6 شهور فيها 150go,1,0.0,dataset_1,0
"Safait longtemps que j&#39;ai quitté Djezzy,vive Mobilis les hommes 💪💪",1,1.0,dataset_3,0
قبل منشوف الفيديو نقولك بلي جيزي اكتر من الخراا,1,1.0,dataset_3,0
تحيا تحيا ftthروعة هايلة 4ميقا راني نتفرج مباشرة في سمارت نسيت برابول والخيط وديمو والله نعمة فيبر تيك,2,2.0,dataset_3,0
إيا صايي مابقااش على 🥳🥳200 k,0,0.0,dataset_3,0
Ya djezzy hiya mliha illimité,2,1.0,dataset_1,0
جيزي تحيا ياخويا وبركا ماتخرط عليناو,2,2.0,augmented,0
أبوني نرجعهالك,1,0.0,dataset_1,0
عرض لا فائدة فيه.. حذراي من تحويلها إلى سما,0,1.0,dataset_2,0
Ha rsloona msg tfakroona had l3am 3ndna ri ntoma 😔,1,0.0,dataset_1,0
علاه كنكسيو تقيلا خفوها,0,1.0,dataset_2,0
6awak lcempte wla la,1,0.0,dataset_1,0
الكل و موبيليس يكونيكتي,2,2.0,augmented,0
5G كيفاش,0,0.0,dataset_3,0
مرحبا، لتحويل الرصيد من خط جازي الى خطوط جازي مسبق الدفع أو جازي كونترول يكفي تشكيل العبارة *770*رقم المراسل*100دج≥ المبلغ المحول≥50 دج* الرمز الشخصي للتعبئة (00) # زر المكالمة ثم تأكيد الارسال ب 1 وتكلفة هذا الارسال 10 دج فقطو تقدر كذلك ترسل الرصيد بطريقة أسهل و أسرع من خلال تطبيق جازي المتوفّر على iOS و Android على روابط التحميل : من جازي,1,0.0,dataset_1,0
أنترنت ضعيفة جدا,0,-1.0,dataset_1,0
Fiha hadra ?,1,0.0,dataset_1,0
جيزي هايلة بزاف التسقيف مور ماتستهلك 1 جيغا تولي 30 كيلوبايت,1,1.0,dataset_3,0
المشكل تاعهم فالريزو مكانش و التدفق فرشة .. ماشي فالپاك,0,1.0,dataset_2,0
انا اوريدو توصل 65 ميغا سرعة تدفق,2,2.0,dataset_3,0
"40 ,جيغا وتكونيكتي شعر 😢😢",0,-1.0,dataset_1,0
انا راني مشكل,1,1.0,dataset_3,0
قناتك اصبحت معيوفة المواضبع غي هوما يتعاودو دير الحاضر هاذو قدم ولا راك باغي تعمر كونت,0,0.0,dataset_3,0
Ouais ❤️,2,1.0,dataset_1,0
كونيكسيو تاعكم تقيلة👎,0,-1.0,dataset_1,0
أودي سڨموا غي كونيكسيون كي لجناس و مبعد ساهل,0,1.0,dataset_2,0
موبيليس افضل متعامل في العالم,2,2.0,dataset_2,0
راضي بزاف 🌟 الله يحفظكم,2,2.0,augmented,1
انا شريت جيزي الله يبارك قوة على موبيليس ..موبيليس ريزو ميطلعش خلاص هه,2,2.0,dataset_3,0
علاه نقدر نستعمل غير 1 go في النهار الأنثرنث انا مسلك عليها وندير واش نحب فيها نستعمل 1 جيغا مبعد تصبح سرعة منخفضة,0,-1.0,dataset_1,0
عندنا والو جيزي مكانش ولاية تيارت الناس ڨاع نحو لابيس تقريب,1,1.0,dataset_3,0
الكونكسيو مكانش حتى الشريحة لا تعمل الوضع لا يطاق اقسم ب الله عيب نجي نعلق نقول هكدا بدل ما نقول مشالله كونكسيو هايلة ؤريدو 4G راهي خير من جيزي علا الف مراة 😞😞😓😓,0,-1.0,dataset_1,0
مافهمتش علاه الكونكسيو في موبيليس راهي ثقيلة بزاف ليامات هذو شريحة لاوين,1,1.0,dataset_3,0
1 جيغا في اتصالات الجزائر هه نتا مريض والله اذا جات تلقاها 200 ميغا ب 200 مليون 🤣🤣,1,1.0,dataset_3,0
نجمة سويتش فيها ميطاسيو يسرقو,1,1.0,dataset_3,0
سياسة تاع جيزي سراقين,1,1.0,dataset_3,0
تاكتيفيها من تخلاص من ما فهمنا والو,0,1.0,dataset_2,0
Rahi 22:30 mazal mabdach 😅 نعم إنها الجزائر,1,0.0,dataset_1,-1
يا خويا أنا جيزي راهي تمشيلي خير من موبليس جيزي 120klb وموبليس 20klb,2,2.0,dataset_3,0
Msila,1,0.0,dataset_1,0
hi الله يبارك,2,2.0,dataset_3,0
Continuer bonne courage ❤️ courage ❤️,2,1.0,augmented,0
لحقيقة درت 100الف تع شهر في جيز منيش نكونكتي حتى 2 تع ليل بش تمشي حتى 6 تع صباح ترجع E مكاش فنهار كونكسيون,1,1.0,dataset_3,0
موبيليس خير من جيزي الانترنت طيارة بوضع طروا جي و الكاتجي,2,2.0,dataset_2,0
Cnx djezzy 3yana bzaf,1,1.0,dataset_3,0
كونيكسيو ثقيلا في موبيليس,1,1.0,dataset_3,0
والله انا راني نحس في روحي عايش في كوكب واحد اخر عندي جيزي كونفور جامي صرالي فيها مشكل,1,1.0,dataset_3,0
موبيليس اخره منهم,1,0.0,dataset_1,0
Pourquoi tu ne répond pas à mes questions,0,0.0,dataset_3,0
Win libre كاش خبر عليها,0,0.0,dataset_3,0
حياك الله,0,0.0,dataset_3,0
خدمة مليحة بزاف ❤️,2,2.0,augmented,0
Ooolaa mon marie le pauvre thardet fih makach salak m'en le crédit dok nzid nadilo la connexion ouii🙏🙏 mrc djezzy meilleurs 😍😍 vs êtes les meilleurs 😍😍,2,1.0,augmented,1
بصح ممتاز والله,2,2.0,augmented,0
الحمد لله,0,0.0,dataset_3,0
نشري جيزي ولا اوريدو نسكن في وادي سوف ؟,0,0.0,dataset_3,0
و اخيرا 🙏🙏,2,1.0,dataset_1,0
عرض1300 لازم نشري بيس جديدة,0,0.0,dataset_3,0
خويا قتلك ديرلنا فيديو ومدرتلناش على سحب بدون بطاقة تاع بريدي موب بالتحديث الجديد معرفناش نجبدو بيه مبدل على القديم,0,0.0,dataset_3,0
عندي 30 جيجا انترنت وفيديو تع دقيقة منقدرش نشوفو وين رايحين بيها,0,-1.0,dataset_1,0
وي موبيليس احسن شبكة فالعالم شكرا كاميليا على لمجهود يا ربي وترد عليا,2,2.0,dataset_2,0
Gta online,1,0.0,dataset_1,0
وينتا يطلقوها,0,0.0,dataset_3,0
عند عند تحويل تحويل عرض سيما مشتلي كونكسيو ولهدرة .🤗,2,2.0,augmented,0
حول لموبيليس حول لموبيليس احسن,2,2.0,augmented,0
تعيي..,1,1.0,dataset_3,0
عندي واحد لي capteur تع la vitesse تحشم بيهم تفو وجوه مزيرية,0,-1.0,dataset_1,0
ااوو اوريدو والله فلكسيت 150 اعطاوني 40G بصح بعد 8ايام لقيت 3،95 وين راحت الله اعلم ، انا منستملش انترنات بزاف,1,1.0,dataset_3,0
السلام عليكم خويا عبد الجليل بارك الله فيك ربي يحفضك.,0,0.0,dataset_3,0
جيزي أضعف متعامل في الجزائر من ناحية الأنثرنث,1,1.0,dataset_3,0
كيفاه تشري و ترمي,1,1.0,dataset_3,0
انا عندي سويتش في باتنة 85 mg ..و لكن هاذ 3 ايام راهم يقطعو في ريزو مفهمتش في دزاير ڨاع و لا غير هنا جاوبوني تعيشو,1,1.0,dataset_3,0
Réseau💩💩,0,-1.0,dataset_1,0
وشراه حبيبي,0,0.0,dataset_3,0
Wellah client 3and .dz fi 15 ans. Mais samhouli Cnx had 6 mois talia bizarre pourtant centre ville wahran.,1,0.0,dataset_1,0
Réglolna la cnx bark 😡😡,0,1.0,dataset_2,0
مينفعش,1,1.0,dataset_3,0
قلنا كيتكمل 3 go كنكسيو تولي مرض شهور تكملهم تقال بزاف وقلوله يدير فديو كي تكمل les mega مجراب والله يهديهم,1,1.0,dataset_3,0
بومرداس هايلة بزفاف 1 ميقا و2 ابلاود لباس,2,2.0,dataset_3,0
موبليس لموبليس باطل هادا عرض شباب,2,2.0,dataset_2,0
كشما ربحتي,1,0.0,dataset_1,0
الإنترنت راهي ضعف من 6الى10 مساءً شوفون حل,0,-1.0,dataset_1,0
3G FA EL MOIS LAHLALA TRABAHOM DJIBANA DJDID,1,1.0,dataset_3,0
Le prix de la puce Djezzy izzy ys'il vous plaît !!,1,0.0,dataset_1,0
عندي جيزي في المسيلة خيرات نهار كامل نتفرج جيزي في ونكونيكتي ونتليشارجي عادي غير وقت ذروة توصل 5 ميغا اما باقي النهار حتى 80 ميغا عرض جيزي هبال,2,2.0,augmented,0
عرض سما احسن عروض موبيلس شكرا على الخدمة,2,2.0,dataset_2,0
شكراً,2,2.0,dataset_3,0
لديا خلل في الانترنت ..,1,1.0,dataset_3,0
نفليكيسو في باطل ريزو عيان وكونيكيسيو ثقيله,0,-1.0,dataset_1,0
اطولي الكادو نتاعي لا بغيتو زعما,1,0.0,dataset_1,0
اليوتوب ينقص من 10go ولالا لي جربوها يقولولي,0,0.0,dataset_3,0
ما خلاصش الشهر حتى خلاصلي الكريدي و الانترنت. بقى غير الفايسبوك,1,1.0,dataset_3,0
Kawthar hedi sa7bti sr9tiwlha drahmha rj3ohmlha l3id 3id,1,0.0,dataset_1,0
عندي سؤال إذا كان لدي هاتف يدعم فقط 4G وعندما تدخل 5G الجزائر هل هناك تحديث يجعل الهاتف يدعم 5G,0,0.0,dataset_3,0
Khawti flxit 40 GB 93dt 10 jour bih lbrh l9itha 19 GB r9adt ou nodt l9itha 0 GB,1,0.0,dataset_1,0
الكونكسيو عندكم لا تطاق,0,-1.0,dataset_1,0
خاوتي كونيكسيو في موبيليس مكانش و لا كيفاه راني ماكتيفي تاع 200 نات 90 جيقا و كونيكسيو مكانش ملقري تلفون جديد و نقطة اتصال صحيحة و مشكل في الكاميرون كونيكتيت عادي و هنا والو,0,1.0,dataset_2,0
نتوما تاني التيليفون مايخطيكمش ؟ مع جازي، تكلموا، تحابوا و ابقاو قريبين 💓 قولولنا شكون هو الشخص لي تبقاو ساعات معاه و نتوما تهدرو 👀📱#djezzy #dz #réseau,1,0.0,dataset_1,0
يا خسارة البنزين لراح تخسروه عن هالمسرحيات,0,1.0,dataset_2,0
Très mauvaise connexion 😤😤,0,-1.0,dataset_1,0
تتمنيكو ب شعب نتوما يوتوب تزعقو علينا واش نديرو بيه خصنا الهدرا باطل مع جيزي و 500 كريدي هذا مكان,0,-1.0,dataset_1,0
Rabi yahfdak,2,2.0,dataset_3,0
نلعب بينق 99 دول عربيه اخرى بينق تاعهم 20 قول كلمه للإتصالات الجزائر,1,1.0,dataset_3,0
ليكتا تحسنو شبكتكم,1,0.0,dataset_1,0
كاش جديد هواتف,0,0.0,dataset_3,0
يكذبو فلكسيت 100Da اكتفيت عطوني 4 جيغا,1,1.0,dataset_3,0
جي تلعب وتشارك حتى تلقا 50 الف ولا 10 الف راحت,1,0.0,dataset_1,0
"Allez vite télécharger la nouvelle version de la DJEZZY APP 📱via le lien en story ! 1GO d'internet offert pour les premiers téléchargements, 😍 ne ratez pas l'occasion, plein de nouvelles fonctionnalités vous attendent ;) 💪ماتراطيوش DJEZZY APP الجديدة تقدروا تحمّلوا التطبيق على الرّابط لي فيLa storyتستفيدوا من 1 جيغا أنترنت مجّاني للتحميلات الأولى،😍 ما تضيعوش الفرصة 💪 ;) #Djezzy #App #dz #internet #4G",1,0.0,dataset_1,1
عندي اوريدو سويتش روعة,2,2.0,dataset_3,0
عندي يومين تتقطع الكونكسيو من ساعة ثامنة ليلا من منتصف ليل,0,1.0,dataset_2,0
🌟🌟😎😎,0,0.0,dataset_3,1
قديمة هاذي جيب جديد . راك معيوف,1,1.0,dataset_3,0
جازي في عنابة راه يطير شريكي .. ليميتاسيون 3 تع القايلة ب 21 ميغا.. وزيد ومكانش موبيليس ميفوتش 1 ميغا عندنا,2,2.0,augmented,0
ردو بالكم لي عندو بيكس يشد فيها ويريح,0,1.0,dataset_2,0
Roho ta5rawe nab3ate védio smana bache yalha9e,1,0.0,dataset_1,0
جيزي هبال فيه ميتسيو,1,1.0,dataset_3,0
لازم ياتتحاو كامل,1,1.0,dataset_3,0
شكرا اوريدو نتمنى لك التوفيق ✌🥀,2,2.0,dataset_2,0
لي افهم ايفهملنا,0,0.0,dataset_3,0
دجيزي خلاس الله يرحمها,1,1.0,dataset_3,0
انا عندي جيزي هايله بزااف قديمة هايله بزااف عجبتني بزاف,2,2.0,augmented,0
هذا كلشي باه الشعب لي خارج فالمسيرات بالجمعة مايقدرش يدير live قولو ليهم راكم مازلتو rautard بملايير السنوات الضوئية ياخي دولة حاكمينها الجياح,1,1.0,dataset_3,0
خويا موبيليس راهي تسرق في الدراهم,1,1.0,dataset_3,0
بالتوفيق موبيليس الدائم يا والنجاح,2,2.0,augmented,0
اخي عندي نجمة غولد نقدر نبدلها لل سويتش,0,0.0,dataset_3,0
هه راك تتمنيك نتا <br>تيك توك بااطل 😂😂 هه <br>هه,0,0.0,dataset_3,-1
La connection mobilis 4G est la meme que l&#39;ancienne 1515 khorti latrebeh&#39;hom,1,1.0,dataset_3,0
يا موبيليس علاش مادرتوش في سما عرض خمسالاف ماكتيفيا، انا رجعولي عرض مبتسم ماعجبتنيش سما مافيهاش تاه خمسالاف,0,1.0,dataset_2,0
Slm khoya. Nova 3i (application non installé) prk ? 🤔🤔,0,0.0,dataset_3,0
Hhh haka 3libiha connexion atirr 20kbps allah ybarek makanch ga3 😑🤮🤧,0,-1.0,dataset_1,-1
شكون لي لعب ببجي و ping 500+,0,0.0,dataset_3,0
وبقات غالط في اتصالات الجزائر ، مودام 4g ، عند نهاية 20 جيغا ، تقدر تتصفح كل المواقع بسرعة منخفظة 512 ، والله العظيم هاذو ليام السرعة راهي هبال ، استهلكت 20 جيغا راك السرعة هبال ، جرب خويا وردنا لخبر ، قسما بالله راني نتفرج يوتوب بدقة HD بدون برصيد 0 جيغا,2,2.0,augmented,0
جماعة كلشي باين . لي معجباتوش ميشريش . مشي بسيف,1,0.0,dataset_1,0
في هذه للحظة قمت بتفعيل شريحة سيم سما مباشرة دون تحويل الشريحة القديمة بيكس الثمن 40 الف بها 10 الاف هدية الان عندي 30 جيقا بدل 13 في بيكس با 100 الف شكرا موبيليس,2,2.0,dataset_2,0
Ma mafhamtch bla39l bark 🇩🇿,1,0.0,dataset_1,0
.bjm جبوهولي الله يسهل 🤣,1,0.0,dataset_1,0
جيزي حلزون,1,1.0,dataset_3,0
تحيا الجزائر الله يرحم الشهداء. 🇩🇿🇩🇿🇩🇿🇩🇿🇩🇿🇩🇿🇩🇿🇩🇿🇩🇿💪💪,2,1.0,dataset_1,0
HWaltha w ndemt baghi nraje3 offre lowel,0,-1.0,dataset_1,0
مرحبا،ما نوع الخط الذي تستعمله من فضلك ؟ زهرة من جازي,1,0.0,dataset_1,0
300DA,1,0.0,dataset_1,0
خويا نحواس نمشي محاكي العاب واش من باقة انترنت تسعدني,0,0.0,dataset_3,0
لاقولد قاوية,2,2.0,dataset_3,0
اخمج عروض هي موبيليس لو كانت جازي في كامل التراب الوطني افظل جيزي هي الاحسن شريحة 120الف فيها 700لكل الشبكات وجيزي مجانا و60جيڨا اليس عرض شباب,2,2.0,dataset_3,0
Tel3ona upload ma3andna mandirou bel download,1,1.0,dataset_3,0
meilleure ooredoo la gold,2,2.0,dataset_3,0
Djezzy النواحي 😎😍😉 العرض لي تلقاو فيه راحتكم من كل CONFORT 🤔🤔 سعر، جودة و إمتيازات رائعة واش راكم تستناو #Djezzy #Confort #DZ #Offre,2,1.0,augmented,1
بصح ف القدم تحولها وترجعها انا عندي. مي جدد مترجعش,0,0.0,dataset_3,0
Ooredoo switch khir nflixi 1500. Ya3tiwli 1500 w ooredoo batl w 50GB,2,2.0,dataset_3,0
Est ce que darouha tani pixx pro ??,0,0.0,dataset_3,0
على الأقل كون ما يليميتوش يخلونا كوناكسيون حتى تخلاص ضرك راني في عامين كل شهر 150الف اون فا يلحڨ ديلي تروحلي فان 20 جيغا لازم شويا يتهلاو سي نون انا واحد من الناس ممكن نحبس معاهم بزاف يا أخي,1,1.0,dataset_3,0
Connexion internet farcha chwiya 🙄,0,-1.0,dataset_1,-1
عروضكم كلها احتيالات على الزبائن وتراعو غير الفايدة تاعكم الزبون ما تحوسوش عليه كامل,1,1.0,dataset_3,0
جيزي في واد سوف أيضا وعروضها رائعة رائعة,2,2.0,augmented,0
مزيد من التألق و المثابرة و الجد و العمل بالتوفيق,2,2.0,dataset_2,0
.dz Dccr merci safi en tout 800da!,1,0.0,dataset_1,0
Djezzy اوك 🙂,1,0.0,dataset_1,0
Mra 3yet l ooredoo 3la hada lproblem nkonikti 1gb ynholi 2gb qali lala tlf ta3ek fih problem bach t3rfo linykhdme f ooredoo bghola hacha li ystahelch 😡,1,1.0,dataset_3,0
عرض فاشل<br> ب 1500دج نشري عرض سويتش خير يعطيك 50 جيغا بايت,1,1.0,dataset_3,0
chbabe djezzi fel Kayna,2,1.0,augmented,0
ربي يعونك ومشكور على المجهود تاعك خويا,0,0.0,dataset_3,0
تميزرت معاها هاد لا بيس,0,-1.0,dataset_1,0
3ajbatni ta3 siriya tamma,0,0.0,dataset_3,0
Merci a vous Mobilis 💐💐,2,2.0,dataset_2,0
نقصو رجعوها 1500..200da بزاف شوية,1,0.0,dataset_1,0
انا 1500 ونظل نتفرج ونخدم بيه نهار كامل يمشي الشهر تخلص وهي مزال فيها النت,2,2.0,augmented,0
C&#39;est pas intéressant,1,1.0,dataset_3,0
موبيليس أكبر كارثة جيزي خير منها,1,1.0,dataset_3,0
حسبت غير انا لي مفهمت والو .<br>دخلت للتعليقات طلعلي المورال كي لقيت خاوتي ياسر,0,0.0,dataset_3,0
انا ه هذي مدة و انا مع انا ه اوريدو سيرتو مع ماكسي 100 و الآن راني مع لاسيوتش 1500 روعه,2,2.0,augmented,0
عرض خردة,1,1.0,dataset_3,0
لماذا لا أجد امتياز ب600 دج ؟,1,0.0,dataset_1,0
حولت من موبتسيم لعرض سما اديتولي 100 دج كريدي خارج الوطن هذا واش اسمه,0,1.0,dataset_2,0
J'arrive pas à participer puisque l'application quand j'appuie sur le quiz sa referme message d'erreur ( djezzy ces arêtes ) .dz,1,0.0,dataset_1,0
هل هذا العرض متاح الا للأرقام الجدد ولا يمكن تحويل الرقم,1,0.0,dataset_1,0
عجبتني سما الفيسبوك تخلاص حجم الإنترنت يقعد كي باطل,2,2.0,augmented,0
تقدر تخدم بيه بخط هاتف ثابت ولا لازم تفلاشيه,0,0.0,dataset_3,0
كونكسيو خفيفة,2,2.0,dataset_2,0
برافو عليكم صراحة استمروا هكذا,2,1.0,augmented,0
عرض دائم او مؤقت ؟؟,0,0.0,dataset_3,0
انا كنت طوب 4g وحولت الى pix مكانش تدفق منخفض يبقى غيى الفايسبوك يمشي,1,1.0,dataset_3,0
SAHLA BOX OOREDOO بدون منازع,2,2.0,dataset_3,0
مفهمنا والو نطالب بأعادة الفيديو,0,0.0,dataset_3,0
Rak ghlet khouya vive ooreddo switch hia meilleur,2,2.0,dataset_3,0
تمشي مليح,2,2.0,dataset_3,0
.kc yeahh menn,2,1.0,dataset_1,0
روعة شريتها 45 جيقا,2,2.0,dataset_3,0
Rã Hîm رانا كيف كيف والله دير اوريدو راهم يقولو كونكسيون راهي مليحة فيها ذو ليام,0,-1.0,dataset_1,0
bessah la qualite ta3 lconnexion zeero f had loffrw,0,-1.0,dataset_1,0
Baravo,2,2.0,dataset_3,0
شكرا جزيلا 👍 كل شي مزيان,2,2.0,augmented,1
اعطونا الانترنيت انتاعنا يا ولاد لحرام يا السراقين,0,-1.0,dataset_1,0
Game bot,1,0.0,dataset_1,0
😱😱,0,0.0,dataset_3,0
موبيليس الأفضل في الجزائر أصحاب التعليقات برك تبغوا تنتقدو أجل الانتقاد فقط.,2,2.0,augmented,0
يابن عمي ديروا هدا في حياتكم ومدولنا الباطولييست دراهمي اكل رآهم عندكم اقلبهملي باه نفليكسي,0,-1.0,dataset_1,0
ou za3Ma wla gie HQq,1,0.0,dataset_1,0
سبحان الله مديت رايي تحوسوني بالسيف ماعجبنيش ولا ما ترضاوش عني !! لا حول قوة إلا,2,2.0,augmented,0
راكم تسرقولي كريدي شحا من مرة بزاف وكي تجي تعيط تقولك رصيدك فارغ,0,-1.0,dataset_1,0
مرحبا، نأكد لك الرصيد لا يضيع دون التسجيل في عرض من العروض، الرجاء تقديم رقمك الهاتفي عبر رسالة خاصة لنتأكد على مستوانا من فضلك.زهرة من جازي,1,0.0,dataset_1,0
والله يسرقو فينا,1,1.0,dataset_3,0
جيزي ختي علاه كلما نعيطولك ماتريبونديش علابالنا الشكوة لربي برك بصح نتوما مرات تتقبوها,0,-1.0,dataset_1,0
راني بجيزي نورمال ما شاء الله,2,2.0,dataset_3,0
مليح بزاف 😍 نوصي بيه,2,2.0,augmented,1
وراه الايف,1,0.0,dataset_1,0
تلقاه في بلاي ستور اسمو جيزي,1,0.0,dataset_1,0
مع جازي، اسمع كامل الأغاني🎶🎸 لي يجيوك في بالك بلا ما تكسّر راسك 😊 قولولنا اما هي الأغنية🎼 لي راكم ديروها En boucle هاذ اليامات 🎧#djezzy #dz #music,2,1.0,dataset_1,0
والله تعيه يا شكبي,1,1.0,dataset_3,0
شكرا موبيليس اختيارك الافضل ❤️و نحن معكم,2,2.0,dataset_2,0
موبيليس لكان يعطوك مليار جيڨا <br>تبقى ضعيفا ومرض,1,1.0,dataset_3,0
هايلة بزاف نخدم بيها رووعه,2,2.0,dataset_3,0
ممتاز والله,2,2.0,augmented,0
Msg privé envoyè veuillez rependre svp,0,-1.0,dataset_1,0
Disponible f mosta ?!,1,0.0,dataset_1,0
Conection khorda activité. 140p ma hebyevhebtemchi fel youtube,1,1.0,dataset_3,0
من جيجل .موبيليس 6.1mbs .موبيليس 6.1mbs,2,2.0,augmented,0
youb,1,0.0,dataset_1,0
العشرة بتوقيت مكة ول,1,0.0,dataset_1,0
استمر يا اسطورة,0,0.0,dataset_3,0
ربحت تليفون في تطبيق جيزي منذ اكثر من شهرين حتي الان مبين عليه ممكن توضيح عليه,1,0.0,dataset_1,0
Rahi 22:44,1,0.0,dataset_1,0
مكمش حشمانين على ارواحكم,0,1.0,dataset_2,0
.dris مليحة لواحد عندو ويفي فدار يخدم بيها جيست كي مايكونش فدار,1,0.0,dataset_1,0
الله يهديك صحبي.. كنت ندير عليك وهذ الخطرة قستني على راسي .<br>ضيعنني في 150 الف.,1,1.0,dataset_3,0
درت العرض تاع 100دينار مي مفهمتش نحكي شوي يخلص الكريدي لي عندي (sama net 100da),0,1.0,dataset_2,0
تنزيل 9.88<br>تحميل 5.96<br>بوسعادة <br>موبيليس (la win control max) قاوية,2,2.0,dataset_3,0
الشهر الماضي عبئت 1500 دج 40 جيغا. لم أستعمل إلا 22جيغا و انتهى الشهر و خسرت 18جيغا سرقة كالعادة. و ذلك بسبب التضييق و الانقطاع و التوقف. المصطنع من الشركة لسرقتنا. بطريقة ذكية. الله لا يربحكم.,0,-1.0,dataset_1,0
صرحة انا جيزي نحبها او عوروضها كانت نفلكسي 1200 يعطيوني 300 هدرا او 40gb او خفيفة او تشدلي شهر نورمال 1200 يعطيوني,2,2.0,augmented,0
عروض كي خياتهم وينها جيزي وينها خردة هذي,1,1.0,dataset_3,0
العالم راه فالجيغا و انتوما مزلتو مع كيلوبيت,1,1.0,dataset_3,0
🙏🌹🙏,2,1.0,dataset_1,0
جيد,2,2.0,dataset_2,0
انا عباتلها 500 da ملقيتهمش فيها,0,0.0,dataset_3,0
أحسن متعامل هاتف اوريدو طيارة,2,2.0,dataset_3,0
الريزو الباهي و نزيد نباغتاجيه 🐸🐸,0,-1.0,dataset_1,0
مع HAYLA 😍 كونيكتي و ابقى دايمن على الإتّصال مع حبابك,2,2.0,dataset_2,1
Wchbiha lcnx ta3kom,0,-1.0,dataset_1,0
عروضكم زيرو في زيرو,1,1.0,dataset_3,0
Chawtoha djezzy rani fi 1 mois et demi rahi conexion htab malhom kano raya blad miki,1,1.0,dataset_3,0
Ooredoo😍😍djezy💩💩,0,-1.0,dataset_1,1
انا عندي اوريدو ديما 20/25 ميغا مام أوقات ذروة,2,2.0,dataset_3,0
0779596008 هذا نميرو تاعي حمباباكم الكونيكسيون ضعيفه بزاف ديرولنا حل والله نكسر قسام لابيس ملي عرفت هذي جيزي ما ربحتش,0,-1.0,dataset_1,0
علاش مكانش فالايفون 😩😩,0,-1.0,dataset_1,0
شكون رهو يشري بيست موبليس 243 تع 6 اشهر كيف احوالكم,0,0.0,dataset_3,0
Ana rani baghi ndirha w nakhdem ghi bel YouTube <br>Tchadli 6 mois ma tt9alch ?,0,0.0,dataset_3,0
oui wlh th9ila bzf,0,-1.0,dataset_1,0
خدمة مليحة بزاف 😍,2,2.0,augmented,1
تهدر بزاف,0,0.0,dataset_3,0
حسبي الله ونعم الوكيل فيكم راكم تسرقولي ليزينيتي,0,-1.0,dataset_1,0
راني سوفريت باش قدرت نعلق من ضعف الانترنت من فضلكن شوفولنا النشكل تاع الانترنت. و الله راهي اضعف انترنت في العالم,0,-1.0,dataset_1,0
insan 3adi yconcti nrml,2,2.0,augmented,0
حتى في اريدو في عرض 200 دينار غير محدود اريدو كي <br>يقول لعرض200 دينار تعطيك انترنت اليميتي مبعد تهبط جوايه 800 ميغا تولي اقل 100 كيلوبايت,1,1.0,dataset_3,0
سرفيس مليح صح برافو,2,2.0,augmented,0
وش تقصد بلمطاسيون,0,0.0,dataset_3,0
Doka ana andi Izzy haba nglbha imtiyaz na9dr min nglbha w naactiviha n3wd nrdha Izzy kima knt ??,1,0.0,dataset_1,0
برافو عليكم  استمروا هكذا,2,2.0,augmented,0
.er.gui.ah.me.d,1,0.0,dataset_1,0
نهار تحسنوا تدفق الانثرنت في جيجل تم نحكيو,0,-1.0,dataset_1,0
أنا رايح نودع جيزي منها بزاف,2,2.0,augmented,0
عندي شريحة ديما بصح CNx تقيلة بزااف,1,1.0,dataset_3,0
كونيكسيوا تاع موبيليس عاينة على تاع اوريدو ..😭😭🤬😡😠☹️😤,1,1.0,dataset_3,0
Mourad to7t mn glby wlit chkam kifhom😏😏,1,0.0,dataset_1,0
تحيا جيزي كارت شريحة فقراء شريحة شعب,2,2.0,dataset_3,0
Mon frère 🤣😂 j'ai passé avec lui des moments inoubliables en Egypte ❤️,2,1.0,dataset_1,-1
واد الذئاب ؟ راكم شوية بزاف قدم لا لا ؟ 🤔,1,0.0,dataset_1,0
Vivement Mobilis sur tous les plans.,0,-1.0,dataset_1,0
la connexion est très faible c'est zéro dommage pour opérateur Djezzy,0,-1.0,dataset_1,0
وينها سهرة نقصتو في تدفق انترنيت. الله يهديكم,0,1.0,dataset_2,0
انا لحقت فيديو 1k,0,0.0,dataset_3,0
.dz 😑😒,1,0.0,dataset_1,-1
Nour Stamina أوربدو هايلة 😍😍 اي عندي مي جيست ماعنديش دراهم باه نفليكسي برك و جيزي عندي 40 جيجا راهي هكك و صاي,0,-1.0,dataset_1,1
Djezzy hayla bezzafe wilaya d&#39;Alger limitation 0.23 mbps down 0.10 upload ping 33,1,1.0,dataset_3,0
حسنو في الكونيكسيو راهي مرض مكاش خلاص,0,-1.0,dataset_1,0
4G مزالت مدخلتش في بعض الولايات مثال جيجل يحوسو عل 5G,1,1.0,dataset_3,0
وبشحال نبدلها دراهم شحال,1,0.0,dataset_1,0
T9ebtouha be 15j 😂😂,1,0.0,dataset_1,-1
دورك دخلت الى التطبيق و وجدت انكم نزعتوا عرض 1200دج = 30 جيغا وأصبح 10 جيغا فقط يعني عندما اجمعهم 1500 = 40 جيغا .. هكذاك اشتري عرض 1500 بدون خالوطة أفضل .. شكون هذا اليهلول يالي وجد هذا الفكرة في جازي !؟,1,0.0,dataset_1,0
ماهوش مليح معجبنيش كاين idoom 4g خير منه بألف مرة فيه السرعة المنخفضة تلحق حتى2 ميغا والله هذي الأيام راها لاحقتني حتى 5 ميغا. مانيش عارف علاش,1,1.0,dataset_3,0
هل عرض اوريدو سويتش عرض دائم او مثل عرض لڨولد,0,0.0,dataset_3,0
خرا خرا اسوء مودام شفتو,1,1.0,dataset_3,0
يا خويا انا شريت اوريدو,2,2.0,dataset_3,0
طالبة علم النفس و ومتحدثة تحفيزية نقدم الدعم النفسي والمعنوي لأصحاب الباك وتحفيز طيلة الايام القادمة صفحة مخصصة تحفيز لنجاح في الدراسة والعمل❤️❤️❤️,2,1.0,dataset_1,0
كذابين 🤬🤬,0,-1.0,dataset_1,0
يا ولدي كل منطقة و نوعية الاتصال فيها كاين مناطق تلقا شبكة مليحة و لباقي لا و العكس هذي هي,0,0.0,dataset_3,0
لريزو انقطاع تام منذ البارح بوجود الرياح الشعب راه في غبينة😂كحلة,0,1.0,dataset_2,-1
Bravo Mobilis,2,2.0,dataset_2,0
الخدمة تاعكم تراجعت بزاف والكونكسيون كارثة فالعشية وفالليل واقيل ضربوكم بعين ياجازي,0,-1.0,dataset_1,0
شعال دير لابيص؟؟,1,0.0,dataset_1,0
كرهتولنا الحياة بانترنت قريش تعكم,0,-1.0,dataset_1,0
اعلان قمة اتمنا ان تتطور شبكتكم,2,2.0,dataset_2,0
رجعوا يسرقوا 100الف متشدلكش سمانة الله يذلهم,1,1.0,dataset_3,0
Rana f 1G w zid ydirona la 5G .. La connexion ta3 l&#39;Algérie rahi tjr la dernière,1,1.0,dataset_3,0
انا عندي جيزي هبال، جامي شفت مشكل ريزو وانترنت عندنا في عين البيضاء ولاية ام البواقي وحتى كنت في عنابة كيف كيف مليحة لاباس عليها,2,2.0,dataset_3,0
"Vive la pub de Dima Ooredoo c'est jeune c'est frais, cella aucun sens avec des filles très masculins..😣 big flop",2,1.0,dataset_1,0
وين نلقاه العروض,0,0.0,dataset_3,0
انا من تيزي وزو <br>استعملها من عام عجبتني,2,2.0,augmented,0
صل على النبي,0,0.0,dataset_3,0
mmlihach!!,1,0.0,dataset_1,0
الله يرحم والديكم واش بيها كونكسيو رانا نعانو ولا حابين نبدلوكم فهمونا ..!!,0,-1.0,dataset_1,0
شحال هايلة كي جازي تنقصلك 50% فالتعبئة الثانية 😍😍,2,2.0,dataset_2,1
في الجزائر ڨع دايرة كي الخرى,1,1.0,dataset_3,0
Kch promo ramadan wla rein 🤏😅,1,0.0,dataset_2,-1
Merci mobilis 💚💛🔥,2,2.0,dataset_2,0
برافو عليكم 👍 استمروا هكذا,2,2.0,augmented,1
ياو فري فاير يابنت ناس,1,0.0,dataset_1,0
راهي تتباع عندنا في بومرداس انا شريت وحدة,0,0.0,dataset_3,0
هذا الشهر تالي معاهم باي باي,1,1.0,dataset_3,0
سرعة الناث لم تتجاوز 500 كيلو بايث,1,1.0,dataset_3,0
شوف فيديو كامل,0,0.0,dataset_3,0
احسن ping,2,2.0,dataset_3,0
شكرا جزيلا ❤️ كل شي مزيان,2,1.0,augmented,0
مفهمتش نشريها خمسينالف ابخي نفليكسيلها ستينالف باه تجيني فايس وانستا باطل؟ ولا نشري pus وحدوخرة بستينالف ونلقا فيها خمسين كريدي و5 جيغا وانستا وفايس باطل.؟,1,0.0,dataset_1,0
تظل عندي تسريبات عندي تسريبات<br>جامي جبت حاجه جديده وكانت صح,0,0.0,dataset_3,0
.bjm 😂😂,1,0.0,dataset_1,-1
جميل جدا ، ما وصل إليه الإنسان باذن الله تعالى .طبعا انتم مشكورون على هذا الموضوع .إلا أنه هناك ملاحظة مهمة واعذرونا على ذكرها ، ألا وهي رجاءا أن تستعملوا لغة واحدة العربية مباشرةً أو الإنجليزية أو .. غيرها .لأن هذا يؤثر على الجيل الناشئ .طبعا لاباس في تسمية الآلات وغيرها بين قوسين لكن التعبير الانشائي يكون بلغة واحدة أي لغة كانت كما ذكرنا .ونعلم أن شركة جازي رائدة في هذا المجال .شكرا ، نتمنى لكم التوفيق .,2,1.0,dataset_1,0
بيكسس افضل عرض,2,2.0,dataset_2,0
ممكن كيفية إلغاء الارتباط ب funsen,0,0.0,dataset_3,0
Salut ..l agence ta3 bab azouar w9tach t7al l sba7 svp.. mrc,1,0.0,dataset_1,0
مشكور دائما و حبيت نسقسيك توب 4ج تاع 200 الف شحال سرعة منخفضة تاعها كي يخلاصو لي جيغا <br>؟؟,0,0.0,dataset_3,0
راني نقارع برومو رمضان فيها ولا ما فيهاش,1,0.0,dataset_2,0
pix600 الف 6 اشهر الانترنت تاعها غير محدود يعني كي يخلاصو الجيغات تكمل تكونيكتي نرمال,1,0.0,dataset_2,0
"<a href="" هه",0,0.0,dataset_3,0
بالتوفيق انشاء الله,2,2.0,dataset_2,0
كذابين,0,-1.0,dataset_1,0
بالتوفيق والنجاح الدائم يا موبيليس,2,2.0,dataset_2,0
Follow me❤️❤️,2,1.0,dataset_1,0
لماذا النت ضعيف جدا و في تقطع مستمر . يجب في كل مرة اطفأ البيانات تم اعيد تشغيلها 🤔 هل تشرحون لنا من فضلكم,0,-1.0,dataset_1,0
عامين 2 مع أوريدو هيا سويتش ..دنيا زاهية 👍,2,2.0,dataset_3,1
شكرا جزيلا  كل شي مزيان,2,2.0,augmented,0
تحيا اوريدو سويتش كونكسيو فوور,2,2.0,dataset_3,0
Koya mobilis mobtasim,0,0.0,dataset_3,0
تصلحو الخلل ولا نبدلو المتعامل والخيار لكم راه كاين,0,1.0,dataset_2,0
مانزيدش قاع نتبعك ستوت خلط في جيزي باش يلفت الانتباه ..ياو فاقو <br>يماهم ملاح ثان هذي اخر متابعة سلام,1,1.0,dataset_3,0
عروض باهية هذي عروض باهية,2,2.0,augmented,0
عظم الله أجركم يا جيزي ران رايحين قع عند اوريدو سويتش هه,1,1.0,dataset_3,0
انا اضن يعطوك 90جيڨا بصح يزيدو في سرعة ومن بعد نبدو نقولو موبيليس راهي تخون وهيا نتا تشوفها 90 بصح يزيد في سرعة استهلاك البيانات بلا منعبو انا اضن اغراء لان رمضان علي الابواب,1,1.0,dataset_3,0
Abonné n3tuk compte netflix ❤️ n3tuk compte,2,1.0,augmented,0
سكان المملكة يطالبون بنت مجاني هدية العيد اذا حبيتو زعما .,1,0.0,dataset_1,0
انا كان عندي خط جيزي و لكن رميتها و شريت اوريدو لان الريزو كامل مكانش تبهديلة و المشكل هو انا بعيد على العاصمة 30 كلم فقط نقولكم حاجة غير حبسوها خير والله هه,0,-1.0,dataset_1,0
🤣🤢🤣🤣,0,0.0,dataset_3,0
Ana jamais wela ra7etli cnx beljem3a,2,2.0,dataset_3,0
روعة,2,2.0,dataset_3,0
كي فعلت عرض سما راحت الكونكسيو,0,1.0,dataset_2,0
راح يكون أسطوري كي لعادة 🔥👽,2,1.0,dataset_1,0
روح لاوكرانيا تلقاها قاوية على موبيليس<br> موبيلس ابليس,1,1.0,dataset_3,0
Réseau ta3koum ta7sseb rak gabad wifi nta tadkhol lblassa mbal3a w howa yro7,0,-1.0,dataset_1,0
مم انا انا لي راني راضي عليها,2,2.0,dataset_2,0
.gouhiri mliha hadi?,2,1.0,dataset_1,0
WOW! is This truly amazing,2,1.0,augmented,0
أنترنت موبيليس كارثة يعني عروضها تسقط في الماء ..,1,1.0,dataset_3,0
3andi Djezzy la speciale ta3 200 Da ou 3andi 3 s7abi 3andhom kifha jamais l9it fiha limitation tal7a9 jusqu&#39;à 40 Mo ou f lile 15 Mo 3andi 3 ans biha,2,2.0,dataset_3,0
HOLEY OMG😍😍 MOLEY!!,2,1.0,augmented,1
و الله ما فهمت فيها حبة فيديو مبهم وضح اكثر من فضلك,0,0.0,dataset_3,0
.jidel مرحبا،الرجاء تقديم رقم الهاتف مع الإسم و اللقب على الخاص لمعرفة سبب التوقف و إمكانية الإسترجاع.زهرة من جازي,1,0.0,dataset_1,0
._.purple oww😮😮 Ana b9atli wahad Al khatra 25g ou ndir klch fiha 🤔🤔,1,0.0,dataset_1,0
أضعف شبكة في الجزائر، التغطية كارثة و الأنترنات ضعيفة جدا,1,1.0,dataset_3,0
5Go fiha FB w insta w youtube!,1,0.0,dataset_1,0
❤,2,2.0,dataset_3,0
Djezzy سراقيين باقي يومين على الفاتورة تخلصوا .. مهم نهارين و باباي دجيزي دقيقة باش تطلعلك فوطو تاع الفيس و اليوتوب زبل تفوه على خدماتكم,0,-1.0,dataset_1,0
باي باي جيزي,1,1.0,dataset_3,0
الله يحفضك ديما يحفضك ديما مع الجديد💪💪😉😉,2,2.0,augmented,0
انترنت خفيفة جيزي,2,2.0,dataset_3,0
إدريس جاد اعطينا اسم vpn فرار,1,0.0,dataset_1,0
يا ودي روح تعطي <br>قديمة هادي <br>الخرا راك كاتب الطريق الجديدة <br>ابلع ديسلايك,0,0.0,dataset_3,0
اك في دولة حكمينها عصابة حنا روطار في كلش رغم ان الجزائر بوابة افريقيا,1,1.0,dataset_3,0
فهمنا واش كاين وكيفاش نجيبو هذا التطبيق,0,0.0,dataset_3,0
بصح الحيا تسقمت عندك الخلفية و قاع هه راك دير facecam,0,0.0,dataset_3,0
"cause i simply can , mind ur own business little one",1,0.0,dataset_1,0
علاش ما راكوش تردو في الخاصعليكم من الله ما تستحقون😩😣,0,-1.0,dataset_1,0
مرحبا،يرجى التواصل بنا على الخاص و تقديم رقمك الهاتفي مع الإسم و اللقب لنتمكن من إفادتك.نسرين من جازي 🙂,1,0.0,dataset_1,0
يا جيزي اعطينا نستمتعو بيها شويا مشي على الكونكسيو راني 😉,0,-1.0,dataset_1,0
Win nelqaha f dar elbida ?,0,0.0,dataset_3,0
Where is the dark mode 🧐,2,1.0,dataset_1,0
جيزي مليحة,2,2.0,dataset_3,0
cette puce n'a aucun sens Je préfère l’offre imtiyaz avec 600=12gb+ilimité djezzy+1500da/mois,0,-1.0,dataset_1,0
نشكروك اخي على مجهودات لي تورفرها للمشاهدين ومتابعين من فضلك لما تعمل فيديو فيكسي تليفون باش يكون واضح في صورة لانو مرات تكون تحرك تليفون على كلو نتأسف على تدخل جزاك الله كل خير ونتمني كل توفيق 🌺❤️,0,0.0,dataset_3,0
"C'est juste une question de chance, ki ma terreb7ich yekherdjou des propositions d'offres, mais ki terreb7i yekhrodjlek un message de félicitations 😊",1,0.0,dataset_1,0
نتوما لي حليتوهالو لنقش كيما هذا jsp kifah wla mashhour😣😖,1,0.0,dataset_1,0
فهمهم بلي فايسبوك ياكل من جيغات ك تكتيفي العرض <br>و ك يخلاصو الجيغات يرجع مجاني,0,0.0,dataset_3,0
لازم تسلكها عام؟,0,0.0,dataset_3,0
زعما اذا تقدر تكثرنا من فيديوهات الله يخليك مناش عارفين شانختارو وربي يحفظك,0,0.0,dataset_3,0
Djalel Frih اوريدو فور كان عندي جيزي و قلعتها فرق كبير بزاف,0,-1.0,dataset_1,0
وكي يديرو 10gعلاه فهاذ البلاد,0,0.0,dataset_3,0
موبيليس ريزو ثقيل خصها دير عروض,1,1.0,dataset_3,0
Bravo l'équipe Bravo l'équipe ❤,2,1.0,augmented,0
حب يقول راح تدخل 4 g,0,0.0,dataset_3,0
تجربة رائعة  نشكركم,2,2.0,augmented,0
اوريدو سويتش <br>تخلص 150 هدرة اوريدو مجاني و 50 جيڨا وكيتزايدلك جيڨات يزيدوهملك لشهر لجاي مثلا كيما انا زايدتلي 26 جيڨا كيفليكسيت ولاتلي 76 <br>مشكل نهار شحن فيكسي انا 14 تبقا 14 عام باه تخلاص العقد معاهم وتقدر تقلعها 😑🙄,2,2.0,dataset_3,-1
عييت ما نشاكي و ما ديت والو العروض غير هي تتعاود و كل يوم ..,0,-1.0,dataset_1,0
خالوطة وخلاص جامي فهمت فيديو من قناتك,0,0.0,dataset_3,0
بالصح عندنا في بسكرة المدينة مليحة,2,2.0,dataset_3,0
عرض اوريدو لمستخدمين اليوتيوب بزاف وش هو ؟؟!! عياتنا موبيليس وجيزي,1,1.0,dataset_3,0
نتا راك تعيي,0,0.0,dataset_3,0
.dz بلال اوماي قاد,1,0.0,dataset_1,0
Aibi Chaouki انا عندي 13760 نقطة ،ماعلابلناش كيفاش راهم اخيرو !!,1,0.0,dataset_1,0
مرحبا،ماهو الإشكال من فضلك ؟ كيف يمكننا مساعدتك ؟زهرة من جازي,1,0.0,dataset_1,0
من يتابغني سا اتابعه والله.الايكات تثبت 💜,2,1.0,dataset_1,0
مايمشي لا مسنجر لايوتيوب لاڨوڨل,1,1.0,dataset_3,0
Et pr h'bal matzidoulnach fel forfait chwiya ? Raj3ouh au moins 20Go f les 100Da,1,0.0,dataset_1,0
نهاية شريحة Top 4G,1,1.0,dataset_3,0
o la switch mzado walo,0,0.0,dataset_3,0
فهمنا يلكان تطبيق نزلوه ولا كيفاش هاذ الجديد داير اشرح مليح واحد مافهم,0,0.0,dataset_3,0
"l'application fonctionne sous le réseau Djezzy, il faut activer les données mobiles",1,0.0,dataset_1,0
ني جودة ني سعر ريزو تاعكم ولي ميليقش والله كرهتونا راحت المصداقية تاعكم هدي المرةثانيةلي نقولهالكم 😡😡😠😠,0,-1.0,dataset_1,0
هذا فيديو تنشرو !,0,0.0,dataset_3,0
👍👍😍😍,2,1.0,dataset_1,1
fhd 1080p machi 720p kho,0,0.0,dataset_3,0
نحب نفلكسي 100تمشي ولا لا,1,0.0,dataset_1,0
كملوا اعمال صيانة في الجزائر الإنترنت مزاال محسيت بحتا فرق,1,1.0,dataset_3,0
يعني هي نفسها تاع 150دينار,1,0.0,dataset_1,0
Cnx ta3 zbii roho t9wdo machi khirr,0,-1.0,dataset_1,0
40مليون مشترك موبليس في dz اوريدو راهي تعاني الافلاس,1,1.0,dataset_3,0
ريقلونا الكونكسيو اودي,0,1.0,dataset_2,0
هيه بصح انا مفهمتش علاه راهوم فاتحين رواحوهم 😕⁦☹️⁩,0,-1.0,dataset_1,0
راه يدير 899 الف زادت السومة,1,1.0,dataset_3,0
نسرين ارواحي بريفي 😂,1,0.0,dataset_1,-1
الشكرا على كل المجهودات المبذولة..,2,2.0,dataset_3,0
موبيليس في بجاية مرض,1,1.0,dataset_3,0
اخي هادي قديمة انا عنباتلي نورمال,0,0.0,dataset_3,0
مليح بزاف 💯 نوصي بيه,2,1.0,augmented,1
Kifh hedi wlh la fehmt,1,0.0,dataset_1,0
15 mg alg ga3 nhar mliha,2,2.0,dataset_3,0
موبيليس يا دولة,2,2.0,dataset_2,0
مشكل تغطية لا توجد في منطقتي 😭😭,1,1.0,dataset_3,0
t3ich hni 😂,1,0.0,dataset_1,-1
"Wesh hkayat la page ta3 ""1 2 3 viva l algerie "" djezzy khawana",0,-1.0,dataset_1,0
انا ودعت جيزي منذ 2009 بسبب(مبارة ام درمان )ومالكها نجيب ساوريس المصري اليهودي الذي كان يمول بناء المستوطنات في ارض فلسطين،على الأقل ما فعلناه من اجلهم,1,1.0,dataset_3,0
عرض تع صحاب شكارة زواولة لالا,1,0.0,dataset_1,0
خويا اوريدو ديما مزالو يزيدو 40جيغا ولا الشهر الاول برك,0,0.0,dataset_3,0
Bonsoir m pour quoi elle ma coûté 800da,1,0.0,dataset_1,0
واش راك ✅ شكرا,2,1.0,augmented,1
Khoya toop Rabi ybarak fik 😘😘,2,2.0,dataset_3,0
بصحتك 170 الف مشترك 😉,0,0.0,dataset_3,0
ريڨلو جد الكونيكسيو قبل و مبعد ساهل,0,1.0,dataset_2,0
واش من خدعتني جزي راهي تخدع قاع شعب من بكري,1,1.0,dataset_3,0
خويا لعزيز تبالي خير من top4g,0,0.0,dataset_3,0
Khoya limitation fi Djezzy normalement ra7o,0,0.0,dataset_3,0
.msd 😂😂 zidi 7arki,1,0.0,dataset_1,-1
Pixx مليحة فيها فيس بوك مليحة فيها مجانا,2,2.0,augmented,0
🌸❤️,2,1.0,dataset_1,0
نحوها,0,0.0,dataset_3,0
وين راهي عروض رمضان المضاعفة,1,0.0,dataset_2,0
.sch khiyer w'ekhtar ! W'ila habit les 2 test9amlek 600da,1,0.0,dataset_1,0
رسلتلكم في الخاص ومجاوبتوش,1,0.0,dataset_1,0
اخرط اخرط وجهك صحيح,0,0.0,dataset_3,0
عروض امتياز مغلوقة عندي علاه؟؟,1,0.0,dataset_1,0
شكرا 👍👑,2,2.0,dataset_3,1
Pixx 500 dz chafiha ?,0,0.0,dataset_3,0
ريحوا بركاو ما تكذبوا على الناس بدراهمك و مكاش الانترنت قالوا اعقد فى الدار و كونكتي,0,-1.0,dataset_1,0
الخدمة تاعكم رائعة,2,2.0,augmented,0
الأحسن djezzy,2,2.0,dataset_3,0
wilaya de chlef commune de boukadir connexion grave les 3 opérateurs meme algerietelecom 0,1,1.0,dataset_3,0
موبيليس نينجا السلاحف,1,1.0,dataset_3,0
وقتاش دديرولنا تيكتوك اليميتي كيما يوتيوب .. لازم شوفو كل شرائح المجتمع و ڤاع الفئات 😉😉,1,0.0,dataset_1,0
A ce que rah kayen problème f réseau t3kom ? M bghatch tkhdmli cnx,0,1.0,dataset_2,0
دير كاميرا شابة لعمرك.. قاعد تخبي في صوارد!! علاش,0,0.0,dataset_3,0
.7 الله يزيدك ناس وزناتك و نتا ما جايب خبر نتا ولدي توقف حدايا ما يلقوكش وزن هدرتك لوكان نتلاق بيك ما تهدرش هاك بديت بلعيب نتا باين بلي خاوي مين تتربى ارواح نعلمك كيفاش تولي راجل,1,0.0,dataset_1,0
ماشي حاجة 😢,0,-1.0,dataset_1,0
تحسن ملحوظ فالكونكسيو,2,2.0,dataset_2,0
لازم متقولش بلي صاي 100 دج مولاتش تاكزيزتي نتا لازم تعاون الزوالي كيما كونت تعاونه من قبل كنت تهدر حتى على العروض تاع 50 الف بكري نتا راهم يتبعوك الجيري تيليكوم جيزي اوريدو موبيليس,0,0.0,dataset_3,0
متى يتم تعويض تدفق 4 ميغا بدل 2 ميغا في اتصالات الجزائر,0,0.0,dataset_3,0
والله ما كاين انترنت مليحا فالجزائر راني داير اوريدو سويتش 120gb و انترنت تقييلاا رهج <br>لا للتطبيل ❌,1,1.0,dataset_3,0
Kifach naktifha khou,0,0.0,dataset_3,0
يا خاوتي داير راني Izzy مليحة,2,2.0,augmented,0
flixit nhitoli drhm whdhom puc jdida dertha ma mktivi walo flixit 1500Da rht l dar l9itha 1420Da,2,1.0,dataset_1,0
ينقعوها فلمة يشربوها لتاي مكاش كذابين كما اريدو لهلا تربحهم,1,1.0,dataset_3,0
fort Mobilis ❤❤,2,2.0,augmented,0
تقدر تبدل top 4g ل pix و ترجع 3 خطرات فالشهر بلا خطر,0,0.0,dataset_3,0
والله تقطع 200 خطرة على جالكم حبست البالون😒,0,-1.0,dataset_1,0
Offre de blaah blaah,1,1.0,dataset_3,0
السلام عليكم ورحمة الله وبركاته<br>وينو الواتساب ديالك,0,0.0,dataset_3,0
سويتش _بينج 184 _تنزيل 0.27 _تحميل 0.35,0,0.0,dataset_3,0
كاينة عند موبيليس في باتنة ثاني,0,0.0,dataset_3,0
اجلد اجلد ونحن معاك,0,0.0,dataset_3,0
Je veux savoir comment débloquer loption transformait de crédit djezzy vers djezzy svpp 🤔🤔,1,0.0,dataset_1,0
Pour 15jours !!,1,0.0,dataset_1,0
العروض تاع الخرطي ..الكل كيف كيف ..لازم مقاطعة لجميع الشركات الاتصال,1,1.0,dataset_3,0
تسمى نت ولد المدير نتاع موبيليس ولا وش 😏,0,0.0,dataset_3,0
kho hadou swalah maytsagmouche na3tique 100ans matgmche cha3be rah raya rah goule TV rah raya li yahdare yatrole habse makanche ha9e andake 3arfe wou rachoit sagame ma3andakche ma3andake mandire hadiya la vie fel algerie wou m3icha les aglerien 9alak rabie sinya 3Lina mane 62 kima haka 1 2 3 viva khroro,1,1.0,dataset_3,0
بعثتلكم من سمانة مرديتوش,0,-1.0,dataset_1,0
تحيا جيزي افضل في الجزائر,2,2.0,dataset_3,0
تحيا توب 4 جي 👈 TOP4G<br>ولا كسر الشريحة,2,2.0,dataset_3,0
شكرا المجهودات على المبذولة 🥀👌,2,2.0,augmented,0
ريڨلونا كنكسيو راهي تقطع شوا هدا,0,1.0,dataset_2,0
Dejzza ki ymadolk 40 go. F la fin ta3 chhar. Tab9alk 39 go tellement conx t9ila,0,-1.0,dataset_1,0
دير التاست بين 8 و 10 نتاع لعشية,0,0.0,dataset_3,0
هاذ اوريدو غير خرطي راهم غي يلعبو. بينا كي يحبو تشري بيس ب اوفر عاود يخرجلك اوفر بيريمي غش عيني عينك,1,1.0,dataset_3,0
Roho t9wdo hdi conx hdi t3yo bikom ba djezzy t3kom,0,-1.0,dataset_1,0
خدمة سلكني علاش ميش تخدم؟,0,0.0,dataset_3,0
Mobilis pixx 1200 fiha 20 go,2,2.0,dataset_3,0
زهرة من جازي 🙂,1,0.0,dataset_1,0
المهم شكرا اخي ..,0,0.0,dataset_3,0
موبليس خردة,1,1.0,dataset_3,0
نجمة لمخيرة قاع,0,-1.0,dataset_1,0
اسوء عرض متصلحش بيه الكونكسيو تتقطع بزاف عندي في 4 اشهر يامس وليوم ماشي تمشي لكونكسيون وسيء لببجي ومشاهدة المباريات,1,1.0,dataset_3,0
علاه كونيكسيون راهي تقيلا هاد اليامات,0,-1.0,dataset_1,0
rak tahder wala tabki,1,0.0,dataset_1,0
"أختكم من اليمن , أبي متوفي من 3سنة بسبب الحرب وعندي 4أخوات وحالنا يعلم الله فيه واني متكفلة فيهم , واني الان قمت بعمل قنات وربما أربح منها لكن ينقصني الكثير من المش تركين . واتمنى ما تسخروا مني , وأعرف إن هذه الطريقه غلط لكنها الطريقه الوحيده اللي اقدر من خلالها اكسب نقود حلال 💔💔 لا سامح الحرب اللي وصلتنا لذي المراحل ..…….،،",0,0.0,dataset_3,0
ا مبروك تاعك و روح افشب شريحة شريتها شهرين و رميتها اضعف انترنيت نجمة خيرمنكم,0,-1.0,dataset_1,0
هذا يسموه الإحتيال على المواطن أنا نحيت جيزي داك لعام سراقين,1,1.0,dataset_3,0
واش من انترنت عندكم بالنسبة للعرض نتاع بارطاجي راكم ديتيو 20Goمن عندي هذا هوا البارطاج 😏🙄😡🧐 قصدكم ؟؟ ناكتيفي 1500daونستهلك غير 15Go من 40 سما 25 ليكم 😡🙄😏,1,0.0,dataset_1,-1
علاه سرقتولي سبعلاف البارح,0,1.0,dataset_2,0
انترنت ضعيفة جدا جدا,0,-1.0,dataset_1,0
Moulet t9echer 😍thooubel vert 😋,2,1.0,augmented,1
بصح قالت موبيليس في التيليفيزيون بلي5G ماشي من اولوياتها,0,0.0,dataset_3,0
خاويا نسقسيك انا مكونيكطي بريزو نتاع إنوي في ولاية بوستا غانم ممكن تعطينا اخير العروض نتاع هاد الشبكة وشكرا مسبقا,0,0.0,dataset_3,0
الريزو تاعكم00,0,1.0,dataset_2,0
جيزي confort مافيهاش ليميطاسيون,2,2.0,dataset_3,0
I wasn’t ready for this joke 😂😂,1,0.0,dataset_1,-1
المودام مليح والانترنت ماشي مليحة . اذا ماكاين والو .,0,-1.0,dataset_1,0
كائن عروض في رمضان كريم,1,0.0,dataset_2,0
💓💓,2,1.0,dataset_1,0
.dz ok,1,0.0,dataset_1,0
تاعكم,1,0.0,dataset_1,0
يا خو نحو TOP 4G اليوم,1,1.0,dataset_3,0
60 جيڨا تروح لك في 15 يوم,0,1.0,dataset_2,0
علاش ماتردوش فالخاص ونتم تقولو ابعث رسالة فالخاص,0,-1.0,dataset_1,0
وما محل تدفق الانترنت من الاعراب ؟,0,1.0,dataset_2,0
فيها التزام امدة معينة اخي,1,1.0,dataset_3,0
Djezzy 🌺🌺,2,1.0,dataset_1,0
El edit chabab bezaf el ha9,2,1.0,dataset_1,0
تطور ملحوظ في الخدمات أرى انها فرصة جيدة فرصة جيدة جدا بالتوفيق و شكرا 🤗😍,2,2.0,augmented,1
yawdi dart forfait ta3 200mil li fih 60 go ou mkfynich khlstli dirona 3fsa taslahh,1,0.0,dataset_1,0
حيزي عندنا مليحة و تمشي و مكانش مشاكل,2,2.0,dataset_3,0
وكل موبيليس يكونكتي ..❤️❤️,2,2.0,augmented,0
موبيليس تاني خيان نتا بقيلك الانترنات و يڨطعوهاك خيان,1,1.0,dataset_3,0
راك غالط انا من بكري 10جيقا,1,1.0,dataset_3,0
ياتل راني باعثتلك في لخاص ها ردو,1,0.0,dataset_1,0
او في اوال تو خويا؟,0,0.0,dataset_3,0
عندي موبيليس راني داير عليها فيديو,0,0.0,dataset_3,0
نرفع دعوة قضائية,1,1.0,dataset_3,0
ريلقو الريزو,0,1.0,dataset_2,0
وش كاين,0,0.0,dataset_3,0
عندي إتصالات الجزائر 4g نخلص 20 GB نكمل الشهر بسرعة منخفضة بصح يمشي عندي كلش بصح يوتيوب يمشي غير ب 360p الكارثة فيسبوك ميمشيش 360p بث مباشر فيسبوك وفيديوهات تمشي ب💩 144p💩 ويقطع هذا كامل ونكوناكتي وحدي 💩 كلاونا جيوبنا ولاد لحرام ربي وكيلكم,1,1.0,dataset_3,0
Makanch maneha Tlemcen tesouferi b réseau djezzy dima nemadou réclamation mais walou,1,0.0,dataset_1,0
الانترنت ضعيفة جدا. بالمقارنة مع المتعاملين الأخرين. علاش أين الخلل.كرهنا خلاص. عروض بدون فائدة,0,-1.0,dataset_1,0
نت حكي ضعيف جدا في كمبيور سرعة تحمل تصل حد اقصى 200 كليو و عادي 50 كليو 100 كليو,1,1.0,dataset_3,0
بصح مقتلناش الاسعار,0,0.0,dataset_3,0
Le site rahou yemchi 😊,1,0.0,dataset_1,0
كونيكسيو تع موبيليس مليحة في حومتي دوكا تولي عيانة على جال ظغط,1,1.0,dataset_3,0
عندو الحق ناس كامل تشحن بالرصيد و نتوما اصلا كونكسيون كي ناس ما طلڨتوهاش,0,-1.0,dataset_1,0
انصحوني خاوتي وش نشري,0,0.0,dataset_3,0
لي باص تاعكم واحد مايوالمو تحسبو في ناس تخدم غير على الانترنت خلي لي باص تاعكم في المعقول وماتبصيوش 200دج,0,-1.0,dataset_1,0
تد🌴🌴,1,0.0,dataset_1,0
تلتلفتباب,1,0.0,dataset_1,0
.dz ويكتا تتوفر,1,0.0,dataset_1,0
نكذب عليكم كل شهر نخلص لالين والله ما نهدر يا لوكان نص ساعة فالسمانة دايرتها علاجال الكونكسيون و كون غير نقدر نكونكتي بيها,1,0.0,dataset_1,0
يعطيك الصحة على الإقتراح 😊,1,0.0,dataset_1,0
اسوء متاعامل في العالم 😡,1,1.0,dataset_3,0
راك من نيتك ولا كفاه. ..4جي نمشيو بيها 2جي وضكا تقولي 5جي ..حسبنا الله ونعم الوكيل,1,1.0,dataset_3,0
من فصلك تاستيها بعد ما يخلص ليميغا,0,0.0,dataset_3,0
راح نقلبها اووريدو خير من جايزي لحد الساعة,0,-1.0,dataset_1,0
😌😌,1,0.0,dataset_1,0
العرض هذا حشوة لا أنصح اي واحد بالاشتراك للاسباب التالية:<br>1-سرقة في الانترنت عيني عينك<br>2-كي تخلاصلك الكونيكسيو قبل الشهر لازم تنتظر الشهر جديد باش تدخلك كونيكسيو<br>3-تبقى ملزم انو كل شهر لازم تفليكسي لمدة عام,1,1.0,dataset_3,0
Djezzy Djezzy #نسرين ما تقوليلش انتِ هي لي تقولينا (ان هاتف مراسلك مغلق) والله الى تعجبنى لافوة نتاعك شا ڨلتي عليها نديرو دي في دي انت عليك فليكسي كل شهر و انا كل يوم نعيط في رقم طافي و نسمع صوتك,1,0.0,dataset_1,0
EL Rey Ressan بدل المتاعمل و تهنا انا واحد راح نبدل و راح ندير حملة ضد شركة هاذي,1,0.0,dataset_1,0
خويا كي تخلاص 6 شهر نقدر نعاود نفليكسيلها ؟؟ و وين بالضبط في الجزائر العاصمة ؟ شكرا,0,0.0,dataset_3,0
.s بطاقة حمراء 😂,1,0.0,dataset_1,-1
افضل جيزي فقط شريحة جيزي فقط,2,2.0,augmented,0
rebi yahefdek ou had el 3issaba hasbouna allah wa ni3ma al wakil,0,0.0,dataset_3,0
دجيزي راهي ثقيلة هاد ليام,1,1.0,dataset_3,0
راح نجربها شهر و نشوف..,0,0.0,dataset_3,0
Internet 20Go ch7el,1,0.0,dataset_1,0
1 er commonter,0,0.0,dataset_3,0
انا مداير اوريدو ڨولد نقدر نبدل لعرض switch,0,0.0,dataset_3,0
ودرت واحدة 😍 ودرت وحدة 😍 ودرت وحدة😂😂 راهي عجبتني مووت 👏,2,1.0,dataset_1,-1
و الله ما فهنا في هاد فيديو كي تعطينا معلومة فهنا نيشان ولا يلا راك دير غي فيديو باش تربح و سلام عليكم,0,0.0,dataset_3,0
.__.ou._.chouchou aussi mfhmtch,1,0.0,dataset_1,0
اوريدو ماشي غير في الاستوديو تاعك .. لازم تخرج ل برا باش تكونكتي,1,1.0,dataset_3,0
Rak mzahihom bl publicité hh bsahtk w bsahethom ana had chhar nahitha serkouni directement,2,2.0,dataset_3,0
.dz ga3 hado w mknch des appels illimités vers djezzy !!,1,0.0,dataset_1,0
لماذا لا تردون علي رسائل في الخاص انترنت فاشلة واتصالات خردة انا ناكتيفي بدراهمي ماشي صداقة من عندكم لماذا لا تقومون بتعديل واصلاح هوائيات الانترنت والاتصالات مع انكم تعلمون ان شركتكم اصبح خردة ولا تقومو برد علي شكاوى نحن نطالب مصلحة المستهلك باخد هذا الامر بعين الاعتبار واتخاد الاجرائات الازمة في بلاد الغرب الانترنت حق كل مواطن مثل الاكسجين اما في بلادي بدراهمي ومش قادر نستخدم لا الانترنت ولا نقدر نعمل اتصالبلدية ابن باديس ( الهرية سابقا ),0,-1.0,dataset_1,0
موبيليس صح رمضانكم,2,2.0,dataset_2,0
Hadi Hiya الديمقراطية 👀,1,0.0,dataset_1,0
احسن عرض تع سويتش,2,2.0,dataset_3,0
والله نفس البروبلام عندي تاني 😡,1,1.0,dataset_3,0
وين أسفل فيديو,0,0.0,dataset_3,0
ce n'est pas une promo mais une offre valable à vie .. vous pouvez à tout moment recharger et souscrire 😉,1,0.0,dataset_1,0
ممتاز والله,2,2.0,augmented,0
في جيزي والله ياخي الأنترنت ميت نصرف 1500دج لشهر والانترنت تقييل,1,1.0,dataset_3,0
Hawdi adoni m3akom😢😢,1,0.0,dataset_1,0
العروض جديدة غير في لاوين كونطرول,0,0.0,dataset_3,0
مبيليس فيف top 4g تاع 50الف,2,2.0,dataset_3,0
انترنيت ف جزائر علا حسااب دراهمك,1,1.0,dataset_3,0
المشكل ليس في الكمية ولاكن في النوعية للاسف الشديد التغطية والسرعة ناقصة بالبزاف,0,-1.0,dataset_1,0
ياك ماشي غير تاكتيفي ليدوني ينحولك 1 جيغا,0,0.0,dataset_3,0
._.purple tafla ??,1,0.0,dataset_1,0
حسبي الله و نعم الوكيل.. إعتقد أنو مجاني.. نفذت الباقة,1,1.0,dataset_3,0
basa7 ki ykounou mazalou 40GB w tasta3mal youtube 3lach ma yamchiche batal. tsama yasta3mal man les giga hadok,0,0.0,dataset_3,0
الله يحفظك,2,2.0,dataset_3,0
Confort,1,0.0,dataset_1,0
Yaaw rahi 22:40 ou mazal,0,-1.0,dataset_1,0
عرض سويتش 1500 احسن عرض انترنت فور,2,2.0,dataset_3,0
سرقتوني في 10 جيجا الله لا تربحكم كيفا ندخل للفايس ساعة ينقصو 2 جيجا وش التمسخير هادا؟,0,-1.0,dataset_1,0
يكنسومي بزاف,1,1.0,dataset_3,0
حب قلبي موبيليس,2,2.0,dataset_2,0
😍😍 khkhkh 😈😈,2,1.0,dataset_1,1
أتلقوا cnx مشي تروجوا لعروض جديدةعندها كتر من سمانة في حالة كارتية وزيد لا رد عن الشكاوي لا تبرير للمتعامل الا مبالات حسبي الله و نعم الوكيل,0,-1.0,dataset_1,0
تحشاتلي كي بدلت والله 🤦‍♂️,0,1.0,dataset_2,0
لو سمحتي اليوم الرابع والانترنات منعدمة عندي ممكن تصلحو العطل تاعكم,0,1.0,dataset_2,0
4 أيام ول cnx تقيلة.. (قريب مكاش قع) مفهمتش دوك نخلص cnx باش ما نستعملهاش؟؟ وكي يخلاص الشهر تنحو gb لي مستعملتهمش؟؟ (alger),0,-1.0,dataset_1,0
ديرلنا تجربة تاع idoom 4g,0,0.0,dataset_3,0
سلام خويا الربي نسقسيك انا عندي موبيليس وكي نسلك شهر انترنت تمشي غير 10ايام برك,1,1.0,dataset_3,0
عندي جيزي عرض هايلة بزاف مافيهاش ليميتاسيون,2,2.0,dataset_3,0
Djezzy والله ماتحشمو رسلتلكم ڨاع في شحال ومارديتوش عليا على اقل غي ردو عليا وقولولي وين رآه مشكل,0,-1.0,dataset_1,0
أحسن شبكة بالنسبة لي، مزيد من التألق شبكة بالنسبة بإذن الله 👍👏❤️,2,2.0,augmented,1
.dz 3endek 5go jours,2,1.0,augmented,0
كينا في مستغانم بصح عينة,1,1.0,dataset_3,0
زعمة كون نربح يمدولي كادو من الكادوات هاذو,1,0.0,dataset_1,0
انا توب 4جي توب 4جي موبيليس مانغيرش منها ابدا,2,2.0,augmented,0
عيتني خويا والله,1,1.0,dataset_3,0
بهلول وتصفية حسابات مهيم كامل متاعملين هما فرع من اتصلات جزائر,1,1.0,dataset_3,0
الريزو راه مكاش والنت صفر يا ربي 💔,1,1.0,dataset_3,0
.abdelghanii f cmntr stp ♥️,2,1.0,dataset_1,0
تمسخير .,1,1.0,dataset_3,0
عندنا الانترنت في الجزائر مقننه او مقطره,1,1.0,dataset_3,0
اخي راني حول top4g الى pixe كي جبيت نرجعها top4g ماقدرتش . كبفاش ندير خويا,0,0.0,dataset_3,0
الخدمة تاعكم رائعة,2,2.0,augmented,0
😍😍,2,1.0,dataset_1,1
مرحبا،لتحويل الرصيد من خط جازي الى خطوط جازي مسبق الدفع أو جازي كونترول يكفي تشكيل العبارة *770*رقم المراسل*100دج≥ المبلغ المحول≥50 دج* الرمز الشخصي للتعبئة (00) # زر المكالمة ثم تأكيد الارسال ب 1 وتكلفة هذا الارسال 10 دج فقط.شكرا، نسرين من جازي 🙂,1,0.0,dataset_1,0
يا موبيليس والله غير ريزو راه ماش سطابل,0,1.0,dataset_2,0
خدمة مليحة بزاف,2,1.0,augmented,0
Au’jourdui j’ai fléxi la nouvelle offre de hayla maxi 40Giga a 1500Da selment il est un offre magnifique ms la rapidité elle est faible je sais pas pourquoi..Merci,2,1.0,dataset_1,0
"HAYLA لي عندو 😍 La data 😉 مايخافش كامل تخلاصلوAvec HAYLA 😍, vous n'aurez plus aucun soucis de data 😉 #djezzy #dz HAYLA 😍, #hayla",2,1.0,augmented,1
.dz 3andi problème Cnx matjinich 3chiya hada m3andi wela m3andkom?,0,-1.0,dataset_1,0
WOW! This is truly amazing,2,1.0,dataset_1,0
miziria ga3,1,1.0,dataset_3,0
واش معنتها لميتاسيو <br>متضحكوش عليا 😢,0,0.0,dataset_3,0
Zeama sah tched 30jr w machi 10jr?,1,0.0,dataset_1,0
موبيليس مازالت ثقيلة يا رب يسرعوها احسن ما يكون,1,1.0,dataset_3,0
.raouf_.x rockstar games,1,0.0,dataset_1,0
Ghir lkdab,0,-1.0,dataset_1,0
عندي 4 ايام منين شريتها خويا,0,0.0,dataset_3,0
هاي نسرين تحلبتلك بلي نتي خلاطة تعيطي لناس من طرف,1,0.0,dataset_1,0
"djezzy la meilleure puces pour Sahla box, pour internet",2,2.0,dataset_3,0
جيزي ممتازة 👍,2,2.0,dataset_3,1
عرض مليح موش,2,2.0,augmented,0
انا اعتبر التيك توك اكبر ماخور لنشر الرذيلة والتشجيع على الدعارة والفسق وقلة الحياء,0,0.0,dataset_3,0
ooredoo Haya switch 1500 mliha,2,2.0,dataset_3,0
nchallah b rabi rak fahem😂,1,0.0,dataset_1,-1
هذه العروض في رمضان برك ولا قاع ليام,0,0.0,dataset_3,0
هذا العرض قابل للتجديد شرط فقط متفوتش 3 أشهر بدون إعادة تعبئة العرض,0,0.0,dataset_3,0
عرض أكثر من رائع خاصة في رمضان,2,2.0,dataset_2,0
La cnx 15gega rahat fi 3jours c anormal,0,1.0,dataset_2,0
دجيزي باغي ندير شريحة تاع فليكسي ؟؟,1,0.0,dataset_1,0
طاحتلي بيست دجيزي بغيت نبلعها معرفتش افيدوني بليز,1,0.0,dataset_1,0
المشكل ماهوش في جيزي والا موبيليس ولا نجمة ولا اتصالات الجزائر المشكل راه فهاد الشعب الكافي لي ميفهمش حتى وش هي الكونيسيو يشري برك,1,1.0,dataset_3,0
وتقولو جيزي مامليحاش,1,0.0,dataset_1,0
3lh l 4g te3 djeezy twila khfifa ghi f lil w t9ila f sbahh,0,-1.0,dataset_1,0
شكرا جزيلا 👍 كل شي مزيان,2,2.0,augmented,1
النت ضعيفة جدا خاصة في الليل ، الصور لا تضهر فما بالك الفيديوهات.,0,-1.0,dataset_1,0
انترنث سيئة عندي 12 جيغا مقدرت ندير بيها والو مكانش الكوناكسيو ساعة تروح ساعة تجي,0,-1.0,dataset_1,0
اخي الكريم للامانة راني نتفرج بها افلام بصيغة 4k وبدون توقف وضعت الشريحة في مودام اتصالات واشاهد ثلاث افلام بصيغة 1080 في نفس التوقيت وهذا طول النهار,2,2.0,dataset_3,0
دجيزي كيفاش ندير ربط بين المكالمات بغيت نديرها ومخرجتش,1,0.0,dataset_1,0
لوكان ريقلتو كونكسيو ماشي خير يوم ما تبقاو وحدكم في حقيقة انا ومشتركي راعي رسمي للمنتخب خدامات جد ضعيفة,0,1.0,dataset_2,0
احسن واحد يجيب الجديد ..مشكور وبالتوفيق,0,0.0,dataset_3,0
حابة ترجعولي لا بيس تاعيي حلوهالي بسك غلقتوها دون سابق إنذار 😭 وراني محتاجتها😔⁦🤦🏽‍♀️⁩,0,-1.0,dataset_1,0
أين متوفرة في وهران تلقاها في مرفال؟,0,0.0,dataset_3,0
قبل الترويج لعروض جديدة، حسنوا الشبكة و تدفق الانترنت للعروض الحالية على الاقل.. لا ريزو لا انترنت لا جد ماليكم، متعاملين الهاتف النقال ثلاثتكم شلة عصابة لنهب اموال الزبائن مع رداءة الخدمة.. #جيزي و الكل يتألم و يعاني,0,-1.0,dataset_1,0
وعلاه من مدة طويلة ماتغيرت عندي عروض امتياز ؟,1,0.0,dataset_1,0
ۥٰ ۥٰ روحي لاميزون جيزي يبدلوهالك وباطل ماتخلصي والو ماتنسايش برك بطاقة التعريف,1,0.0,dataset_1,0
احسن عرض pixx,2,2.0,dataset_2,0
فيسبوك غير محدود راني نستعمل فيسبوك نتفرج لي لايف نخرج نلقى جيڨات يروحو,1,1.0,dataset_3,0
بصراحة جيزي في غرفتي افضل بكثير من موبيليس و اوريدو. اتحدث عن غرفتي فقط.,2,2.0,dataset_3,0
عندكم كونكسيوو دايرا كي شكوبي,0,-1.0,dataset_1,0
Switch في غليزان فيها تحديد السرعة فالليل,0,0.0,dataset_3,0
.dz kifach na9dar nactivi izzy🤔,1,0.0,dataset_1,0
جزي ممز,1,0.0,dataset_1,0
كي شغل مديتو 500 جيغا خص غير نبعثو منهم,0,-1.0,dataset_1,0
خدمة مليحة بزاف ❤️,2,2.0,augmented,0
غالية 🤔,1,1.0,dataset_3,0
😂😂 150 gb 6 m tfad fi 10 jour zid cnx 4G (thble hayla )🤞😂,1,0.0,dataset_1,-1
Yakhi association des consommateurs algériens pourquoi ne pas les contacter ?,0,0.0,dataset_3,0
من فضلك أحسن عروض الإنترنت للمودام من غير تاع الفيبر. و هل مودام تاع اوريدو مليح سقسيت يدير 900 دج و فيه 30جيقا ب 200 دج للشهر.. هل كاين حاجة خير؟,0,0.0,dataset_3,0
اجماعة ننصحك والله والله ما راهي باهية في نهارين تكمل وداروها بذمة كيما تعمل شريحة سما متقدرش ترجعها,0,1.0,dataset_2,0
بارك الله فيك ربي يحفظك🌹🌹,2,2.0,dataset_3,0
كونكسيون ماش مليحة خلاه فموبيليس🥺,1,1.0,dataset_3,0
الرجاء المحاولة ثانية من فضلك 😊,2,1.0,dataset_1,0
Ps4,1,0.0,dataset_1,0
la limitée Mega..elle a 50 mega mliha,2,2.0,augmented,0
الكنكسيو والوو,0,1.0,dataset_2,0
يا اخي شوفنا حل كيفاه نبدل لوين كونترول إلى بيس عادية,0,0.0,dataset_3,0
نشاله ترد عليا انا عندي جيزي وجيني ثقيلة رهج منقدرش ڤاع نستعملها,1,1.0,dataset_3,0
خاطيك التكنو خويا . غير شوف مجال آخر,0,0.0,dataset_3,0
مليح عرض,2,2.0,dataset_3,0
راهي كاارثة الكونيكسيون الايام هادو في باتنة ، ديرولنا حل 🤔,0,-1.0,dataset_1,0
.ezz hada machi dirna m3ah khtra wla ani ghalet?,1,0.0,dataset_1,0
mal Pas ça 👍🏼,2,1.0,augmented,1
انا عندي جيزي هبال، شفت مشكل ريزو عندنا في عين البيضاء ولاية ام وحتى في كيف مليحة لاباس عليها,2,2.0,augmented,0
Kash forfait ppur ramadan ?,1,0.0,dataset_1,0
ربي يحفظك ويسعدك,2,2.0,dataset_3,0
محبتش جيني,1,1.0,dataset_3,0
وراهي الكونيكسيون منبعد نعيد عليكم,0,-1.0,dataset_1,0
برافو عليكم 👍 استمروا هكذا,2,2.0,augmented,1
انترنت = صفر و شبكه الاتصال خمس اصفار ندمت كي شريتها .والله انفصالات الجزاير ولات تبانلي هي المخيره فيكم,0,-1.0,dataset_1,0
شوفو جيزي بسباب الريزو تاعكم العيان شوفو احسبو معايا شحال رايحين تخسرو.. خمس عايلات رايحين بعد يومين يرميو كامل شفرات جيزي اقل عائلة فيها خمسة افراد المهم كامل كاين 32واحد صافي تنين وتلاتين شخص ياس من خدمات جيزي. وهد اليومين يترماو ليبوس ديال جيزي. عيب والله غير عيب,0,-1.0,dataset_1,0
دومونديت مودام 4g تاع انفصالات الجزائر عندو خمس شهر مزال كلما نسقسي يقولولي مزال مجابوش,1,1.0,dataset_3,0
حنا انفصلات الجزائر ما خلاتناش نلعبوا game بلا ما نكفروا :'(,0,-1.0,dataset_1,0
Djezzy اي اطلقو الكونيكسيو مكان لا خلل تقني و لا هم يحزنون انتوما هوما لي راكم دايرين النقص هذا جربت الكونيكسيو تقريبا في كل شمال الجزائر جيبها من تيزي وزو حتى لعين تيموشنت نفس المشكل,0,-1.0,dataset_1,0
كي يكملولك ليجيڨا ما تقدرش تشوف يوتيوب و قوقل ..الخ،,1,1.0,dataset_3,0
اسوا عرض,1,1.0,dataset_3,0
موبلبس الريزو تعها وين تكون كين حتى,2,2.0,dataset_3,0
انه فخ,1,1.0,dataset_3,0
شكرأ على نصيحة على 2G تع موبيليس..سوفلنا كاش فكرة تع موبيليس توب 4 جي,0,0.0,dataset_3,0
الله يبارك 👍👍,2,2.0,dataset_2,1
يمتهم كيف كيف اتصالات هي تحكم فيهم,1,1.0,dataset_3,0
في هذه للحظة بتفعيل شريحة سيم سما دون تحويل الشريحة القديمة الثمن 40 الف بها 10 الاف الان عندي 30 جيقا بدل 13 في بيكس با الف شكرا موبيليس,2,2.0,augmented,0
شكراً موبيليس وصح رمضانكم,2,2.0,dataset_2,0
لعنة الله عليكم على هيك انترنت,0,-1.0,dataset_1,0
Wkima tkhls nflixi b 600 da wela 1400da beh ndir te3 fb w Instagram illimité,1,0.0,dataset_1,0
انا راني نعاني من اوريدو مرضتني انترنت ناقصا بزاف بزاف 0.مزيدش تطلع,1,1.0,dataset_3,0
دجيزي في بومرداس رحمة ربي,2,2.0,dataset_3,0
ايزي يوتوب تهبط 256,1,1.0,dataset_3,0
ردو عليا راسلتكم,0,-1.0,dataset_1,0
ك ناكتيفي pixx 100 في رمضان شحال تمدو جيغا,1,0.0,dataset_2,0
تحية جيزي سبيسيال,2,2.0,dataset_3,0
خويا دير كيما دار piwi واشكي بيهم,0,0.0,dataset_3,0
الريزو مكان والو هنا فالعاصمة كارثة يا درى حالة خاوتنا فالولايات لوخرين,1,0.0,dataset_1,0
كل شهر نبدل النيميرو. حتى تلفت و ما قدرتش نحفظ النيمرو ليكون عندي 😒,0,-1.0,dataset_1,0
ندوروها موبليس موبليس وخلاص وخلاص,2,2.0,augmented,0
Connexion khra 💩💩,0,-1.0,dataset_1,0
مرحبا، الرجاء مراسلتنا على Messenger و تقديم رقمك الهاتفي من فضلك.زهرة من جازي,1,0.0,dataset_1,0
الانترنت ناقصة بزااف عياتنا بفف,0,-1.0,dataset_1,0
Kayna menha sah ❤️ zidou des offres mlah brk ou la la qualité ta3 a3dlou 4G ktar hadamakan ❤️❤️,2,1.0,augmented,0
في درقانة معدومة هدرنا هدرنا والو 👍,1,1.0,dataset_3,1
اوريدو سوتش مليحة اكثر من 7ميقا في البويرة,2,2.0,dataset_3,0
انا ماربحت والوو ذا شحال وانا نتبع فيك,0,0.0,dataset_3,0
Wtf vintage wch dkhlo f djezzy,0,-1.0,dataset_1,0
Kifach tactivi hadi izzy??,1,0.0,dataset_1,0
ماهو الفرق في سرعة الأنترنت لمفختلف عروض موبيليس,0,0.0,dataset_3,0
حاب يقول كما top 4,0,0.0,dataset_3,0
._atek,1,0.0,dataset_1,0
اوريدو اسوء متعامل تفليكسي باش ماتهدر بيها ماتكونيكتي الريزو ديما هابط,1,1.0,dataset_3,0
gaa kheyan,1,1.0,dataset_3,0
500da vers tous les réseaux,2,1.0,dataset_1,0
شرشال ماكاش 4g,0,-1.0,dataset_1,0
David Rivera مرحبا، الرجاء الإتصال بنا على الخاص 😊,1,0.0,dataset_1,0
Bzaaf 200 mil aa sabi,0,-1.0,dataset_1,0
هه قالو لاسويتش ماتفوتش 10 ميغا انا عندي تلحق50 ميغا قاوية,2,2.0,dataset_3,0
راكو زاين صفر زيادة في الصورة يرجى التصليح 😅,0,-1.0,dataset_1,-1
Youtube illimité + 5G cnx wla bla biha,2,1.0,dataset_1,0
باراك الله فيك حبيبنا الدخلة تاع الفيديو واعرا هاكدا مليحة👽👽,0,0.0,dataset_3,0
مليح بزاف 💯 نوصي بيه,2,1.0,augmented,1
ياودي ثقلة تخدم 10دقائق او ربع ساعة وتنقطع حتى نطفي بورتابل ونشعله باه ترجع,0,-1.0,dataset_1,0
عرض فاشل جداا ممكن العقل يتقبل هاد العرض اذا درتو هدرة لجيزي اليميتي . راكم تسرقو فشعب صحا يسلمك وغير لمهبول لي راح يكتيفي عاد العرض 😂😂,0,-1.0,dataset_1,-1
هادي أول مرة نفرح بالعوض تاعكم شكرا موبيليس كفيتو و وفيتو,2,2.0,dataset_2,0
إن شاء الله =),0,-1.0,dataset_1,0
Ya wedi segmouna la conection et le ping ta3koum,1,0.0,dataset_1,0
hdik khllwaha cadeaux le 14 février offres spéciale hallbin 😌,1,0.0,dataset_1,0
🤍🖤حولتها ل sama و حاب نرجعها لل pixe كيفاش ندير خوتي لي علبالو يفيدنا و جزاكم الله خير 🤍🖤,0,0.0,dataset_3,0
❣️❣️❣️❣️,2,1.0,dataset_1,0
❤️❤️❤️❤️❤️,2,1.0,dataset_1,0
L3am li fat daro le meme offre w kan karitha ..activit 30 go ils m&#39;ont donné les 50 go bonus..mais klit ghir 20 go w apres wlet la connection b 500kb! F la fin t3 chhar 30 go mklithach w rditlhom 50! 9adrin y3awdoha sna,1,1.0,dataset_3,0
إذا كان الفايسبوك المجاني يستهلك من الميغات فهو عرض فاشل,1,1.0,dataset_3,0
انا من ورقلة اوريو جيدا، سرعة حتى 20 ميغا,2,2.0,dataset_3,0
.manser,1,0.0,dataset_1,0
アヌースアヌス アヌースアヌス والله العظيم غير عندك الحق نخلصوا أنترنت 1500 دج و فوكال ميمشيش,0,-1.0,dataset_1,0
Tahya djezzy la spécial et ooredoo switch,2,2.0,dataset_3,0
انا عندي لاسوتش سرعة 40 وابل لاود 41 فالرغاية,2,2.0,dataset_3,0
W iphon mfihch yooz f App Store rani hasel,1,1.0,dataset_3,0
كل ما نلها نلقا ليزينيتي طاارو فسما وشكرا 🙂,0,1.0,dataset_2,0
Merdiique Lyoum. Nahii rebhaa,0,-1.0,dataset_1,0
😂😁😜,1,0.0,dataset_1,-1
40g __Conxion 0 🐌🐢🐌🐢🐌🐢,0,-1.0,dataset_1,0
Djezzy رني بعثلكم في الخاص,1,0.0,dataset_1,0
كيفاش نسلف فى ااموبليس,0,0.0,dataset_3,0
كونيكسيو و ريزو كي شعر,0,-1.0,dataset_1,0
السلام عليكم لم أستطع التحويل من djezzy special إلى hayla maxi هل من حل,1,0.0,dataset_1,0
تلغي ياسر (تهدر بزاف تقول عليك روبوت),1,1.0,dataset_3,0
مسلكناش حتى ب2 G ياوحنا رانى نعانيو,1,1.0,dataset_3,0
تدفق الانترنت ضعيف واش دير بيها اذا استهلكت 10 جيڨا راك فور,1,1.0,dataset_3,0
Djezzy أرجو الرد السريع لأنني في أمس الحاجة لها 😭😭,1,0.0,dataset_1,0
شكرا جزيلا 💯 كل شي مزيان,2,2.0,augmented,1
لم أتمكن من التحويل إلى عرض سما وماتقوليش أتصل بأقرب وكالة,0,1.0,dataset_2,0
عندي توب 4 لأنترنت ألميتي حمدالله 💓,2,2.0,dataset_3,0
.5,1,0.0,dataset_1,0
سلام عليكم سي نورمال في 27 جويلية درت أبونمو تاع 1500 عتاولي 50 جيڤا معا 300دج هدرة و ليوم 31 جويلسة خلاصلي كولش يعني بعد 3 أيام.. من فضلك جاوبني ✋🏼🖐🏼👋🏼,1,0.0,dataset_1,0
كونيكسيو في حالة,1,1.0,dataset_3,0
البيكس ولت عيانة,0,1.0,dataset_2,0
سرعة تدفق منعدمة هاد ليام حتا وليت نفكر باش نبعلع جدها ونبدل الشريحة . ياو ريڨلوها لهلا تربحكم انشالله,0,-1.0,dataset_1,0
😂😂 ايليميتي 512 فاليوتوب بر عيب يهدرو عليها هذي رانا في 2020 يا الزح 😑,1,1.0,dataset_3,-1
هل شريحة هبال أحسن من هايله ماكسي وبزاف,0,0.0,dataset_3,0
وش نقولك يا أخي صح العروض كينين بصح الأنترنت ضعيف بزاف,1,1.0,dataset_3,0
خويا انا ماشي يوتوبير بصح اوريدو 20 جيغا راحت في 10 ايام ربي وكيلهم,1,1.0,dataset_3,0
مليحة جازي أنا,2,2.0,augmented,0
Brikh Optimiste moi aussi je confirme la mauvaise connexion j'ai fait plusieurs réclamations malheureusement aucune suite. Je m'excuse Djezzy c'est un opérateur de merde 😤,1,0.0,dataset_1,0
Pff 3la zin cnx t3kom ha khlouna,0,-1.0,dataset_1,0
واش راك 😍 شكرا,2,2.0,augmented,1
تحيا جيزي افضل في,2,2.0,augmented,0
.ama_dinaz77 bsh 2g mafihach,1,0.0,dataset_1,0
أفضل متعامل علي وجه أفضل متعامل ارض,2,2.0,augmented,0
مع لعشية تولي 10 kbps,1,1.0,dataset_3,0
"Bonsoir je voudrais une application pour faire des appels en anglais avec des natifs , de préférence APK pro si c&#39;est possible . J&#39;espère que tu liras mon message . J&#39;aime ta chaîne Youtube . Merci beaucoup",0,0.0,dataset_3,0
جيزي هي الأفضل بالنسبة لي<br>كأنك حاقد عليهم,2,2.0,dataset_3,0
تجربة رائعة صح نشكركم,2,2.0,augmented,0
ارواحي بريفي نسرين,1,0.0,dataset_1,0
راضي انا انا لي راني مم عليها,2,2.0,augmented,0
جيزي علاش وقفتولي لبيس تاعي,1,0.0,dataset_1,0
سرفيس مليح  برافو,2,2.0,augmented,0
Je trouve que c cher 500Mo a 50 dz tank il y'a possibilité de transfert de crédit à 10da seulement,1,0.0,dataset_1,0
نتمنى اطلاق الانترنات المجانى لتكتمل الفرحة,2,2.0,dataset_2,0
Ooolaa mon marie le pauvre thardet fih makach salak m'en le crédit mon marie dok nzid nadilo la connexion ouii🙏🙏 mrc djezzy vs êtes les meilleurs 😍😍,2,1.0,augmented,1
ظال نشيكي مصحلي والو,1,0.0,dataset_1,0
شكرا لقد وصلت الهدية 2جيغا,2,2.0,dataset_2,0
دلاع راه غالي,1,0.0,dataset_1,0
أنا عندي نجمة قولد مليحا غي فليل تتقال شويا وتبقا أفضل من جيزي لي الشهر نسوفري منها ولكن نجمة قولد تكل لي ميغا بزاف وتكمل قبل كنت هذا هوا لافوت لي فيها,2,2.0,augmented,0
لعقوبة عروض جديدة Pixx,0,0.0,dataset_3,0
كل الاحترام و التقدير للسيد.طاهر شعلال رجل الخفاء متشرفين بكم موبيليس,2,2.0,dataset_2,0
Bzzf 1500da dirolna promotion pour les étudiants,1,0.0,dataset_1,0
Ana 3andi mobilis la win libre 4g fiha 8mega dowlaod et 8 mega upload,2,2.0,dataset_3,0
لا سويتش احسن 💪💪 سويتش احسن,2,2.0,augmented,0
سبحان الله مغير الاحوال,0,0.0,dataset_3,0
اودي سقمو الكنكسيون ما محرز باينة بلي يهز الشباك,0,-1.0,dataset_1,0
M3a #pix profity men 30 youm khelwy 👌😍,2,2.0,dataset_2,1
🦟🦟,1,0.0,dataset_1,0
ا جيزي على وجه ربي واش العروض تاع امتياز هذي درت 30 جيغا ما تسواش 30 ميغا ب100الف ما هذا ؟؟و البيس ولاة ما تقبلش لي بون ما هذا يا هذا ؟,1,0.0,dataset_1,0
السلام عليكم خونا <br>انا عندي 8 ميغا Adsl ولكن بقات 8 ميغا عوص 10 ابن الخلل اذا عندك معلومة هذا بتاريخ 6 افريل <br>المكان المدينة الجديدة بوينان,0,0.0,dataset_3,0
لولا vpn لا كنت في العصر الحجري مع جازي,1,1.0,dataset_3,0
Djezzy انا جمال من اوريدو,1,0.0,dataset_1,0
mobilis numéro 1 FL conixion ya3tikom saha,2,2.0,dataset_2,0
مدخل الفيديو قوي ومزعج جدا مع سماعة الرأس يرجى تعديله مع صوتك بنفس المستوى,0,0.0,dataset_3,0
شكرا جزيلا 👍 كل شي مزيان,2,2.0,augmented,1
فهمنا في تاع tpo 4g و أول tous رجعوهم ل algerie telecom كيفاه ارجو الرد,0,0.0,dataset_3,0
عرض فاشل اوريدو غايتها نفسها فقط عندي هيا سويتش 400دج وريزو والو شكيت قالو لي لم لكارت نتاع الحوما ودفع البلديه الشكوو,1,1.0,dataset_3,0
Khoya navigu 4g ta3 Mobilis mliha,0,0.0,dataset_3,0
خاوتي انا شريت المودام كيما هادا بصح بلا ابيست تاعها نسقسيكم الا خدعوني ولا لالا,1,1.0,dataset_3,0
برك ماتخرط على الغاشي,0,0.0,dataset_3,0
ما نوع الشريحة التي فيها عرض 600دج,1,0.0,dataset_1,0
انترنت كاملة خرراا.. خررا جي,1,1.0,dataset_3,0
خويا من فضلك redme 9t بقداه كي نشريه من alixbres,0,0.0,dataset_3,0
مليح بزاف 👍 نوصي بيه,2,2.0,augmented,1
عيد مبارك وكل عام وكنكسيو مكاش وثقيلة ودرهمنا ربي يخلف 😂😂,0,-1.0,dataset_1,-1
ياخي انا طلعتلي بالدجيزي 56mb upload 23mb dawnlod احسن وحدة هيا دجيزي اسمحلي,2,2.0,dataset_3,0
العرض هذا ذايم ولا ترويجي,0,0.0,dataset_3,0
جيزي زيرو تحيا الاوريدو من نهار درتها تهنيت 4G فوور بزاف,1,1.0,dataset_3,0
و الله ياخويا أنا سرقوني هد لخطرا ربعين ميغا راحت <br>و ربي يحفظك على كلامك و مدبينا نديرو حملا على هد المشكل تعيش خويا تيكنو دوزاد,1,1.0,dataset_3,0
ورااه بايلاش بحا كانش ؟,1,0.0,dataset_1,0
هذا ينبح هكاكة,0,0.0,dataset_3,0
افضل شركة اتصالات في الشرق الأوسط وشمال افريقيا,2,2.0,dataset_2,0
هه السميد راهو ماكنش خويا راك تهدر على لكونكسيو ومانيش عارف غير نلقاو السميد برك,1,1.0,dataset_3,0
khoti galoli Gb mayakamlouch moubilis mliha we les Gb mayakamlouch balkhof,2,2.0,augmented,0
mr6🤗🤗❤️❤️,2,1.0,dataset_1,0
و 50 ألف شعال يعطوك من جيڨا,0,0.0,dataset_3,0
كي هدرت عليها نتا بدلو الاسم تاعها هاذي لحكاية,0,0.0,dataset_3,0
هل شريحة الحشوة la win تتغير لهذا العرض؟؟,1,1.0,dataset_3,0
Conx bzzf T9ila wlat,0,-1.0,dataset_1,0
"Slm , kifech nradj3ouha hayla bzf svp ?",1,0.0,dataset_1,0
شكون بلال ؟؟ 🤔,1,0.0,dataset_1,0
واش الفايدة كي تعمر شهر ب30 جيجا والريزو ماكانش او شبه مكانش كي شغل راك توهب دراهمك لجماعة صدكة صدكة في سبيل الله,0,1.0,dataset_2,0
عندي هايلة ماكسي كونكسيون خردة 👎👎,0,-1.0,dataset_1,0
عجبني كي طلعت 3mb كوف روحو هه,1,1.0,dataset_3,0
slm ana lbar7 flil la vitesse cnx hbata 400kbs w lyom kifkif w b9ali 40go !,1,1.0,dataset_3,0
Cnx te3koum walet na9sa bezef,0,-1.0,dataset_1,0
احسن مدام لاستقطاب الريزو واش هو راني في بلاصة مفيهاش الريزو ناقص ياسر كي ندخل للشمبرة يروح كامل,1,1.0,dataset_3,0
صفر +0+ziro,1,1.0,dataset_3,0
مشكل في اوريدو الانترنت تكمل في وقت قصير,1,1.0,dataset_3,0
ياجازي قولو الا غلقتولي البيست,0,-1.0,dataset_1,0
بتوفيق👍👍,2,2.0,dataset_3,1
ماكانش حتى طريقة لتسريع انترنت اتمنى تجاوبني,0,0.0,dataset_3,0
مرحبا، للتأكد من خطك، الرجاء تقديم رقمك الهاتفي على الخاص من فضلك. زهرة من جازي,1,0.0,dataset_1,0
.mamya gold khir,1,0.0,dataset_1,0
espérant bien J ne le pense pas aussi mais bon on a pas le choix 🥴🥺,1,0.0,dataset_1,0
نهار تسقمو تدفق النت عيطولي,0,1.0,dataset_2,0
نهار تسقمو الكونيكسيو تاعكم على نهدرو العروض,2,2.0,augmented,0
ممتاز والله,2,2.0,augmented,0
rana kifkif bedloli kolch nhawali service ta3 44,1,0.0,dataset_1,0
يا خويا كيفاه راك داير +4G ??,0,0.0,dataset_3,0
عندي مشكل في جيزي تمشي 1جيڨا فور فال24س أنا نكملها وتضعف الانترنت تبقى 35كلو بايت 😣,1,1.0,dataset_3,0
خويا ليزوم,0,0.0,dataset_3,0
.dz بعثتلكم ميساج مقبيل ملحقش بسباب كنكسيو تاعكم,1,0.0,dataset_1,0
شكون كونكسيو راهي تروحله لا google لا حتى حاجة غي فايسبوك يتمشى,0,1.0,dataset_2,0
فليكسيت 40جيغا ب 150 ألف وفاللخر باه ندخل لصفحتكم ونكتب تعليق نحكم عام ؟! لوكتاه تبقاو هكذا تسرقو فينا ياك مراكمش تصدقو علينا ؟!,1,0.0,dataset_1,0
ouii😍,2,1.0,dataset_1,1
عين الدفلى موبيليس 4G 25 Miga Pexle,2,2.0,dataset_3,0
انا عندي 5g,1,1.0,dataset_3,0
جيزي عندي 4g طيارة فالدار (الشيقارة ميلة) بصح نقرا في قسنطينة يقولك hors connexion طول 😏😂,2,2.0,dataset_3,-1
مرحبا،لتحويل الرصيد من خط جازي الى خطوط جازي مسبق الدفع أو جازي كونترول يكفي تشكيل العبارة *770*رقم المراسل*100دج≥ المبلغ المحول≥50 دج* الرمز الشخصي للتعبئة (00) # زر المكالمة ثم تأكيد الارسال ب 1 وتكلفة هذا الارسال 10 دج فقط.نسرين من جازي 🙂,1,0.0,dataset_1,0
A partir de 18h00 le ping sur la switch est nul je ne peux pas ouvrir pudg,1,1.0,dataset_3,0
البق ميزغدش عندنا 😅,0,0.0,dataset_3,-1
واش راك صح شكرا,2,2.0,augmented,0
مادرنا والو,1,1.0,dataset_3,0
هاذي سرقة ولا كيفاش رانا بدرهمنا مناش نطلبو فيكم راهي جاية دالتكم مع المنجل الله لا تربحكم من المدير حتى لخر فيكم تربحو زبي,0,-1.0,dataset_1,0
السلام عليكم ورحمة الله وبركاته,1,0.0,dataset_1,0
Maram Mira كفاش يشنفو عليك,1,0.0,dataset_1,0
ممتاز والله,2,1.0,augmented,0
مبروك اللاطلاق G5 لتفريغ جويوب الجزايرين,1,1.0,dataset_3,0
تعطيك ااصحة خو,0,0.0,dataset_3,0
واش راك  شكرا,2,1.0,augmented,0
ملي هدر الرئيس على الكونيكسين زادت خسرت قاع الله لايسامحهم,1,1.0,dataset_3,0
أخالي يليز انصحني انا نفلكسيتش شهر هاذا ةشهر جاي جاي نفلكسي شحال لازم نفلكسي باش تتفتح,0,0.0,dataset_3,0
تغطيتكم للانترنت مثالية لكنكم الأفضل في الجزائر 👏👏,2,2.0,augmented,0
😂😂 بالدمووع,1,0.0,dataset_1,-1
أوريدو لاسويتش شيكورة,2,2.0,dataset_3,0
مليح ريزو,2,2.0,augmented,0
ردو علينا فلخاص,1,0.0,dataset_1,0
ممتاز والله,2,1.0,augmented,0
Rokstar games,1,0.0,dataset_1,0
كنكسيو تقيلة تقتل لحل كفاه بيكس احسن,1,1.0,dataset_3,0
الجيل الرابع ومايمشيش مليح وباغي يزيدو 5g,1,1.0,dataset_3,0
مش راح تبدل الجنريك تاع مدخل الفيديو الصوة مزعج خاصة مع سماعة الرأس,0,0.0,dataset_3,0
ياو اطلقو 4G في مدينة القل ولاية سكيكدة واش راكم تستناو,0,-1.0,dataset_1,0
شكرا جزيلا  كل شي مزيان,2,2.0,augmented,0
اعطيونا الجديد بركاونا من الخرطي,0,-1.0,dataset_1,0
"Tu regardes des videos en 360p , mec on est plus en 2010.",0,-1.0,dataset_1,0
Yousra Sousita مشكلة عندهم في سستامبعثلهم في خاص,1,0.0,dataset_1,0
سبحان الله و بحمده سبحان الله العظيم استغفر الله صلو على محمد صلى الله عليه وسلم,0,0.0,dataset_3,0
نسقسيك خو نقدر نحول شريحة ڨولد اوريدو إلى عرض اوريدو ديما ،اذا ممكن كيفاش ندير مرسي خويا جليل,0,0.0,dataset_3,0
غطيتو كامل الجزائر,2,2.0,dataset_2,0
😂😂 تسلل واضح,1,0.0,dataset_1,-1
والله جيزي هي لمخيره جربت موبيليس كرهت النهار لزدت فيه وجربت نجمه معحبتنيش وجيزي رحمه ربي بارك الله فيكم,2,1.0,dataset_1,0
بصح ذرك فليكسيت 500 د وزادولي 100 بصح وليت كي نهدر تنقصلي ال 500 د لي فليكسيتها <br>ماهو السبب اخي الكريم,0,0.0,dataset_3,0
N&#39;importe quoi ya3ayou,1,1.0,dataset_3,0
اا كيفاه نرجعو كونكسيو لي ديتوها نحيو علينا عرض هذا,0,1.0,dataset_2,0
اوريدو الأحسن بدون منازع,2,2.0,dataset_3,0
.smr lmaoo Walit famous,1,0.0,dataset_1,0
فندم,1,0.0,dataset_1,0
belad sera9in makefach yesare9o fina f l prix ta3 l conxion yezido ysare9o les giga rebi wekilehom mate9der dir walo f l belad hadia,1,1.0,dataset_3,0
مساء الخير ، لقد قمت بتعبئة رصيدي يوم 01/07/1019ولم أتحصل على 300DA وهذا بصفتي زبون منذ عدة سنوات وقد تحصلت على 200DA مقابل 1500DA وشكرا.,1,0.0,dataset_1,0
عندي يوز بصح راهي الكونيكسيو من 8 تع الليل حتى 12 تع الليل راهي كارثة مليميتية كاش حل وشكرا,1,1.0,dataset_3,0
بون.كوراج.ولازم.عليكم.تحسنو.كونكسيون,0,-1.0,dataset_1,0
واش راك صراحة شكرا,2,2.0,augmented,0
مبروك عليك، سيتم الإتصال بك في أقرب وقت لإستلام هديتك 🙂,1,0.0,dataset_1,0
مام اوديرو سراقين كيف كيف جدهم العصابة وحدة,1,1.0,dataset_3,0
yaw tozz,1,1.0,dataset_3,0
لبيسا عيانة,1,1.0,dataset_3,0
هادي أول مرة موبيليس هايلة كي الريزو كي الكونيكسيو,2,2.0,augmented,0
ردو علينا امبعد ديرو عرض جديد,0,1.0,dataset_2,0
نقدر نرجع من سما ميكس الى بيكس 4ج والا لاء,0,0.0,dataset_3,0
ردو على الإنشغالات تاعنا راني ابعتلكم في الخاص عروض إمتياز عند تشكيل*44# نلقى غي عرض 300 دج وعلاه قالكم ملياردير أنا، خطوني من هذا العرض كاين عروض تاع 600 و 800 و 100 دج بركاونا مالشكيل تاعكم,0,-1.0,dataset_1,0
وش هي افضل شريحة للقيمر,0,0.0,dataset_3,0
العرض غالي شوية,0,1.0,dataset_2,0
عييتوني الله يعييكم ، وماربحتش 😂😂,1,0.0,dataset_1,-1
شحال يدير,0,0.0,dataset_3,0
سيتم الرد على رسالتك فور الإطلاع عليها 🙂,1,0.0,dataset_1,0
Gü Neş حتى انا وكي عيطت من رقم خلاف خسرولي غير لكريدي شحال من خطرة مراهمش يستقبلو في المكالمات,1,0.0,dataset_1,0
تحيا لجيزي كونطرا على وجوه زبي,2,1.0,dataset_1,0
لڨولد مفيهاش جدييد,1,1.0,dataset_3,0
يا أخي وقت الذروة من المغرب للفوق تحبس كامل الانترنت شوفنا vpn شباب,1,1.0,dataset_3,0
تسرق,1,1.0,dataset_3,0
"مرحبا,نحيطكم علما أنه من أجل أخذ طلبكم بعين الإعتبار يجب التقرب لأقرب وكالة جازي مرفوقين بشكوى تتضمن أسماء ارقام و إمضائات 10 اشخاص قاطنين على الأقل في المنطقة المعنية وذلك لكي تتمكن افرقة التقنية من معاينة المنطقة و إيجاد حل لهذا الإشكال.نعتذر مرة أخرى عن هذا الإزعاجشكرا لوافائكم و ثقتكمعبد المؤمن,ك من جازي",1,0.0,dataset_1,0
جزاك الله خير,0,0.0,dataset_3,0
هاذيك الكونكسيون يا خويا ياخويا,0,1.0,dataset_2,0
ريزو منعدم أضعف شبكة فى قارة افريقيا,0,-1.0,dataset_1,0
شباب l&#39;entrée,0,0.0,dataset_3,0
"Bonjour et saha ramdankoum, mais quoi cette merde de service. J'appelle le 77 pour me retrouver avec une opératrice qui me parle de ramadhan et coronavirus ?! Je veux me renseigner sur mon numéro merde, ds ce cas je préfère faire la queue à l'agence jezzy et pas votre arnaque",1,0.0,dataset_1,0
قناتك ولات تافهة,0,0.0,dataset_3,0
وعلاش كونكسيو تاعكم تقيل تعايو راهج,0,-1.0,dataset_1,0
تخلف كبير في مجال الانترنت مما يعطل كثير من التنمية,1,1.0,dataset_3,0
انجاز عظيم 😒,0,-1.0,dataset_1,0
connexion faible en plus ooredoo fiha 100da ntouma non,0,-1.0,dataset_1,0
.__.ms.__.ou__t وي هيا باينة سريقة عيناني *طفلة*,1,0.0,dataset_1,0
هك مليح اخيرا فهمتونا,2,2.0,dataset_2,0
احسن عرض اوريدو,2,2.0,dataset_3,0
راهي مكاش لاكونيكسيو,1,1.0,dataset_3,0
Pas de couverture internet A Ben Salah Oued El Alleug BLIDA site n°2,0,-1.0,dataset_1,0
رانا فل 2022 🎊🎊 ومزال مطلقو والو.😭😭,1,1.0,dataset_3,0
سلام نتمنى تحطو الميساج تاعي لأني حقا محتاجة نصائح . بون أنا فتاة عندي 23 عام و هاد الخطرة خطبني واحد خطبة تقليدية و هو مرتاح ماديا و لباس بیه و علابالي معاه غادي نعيش الحياة لي تمنيتها لكن المشكل في الشكل تاعه معجبنيش و خايفة نندم من أي قرار نديه ،، لوكان في بلاصتي تغمضو عینییكم علي الشكل و تشوفو مصلحتكم و لا واش ؟ نتمنى تعاونوني باش ناخذ القرار الصح .. بزاف لمساج 📩كما هكا تلقاوهم في صفحتنا تابعونا ↩↩ .messages,1,0.0,dataset_1,0
راضي بزاف 🌟 الله يحفظكم,2,2.0,augmented,1
موبيليس 😂😂 قسما بالله الكونكسيو متفتح ميمبا فيديو يوتيوب في تبسة حي جبل الجرف من الطرواجي و ارواح جاي,1,1.0,dataset_3,-1
شكرا Djezzy,2,1.0,augmented,0
نتا خالص على هاذ الفيديو 😂😂,0,0.0,dataset_3,-1
و الله غير عندك الحق يا أخي كانت مليحة جيزي و دورك هردوها ڨاع وداعا جيزي ✋ هه,1,1.0,dataset_3,0
خاوتي باج متاعي تلقو فيه صور بروفيل شابين للبنات و لولاد عاونوني بجام ربي يعيشكم 💛,1,0.0,dataset_1,0
"حنا حابين ترجعولنا امتياز 600 دج رني ضربت طلة و لقينها مكاش , راحت , نحيتوهالي .",1,0.0,dataset_1,0
خاصنا الجديد ما هذا الفيديو غي هو را يتعاود كل شهر 😐😐😵,0,0.0,dataset_3,0
جازي مستوى نتاعكم وخدمات راهي من سيئ إلى الاسوء .الانترنت ضعيف جدا. حسنو خدمة الانترنت احنا رانا زبائن مراكمش تسدقو علينا,0,-1.0,dataset_1,0
سلام جيزي ربحت معاكم des accessoires واش ربحت exact و وواش ندير باش نجيبهم,1,0.0,dataset_1,0
إتصالات الجزائر 4g عرض 100دج يعطوك 20 جيقا كي تخلاص تكمل كل المواقع 2500دج 50جيقا كي تخلاص تولي 1ميقا 3500دج 70جيقا كي تخلاص تولي 2ميا يوصل العرض الإخير حتى 60 ميقا وهذ عن تجربة لعدة سنين,0,0.0,dataset_3,0
واش فبها ليزوبصيون با ش نشريها,1,0.0,dataset_1,0
السرعة قاوية تاعها,2,2.0,augmented,0
Djezzy ni3ma hmdlh spécial,2,2.0,augmented,0
موبيليس اسواء شركة اتصالات فالمجرة هيا وختها اتصالات الجزائر,1,1.0,dataset_3,0
.dz رجاءا ردو عليا خاص نحتاجكم ضروري,1,0.0,dataset_1,0
سقمونا كونكسيون راهي تقيلا,0,-1.0,dataset_1,0
اضنه تطبيق ممتاز,2,2.0,dataset_3,0
عروض جيزي مناسبة للطبقة المتوسطة وفي متناول الجميع خاصة عروض امتياز شهر ب 60 الف 12 جيغا و هدرة باطل عكس موبيليس و اوريدو نار نار وسرقة <br>هي صح جيزي ضعيفة في وقت دروة في الليل بصح باقي أوقات مليحا,2,2.0,dataset_3,0
نخلصو كل شهر لالين والكونكسيو مكانش خلاص,0,1.0,dataset_2,0
Ana marahich mlimitia 3endi rahi 4mbs download w 2mbs upload,0,0.0,dataset_3,0
عندهم أحسن إنترنات في ،حق حق,2,2.0,augmented,0
فوور مع جيزي,2,1.0,dataset_1,0
مودام سهلا بوكس واش رايكم فيه,0,0.0,dataset_3,0
Andi 40Go w la conx t9ila bzff tahsab rani nconecti b l gratuite 😑😑,0,-1.0,dataset_1,-1
Ping 300 🙂🙂,0,-1.0,dataset_1,0
عندي يرسلولي رسالة (Félicitations vous êtes sur Quiz Renew),1,0.0,dataset_1,0
نشارك بيس تاعي درتها صافي ربع سنين ولا بتاع بابا عندها 16 سنة,1,0.0,dataset_1,0
درت عليك وندمت شريت نفيقي 4g كارية كونكسيو وعندي رزو مليح في وهران,1,1.0,dataset_3,0
ياو معليش تقولولي وش صاري لل لابيس كي نعيط بيها يقولولي عيطي ل 77 وكي نعيط مكاين والو,1,0.0,dataset_1,0
Connexion zbaal,0,-1.0,dataset_1,0
نحنو لسنا مشتركين بل ضحاية الشركات والدولة,1,1.0,dataset_3,0
الحمد لله على نعمة الحرية و الإستقلال.تحيا الجزائر و المجد و الخلود لشهداءنا الأبرار.,1,0.0,dataset_1,0
اليوم قطعت جيزي وشريت اوريدو سويتش والله روعة. بينك ثابت,1,1.0,dataset_3,0
كل خطرة جيبلنا حكاية عييتنا بالكذب تاعك حبيبنا.. وقيلا جازي ما خلصوكش على الإشهار تاع 4G++ لي درتهولهم على بيها وليت كنطرهم.. اه يا المكعب ياه,1,1.0,dataset_3,0
"Ça me dégoûte aussi, ça fait déjà 3 mois ou plus que ce problème n'est pas réglé, on dirait qu'ils font exprès de limiter le débit..",1,0.0,dataset_1,0
معنى التريبلاج وعذرا على السؤال,0,0.0,dataset_3,0
جيزي هي ايظا انترنت زبالة اهدرنا على موبليس top 4G عذبتنا,1,1.0,dataset_3,0
.kc BOOM 💪🏻,2,1.0,dataset_1,0
بلاعطي وخراط وكداب,0,0.0,dataset_3,0
هذي راهي فل دزاير ورهي مكانش وحنا فل المدية قصر البخاري مكانش ڨع 0.42 موبيليس خردا مكناش منها ڨع,1,1.0,dataset_3,0
والله ليوم جيت في بالي قلت عندو مدارس فيديو الحمد لله على سلامة,0,0.0,dataset_3,0
ايه والله,0,0.0,dataset_3,0
Le jeux est développé par l'entreprise ROCKSTAR NORTH et édité Par ROCKSTAR GAMES et CAPCOM .34,1,0.0,dataset_1,0
عرض sama net هو الافضل لاكن لي يكونكتي برك 🌐,2,2.0,dataset_2,0
جياحة,0,-1.0,dataset_1,0
Chkoun l ra7 andeh réseau ta3 djezzy ! Mais c grave!! Smataa,0,-1.0,dataset_1,0
الله يرحم الشهداء، ان شاء الله تولي الإنترنت مليها يهديكم ربي.,0,-1.0,dataset_1,0
ردو علينا فالخاص,0,-1.0,dataset_1,0
كاش جديد على اوريدو سويتش,0,0.0,dataset_3,0
هذا اشهار يمكن انا هذا العرض يمكن عندك فقط يوصل 11 ميجا راها من الباك لدوك في اللي 512كيلوبايت و في نهار نتا و زهرك عيطتلهم مدة شهر واحد ما خدمها انترنت يتمسخرو بالشعب و ياكلو دراهمنا في باطل راح نحبسها ما علاباليش اذا خلصوك باه تهدر هكذا او انا راني عايش في جزائر القديمة و نتا في الجديدة,1,1.0,dataset_3,0
3ndek lhe9 ghodwa nchri ooredoo w narmi jezzy ta3 l kaka,0,-1.0,dataset_1,0
وليت ناكل 1جيغا نلقاهم ينقصو 3جيغا,0,-1.0,dataset_1,0
جيزي 27m الولاية 22,2,2.0,dataset_3,0
سرعة الانترنت 00 عروض سيئة للغاية,1,1.0,dataset_3,0
Ay reglo cnx mbe3d nehko,1,0.0,dataset_1,0
أواه خلونا في جيري هايلة بزاف,2,1.0,dataset_1,0
رانى نخلص 1500 دينار في الباطل هكا نشالله ديرولنا حل و لا نستغنو على خدماتكم و شكرا,1,0.0,dataset_1,0
مبروك عليك 😁نسرين من جازي ^^,2,1.0,dataset_1,0
صح اه ثقيلا بزااف,1,1.0,dataset_3,0
40go 1200DA : tsema ana machi bnadem yak,0,-1.0,dataset_1,0
وداعا جيزي ليزم,1,1.0,dataset_3,0
تجربة رائعة  نشكركم,2,2.0,augmented,0
لماذا توقفت خدمت 3Gفي شريحتي,1,0.0,dataset_1,0
كامل ديvوايو هكا كش شغل مكان حتى وحدة محترمة في دزاير. ينعل الراسة تاعكم,1,0.0,dataset_1,0
C'est beaucoup trop cher et la connexion est nulle,0,1.0,dataset_2,0
و الله سراقين خطيكوم منهم عن تجربة,1,1.0,dataset_3,0
رايح نسقسيك خو وانشاء الله تشوف مساجي .<br>جيت نفليكسي للمودام 4g ومالقيتش نميرو .<br>كفاش نقدر نجبدو لو سمحت .,0,0.0,dataset_3,0
مشي ڨاع أفار هادي,1,1.0,dataset_3,0
علاش ماتديرولناش ميزة الشحن من الرصيد ل الألعاب(فري فاير،ببجي،كول اوف ديوتي) 🧐💔.؟!,0,-1.0,dataset_1,0
واش من مبليس لي تشريها باه نآكتيفي تاع شهر صوميل ولا غ كيف كيف,0,0.0,dataset_3,0
ياجازي دعيتكم لله 🤲🏻من هدا الكونكسيو 😢,0,-1.0,dataset_1,0
Toop‼️,2,2.0,dataset_3,0
كانت 50الف شهر ولاة 15يوم. يعرفو غير ينقصو الله لايربحهم,1,1.0,dataset_3,0
نسحقو عروض فلابيس ديا لنا <br><br>ماشي كل مرة نبدلو رقم,1,1.0,dataset_3,0
من نيتكم باغي نحكم المدير العام تاعكم مانخليش حتى حرف في قلبي مامقولهش,0,1.0,dataset_2,0
Sérieusement depuis que j'ai mobilis je suis plus en panne de cridi ni internet 💓💓 avant je galère mtn hamdoullah 🌹,2,2.0,dataset_2,0
سلام عليكم خويا تكنو عندي بيس اوريدو منين نفليكسي خمسين نلف ولا ميا تلف يعطيوهملي ديراكت هدرة مايخليونيش ناكتيفيهم مع العلم انو لابيس ديالي اوريدو 4g,0,0.0,dataset_3,0
Djezzy confort est ce que fiha limitation..,0,0.0,dataset_3,0
Andi ooredoo siwtch 50gb ktar men 3am maandich men 3am kml prblm o vitesse 9owa,2,2.0,augmented,0
بترمتك اجيزي نتي وكونكسيو نتاعك تعيفو 💩💩,0,-1.0,dataset_1,0
Wch fiha kml bla la connx 4G,1,0.0,dataset_1,0
Ana 3andi puce djezzy na9der ndira Izzy ??,1,0.0,dataset_1,0
كيفاش سنودعها هذه الأيام هل سيتم توقيفها,0,0.0,dataset_3,0
زعما اذا تقدر تكثرنا من فيديوهات الله يخليك مناش عارفين شانختارو,0,0.0,dataset_3,0
Djezzy confort فيه limitation,1,1.0,dataset_3,0
حاجة تخص ايدوم 4g شكرا,0,0.0,dataset_3,0
يعني عادت كيما طوب 4جي بعد نفاذ الجيقا تمشي بسرعة منخفظة مليح خبر يفرح مشكور مجهوداتك حبيبنا,2,2.0,augmented,0
.xy wch hada ?,1,0.0,dataset_1,0
انا بنسبة ليا هية احسن بيس في الجزائر,2,2.0,dataset_3,0
سرفيس مليح 🌟 برافو,2,2.0,augmented,1
"مرحبا,ندعوك لتقديم المزيد من التفاصيل شكرا عبد المؤمن من جازي",1,0.0,dataset_1,0
تكنو بطاقة ذهبية كنت مكمونديها ،بى نعاود نكموندى تاع 5 ايام شانديرو,0,0.0,dataset_3,0
Good. I wait for love from you 💝💖,0,0.0,dataset_3,0
أجمل عرض يدل على حس المؤسسة الوطنية من الوطن إلى المواطن,2,2.0,dataset_2,0
💗,2,1.0,dataset_1,0
برافو عليكم  استمروا هكذا,2,2.0,augmented,0
رادمي 8 فيه,0,0.0,dataset_3,0
عامين مع أوريدو سويتش ..دنيا زاهية 👍,2,2.0,augmented,1
"ممكن تفسير<br>Felicitations,vous avez reçu un MIFI DJEZZY valable du jusqu&#39; 23-12-2020 <a href=""",0,0.0,dataset_3,0
الريزو راه رايح,1,1.0,dataset_3,0
تبقى الخدمة سيئة تدفق صبيب الانترنيت لديكم ضعييف جدا رغم انها عروض ممتازة لكن المشكل يبقى في الشبكة راكم مهملينها بزااف,0,1.0,dataset_2,0
منذ يومان الاكشاك بدؤا ببيع شريحة 0770 بسعر 1200دج لكنهم لا يؤكدون أن هذا الشريحة اشتراك او بدون اشترك..لا يعلمون..ارجوا يا تكنو التوضيح,0,0.0,dataset_3,0
Sera9in wkedabin,0,-1.0,dataset_1,0
علاه تخلع في الناس بالعنوان تاعك,0,0.0,dataset_3,0
كاين كي تخلص اوريدو بالبطاقة الذهبية 100دج يعطوك 30جيغا ويوتيوب باطل والفيتاس مليح,2,2.0,dataset_3,0
عمال جيزي يأكلون الحرام جهنم تنتظرهم بفارغ الصبر,0,-1.0,dataset_1,0
معنديش 4g+ في جيزي و موبيليس,1,1.0,dataset_3,0
للتذكير اوريدوا تعدات 100 mega bite و ليس 100 mega byte,0,0.0,dataset_3,0
عرض سيء جدا طريقة التحويل الى العرض الجديد خاطئة عليكم بتفعيل خدمة الرجوع إلى العرض السابق,0,1.0,dataset_2,0
لي فهم يفهمنا,0,0.0,dataset_3,0
سما نيميرو تاعي حال بيه قاع لي بوات و قاع لي كونت و قاع الاشتراكات و على جال زييك هاذي نبدل كلشي 🙄,1,1.0,dataset_3,-1
ناس لحقت ل 5G واحنا 2022 يديرلك انترنت 512 وعندك الزهر انا ساعات 60-70 kbps,1,1.0,dataset_3,0
كفاه نحبس متعودش تأكل في دراهم,0,1.0,dataset_2,0
موبيليس كونكسيو مكانش,1,1.0,dataset_3,0
كونيكسيو تاعكم ماتصلحش,1,1.0,dataset_3,0
احسن عرض على الاطلاق نتمنى تدفق الانترنت يبقى كما هو او احسن,2,2.0,dataset_2,0
جيزي هوما المخيرين..,2,2.0,dataset_3,0
اذا وداعا جيزي 🖐🖐,1,1.0,dataset_3,0
عروض هايلة موبليس يعطيك,2,2.0,augmented,0
أمال أمولة بدل مراح تستراح,1,0.0,dataset_1,0
لواحد كي يتفرج فيديو تاعك لازم يدير سرعة 1.5× 😂,0,0.0,dataset_3,-1
جيزي 0770 خردة الجمعة أو السبت مكاش غاع,1,1.0,dataset_3,0
هاايلة.. راني بيها الكونكسيون طياارة,2,2.0,dataset_3,0
Khasna adsl mon frère. Raha katletna t9ila bzf,0,0.0,dataset_3,0
Djezzy pouvez vous répondre aux messages en privé,1,0.0,dataset_1,0
عرض sama يستهلك الانترنت بطريقة عجيبة لي شراها باصا,0,1.0,dataset_2,0
الجلفة 4g+ حتى ، تصل دجيزي 60 ميغا,2,2.0,augmented,0
وكي تخلاص تفليكسيلها ولا ترميها وجيب وحدوخرا,0,0.0,dataset_3,0
2Gمكانش منها لي مدو فيها,0,1.0,dataset_2,0
Y'a sara9ine y'a lihoud,0,-1.0,dataset_1,0
راني نخدم ليها ننصحكوم متشروهاش ثقيلة بزاف على pixe,1,1.0,dataset_3,0
يخو سرقين.,1,1.0,dataset_3,0
وشبيها الكونيكسيون,0,1.0,dataset_2,0
رهي تمشي نورمال حتى نورمال حتى 1gb لي زادوها مشات عادي,2,2.0,augmented,0
بليز شحال الف دينار تجيب اور بيسيرا,0,0.0,dataset_3,0
بصح انا أوريدو مزال ماراهي توصل 100 ميغا علاه؟,0,0.0,dataset_3,0
الاسمس SMS من موبيليس الى موبيليس باطل,2,2.0,dataset_3,0
Lazem puce jdida 😊 it's a New generation,1,0.0,dataset_1,0
.mo7amed قالوها بوحد الطريقة..ضحكاتني,1,0.0,dataset_1,0
svp hadik l3afsa nta3 pix kif ndiroha di t activer 100 da 2 foi w talya batal,0,0.0,dataset_3,0
Après téléchargement l internet s est ploque,1,1.0,dataset_3,0
اللهم صل و سلم و بارك على سيدنا محمد و على اله و صحبه اجمعين,0,0.0,dataset_3,0
يا اخي ماشي غير جيزي الانترنيت في الجزائر عموما عيانة مادابينا نشكيو منهم كامل اتصالات الجزائر جيزي اوريدو موبيليس هادو كامل عيانين,1,1.0,dataset_3,0
😘,2,1.0,dataset_1,0
والله العظيم غير ودعتها عندي سمانا وشريت ooredoo switche,1,1.0,dataset_3,0
اوريدو سراق خوتي,1,1.0,dataset_3,0
أسوء شبكة في العالم هي جيزي، عروض لاعلاقة ولا حتى قريبة لإرضاء الزبون، صفر في صفر قسمة صفر تساوي صفر وستبقى صفر. الوداع وتحيا اوريدوو,0,-1.0,dataset_1,0
المشكل40جيڨا هذيك تخلاص في 15 يوم كون تتفرج بها ديما في اليوتيب,0,-1.0,dataset_1,0
H bal c mieux,1,0.0,dataset_1,0
ديجا في أوروبا يفليكسو 500 تمشي 4Mb ملا لازم تينحاو كامل ولي معيا يدير لايك,1,1.0,dataset_3,0
شركات تتقدم وموبيليس تتخلف وجوه الشر,0,1.0,dataset_2,0
وقتاه تحطولنا النتائج تاع الاسبوع الاول من اللعبة الجديدة لي طلقتوها,1,0.0,dataset_1,0
Youcef Mhd ولله نت تخمم كما انا,1,0.0,dataset_1,0
عيدكم مبارك كونكسيون في جيجل طاهير بالضبط ف نواحي الدكارة و ماجورها اتقل مايكون اصلحو المشكلة,0,-1.0,dataset_1,0
والله سراق لبارح برك فليكسيت 1500 وراحت نصها معلباليش وش هذا,1,1.0,dataset_3,0
انا عندي ريزو موبليس ثقليه و جيزي و اوريدو مايفتوتش 90 كليوبليت,1,1.0,dataset_3,0
يا جازي فهموهالي درك عندي ماكتيفيا 600 امتياز هدرة باطل لجازي وبونيس 1500 دج ومانقدرش نعيط ني لجازي ني للشبكات الاخرى. فهموني درك علاش المنكر هذا,1,0.0,dataset_1,0
اخى تكنو لقد اصبحت اتصالات الجزائر ب 100 - يعطيوك 20 g و 10 ميجا فى ثانية عند نفاد هل عند الجميع ام لا,0,0.0,dataset_3,0
يا رب. فليكسيت زوج مرات 100 دج يا رب تسرقو فينا عيناني يا ربي. نعيطولكم مترفدوش الله ياخذ فيكم الحق يا سراقين.,0,-1.0,dataset_1,0
شكراً على المجهودات,2,2.0,dataset_3,0
فعلت الخدمة مي كنت مفعل قبل عرض تع شهر ب100 وراحلي العرض يعني ماتقدروش تعلمونا انو عند تفعيل هذي الخدمة يروحلك العرض لي راك مفعلو,0,1.0,dataset_2,0
واش نقولك يعطيك الصحة جربت thunder vpn و مشاتلي .. راني نكونيكتي بااطل 😂😂,0,0.0,dataset_3,-1
Djezzy هية أسوأ شركت أتصالات في كل الجزائر و ممكن في العالم، لو لم يكن رقمي مرطبط بشغلي لرميته في القماما حيث تنتمي djezzy.,0,-1.0,dataset_1,0
وي مشكل في اوريدو. فالدار مكانش نخرج عند لباب كاين,1,1.0,dataset_3,0
يرحم والديكم كونيكسون نتاعكم راهي في حالة تعبانة في تبسة تخدمو خدمتكم,0,-1.0,dataset_1,0
lyzid ydiR 3likm,0,1.0,dataset_2,0
برافو عليكم والله استمروا هكذا,2,2.0,augmented,0
3lah madaroch G4.8 fa ooredoo fi grilizane,0,0.0,dataset_3,0
التطبيق محبش يتثبت علي هواتف redmi,1,1.0,dataset_3,0
"4G+, راهي عندي مند شهرين",0,0.0,dataset_3,0
وداعا جيزي بزاف عليكم,1,1.0,dataset_3,0
Yaw tedj3o l'offre ta3 100da 😑,0,-1.0,dataset_1,-1
عندي توب عندي توب 4 لأنترنت ألميتي حمدالله 💓,2,2.0,augmented,0
كيف اعرف ان هاتفي يدعم 4.8,0,0.0,dataset_3,0
ياموبيلبس ريقليولنا الريزو,1,1.0,dataset_3,0
أفضل متعامل لكم الله يبارك شكرا موبليس ⁦❤️,2,2.0,augmented,0
مكانش الأنترنت منعدمة تماما. خدمو الريزو تاعكم. تغيير الوجهة أصبحت ضرورية.,0,-1.0,dataset_1,0
Djezzy merci 🙏,2,1.0,augmented,0
عرض خردة بمعنى كلمة لا يناسب القدرة الشرائية للمواطن الجزائري,0,-1.0,dataset_1,0
Ghedwaa nechri puce 🎴 ta3koum,2,2.0,augmented,0
Yew mknch connexion allah yehdikom aa mobilis badrahamna wmaknch,0,1.0,dataset_2,0
سلام خويا معليش ديرلنا كونفيج للبايسفون برو لتقدر,0,0.0,dataset_3,0
العرض دائم و مدى الحياة,2,1.0,dataset_1,0
خويا قولدقديمة نقدر مرجعها سويتش,0,0.0,dataset_3,0
😍😍🇩🇿🔥🔥,2,1.0,dataset_1,1
والله كي شفت الفديو نحسب غير انا لي مفهمتش ؟؟كي شفت التعليقات فهمت بلي كي الفديو كي الشرح كي ستوديو كي نتاخالوطة<br> زييروو,0,0.0,dataset_3,0
بصح مين تكمل 3جيڨا تولي حلازونية,1,1.0,dataset_3,0
او اكلقونا لميغات راهي ليوم 31 جويلية يا ناس يهديكم ربي راني نعيط ميريبونديش في سرفيس,0,-1.0,dataset_1,0
بدا دعم شوقا اضافات نار .g__a+محتاجة ادمن نشر ومراقبة,1,0.0,dataset_1,0
اخي انتا عندك لعبة pes2021 كاش طريقة لتسريع اللعبة او تطبيق؟؟,0,0.0,dataset_3,0
نجمة سراقين,1,1.0,dataset_3,0
Ok,1,0.0,dataset_1,0
دقيقة ونص باه دخلت في صلب الموضوع ياوو لي يعملك جام مهبول كرهونا في اليوتيب,0,0.0,dataset_3,0
يا ودي الكونكسيو و في حالة تاعكم ولات تعيف,0,-1.0,dataset_1,0
تحيا في قوة جيزي جميع الأوقات,2,2.0,augmented,0
موبيليس قوة فالالعاب💪💪🔥🔥💓وفي كلش تاني😅😅,2,2.0,dataset_3,-1
ريقلو كنكسيو يرحم والديكم,0,-1.0,dataset_1,0
عندك الحق خويا جيزي انهارت تماما.,1,1.0,dataset_3,0
أنا أملك شريحة موبيليس منذو 2017 إنها جيدة بتوفيق,2,2.0,dataset_2,0
السلام.. مزال العرض تاع 12G,1,0.0,dataset_1,0
Kamatkom,0,-1.0,dataset_1,0
من فضلكم أجبوني علا سؤال راه فلخاص,1,0.0,dataset_1,0
كلامك كله صحيح شريحة جيزي فلجزائر ماهية الاخردة يستنزفون فاموال الزبائن جيزي عصابة ستتلقى ضربة موجعة,1,1.0,dataset_3,0
شكرا لخدماتكم وفيتم وكفيتم,2,2.0,dataset_2,0
مساء الخير، جرّب حظّك كل يوم كاين هدايا للرّبح :) زهرة من جازي,1,0.0,dataset_1,0
Abonniw 😍👏🔥 مشاهير الجزائر,2,1.0,dataset_1,1
فلكسيت 1200 سرقو منها 250 علاش متخافوش ربي,0,-1.0,dataset_1,0
Mobilis pixx 1.42 Mb ouargla,2,2.0,augmented,0
شريت الشريحة يوم الخميس اليوم راني في اليوم الرابع اليوتيوب الله يبارك صباح وفي المساء ناقص .. وعند اطلاعي على الرصيد وجدت نقصت 5 جيقا ..مع العلم استعملت قوقل زوج مرات ولا ثلاثة فقط,0,0.0,dataset_3,0
بعثتلك في الانستغرام على عرض سهلا بوكس <br>تحطلي بطاطا خشينة 🙄🙄<br>👎👎,0,0.0,dataset_3,-1
ياكلولك قاع جيغا..اوريدو و نعرفوها هه,1,1.0,dataset_3,0
لا أملك نقود ممكن تعملو مسابقة سحب على العرض وشكرا,1,0.0,dataset_2,0
"Pas a la hauteur , volume de data minable 🤢🤢🤮",0,-1.0,dataset_1,0
غير الموسقى الله يهديك,0,0.0,dataset_3,0
خدمة مليحة بزاف ✅,2,2.0,augmented,1
وكأس جي 😊,1,0.0,dataset_1,0
Cnx ta3kom dirouha morakom sera9in ya chkoupi,0,-1.0,dataset_1,0
شكرا اخي،بلاد العجاىب.,1,1.0,dataset_3,0
Silla Sihem مرسي,1,0.0,dataset_1,0
أضعف شبكة,0,-1.0,dataset_1,0
0.04 fi ga3 les puce,0,0.0,dataset_3,0
اودي شا دكم للعروض احسنونا غير في تدفق الانترنت فقط رهي تكاد تنعدم,0,1.0,dataset_2,0
بصح توب كاة جي <br>المشكل تعطيك 1 جيغا فقط,1,1.0,dataset_3,0
🙂😂😂,1,1.0,dataset_3,-1
لكل شخص جات عينه على تعليقي رووح الله ما يمر هذا اليوم وتسمع خبر يفرحك اعملي متابعة _😻_🌼,2,1.0,dataset_1,0
تحيا جيزي هايلا ماكسي كارثة عظمى في سرعة انترنت,1,1.0,dataset_3,0
.hammache mdrr ayaah Ouii,1,0.0,dataset_1,0
Kol manaflixi tadoli 25da,0,-1.0,dataset_1,0
ياخويا علاش راك تشكر ديما في اوريدو لاسويتش والله غير لبارح رميتها كل مرة ندير وضع الطيران باش ترجعلي الكونكسيون وزيد الريزو تاعها والله مايصلح شوية تع ريح يروح الريزو,1,1.0,dataset_3,0
ردولنا 100ميل نولو لباس,1,0.0,dataset_1,0
السلام عليكم ورمضان كريم <br>اين هو عرض اوريدو 100 دينار <br>شكرا,0,0.0,dataset_3,0
اوريدو ولات تسرق كثر من موبيليس,1,1.0,dataset_3,0
راضي بزاف ✅ الله يحفظكم,2,2.0,augmented,1
اقسم بالله لعرق طرطدقلي عرق مخلص 150 الف لشهر جيزي هايلة بزاف كونيكسيون تقييلة هبلتني,1,1.0,dataset_3,0
يعطوك حتى الف جيق المشكل فريزو ضعيف تروح غير باطل,0,-1.0,dataset_1,0
لبيس اغلقتوها وعلاش واش كاين قلتولي ابعث في الخاص راني بعثت وما رديتوش عليا الوو,0,-1.0,dataset_1,0
Nchlh ya rebii,0,0.0,dataset_3,0
C des promotions à perte xD pk vous fait ça ?? #Telecom,1,0.0,dataset_1,0
قييو السلحفاه,0,1.0,dataset_2,0
تدفق النت عيان بزاف ديرتها و ندمت ..أحسن نت أوريدو بدون منازع..,1,1.0,dataset_3,0
Rī Mā واش حبيبة ناكتيلنا ڨاع اللغة العربية,0,-1.0,dataset_1,0
⚡شركة موبيليس لحقت لوحد النقطة وين راهي الارباح جيدة و على هذا مش حابة دير عروض جدد خيفة انو الارباح رح تنقص. ، و انا في رايي برومو 1200 داروه بلعاني مش مليح ( مام فيسبوك باطل ما فيهش ) باه الغاشي يدير مباشرة بيكس100 العادي و هكذا هي تكون دارت عروض رمضان بالهدرة برك و دارتهم ديكور برك باه ما يقولوش ما دارتش عروض للرمضان . و هكذا هي تكون بقات في نفس النقطة و المخطط تاع العروض لقديم نفسو لي راه جايبلها مداخيل مليحة على بيها راه صاري تجمد في طرح عروض جديدة<br>و لله اعلم هذا واش فهمت انا ☕<br>لي عندو نفس الفكرة يحط جام 💯 باه يشوفها صاحب القناة,0,0.0,dataset_3,1
و عليكم السلام,0,0.0,dataset_3,0
ومكاش 3g,1,1.0,dataset_3,0
Pix mobilis 100da,0,0.0,dataset_3,0
خبر مفرح 😅😅🇩🇿🇩🇿🇩🇿🇩🇿🇩🇿👍👍,2,2.0,dataset_3,-1
وشنوه افضل مودام نستعملو في منطقة ناقصة ريزو بليز جاوبوني,0,0.0,dataset_3,0
تبعت رايك و شرتها و الله كارثة كلهم كيف كيف,1,1.0,dataset_3,0
"Merçi pour l&#39;information. Est ce qu&#39;il ya des réduction concernant l&#39;ADSL(4, et 8 méga).?",0,0.0,dataset_3,0
افضل عرض حاليا في اوريدو سويتش 150الف ..يعطوك +150الف هدرة +سرعة عالي,2,2.0,augmented,0
حسبنا الله ونعم الوكيل في اتصالات الجزائر,1,1.0,dataset_3,0
wch ak tkhalat lka3ba khsk difili Joz l bilcourt,1,0.0,dataset_1,0
حنا ثاني نستهلو.. نورمالمو لي تكون ضعيفة نحبسوها و تشوف كفاه يولو يحاولو <br>ندير كوناكسيو في الدار برك حتى يريڨلو رواحهم,1,1.0,dataset_3,0
Boualem Haouche والله بعثتلايوجد رد 😌,1,0.0,dataset_1,0
تجربة رائعة ✅ نشكركم,2,2.0,augmented,1
50 G ta3 ooredoo fiha limitation psq l3am li jaz sratli ma nzidch n amanhom ooredoo,1,1.0,dataset_3,0
عصابه راهي تقطع فيها للشعب,1,1.0,dataset_3,0
w ba3d 3 mois tna9soulkom nos mnha e56ikom,1,0.0,dataset_1,0
تفهم غير تيليشارجي لخرا كل متفهمهاش 😂,1,0.0,dataset_1,-1
Djezzy the best,2,1.0,dataset_1,0
مشاء الله,2,2.0,dataset_3,0
السلام عليكم فلكسيت ب دفع الكتروني بالبطاقة الذهبية نحولي قيمة فليكسي بصح ملحنيش لشريح نتاعي ارجو حل المشكل,1,0.0,dataset_1,0
جزي اب 47Mbدون لود30Mb,2,2.0,augmented,0
😉,1,0.0,dataset_1,0
algerie khirikoum be like nchlh brabi,1,0.0,dataset_1,0
انا نبدل للعرض سما ماتتمسخروش,0,1.0,dataset_2,0
السلام عليكم اخي خبر سار,0,0.0,dataset_3,0
وهاد العرض يبقى ديما 30 gb مدى الحياة ولا ينحوها,0,0.0,dataset_3,0
Si je comprends bien 800da andi 10go ?,1,0.0,dataset_1,0
خدمة مليحة بزاف ✅,2,1.0,augmented,1
Djezzy ردو علينا في الخاص,1,0.0,dataset_1,0
سراقين يعطيك بزاف الجيڤا بصح يخلاصو تم تم,1,1.0,dataset_3,0
والله مالڨري شوية تقيلى مي شوية تقيلى تحيا جيزي 👏👏🔥,2,1.0,augmented,0
عندي جيزي قوة 4 جي ،صح مشكل ليمتيتاسيون في IPTV وفي تفراج في تلفزيون ما تمشيش ولكن فيسبوك يوتيوب ما تحبسش نتفرج 720 في كل الاوقات ليل ونهار ( 60 جيغا نكملها في اقل من شهر ملييحة بزاف ),2,2.0,dataset_3,0
عروض انترنت غير محدودة,2,2.0,dataset_3,0
خوي عندي مودام جيزي 4G مليح لباس بيه ولاية باتنة,2,2.0,dataset_3,0
ادعموني ابوني على قناتي,1,0.0,dataset_1,0
لو جينا في دولة قانون كون راني شكيت بيكم للقضاء علي جال كونيسيون تاعكم نفليكسي 1500دج كونيكسيو ثقيلة,0,-1.0,dataset_1,0
جازي وموبليس في وهران والله كرهولي حياتي مكانش قاع,1,1.0,dataset_3,0
بإذن الله تخلاص لابونمو ماتزيدش تركب بيس جيزي فالتيليفون تاعي ..لاريزو يصلح ولا أنترنت بش تكونيكتي لازم تعس على الناس حتى يرقدو 👎,0,-1.0,dataset_1,0
افضل عرض هو تع la هو تع switch,2,2.0,augmented,0
عندي انترنت ثقيلة,0,1.0,dataset_2,0
انا من باتنة ليامات لي فاتو كانت كنكسيون هايلة حتا ريزو تاعها مليح,2,2.0,dataset_3,0
كيفاش نجبد النميروا تاعي منها ماعرفتش,1,1.0,dataset_3,0
Kadabiin 🖕🖕,0,-1.0,dataset_1,0
الكونيكسيو تاعها طلع فيسبوك لايت تديلك 20 جيڨا,0,1.0,dataset_2,0
كونكسيو عندي 10 ميغا خير كبير هه,2,2.0,augmented,0
راضي بزاف ✅ الله يحفظكم,2,1.0,augmented,1
المهيم اخلاق 🌚🙂💔🤦‍♂️😁🤓😂😂,1,0.0,dataset_1,-1
واش راك  شكرا,2,2.0,augmented,0
شبكة ضعيفة جدا,1,1.0,dataset_3,0
صحه رمضانك خويا,0,0.0,dataset_3,0
درتوها بيا و فليكست و ندمت 😢، أسوء كونيكسون في مجرة 😀😀,0,1.0,dataset_2,0
ساهلة بوكس لا تعمل في الهاتف,1,1.0,dataset_3,0
تبق غير موبيليس ومانديرهاش,1,1.0,dataset_3,0
.dz 🤣🤣,1,0.0,dataset_1,0
Djezzy حلاب تنفيقي في مدمات,0,-1.0,dataset_1,0
اوريدو سوتش محبتش تمشي,1,1.0,dataset_3,0
Younes Younes رانا كيف كيف,1,0.0,dataset_1,0
hh wlh daynaseur,0,0.0,dataset_3,0
عروض عصر الحجري كذابين سراقيين,1,1.0,dataset_3,0
والله مافهمت,1,0.0,dataset_1,0
.xy صافي نبدل 🤔🤔,1,0.0,dataset_1,0
Tkhaf twali tlagilhom cnx 😂😂🤦‍♂️,0,-1.0,dataset_1,-1
Rockstar games est Rockstar north,1,0.0,dataset_1,0
خردة top 4g,1,1.0,dataset_3,0
Nn b 30 alef la puce,1,0.0,dataset_1,0
او فتحونا لابيس علاه لمنكر هدا,0,-1.0,dataset_1,0
💪💪❤️,2,1.0,dataset_1,0
مع ذلك تبقى احسن انترنت في الجزائر,2,2.0,dataset_3,0
.la.125 Abonee page ghir da7k 😂,1,0.0,dataset_1,-1
Rī Mā 😂😂,1,0.0,dataset_1,-1
.dz 3endek 5go pendant 30 jours,2,1.0,dataset_1,0
يا ولدي ريقلو الريزو تاعكم اللي يعيطلي يلقاه خارج مجال التغطية من بعد يرحمها ربي 😂,0,1.0,dataset_2,-1
التغيير مجاني :),1,0.0,dataset_1,0
بسبابها رجعت نعمر 100ألف ندي 15 جيغا + 5 جيغا يوتيوب. وكرهنا صراحة.,1,1.0,dataset_3,0
راحتلي هادا وين ندمت لي درتها سراقين,1,1.0,dataset_3,0
بدلت من هايلة ماكسي لبزاف و ندمت كيفاه نرجعها,0,0.0,dataset_3,0
هل تلفون 4g يقدر يمشي شريحة نتاع 5g,0,0.0,dataset_3,0
تحكم 4g تدور في فيراج تروح تولي E ريڨلو الكونكسيو مبعد ساهل,0,1.0,dataset_2,0
علاه راكوم تهدرو بالفرونسي و اشهاراتكم اوكل لازم اكون فيها فرونسي مرقتوها . زعما محلبين ولا واش,1,0.0,dataset_1,0
جيزي هوا الاقوى,2,2.0,dataset_3,0
عروض تافهة اللي معايا يدير جام <br>باه ندير حملة مقاطعة ونطالبو بدخول شركات منافسة ليهم انا نكسر الشرائح في ثلاثة 👏✌👍,1,1.0,dataset_3,1
اسوء شبكة الاحسن موليلبس,0,-1.0,dataset_1,0
.dz الرقم نمشي بيه انا بصح شارياتو la carte تاع جدة تروح هي,1,0.0,dataset_1,0
ماهو الحل لهذا لمشكل هل يمكن رفع شكوة مثلا أو نعاود لابيس,1,1.0,dataset_3,0
شكرا على مجهوداتك,2,2.0,dataset_3,0
هه انا كنت مستحسنتها خاطر نت فيها قوي عادلها عام ونت فيها في نازل 💔☻,0,-1.0,dataset_1,0
عجبتني الغنية برك,1,0.0,dataset_1,0
إتصالات الجزائر ومشتقاتها الخردة التي يجب التخلص منها لنيل الاستقلال,1,1.0,dataset_3,0
Dartha🐝🐝🌼🌷🌹 hayla ❤️ ms chritha 500da,2,1.0,dataset_1,0
صح رمضانكم,2,2.0,augmented,0
واش هوما الهدايا و ريقلونا الكونيكيوا اذا بغيتوا زعما,1,0.0,dataset_1,0
كرهتينا في كلمة ليميتاسيون تقول درتي اختراع,1,1.0,dataset_3,0
تكنو ديزاد ALGERIA TECH👽👽,0,0.0,dataset_3,0
مرحبا موبيليس 🔰 غدوا شريحة تاعكم نشري شريحة تاعكم 🇩🇿,2,2.0,augmented,0
3tina code transfert man haya ila dima baraka allah fik,0,0.0,dataset_3,0
موبليس الأسوء فالعرض sama والأسوء فالشبكة,0,1.0,dataset_2,0
تحسن ملحوض في سرعة الانترنات جيزي.. واقيلا نحاو ليميطاسيو,2,2.0,dataset_3,0
Lpuc متوفرة لمدة محدودة؟؟,1,0.0,dataset_1,0
Pix makayn walou ?,0,0.0,dataset_3,0
جديد في اوريدو سويتش لباس,2,2.0,dataset_3,0
ايهيه شحال عندي ملي ودعتها جيزي,1,1.0,dataset_3,0
اسوء شبكة انترنت جازي موبليس انصح بي شريحة ارويدو أقوى انترنت وشبكة قويا,1,1.0,dataset_3,0
والله رانا نعانيوا في صمت 🤣🤣,1,0.0,dataset_1,0
كونيكسيو خفيفة وبأسعار معقولة,2,2.0,dataset_2,0
Djezzy صرعتونا بتواصل معنا على الخاص اكثر من ثلاث ايام دون رد راكم فرحانين بالانترنت لي تقدموها للزبائن 🙄🙄,0,-1.0,dataset_1,-1
انا لا اتلقى منذ مدة عروض امتياز كيف يمكنني الاستفادة مجددا من عروض imtiyaz,1,0.0,dataset_1,0
انا شريتها وندمت ضياعت دراهم باطل,1,1.0,dataset_3,0
خفيف فالكنكسيو العرض هذا,2,2.0,dataset_2,0
عجبوني العروض عجبوني العروض تاع سما,2,2.0,augmented,0
.aicha والله غير صح الواحد يزيدو يقلقوه,1,0.0,dataset_1,0
800 da = 10 G alor apres 30 jr?? Ki zaama,1,0.0,dataset_1,0
الشبكة شبه منعدمة في حي البور مفتاح ولاية البليدة,1,1.0,dataset_3,0
Fiha illimité vers Djezzy ??,1,0.0,dataset_1,0
الخدمة تاعكم رائعة,2,2.0,augmented,0
لله يحفضك,2,2.0,dataset_3,0
Besah la puce hadi abonnement ymadelek ghir chhar lawel 30G après twali 15 b 1300da,0,0.0,dataset_3,0
.ayoub lazem une puce iZzy 😁,1,0.0,dataset_1,0
Rahi mlih Za3ma tekno kire mine Algérie Télécom,0,0.0,dataset_3,0
وعلاه في جازي كاين أنترنت ولا ريزو عندي 15 يوم ملي شريتها الأنترنت ثقيلة و ريزو مكاش من قبل كنت دير نجمة فوور كونكسيو خفيفة ريزو كاين بصح كي درت جازي ندمت تحبو تكذبو على ناس و تدو دراهم,0,-1.0,dataset_1,0
Conixion zebala tahkem giar men 3 ta3 sbah ndawrouha oridoo mliha,0,-1.0,dataset_1,0
👍👍❤❤🔔🔔,2,2.0,dataset_3,1
الخدمة تاعكم رائعة بصح,2,1.0,augmented,0
شكاين اصحبي,0,0.0,dataset_3,0
"مرحبا,العروض اللّي تلقاها في اطار برنامج الوفاء امتياز هي عروض ترويجية و متغيرة، يمكنك أن تشكّل *44# في كل مرة باش تعرف كل جديد.نسرين من جازي 🙂",1,0.0,dataset_1,0
"Algeria tech, el assem berk mafadtna fwalou ta3 walou mawadi3 la3ala9A m3a tech ou des informations partout mawjoudine meli abonnite ma 3raft hetta ha ja jdida",0,0.0,dataset_3,0
خخ😂 كونيكسيو كي سلحفاة وزيد تدخل لليوتيوب تتفرج فيديوا تلقى روحك راحت 1Go #سراقين,0,-1.0,dataset_1,-1
عندي نقص في تدفق الأنترنت,0,1.0,dataset_2,0
ياودي راهي خرا موبيليس علابلك ليمات هذو كونت نكونكتي 4جي ونلعب ببجي وليمات هذو مكاش خلاص,1,1.0,dataset_3,0
احبك في الله,0,0.0,dataset_3,0
انا عمري 22و حمد الله,1,0.0,dataset_1,0
لتحب تشوف افكار هدايا جدد دير ابوني 💥💥😍😍,2,1.0,dataset_1,1
اخي ممكن تطبيق ماوس للتحكم عن بعد للتلفزيون سمارت,0,0.0,dataset_3,0
اخبار 5G( الجيل الخامس) من فضلك,0,0.0,dataset_3,0
🤣🤣 تكذب و تخرط و تزيد و نعرفوك.. لماذا الشيته لموبيليس.. ماعايرتكش.. و اذا فهمتها هكذاك انا ما نحاولش دير اللي تقدر عليه و زيادة,0,-1.0,dataset_1,0
نقصو سوما ميا ومتين بزاف وكثرو ليجيڨا,0,-1.0,dataset_1,0
كي جيزي كي موبليس لازمهم المقاطعة,1,1.0,dataset_3,0
الحل هو إغلاق هاته الشركة المحتالة هي وشركة اوريدو,1,1.0,dataset_3,0
جاوبو,0,-1.0,dataset_1,0
خاوتي ماتديروش عليهم الدزيريين ما يعجبهمش العجب,2,2.0,dataset_2,0
Kifech ndoroo Bach nwaliw nkhadmo bel 4.8 3ndi note 8 pro et merci beaucoup,0,0.0,dataset_3,0
يعني غدوة نتلاقا في بيس تاعي هاذ العرض ولا نروح نشري وخدخرا فيها العرض,0,0.0,dataset_3,0
عييت نفهم كيفاه نخدم بيها و مقدرتش نبعث لي ميساج 😢,1,1.0,dataset_3,0
Publicité,0,0.0,dataset_3,0
علاه كوبيتولي لابيس كما كمل شهر من لي شريتها,1,0.0,dataset_1,0
والله باش دخلت نكومنطي هنا حتى غلقت وشعلت بيانات الهاتف 2 مرات أسوء كونيكسيون منذ شهرين اليوتيوب مليحة ام كامل الالعاب اونلين و الفيسبوك. وانستاغرام لا علاقة الميساج مانقدرش نشوفهم وراني داير 40 GB,0,-1.0,dataset_1,0
قبلما نشوف الفيديو دخلت للتعليقات لاني ديما تتحشالي ويكون فيديو عيان،،هذي المرة دخلت والناس الكل تلوم في صاحب القناه ،،غير انا الي لقيته فيديو مفيد جدا،،يعطيك الصحة خويا,0,0.0,dataset_3,0
صوتك مهوش مسموع,0,0.0,dataset_3,0
harki ton portable mlih,1,0.0,dataset_1,0
تجربة رائعة  نشكركم,2,2.0,augmented,0
You want some more? 😁B’300da 3endek 500da crédit zyada 🤙😍Enjoy 😉 #djezzy #izzy #dz,1,0.0,dataset_1,1
برافو عليكم بصح استمروا هكذا,2,2.0,augmented,0
Fl9bi7 🤑💥w3ra di❤️❤️❤️😍💯,2,1.0,dataset_1,1
السلام عليكم اخي الكريم هل عندك فكرة كيفاه يمكن الاستفادة من عرض solidarité في موبيليس,0,0.0,dataset_3,0
جازي سرقة عيني عينك,0,-1.0,dataset_1,0
وش لي تهواه رانا اكثفينا عرض سماميكس100الف كي خلاصو 15Go مقدرتش نكونكثي فيس ومسنجر ياك قلتو ايليميثي 😵‍💫😵‍💫😵‍💫 ها حلولي مشكل تعي ولا نكسر puc,0,1.0,dataset_2,0
Pablo Escobar Chelifiano خرطي جيزي عندي لي بيس كل نجمة احسن,0,-1.0,dataset_1,0
Sema Mobilis Navigui win dirha<br>en tout cas Ooredoo tebqa lmeilleur :DD,2,2.0,dataset_3,0
ديرلنا عفسة نسرعوا بها الانترنت في موبيليس 3G,0,0.0,dataset_3,0
زيدو ساعدونا شويا احسبوهالنا ب 100 دج برك,1,0.0,dataset_1,0
ربي يوفقك اخي,0,0.0,dataset_3,0
رهي عندي موبليس مزاد.ولو خرطي في خرطي,1,1.0,dataset_3,0
وين راهي العروض لي كنتو موفرينها علاه قلعتوها وزيد الريزو راه قليل كنتو جايبينها غايا ومن بعد خسرتوها,0,-1.0,dataset_1,0
نتوعنا معندهمش👍,1,0.0,dataset_1,1
وش فايدتها كي تعود سرعت الانترنت مثل سرعة الحلزون,0,-1.0,dataset_1,0
فنان حقيقي في السيتي,1,0.0,dataset_1,0
لبارح جيزي لا 4g لا 3g لا حتى حاجا,1,1.0,dataset_3,0
أنا جيزي مساعدتني ليل و نهار,2,2.0,dataset_3,0
non Walah ça marche j’ai gagné un téléphone 📲 merci .dz,1,0.0,dataset_1,0
ائع جدا✨😍👍😘 العرض,2,2.0,augmented,1
خدمة مليحة بزاف صح,2,1.0,augmented,0
احسن سيم مليحة,2,2.0,dataset_3,0
اوريدو غالية بزاف ..,1,1.0,dataset_3,0
Mais pas disponible sur iOS 😏,1,0.0,dataset_1,0
نكتو كنيكسوي,1,0.0,dataset_1,0
Nik ya matkom cnx ki zbii na3 din babakoum,0,-1.0,dataset_1,0
😀😀😇😇,0,0.0,dataset_3,0
او في ياسين تيفي زعمة تمشي,0,0.0,dataset_3,0
و المكالمات مافيهاش,1,1.0,dataset_3,0
المهم فيديو لازم تجيب 8 دقايق باه تربح ب مشاهدات,0,0.0,dataset_3,0
ريڨلولنا الكونكسيو باش نقدرو نديرو العرض تاعكم,1,1.0,dataset_3,0
عندي اشكال قلتولي ابعث في الخاص ؛ بعثتلكم عندي سمانة و ما جاوبتونيش !!,1,0.0,dataset_1,0
عندي جيزي ني حاكم زوج بارات,1,0.0,dataset_1,0
Fire 🔥 merci 🔥 djezzy,2,1.0,augmented,0
cnx wach biha had lyamat,0,1.0,dataset_2,0
البينڤ تاعها مليح ل بابجي,2,2.0,dataset_3,0
غالي باش يعطوك سرعه منخفضه 512 لزم تخلص 200 الف لشهر,1,1.0,dataset_3,0
يخي حالة يخي ما هاذ الفيديو ؟؟,0,0.0,dataset_3,0
عندي ايفون لاباتري قريب زغدت مبلاصتها و متحصلت على والو -_-,1,0.0,dataset_1,0
لا أستطيع ان افهمك ..لغه ركيكه ..مجرد كلام..فارغ,0,0.0,dataset_3,0
Rahi ttba3 top 4g wlla nn,0,0.0,dataset_3,0
عجبني عرض انترنت ولكن 40 الف هدرة قليلة خخ,1,1.0,dataset_3,0
سلام اخي تيكنو هده البرنامج ليس مجاني يعطيك فتره محدده 7 ايام فقط,0,0.0,dataset_3,0
الخدمة تاعكم رائعة ✅,2,2.0,augmented,1
مكاش امتيازات,2,2.0,dataset_3,0
لازم نحوسو على بلاصة فالدار باش نقدرو نتصفحو فالفيسبوك وهو فالاصل ميحتاجش تدفق كبير. واش من 4g راكو دايرينها,0,-1.0,dataset_1,0
خوتي أنا محتاج ليكم دعموني كان دير فيديوهات فاليوتب مقالب و تحديات و سفريات نقية ومحترمة ولكن للأسف مكتشافش بزاف وداكشي علاش بغيتكم تشجعوني ودعموني 🙏❤️,1,0.0,dataset_1,0
"ooredoo 12 meg switch , navigui 0.45 , Djezzy 3.40 meg --Djelfa 21.54 cava",2,2.0,dataset_3,0
يودي واش,0,0.0,dataset_3,0
خويا بغيت نسقسيك جيزي و اوريدو فيهم ليميتتاسيو و اوريدو يسرقو مام مودام اتصالات ايدوم ثقيلة شاهو الحل للعلم نسحق انترنت urgen,0,0.0,dataset_3,0
جربتها ومدولي2جيغا,2,2.0,dataset_2,0
كلب على روحك,0,-1.0,dataset_1,0
"Connexion zéro , b la 4G ou connexion trop trop lente à peine fb 🤬🤬",0,-1.0,dataset_1,0
تجربة رائعة 😍 نشكركم,2,1.0,augmented,1
الحل المقاطعة كلنا نرمي شرائح دجيزي و ما نفليكسوش حثى نضغطو على دجيزي باش تحسن الخدمات يعني نحاربو دجيزي تجاريا أو ماليا,1,1.0,dataset_3,0
أسوء الخدمات و جد رديئة خدمة مبيليس,1,1.0,dataset_3,0
سيتها ومكان والو نفس السرعة. راك غير تخرط على الغاشي .باش تكسب الجامات والمشاهدات بلا فايدة..,1,1.0,dataset_3,0
ب نسبة ليا احسن عرض هي Ooredoo la gold قديمة تحمل تطبيق my Ooredoo و تخلص بل بطاقة ذهبية 100 دج يعطوك 30 جيقا انترنت و يوتيب باطل مع علم متوفرة فقط في la gold قديمة هاذي بزاف مكاش لي راه متحلبلها,2,2.0,dataset_3,0
ماعطاونيش 20 جيڨا,1,1.0,dataset_3,0
Ya kho nta kdab grv,0,0.0,dataset_3,0
R3pondiwl 3lina f prv apres kulchi sahel,1,0.0,dataset_1,0
Brossa brossa brossa,0,0.0,dataset_3,0
أعطيهم الحس خويا جليل راهم يتقعدو بينا,0,0.0,dataset_3,0
mzl,0,-1.0,dataset_1,0
بصح ممتاز والله,2,2.0,augmented,0
خويا انا الانترنت تاع جيزي كانت تمشي لاباس بيها و ضركة يومين راهي حابسة، مع العلم حتى ل20 في الشهر باش تخلاص، و راهي ما زالت لي 24 جيڨا، ما عرفتش واش ببها؟؟!!,1,1.0,dataset_3,0
سما الفيسبوك مشي مجاني,0,1.0,dataset_2,0
خلاص منزيدش نصدق اشحال شكيت باه جيو تصلحو الانترنت مبغيتوش دونك المصداقية مكانش ودراهم الي ديتوهم والله منسمحهم بويسك منيش مقتنع بلي صح عندي انترنت بصحتكم,0,1.0,dataset_2,0
تمشي غير يوتيوب خردة,1,1.0,dataset_3,0
واش يلزم باش نطلع débit من 10الى 15 ميڨا,1,0.0,dataset_2,0
لماذا الانترنت ضعيفة جدا,0,1.0,dataset_2,0
سؤال مستعجل خويا ،عملت تحديث لرادمي 9 ثم راحت الكوناكسين وعاودتوا هل هاذا نورمال ولا سيكون فيه خلل,0,0.0,dataset_3,0
Ooredoo hadi man bkri hakda<br>Rani biha 3andi 3amin 3ajbetni,2,2.0,dataset_3,0
الريزو مكانش في الشلف اليوم نهار كامل وين راهي التغطية,1,1.0,dataset_3,0
يالكونيكسيو راه كارثة عندكم ياجيزي,0,-1.0,dataset_1,0
ana 3endi jezzy 28M Apld ou 25M Download,2,2.0,augmented,0
واش ندير انا بعاشور العاشر <br>دير الانترنت عالية التدفق لمدة شهر,0,0.0,dataset_3,0
Ha les cadeaux te3 shake kifeh,2,1.0,dataset_1,0
لاسويتش عرض 3500دج للبيع قسنطينه لي حاب يشري,0,0.0,dataset_3,0
قاع سراقين طبق السوق.,1,1.0,dataset_3,0
حبيت نسقسيكم عندي بيس موبليس يعيطولي و مانعيطش ويقولولي اتصل بمصلحة الزبائن واش ندير من فضلكم قولولي,1,0.0,dataset_2,0
واش راك 💯 شكرا,2,1.0,augmented,1
Do you want to be motivated ? Check my profile please 💗,1,0.0,dataset_1,0
ربحت ecoutuer عندي يومين ماعيطوليش . ماعلابالي كيفاش مدايرين ماعلابالي كيفاش نجيبهم ؟ فهمونا Djezzy,1,0.0,dataset_1,0
انا يشتغل عادي يشتغل عادي,2,2.0,augmented,0
.aicha مرحبا، الرجاء مراسلتنا على الخاص 😊,1,0.0,dataset_1,0
تهدر نهار ومن بعد مكانش هدرة,0,1.0,dataset_2,0
اهلا اخي تكنو لاحضت في الفيديو انك كي تورينا شاشة هاتفك الصورة مقلوبة شوف كيفاش تعدلها وشكرا,0,0.0,dataset_3,0
سرفيس مليح  برافو,2,2.0,augmented,0
Bzaf ghalya dirolna ta3 100e1,1,0.0,dataset_1,0
سكيكدة (21)عندي اوريدو سويتش مدرتش ثاسث بصح فور,2,2.0,dataset_3,0
السلام عليكم اخي مادام اوريدو تغدر نفلاشيه ونركب فيه بيس موبيليس,0,0.0,dataset_3,0
ما الجديد حول اتصالات الجزائر أخي و شكرا.,0,0.0,dataset_3,0
Vive top 4g لزاولية 😂,2,2.0,dataset_3,-1
ريڨلو ريزو تاعكم قبيل راها ثقيلة تقتل قبل ما تديرو اي شيء اخر,0,1.0,dataset_2,0
Yehdikoum rebi cox !?,0,1.0,dataset_2,0
👍,1,0.0,dataset_1,1
العرض لي تلقاو فيه راحتكم من كل النواحي,2,2.0,dataset_2,0
ممكن تشتاركو بقناتي وتدعموني بليز قناتي محتوى العاب بس من نوع اخر اصمم بيوت فيه فا ادعموني ياإخوان رابط قناتي في البايو,1,0.0,dataset_1,0
nhdrou bttll 😂😂diriha wndirha 😅,1,0.0,dataset_1,-1
7ata ooredoo kifkif limitation 512kb,1,1.0,dataset_3,0
دنيا زاد راه صاري كارثة,0,-1.0,dataset_1,0
Ana kanet 3andi djezzy hayla habletni dok djabt ooredoo switch khiir manha b 100 fois,1,1.0,dataset_3,0
Yacine Djo كون مجاتش جيزي كون طيحتلك,1,0.0,dataset_1,0
سعر غالي شوف كيفاه تنقصو شوي 😑😑,0,-1.0,dataset_1,-1
موبيليس شبكتها ما زالت ناقصة فيما يخص 4g ..,1,1.0,dataset_3,0
الانترنت ثقيل جدا,0,-1.0,dataset_1,0
نتوما ظلوا غير تابعوا Ooredoo جيبوا جديد من عندكم و خطيكم ما تنعاندو لى كبار عليكم شخصيا تركت خطين جيزى استعمالهم منذ 9 سنوات لاصبح الان زبون لاوريدو,0,-1.0,dataset_1,0
Explain to me how to do this ?,1,0.0,dataset_1,0
.__.ou._.chouchou انها حشوة يا جورج,0,-1.0,dataset_1,0
Kifech najouter des gens l’offre dyali rani fateh l’application mais j’ai rien trouvé ? .dz,1,0.0,dataset_1,0
عرض جد كارثي بالنسبة لمن يستخدم فايسبوك بكثرة .. تولي تكونصومي من البداية و يخلصولك 15 جيڨا في أقل من اسبوع .. كما انك لا يمكنك العودة للعرض السابق .,0,1.0,dataset_2,0
حبيت برك نقلكم وفرولنا القوة فالأنترنت برك أخطيكم من الروبوات,1,0.0,dataset_1,0
Réseau 9r3a 😒😒 3ndi djezzy c vr des offres mlah ms réseau wlah ghir 9r3a win nroh mkash w cnx th9ila srtt win kyn bhr ..réseau w cnx tslah ghir f les grands villes kima boumerdes alger bab zouar..hda mkn win mshatli mliha lba9i wlh ghir 9r3a cnx,0,-1.0,dataset_1,0
يااو غير نحكمها انا ومن بعد نبارطاجيها راني حاصلة فيها راكم كارثة قبل مادير الجديد وطيحو علينا خشان انتهلاو ريڨلو القديم برك 😐,0,-1.0,dataset_1,0
الانترنت ف الجزائر كلها خردة يسرقو ف ناس تجارية اكثر من غيرها,0,-1.0,dataset_1,0
راك قديم صحبي عندي يمين ملي سمعت بيها,0,0.0,dataset_3,0
انا راهي تخلاصلي قبل الشهر خطرات بسبع الى ثمانية أيام مع اني اتابع في اغلب الاحيان اليوتوب وتيك توك وانمي سلاير والعب فري فاير تبقى حاير,1,1.0,dataset_3,0
La connexion catastrophe wasm hada 3eyit ne3ayet l service client walou mahabitouch tahachemoi c gravee wlh,0,-1.0,dataset_1,0
السلام عليكم خويا جليل دير لنا فيديو على السرعه المنخفضه في عرض اريد سهله بوكس حبينا نشوفو اليوتيوب ولا يمشي 360 بي ولا 460 بي الله يحفظك خويا العزيز,0,0.0,dataset_3,0
عروض دائمة ؟؟,0,0.0,dataset_3,0
سؤال اخي <br>هل هناك فرق بين عرض 1500 هايلة بزاف و امتياز 1500؟,0,0.0,dataset_3,0
سمحتو في عربيه وبهدلتو الفرنسيه وسميتوها لهجة جزائريه,1,0.0,dataset_1,0
انا واحد من الناس كسرت بيس جيزي تعبتني اصاحبي يخلاص الشهر تلقا روحك كونصوميت عشرين جيقا بقاتلك عشرين و فالليل خلينا مانهدروش تحسب راهم يديرو فيك فمزية . تحيا اوريدو تسلك بزاف مي تتمتع بالكونيكسيون,1,1.0,dataset_3,0
vive adsl khou,2,2.0,dataset_3,0
لا فائدة من عروض مع سوء خدمة شبكة عليهم اهتمام بتحسين شبكة اكثر من عروض اهم شيئ سرعة تدفق صعود و نزول مع ثبات بينج العاب و ايضا موبيليس لما تدخل للبيت تصبح شبكة سيئة وذالك بسبب نقص ذبذبات شبكة فيعني لا فائدة من عروض تسويقية موسى حاج. حاج موسى. ونتمنى كما راك دير فاشهار ليهم وصللهم هذ هدرة هه,1,1.0,dataset_3,0
New generation = puce jdida 😁,1,0.0,dataset_1,0
Expensive ✋,0,-1.0,dataset_1,0
سلام خويا تيكنو من فظلك شوفنا طريقة شحن الالعاب في الجزائر والله رانا نعانيو تونس عندها طريقة الشحن عن طريق اوريدو وحنا مكانش من فظلك شوفنا حل مع ذكر ثمن الشحن وكروط قوقل بلاي اذا سمحت وشكرا على مجهودك تحياتي ليك من قسنطينة,0,0.0,dataset_3,0
نتا واقيلة مريض وراح تمرضنا ياو ب 13 جيقا ومكاش انترنت كي تدخل لدار هه وتهدر على سرعة منخفضة لازم تريح عند بوتو موبيليس.,1,1.0,dataset_3,0
"Grâce à HAYLA 40Go😍, maximisez vos communications sans aucune limite avec HAYLA BEZZEF et HAYLA MAXI 👌🏻 HAYLA 40Go 😍 بفضل استفيد من الأنترنت و مكالمات غير محدودة مع العروض HAYLA MAXI و HAYLA BEZZEF 👌🏻",1,0.0,dataset_1,1
c pour quand le lancement!,1,0.0,dataset_1,0
و من بعد الشهر الاول تردوهة 6جيجا هنهه,1,0.0,dataset_1,0
سر هه,0,0.0,dataset_3,0
عجبني عرض تاعكم sama net 200 فيه 90 جيغا مليح,2,2.0,dataset_2,0
EL Namse b dmo3 😂😂,1,0.0,dataset_1,-1
اوريدو سرقين,1,1.0,dataset_3,0
ارفع صوتك,0,0.0,dataset_3,0
Hhh sa3dhoum li ra7 yrbhou wlh 3labali bli maghadich yrb7ou chirat mais ma3lich lhachwa khir mn walo za3ma hh gji bghit ntla3lkoum chwiya moral 😛😊😊😍💓💓,2,1.0,dataset_1,1
.sn.794 اين هي القوة؟ انني لا اراها,1,0.0,dataset_1,0
الله لا تربحكم لي جيقا فضولي غي سمانة 😏😏,0,1.0,dataset_2,0
سبحان الله وبحمده سبحان الله العظيم استغفر الله صلو علا محمود صلى الله عليه و سلم₩₩,0,0.0,dataset_3,0
دارتو وندمت عيان,1,1.0,dataset_3,0
عندي مشكل فالبيس تاعي كي نجي نعيط تقولولي عيطي ل77وكي نعيط ل 77تزيدو تقولولي عيطي ل 77وكيفاه ندير انا دك من فضلك شوفولي حل وزيد راني نسكن بعيدة على لاجونس تاع جيزي لازم نديبلاصي باه نروح ليها ومع لمرض اك تعرفو نورمالمو ديرو حسابكم للحجات اذي ارجو الرد في اقرب وقت,0,-1.0,dataset_1,0
Enfin on parle des gameur ❤️,2,1.0,dataset_1,0
اكبر خطأ نزعتم المكالمات المجانية مع موبيليس في عرض الانترنت، كل المتعاملين يشجعون الاتصال مع شريحتهم الا موبيليس وقعت في هذا الخطأ,0,1.0,dataset_2,0
مكانش منها مام انا وزادوني في لفتورة جاتني 900الف وهية نخلص 150الف وقالولي خلصها قلتلهم لالا يسرقو في ناس نورمال مكانش منعا جيزي تحيا موبيليز ولا اوريدو,0,-1.0,dataset_1,0
و اتصالات الجزائر؟,0,0.0,dataset_3,0
بارك الله فيك زعيم,0,0.0,dataset_3,0
هناك بعض المشاكل فالتغطية خاصة الفترة المسائية,0,1.0,dataset_2,0
.senouci pas de panique elle est toujours dispo 😁 vous pouvez choisir l'offre qui vous convient entre Youtube et Fb+Insta,1,0.0,dataset_1,0
Ana nel3ab FORTNITE ou bel Mobilis ki tkoun mliha ikoun 25ping 0%packets loss mbessah karitha bdjezzy 60ping mais 25%packet loss,1,1.0,dataset_3,0
راني كل شهر نخلص اطلقونا انترنات مليحة غير pubg برك خلونا نلعبو رانا كرها ارحمونا,0,-1.0,dataset_1,0
نا صح والله راجلي ربح واحد عندو واحد الشهرين هكاك شارك العام لي فات بيه من قسنطينة رحنا لاجي وجبناه واني نكونيكتي وحنا ضرك,2,2.0,augmented,0
عرض خرا تاع 250da سرعة تاعو 512kb,1,1.0,dataset_3,0
السلام عليكم خويا عبد الجليل بارك الله فيك ،ما دابيناتتسڨم.,2,2.0,dataset_3,0
ماهو جديد ليمودام وماهي إمتيازاتها,1,0.0,dataset_1,0
نصيحة ويلا عندك تغطية سيئة غير مكلاه تعي روحك لا تطبيق ولا هم يحزنون,1,1.0,dataset_3,0
على وجه ربي اعدلو الانترنت تاعكم,0,1.0,dataset_2,0
جيزي الريزو داير كي الخرا مرض لي عندو جيزي يركبو لبوقلاق,0,-1.0,dataset_1,0
علاه ماديرش مسابقات و فيها les cadeaux 🤔<br>بلعربية ماقدرتش نشري تيليفون باش نكونكتي 😅,0,0.0,dataset_3,-1
علاه داير ماكياج؟؟!!,0,0.0,dataset_3,0
من فضلك هل توجد top 4g للبيع واصل يااخي احسنت,0,0.0,dataset_3,0
قسنطينة وي علابالي عيانة فيها اوريدو مي نحكيلك على العموم في الجزائر اوريدو احسن ريزو عن تحربة,0,-1.0,dataset_1,0
سؤال : شكون هو المسؤول على ping تع les jeux,0,0.0,dataset_3,0
Meilleure offre sur le marché téléphonique en Algérie ❤️,2,2.0,dataset_2,0
reglez nous le problem de réseau svp,1,0.0,dataset_1,0
يرجى اصلاح الانترنت,0,-1.0,dataset_1,0
"Vive JSK , vive Mobilis ✌️",2,2.0,dataset_2,0
ياو سقمو ريزو نتاعكم يا خويا كيفاه نفليكسي والكونيكسيو عيانة بزاف ماتصلحش تمشي دقيقة وتروح ساعة علاه,0,-1.0,dataset_1,0
ممتاز والله,2,2.0,augmented,0
راضي بزاف صراحة الله يحفظكم,2,1.0,augmented,0
عندي لاوين انا كفاه ؟,0,0.0,dataset_3,0
Hhh wlh ghir dahaktni. Ya khoya barkak mn lkdeb alah yehdik,1,1.0,dataset_3,0
يحفظك خويا ربي يحفظك خويا,2,2.0,augmented,0
Ibrahim,0,0.0,dataset_3,0
Fantasy rpg,1,0.0,dataset_1,0
عندي جيزي كي نديرلها 3g تطلع حتى 6 ميغا شيء عجيب,2,2.0,dataset_3,0
خويا كاين حل ؟؟ قالولي لم يتم تجميع عقد.خطك وسيتم اغلاق خطك في تارخ محدد !<br>كاين حل ؟؟,0,0.0,dataset_3,0
"oui rahi catastrophe je c&#39;est pas pourkoi rahom yakhad3ou f nas walah maykhafouch rabi , machi ghir f djezzy , lablad ga3 rahi maghchoucha win trouh tssib lghouche yalatiiff",1,1.0,dataset_3,0
عندي موبيليس top 4 g المشكل كي راني نشارجي 500دج كريدي راهم يسرقوهالي وراهم يعيطولي ايطرونجي بزاف,1,1.0,dataset_3,0
خويا من 2002 وانا مع جيزي ..رغم كوارثها ليس من السهل التخلي عن رقمك ..يجب التفكير فيها,1,1.0,dataset_3,0
عندى شكوى,1,1.0,dataset_3,0
تحيا top 4g<br>وتلعب كيما تحب,2,2.0,dataset_3,0
لقد وقعنا في الفخ,0,1.0,dataset_2,0
wchm tlifon li twsni nchrih doka yticno,0,0.0,dataset_3,0
ايربح لي عندو ايزي برك ولا مام لي عندو جيزي بسكو ايزي نتوما بعتوها فلافاك وانا منقراش فلافاك 😒,1,0.0,dataset_1,0
طوب 4جي واش دارو فيها,0,0.0,dataset_3,0
عندي جيزي راهي قتلتني بالقنطة,1,1.0,dataset_3,0
مي شهر برك هذي لاوين ماشي ديما,0,0.0,dataset_3,0
Djezzy راسلتكم,1,0.0,dataset_1,0
Est ce que nchrii gue3 puce jdida wela. Ghir te3i w nrdha izzy,1,0.0,dataset_1,0
والحل كيفاش فهمنا تيكنو,0,0.0,dataset_3,0
برافو عليكم والله استمروا هكذا,2,2.0,augmented,0
بلاد المهازل,1,1.0,dataset_3,0
هه يا خي نتا والله. يلا مونغوليا هدرتك تحسب طفل مول 4 سنين,0,0.0,dataset_3,0
احكينا على اتصلات الجزائر واش راهم يقولو,0,0.0,dataset_3,0
سراقين الله لاتربحهم,1,1.0,dataset_3,0
جولد و سويتش عندهم نفس سرعة و لا ميش كيف كيف,0,0.0,dataset_3,0
.dz ماتقدرش دير 60 الف وحدهاا,1,0.0,dataset_1,0
عندكم كنكسيو تعيف وحدك وماتكونكتيش حتى تبارطاجي😂,0,-1.0,dataset_1,-1
Djezzy و لكل يتألم,0,-1.0,dataset_1,0
نهلة ماشي نهال,0,0.0,dataset_3,0
تحيا جازي تحيا جازي تحيا جازي,2,2.0,augmented,0
😂😂 connexion nchalh brabi,0,-1.0,dataset_1,-1
سلاماعلاه مكانش ريزو تاع جيزي بالمعدر بباتنه,1,0.0,dataset_1,0
تحيا السويتش,2,2.0,augmented,0
عندي la win نقدر نحولها؟,0,0.0,dataset_3,0
ROCK STAR,1,0.0,dataset_1,0
شكون مليحة هايلا ولا ماكسي,0,0.0,dataset_3,0
انا شريت وحدة سويتشي خلصت,1,1.0,dataset_3,0
عندي جيزي والله غير ياخويا راني نعاني راهي ماتفوتش 500Mdp,1,1.0,dataset_3,0
كيفاه نفتح الأوفر تاع *44#,1,0.0,dataset_1,0
خويا تكنو ما فحوا ميساج موبليس الاخير..مافهمتوش.تاع اكتيفي أحد عروض pix واستفد من 7جيغا انترنيت ثم فعل pass connect+..فهمنا خويا..,0,0.0,dataset_3,0
Zed k offside,1,0.0,dataset_1,0
هه انا عندي جازي و أوريدو و موبليس والله كيفكيف كامل كونكسيون الإسم 4g واللقب 3g والعمل 2g,0,-1.0,dataset_1,0
ديرلنا بث مباشر نسقيوك حاجات بزاف،🥺🥺,0,0.0,dataset_3,0
SVP makanch offre mafihch djezzy batel,1,0.0,dataset_1,0
تستي ايزي,0,0.0,dataset_3,0
سرفيس مليح 😍 برافو,2,2.0,augmented,1
ﻣﺮﻭﺍﻥ ﻟﺨﻀﺎﺭﻱ هه ربي رحمتو واسعة، بصح نو مش نخدم وندمر ونستنى 3 اشهر باه تدخلني خلصة شهر وتزيد تروحلي 100 دج في الهواء كون مديتها صدقة ما تغيضنيش,1,0.0,dataset_1,0
votre connexion est vraiment nul,0,-1.0,dataset_1,0
شوف ستوري,1,0.0,dataset_1,0
Aya bela3 aya aya chekme aya,0,-1.0,dataset_1,0
تحيا منتوج بلادي تحيا منتوج,2,2.0,augmented,0
فليكسيت مقبيل 1200دج لقيت 920دج وعلاش ردولي على الكمنتار تعييشو,1,0.0,dataset_1,0
خويا راك غالط في حاجة لبيس كتروح ترجعها انا طاحتلي 3 مرات ورجعتها وبقات نفسها,0,0.0,dataset_3,0
راني بجيزي شاء ما نورمال الله,2,2.0,augmented,0
خويا تكنو راهي موبليس عندنا كاريثا<br>00انترنت,1,1.0,dataset_3,0
كونيكسيو تعيي -_-,0,-1.0,dataset_1,0
عند جيز وعندي اوريدو اوريدو احسن مش نشكر مي جيزي. هبال هبلت خلاصناقصة بزااف تعيي,1,1.0,dataset_3,0
شكرا جزيلا 👍 كل شي مزيان,2,2.0,augmented,1
مفهمنا والو راك تحكي ف الفيد,0,0.0,dataset_3,0
بارك الله فيك تقول راك تصور بجهاز نوكيا قديم للأسف المونتاج نتاعك ضعيف بزاف الكاميرا الي عندك 0,0,0.0,dataset_3,0
شريحة سما خردة بالكم منها سرقة بام عينها,0,1.0,dataset_2,0
دراهم لي نديرهم انترنت نشري بيهم طاعونا باه نعيش لمعيشة غالية وانا نروح نشري انترنت ^_^,1,1.0,dataset_3,0
W li f tswira ycncti b wifi wla rahom b djezy 😬😬,1,0.0,dataset_1,0
يرحم والديكم رح تهبلوني بليميساج تاوعكم راكم ديرونجيو فيا نحل شيما ونفاصي اابن عمي اخطوني,0,-1.0,dataset_1,0
شحال يدير k40 خويا,0,0.0,dataset_3,0
سرعة الانترنت عندي في وسط مدينة قسنطينة لا تتجاوز 1 méga تقيلا جدا وراني بدلت الاعدادات كما قلتو كيف كيف,0,1.0,dataset_2,0
شريت شريحة موبيلس نتاع ست اشهر بصح مكانش خلاص مانقدرش نتفرج فاليويتوب ولا فايس بوك لماذا 🤔,0,1.0,dataset_2,0
وداعا جيزي رني باريدو,1,1.0,dataset_3,0
خدمات رديئة جدا زد لذلك هذا الاشهار مكرهلي حياتي خاصة في رمضان كان يخصلي صيامي..,0,-1.0,dataset_1,0
عروض تاعكم والاشهارات و 00 غير كيف كيف,1,1.0,dataset_3,0
نخدم بيها وحدي و ماهيش تمشي وكان نزيد عائلتي كي يصرا 😏,0,-1.0,dataset_1,0
خويا ربي يخليك واش هو الاشتراك الافضل حسب رايك في ooredoo هيا ولا ديما ؟؟,0,0.0,dataset_3,0
انا اليوتيوب ميفوتش 240p وعندي4G+,1,1.0,dataset_3,0
تحيا الجيزي 200 كل الشبكات,2,2.0,dataset_3,0
يا خويا انا عندي جيزي مليحة ياسر ساعات برك اتكون ناقصة بصح النهار كامل وانا انكونكتي بيها والله روعة الله ايبارك,2,2.0,dataset_3,0
Kach live ? Xd,1,0.0,dataset_1,0
خويا تكنو انا بيس تاعي توب 4g وقديمة كنت نحولها ل pixx ومن بعد نعاود نحولها. لتوب 4g كي عاودت باش نرجعها pixx ملقيتش mobtassim خيار 7 فهمني علاه يارحم بباك خويا تيكنو,0,0.0,dataset_3,0
هذا راه يهدر بشنوية عذرا إخواني الجزائريين أنتم فلمكان الخاطأ لقد وقعتم فلفخ,0,0.0,dataset_3,0
شكرا على هذه الخدمة والريزوا مليح مفيه حتى مشكل,2,2.0,dataset_2,0
واش راك  شكرا,2,2.0,augmented,0
موبيليس the best.. باقي المتعاملين يمصولك دمّك.,2,2.0,dataset_2,0
berka matokhret,0,0.0,dataset_3,0
🙌🙌 👏,2,1.0,dataset_1,0
مام اوريدو لاسويتش ولا خرى فلكونيكسيون سيرتو مابين8 تع الليل وروح والله غير كرهنا في شكوبيستان😳😳👎,1,1.0,dataset_3,0
"Djezzy je confirme la mauvaise connexion ces jours ci,",0,-1.0,dataset_1,0
آمين :),1,0.0,dataset_1,0
نسقموا انفصلات الجزائر و مبعد نجولهم ادمك,0,0.0,dataset_3,0
راني نتفرج بي ديما أوريدو ليميطاسيو فيها كارثة 144 ومانيش قادر نتفرج,1,1.0,dataset_3,0
Snapchat et tiktok illimité tani ??,1,0.0,dataset_1,0
رهي ديكلة موبيليس حت منا في ولاية ورقلة خصتن يوم الجمعة,1,1.0,dataset_3,0
30جيقا في اسبوع 🤦‍♂️راحت,0,1.0,dataset_2,0
أنا هدا وين راح نسييها مي فوور بزاف عحبتني والأنترنات نتعها طيارة ماعندي مانخير شكرا جازي,2,1.0,dataset_1,0
hebloni dark mode 😢,1,0.0,dataset_1,0
كي تريقلو الريزو ثم نمخمم في هذا العروض,1,1.0,dataset_3,0
و زيد التيك توك يمشي بلميقا مكانش منها باطل,1,1.0,dataset_3,0
سؤال : هل يوجد عرض مثل هذا لكن ب 100 دج و شكرا,1,0.0,dataset_1,0
كفاش نرد بيكس ل توب 4 جي,0,0.0,dataset_3,0
فالبويرة موبيليس 8 mb,2,2.0,dataset_3,0
ياودي راك تيري مفهمنا والوا,0,0.0,dataset_3,0
حبيت نسقسي على جيزي سبيسيال واش فيها,1,0.0,dataset_1,0
Fehhemni la limitation ta3 ooredoo,0,0.0,dataset_3,0
صراتلي كرهد حياتي و معندي غير المودام هداك,1,1.0,dataset_3,0
الكونيكسيون تاعكم تتريقل غير كي تقرب تخلص لابونمون ..ومبعد كي تعاود تفليكسي تعود حليمة لعادتها القديمة,0,-1.0,dataset_1,0
العرض تاع اوريدو واش نوع تاع البوس,0,0.0,dataset_3,0
Le 3 Opérateurs قاع كيفكيف وجوه شر,1,1.0,dataset_3,0
Reseau na9as lazem trigliwah y3ayii ykarahlek hyatek,0,-1.0,dataset_1,0
Ana tayechte ma puce hi ho ho .,1,1.0,dataset_3,0
راك بردان حبيبنا,0,0.0,dataset_3,0
._.purple انا بقاتلي فيها عشرة جيڨا وتفرجت بيها مسلسلاات وافلام حتى كرهت,1,0.0,dataset_1,0
عيدکم مبارك سعيد کل عام وانتم بخير,1,0.0,dataset_1,0
خويا عبد الجليل راك منور youtube<br>ربي يحفظك خويا لعزيز إن شاء الله<br>ورمضان مبارك,0,0.0,dataset_3,0
سرعة ارتفاع اسعار المواد الاساسية,1,1.0,dataset_3,0
اخي من فضلك كود الحصول على عروض انترنت اوريدو gold وكيف نغير العروض,0,0.0,dataset_3,0
ربي يحفضك,0,0.0,dataset_3,0
عندي هذي الشريحة والله العظيم مارانيش فاهم مينداك h مينداك 3g مينداك 4g+ وكلما تكتبلهم في الصفحة الرسمية موبيليس يقولك فريقنا يعلم ويقوم مابيوسعه يعيوا,1,1.0,dataset_3,0
4ج اتصلات الجزائر راهي طيار هاذ اليمات لحقتلي حتى 35mg,2,2.0,dataset_3,0
عروض سيئة.<br>ربما الأفضل فيها هو عرض:<br>100=30Gb+200 DA<br>عرض معقول جدا.,1,1.0,dataset_3,0
800 da 10 go internet ou credit chhal ?,1,0.0,dataset_1,0
هذا احسن عرض بين كل المتعاملين 👍👍,2,2.0,dataset_2,1
كيفية التغيير الى ديما من غولد؟,0,0.0,dataset_3,0
عندي oppo reno 2 fihe khouya,0,0.0,dataset_3,0
مرحبا Ania، لقد تم الرّد على رسالتك في الخاص و التي تحتوي على نفس الطلب.زهرة من جازي :),1,0.0,dataset_1,0
يا خاوتي انترنت اتصالات الجزائر راهي مليحة؟؟ انا عندي واحد شهر وهي تطلعلي ميمبا 1mega..877 مفهمتش ولا قع ولا غير انا؟؟,0,0.0,dataset_3,0
"la puce dir 300da, oumba3d lazem t'activi 500da Bach ikoun 3endek 5go et 500da crédit l Kamel les réseaux. W'ila habit Insta fb wela YouTube illimité chhar kamel, zid 3liha 600da 😁",1,0.0,dataset_1,0
جميع شركات الاتصالات الانترنت في الجزائر تتناول في حبوب منع الفهم. ..,1,1.0,dataset_3,0
كي تعدلو الريزو احشيوهالنا بالعروض اما ضرك عشرالاف وخسارة فيكم 😏😏,0,1.0,dataset_2,0
OK oko ok,0,0.0,dataset_3,0
ياخويا احكينا شويا على الفيبر,0,0.0,dataset_3,0
من فضلك هل سعر مناسبة وحدة مركزية i5 <br>8g 100g <br>ب38500 دج,0,0.0,dataset_3,0
اعطينا التطبيق لنقدر نحمل بيه ملفات التورنت من خلال متعاملي الهاتف النقال الرابط لا يشتغل في فيديو هذا الموضوع ارجو الرد,0,0.0,dataset_3,0
يا اخي راهي هايلة عندي جيزي خير منهم كل وعلاش راك تشكل علينا,2,2.0,dataset_3,0
Machi ga3 dam3 bikom amchi m3a wlad bladek ou matrohch lb3id,1,0.0,dataset_1,0
شبكة ضعيفة,0,-1.0,dataset_1,0
هذو العروض فيهم لي ميطاسيو ولا نو خويا ؟؟,0,0.0,dataset_3,0
🥀🥀,2,1.0,dataset_1,0
Cnx mkanch !,0,1.0,dataset_2,0
حمد الله اكتفيت موبليس مزيا مادرتش جيزي 😁😁,2,2.0,dataset_3,0
خدمة مليحة بزاف بصح,2,1.0,augmented,0
les couleurs du poco f3,0,0.0,dataset_3,0
Waa😍😍,2,1.0,dataset_1,1
وجماعة البيكس كفاه,0,0.0,dataset_3,0
اخرا لابيس فلعالم غير خطيكم منها,1,1.0,dataset_3,0
تجربة رائعة والله نشكركم,2,1.0,augmented,0
غدوةونشري موبيليس لعزيزة,2,2.0,dataset_2,0
صح عيدكم حابة نعرف كيفاش نحول نقاط جيزي الى انترنت,1,0.0,dataset_1,0
واش راك ❤️ شكرا,2,1.0,augmented,0
يا رب عريتوني ني دخلت ب 0 دراهمي ديتوهم بصح ب0 رخسكم نتوما سراقين و البيس هاذي نكسرها ضرك,0,-1.0,dataset_1,0
Le pire des des réseaux,0,1.0,dataset_2,0
ربي يوفقك,2,2.0,dataset_3,0
Makache manha makayen walou,1,1.0,dataset_3,0
عروض اوريدو جيزي موبيليس و اتصالات الجزائر ??,0,0.0,dataset_3,0
يا حسراه، هديك الكونكسيون 2g wella 1g ونزيد نبارطاجيها، انا تبانلي راكم غالطين فالبلد، وزيد اعطولي وجهكم الناس كامل تشكي وتعاير فيكم وانتما مكوفين روحكم كيشغل ماراناش معاكم,0,-1.0,dataset_1,0
كي يخلاص الشهر و نتا ماكملتش 70g يروحولك و لايبقاو حتى يخلاثو,0,0.0,dataset_3,0
Tbanli darouha bch y6al3ou les abonnés brk,1,0.0,dataset_1,0
مليح بزاف صح نوصي بيه,2,2.0,augmented,0
برافو عليكم صح استمروا هكذا,2,1.0,augmented,0
أنا راني بيها ثقيلة بزاف ننصحكوم متشروهاش,1,1.0,dataset_3,0
والله غير عندك مليار حق الله يرحم والديك,0,0.0,dataset_3,0
Djezzy عندكم سمانة ملي قلوتولي ابعثلنا المعلومات تاوعك تتمسخرو بيا,0,-1.0,dataset_1,0
واش رايح في ooredoo haya ??,0,0.0,dataset_3,0
بلاد الخرطي حاجة ما تصلح فيها conexion00,1,1.0,dataset_3,0
.isdn tddi el ch3ar,1,0.0,dataset_1,0
كون تحبس في نص العام وتولي متفليكسيش واش يصرا,0,0.0,dataset_3,0
Pk mdirohach en arabe ?,1,0.0,dataset_1,0
"Désabonner , ciaoo",0,-1.0,dataset_1,0
Hadi Fi ooredoo wela Djezzy,1,0.0,dataset_1,0
"Qui preuve qu&#39;ils sont pénalisés. Moi, je dirai que c&#39;est du khorte, c&#39;est l&#39;état qui les a ordonné de limiter la connexion",1,1.0,dataset_3,0
موبليس في الله احبك,2,2.0,augmented,0
واش راك صح شكرا,2,2.0,augmented,0
حتى توفرو لنا الجيل 4 ،لا 4 و لا 3قدمت عدت شكاوي و لا حيات لمن تمادي و الله حسبنا الله و نعم الوكيل,0,-1.0,dataset_1,0
🌹🌹,2,1.0,dataset_1,0
raki thwsi 3la netflix 😂😂,1,0.0,dataset_1,-1
Rokstar games🔥,1,0.0,dataset_1,0
top4g 200 da <br>فيها 512 ولا 256 ks ??,0,0.0,dataset_3,0
Svp abonné la page Pretty princess8814,1,0.0,dataset_1,0
"فليكسيت من الكونت من 04/08/2020, وما دخلتنيش دراهم في التلفون، وراني نعيط لخدمة الزبائن ما ترفدوش، ونبعثلكم في السيت وفي المسنجر ما تردوش عليا، تحبو نروح نشكي لوكيل الجمهورية ول كيفاه؟",0,-1.0,dataset_1,0
و الأنترنت صفر فيديو فيه 10 ثواني ساعة باش نشوفو ، حسنوا الكونكسيو و بركا ما تخرطو علينا …,0,1.0,dataset_2,0
Tani portable redmi w kan ja oppo ta3rf,0,0.0,dataset_3,0
Merci mobilis,2,2.0,dataset_2,0
ياو حتى موبليس رهج ماتصلحش,1,1.0,dataset_3,0
عندي جيزي 20 ميغاا,2,2.0,dataset_3,0
هي مقطوعة او حسبتلي تلفوني لي فسد,1,1.0,dataset_3,0
رديت بيس تاعي من بيكس لسيما اكتيفيت 100 دينار فعرض سيما ميكس نحيتوهالي .علاه ماتاكتيفاتش .😠😠,0,1.0,dataset_2,0
ليوم برك راني راضي عليكم يا موبيليس ، نقلكم صح فطوركم,2,2.0,dataset_2,0
الله يعطيكم الصحة وشكرا بعد التدبدب اصبحت ولاية بشار احسن تغطية بتدفق عالي بشار احسن شكرا موبليس,2,2.0,augmented,0
موبيليس بالتوفيق إن شاءلله,2,2.0,dataset_2,0
._.cos 😂😂,1,0.0,dataset_1,-1
راك منحي ضرسك.. ؟؟,0,0.0,dataset_3,0
wah,2,1.0,dataset_1,0
1600دج اديسال تحيا سرعة وثبات,2,2.0,augmented,0
هخههخخهه,0,-1.0,dataset_1,0
انا عندي 2g,1,1.0,dataset_3,0
شكرا جزيلا 👍 كل شي مزيان,2,2.0,augmented,1
Moi je confirme que djezzy ces du top,1,0.0,dataset_1,0
الخدمة تاعكم رائعة ❤️,2,2.0,augmented,0
الإنستا تاعو بليز 🙂,1,0.0,dataset_1,0
كندا هه عمبالكم كندا كي صباح الخير,0,0.0,dataset_3,0
جيزي الله يبارك جيزي الله <,2,2.0,augmented,0
منور خويا لعزيز ربي يحفظك ويسعدك ويوفقك يارب,2,2.0,dataset_3,0
عندي مشكل صغير,1,0.0,dataset_1,0
باطل ومواقع اتصال الاجتماعي اليوتوب,2,2.0,augmented,0
سويتش يعطوك 50 جيغا دائما كل شهر عجبتني,0,0.0,dataset_3,0
هاد المودام خو نقدر نديرلو بيس تاع لاسويتش تاع 400 الف علا خاطرش انا نستهلك كونكسيو بزاف ؟,0,0.0,dataset_3,0
Mourad♥,1,0.0,dataset_1,0
Tahya mn bakri courage,2,2.0,augmented,0
لماذا عند التحميل يحولني إلى غوغل داريف,0,0.0,dataset_3,0
عندي لابوس جازي كي ندير 99 يخرجلي النيميرو تاعها بصح يصوني عند وحدوخر ردو عليا فالخاص من فضلكم,0,-1.0,dataset_1,0
خويا البري تع تليفون poco f3 مليح,0,0.0,dataset_3,0
عندي موبيليس مي راهي تنقطع بزااف,1,1.0,dataset_3,0
تورنيت محظور على شبكة جيزي,1,0.0,dataset_1,0
شكرا شكرا شكرا لك,2,2.0,dataset_3,0
ياطيك الصحة على طريقة التقديم,2,2.0,dataset_3,0
تربحو شعر كونكسيو كي شعر نتوما كي شعر يخي شكوبي,0,-1.0,dataset_1,0
موبيليس ريزوو مكانش 00,0,1.0,dataset_2,0
شبكه محتاله مالكها يهودي في الكويت شريك سعيد الملقب بو. تفليقه هذا هو الصح,1,1.0,dataset_3,0
♥️♥️,2,1.0,dataset_1,0
مليح بزاف 😍 نوصي بيه,2,2.0,augmented,1
Barak fik allah,2,2.0,augmented,0
ياو الانترنت جايزي رجعت جثة تتكركر ينعل بوهم.,1,1.0,dataset_3,0
رهي مليحه وتبقا لجيزي هي افضل متعامل نقال فلجزائر,2,2.0,dataset_3,0
Et le réseau يجيب ربي,0,-1.0,dataset_1,0
مارايكم في navigui 4g mobilis,0,0.0,dataset_3,0
أخي راني فالعاصمة وانترنت جيزي را هي عادية (كيما موالف) باستثناء اليوم الذي تحدثت عنه ( الاسبوع الماضي انقطاع المكالمات والأنترنت فقط) ،جيزي قوة.,2,2.0,dataset_3,0
شكرا جزيلا صح كل شي مزيان,2,2.0,augmented,0
هذ الخدمة تاع الانترنيت الباهية راكم اضعف شركة في الحزائر,0,1.0,dataset_2,0
انا ودعتها الشهر لي فات هه و درت اوريدو راني في رحمة ربي,1,1.0,dataset_3,0
Moi Nouveau Artist in Algeria djezzy.dz😍,2,1.0,dataset_1,1
خاوتي اخطيكم منها بلاكم و بلاكم تشروها تقييلة رهج,1,1.0,dataset_3,0
عيد اضحى مبارك ، تقبل الله منا و منكم صالح الأعمال،..,1,0.0,dataset_1,0
عندي عام و انا نخدم بيها يا خسرا,0,0.0,dataset_3,0
وختك تخرى,0,-1.0,dataset_1,0
Dirona wahda ta3 50 milles tkon mliha,1,0.0,dataset_1,0
منين تشري البيس الثانية لي ديرها فالمودام تاع سويتش انا عندي وتوجو نحيها ونرجعها من المودام,0,0.0,dataset_3,0
عطينا جملة مفيدة,0,0.0,dataset_3,0
وعلاه مترجعوناش العرض نتاع 800 دج تعطيلك 30 جيڨا خير من زيد زيد,1,0.0,dataset_1,0
سلام خويا مشكل موبيليس متعمد ومتأكد منو 100% لانو انا ساكن في بسكرة وإشارة 4G ولكن ثقيلة تقتل <br>واما كي نهبط حاسي مسعود اشارة ضعيفة ولكن سرعة خيالية وهاذا اقتنعت انو موبيليس تتعمد هاذ الشىء هيا من تتحكم في مناطق,1,1.0,dataset_3,0
خويا تستينا سرعة أنترنات فيها بسك عدنا مشكل مع سرعة تدفق ضعييف جدا,0,0.0,dataset_3,0
مرحبا، لمساعدتك، ندعوك لتقديم رقم الهاتف على الخاص من فضلك.زهرة من جازي,1,0.0,dataset_1,0
متابعة مردودة في الحين 🔥🔥متفاعل ناار 🌋🌋,1,0.0,dataset_1,0
كفاه اسبي!,1,0.0,dataset_1,0
وهاذ لبيس كي تشريها ب150الف مبعد كي تقضالك تعاود تفليكسي 150الف ولا يتبدل سعر؟؟,0,0.0,dataset_3,0
برافو عليكم  استمروا هكذا,2,2.0,augmented,0
😍 ممتاز والله,2,2.0,augmented,1
You made your choice ! 👏Zid 600DA 3endek YouTube 🎬 illimité 🔥pendant un mois ! 😍Because #iZZY is unlimited 👌,1,0.0,dataset_1,1
راضي بزاف 👍 الله يحفظكم,2,2.0,augmented,1
200دج عندكم شغل الف فرنك الرجالة تخدم عليها 3 ايام يتمسخر بالشعب,0,0.0,dataset_3,0
لترنت ولو 😓,1,1.0,dataset_3,0
واش راك  شكرا,2,2.0,augmented,0
"activy 500da pour avoir l'offre de base Izzy, zid 3liha 600da ou ikoun 3endek fb + insta illimité 😉",1,0.0,dataset_1,0
سقمونا نات يا طحاحنة,0,-1.0,dataset_1,0
أضعف انترنت وأضعف شبكة على مستوى العالم,0,-1.0,dataset_1,0
بعد 16سنة اليوم قررت نودع دجيزي كرهت منها ومن السياسة نتاعها لي تتعامل بيها معانا,1,1.0,dataset_3,0
Djezzy مشكورين وبالتوفيق.,2,1.0,dataset_1,0
أفضل متعامل موبليس الله يبارك شكرا لكم ⁦❤️⁩,2,2.0,dataset_3,0
500da 500da vers vers tous les réseaux,2,1.0,augmented,0
40gفي اوريدوا تشدلك 12اليوم علي اكثر,1,1.0,dataset_3,0
صراحة ممتاز والله,2,2.0,augmented,0
ردو علينا في الخاص 😡😡عندي استفسار,1,0.0,dataset_1,0
Ramzi Boughazi هذي الخبزة,1,0.0,dataset_1,0
Cherchez l&#39;origine de Viber avant de l&#39;utiliser.,0,0.0,dataset_3,0
راني نحوس نبدلها انترنات فقط وليس المكالمة وانترنت ممكن تفيدني,0,0.0,dataset_3,0
تطبيق رائع.شكرا,2,2.0,dataset_3,0
i was looking for this comment 😂😂,1,0.0,dataset_1,-1
حملة على ليميطاسيو,1,1.0,dataset_3,0
في وقت الذروة تهبط الانترنيت بزاف كامل عقلية وحدة لازم نكونيكتي بعد 12 تاع ليل,1,1.0,dataset_3,0
عندي في سكيكدة راه لموبيليس متمشيش فيديو خويا نص ساعة باه يمشي يعني كنكسيو متفوتش 100 كيلوبايت,1,1.0,dataset_3,0
"قصر البخاري 20.10.2020 الساعة <a href="" م.ب<br>5.68 م.ب",0,0.0,dataset_3,0
شمايت,0,-1.0,dataset_1,0
صفحة مكسرات 😍❤️ صفحة جزائرية جميلة ءات ثقافي و ديني 💚🙏 موضوعاتها متجددة و حصرية 💙🙏 تهدف لارساء ثقافة المطالعة في شباب اليوم تفضل و ضع متابعة ستفيدك ❤️,2,1.0,augmented,1
دون نقاش وحوار غدآ سوفى أشتري شريحة موبيليس 🔥,2,2.0,dataset_2,0
باينة هذي لحساب متخدمي بيها,0,0.0,dataset_3,0
Prix xiaomi redmi note 9t 5g?,0,0.0,dataset_3,0
ana rani b 40G sa marche just réseau t9il💔,0,-1.0,dataset_1,0
تبقى ooredoo هي المخيرة,2,2.0,dataset_3,0
وشمن شريحة la gold تصلح؟,0,0.0,dataset_3,0
Hbibi rani ntelecharger b 10 mb/s b djezzy connecion hayla,2,2.0,dataset_3,0
موبليس راهم يخمو باه يديرو وحد العرض تاع 1500 دج غي مكلاه,1,1.0,dataset_3,0
يا خويا انا من متابعيك لقدم احكيلنا على بيس 4g موبيليس نتاع الخمسين الف الله يحفضك,0,0.0,dataset_3,0
Les 5go chhal men wa9t bache ikhlassou esque pendant 15jours🤨 ?,1,0.0,dataset_1,0
🔝❤️👏😍,2,1.0,dataset_1,1
لو نعرف لمن أشتكيكم والله لن أتأخر دقيقة واحدة السرقة ولا محاسب,0,-1.0,dataset_1,0
Sa se fait par flexy ou bien c est un abonnement à payer ?,1,0.0,dataset_1,0
وعلاه الانترنت راه مقطوع، البارح و اليوم مكانش، من 8 نتاع العشيو هي مقطوعة، لي يعرف يفيدنا,1,1.0,dataset_3,0
مافهمتش انا ناكتيڤي الانثرنث لمدة شهر.وكي نغليكسي باع نعيط تدوهم هادي سرقة ولا واش؟ثلاث مرت نفليكسي ما مشتركة حتى في خدمة يتسرقوارجو الرد,0,-1.0,dataset_1,0
تعيشو قولولي اسكو مزال تتباع البيس سويتش ؟,0,0.0,dataset_3,0
Djezzy رانا نعانو من شبكه ثقيله جدا جدا جدا هبلتونا,0,-1.0,dataset_1,0
Je suis techniciens supérieur en télécommunication cherche un travail merci,1,0.0,dataset_1,0
.dz w li reba7 w ba3tolo message felicitation kifach ydiir ?!,1,0.0,dataset_1,0
لا يتربحكم,0,-1.0,dataset_1,0
العرض هذا,2,2.0,augmented,0
Tla3tha wmkn wlo,1,0.0,dataset_1,0
iZZY is going to City ! 😱😍Wanna join and meet .7 ⚽? All you have to do is to choose your team 💪Khayer l'influenceur li thabou w 3amer les informations dialek bach tsiyi zahrek ou troh l'Manchester m3ana 😁 Le lien rahou fi la bio 😉Good luck !#izzy #mahrez,1,0.0,dataset_1,1
Yaw 3ndi 15jrs melli demandit migration hayla maxy 9aloli 3la 2jrs maban walo,1,0.0,dataset_1,0
كرهنا من المتعاملين هادوا تع خرطي واحد مايصلح يا خو,1,1.0,dataset_3,0
ما تبقى على اتصال لا والو يلحق المغرب يروح كلش ربي وكيلكم رانا نخلصو فاتورة باطل,0,-1.0,dataset_1,0
حمد الله اكتفيت 😁😁 مزيا مادرتش جيزي موبليس,2,2.0,augmented,0
ماعندها حتى معنى 5 جيڨا وزيد بلا هدرة 😂😂 العبد ياكتيفي 80 الف ويتمتع,0,-1.0,dataset_1,-1
Une connexion catastrophique depuis 14h 👿,0,1.0,dataset_2,0
Repondiwlna f prv,1,0.0,dataset_1,0
homa darohom bach yachro,1,0.0,dataset_1,0
Premier,0,0.0,dataset_3,0
Il faut rénover le réseau.,0,1.0,dataset_2,0
وهاذي بيس تتباع ولا تلقا العروض فالبيس تاعك لتستعملها وين تلقاها العروض نرجو توضيح شامل,0,0.0,dataset_3,0
عرض أنتضره زمن شكرا موبليس 💖,2,2.0,augmented,0
كونكسيو مكانش كيفاه نديرو لعروض 😏,0,1.0,dataset_2,0
باينة فيك بلي راك تخرط 😒😒🤢🤢🤮🤮,0,0.0,dataset_3,0
اسوى ورداء هو متعامل جيزي و سراقين فى انو واحد لوصوص بامتياز.,1,1.0,dataset_3,0
Khouya djalile el youm Rak sayeme mafhemna walou..men fedlek 3awede ena l&#39;explication..merci..,0,0.0,dataset_3,0
هذي 4G+ بيس جديدة ولا كفاه خاوتي,0,0.0,dataset_3,0
معجبنيش يبلوكي,1,0.0,dataset_1,0
مدينة مليانة ولاية عين الدفلى نطلب منكم 4G رانا نعانو من الكونيكسيون.,0,-1.0,dataset_1,0
ربي يبارك فيكم جميعا على المجهودات الجبارة والإلتفاتة الطيبة,2,2.0,dataset_2,0
Ya rbk société Kima djezzy Machy 9adrin dirou Application Tesla7 ?,0,-1.0,dataset_1,0
💖💖,2,1.0,dataset_1,0
أحسن عرض في السوق الجزائري,2,2.0,dataset_2,0
جدا جيد جدا عرض,2,2.0,augmented,0
.anisse_anisse هه ناس فارحا وانت ديما فمك خاطيك 😂😂,1,0.0,dataset_1,-1
chaho lkode li diro,1,0.0,dataset_1,0
مرحبا،ممكن أكثر توضيح على الطلب من فضلك ؟نسرين من جازي 🙂,1,0.0,dataset_1,0
اول تعليق جيد جدا واصل,0,0.0,dataset_3,0
عرض رائع مرسي موبيليس ❤️,2,2.0,dataset_2,0
يجب مقاطعة اوريدو.. انا مقاطع لها شركة تستفز شعب جزائري ولم تحترم ظروفه وفقره الى مزبلة تجار خبث تفوو,1,1.0,dataset_3,0
الخدمة تاعكم رائعة,2,2.0,augmented,0
.hm ouii 💔 mrc problem rah hna llah ghaleb ma kach li yesla7 rana 7amlinhom nchargé 1500da pour 40 G da aprés une védeo f insta de 2 min ma temchiich machi tekarhi 7yatek 😡😤,0,-1.0,dataset_1,0
نتوما خرطي في خرطي,0,-1.0,dataset_1,0
الاول يظهرلي,0,0.0,dataset_3,0
أفضل يوتوبر انفورماتيك جزائري يعطيك الصحة الليميتاسيو تاع جيزي كرهتلي حياتي,0,0.0,dataset_3,0
مليحة خير من جيزي 150 يعطوك 50 g والعرض هذا راح يكون دايم,2,2.0,dataset_3,0
fb batal ih mi ma3ah messanger tanik wala bi 5G ?,1,0.0,dataset_1,0
Talmirt Mobilis 💚💚 💛💛 #Vive_JSK #merci_Mobilis💚💚,2,2.0,dataset_2,0
rockstar games,1,0.0,dataset_1,0
البيسا تاعي اغلقتوها ولا تحرڨت ماهوش يطلعها التلفون كامل 😠😠..ممكن تجاوبو,1,0.0,dataset_1,0
سلام خويا ديرلنا تطبيق <br>رجع لي جيڨا مانتقصش كي تيليشارجي اوريدو <br>💚⁦♥️⁩⁦♥️⁩,0,0.0,dataset_3,0
واوريدو خفيفة,2,2.0,dataset_3,0
ان شاء الله الجزاىر داىما حرة مستقلة،والله يرحم الشهداء الابرار,1,0.0,dataset_1,0
فهمونا برك علاه تسرقونا ليزينيتي ؟؟,0,-1.0,dataset_1,0
سلام خاوتي عندي مودام 4g تع اتصالات الجزائر مفلاشي نقدر نرجعو كما كان,0,0.0,dataset_3,0
الله حاب نسال على عرض ويز كيفاه يره,0,0.0,dataset_3,0
التدفق المنخفض,1,1.0,dataset_3,0
هل بامكاني إرجاع رقمي 0772 الي هايلا بزاف؟ ب 1500,1,0.0,dataset_1,0
.rimnss__,1,0.0,dataset_1,0
الريزو راه كارثي في العاصمة شرق في الدار ماكانش وكي نخرج لزنقة طالع الريزو,0,1.0,dataset_2,0
.fe sa9si elihah sahbi wla dir *720# o chof ask ya9lbohalk,2,1.0,dataset_1,0
دايمن. تخلاص كونكسيو. قبل. 3 جوغ. علاه ??,1,0.0,dataset_1,0
Djezzy wada3tha min sanawat mn bakri whiya 00,1,1.0,dataset_3,0
.dz للشهر أو الاسبوع ؟؟,1,0.0,dataset_1,0
عروض تافهة <br>الناس تستحق كونكسيوا خفيفة شهر كامل <br>ماشي يوز,1,1.0,dataset_3,0
مقالولقش بلي تعيي,0,0.0,dataset_3,0
كنيكسيو كي لخرا 😑,0,-1.0,dataset_1,-1
ريقلونا الريزو بعثتلكم فالخاص,1,1.0,dataset_3,0
خيبتي ضني فيك اين هي تخفيضات هواتف في افريل نوت 10 باقل من 3!!,0,0.0,dataset_3,0
عندي اضعف انترنات في الجزائر😪😪,1,1.0,dataset_3,0
Merci Djezzy👏💐,2,1.0,dataset_1,0
Kifach tekhdem l 'application w kifach nharek la télephon win exect svp,1,0.0,dataset_1,0
.m97 .miral.10 .soumia diroulha jaim f commentaire,1,0.0,dataset_1,0
انترنت سيئة,0,-1.0,dataset_1,0
تعيي,1,1.0,dataset_3,0
جميع المتعاملين هي الاحتيال والنصب.,1,1.0,dataset_3,0
فليكسيت 100da عندها سمانة راحتلي لنترنات اليوم ثقيلة بزااف عيش يا طالب.ة. العلم قليل,0,1.0,dataset_2,0
Wla 600 da wahedha 500da wahedha?,1,0.0,dataset_1,0
Pour Top 4G rien de nouveau,0,1.0,dataset_2,0
موبيليس ميتا,1,1.0,dataset_3,0
لرحم باباك قولي واش ندير 🙏🙏😭😭🙏🙏😭😭,0,0.0,dataset_3,0
rohat nachrihaa f constantine galoli mazaal majabnahaach waktaah tjibohaa mobilis 😍,2,2.0,dataset_2,1
توب 4gعندي قررن وهي تمشي,2,2.0,dataset_3,0
النفاق الشقاق،وين راهي كونيكسيو ،تقول الماء جي وتروح.حسبنا الله ونعم الوكيل .,0,-1.0,dataset_1,0
aya hbb ❤️,2,1.0,dataset_1,0
ربي يحفظك دير فيديو توصلوا لسولطات,0,0.0,dataset_3,0
أسوء خدمات إتصال 😵بعد موبيليس طبعا🙄,0,-1.0,dataset_1,-1
.ine2828 hh t'as raison,1,0.0,dataset_1,0
Plus details svp,1,0.0,dataset_1,0
جيزي عندنا في بلدية الولجة ولاية سطيف مباشرة يروح الضو تروح وهذا المشكل نعاني منه منذ سنوات وهذا ما جعل الكثير يتخلون عنها الى شركات اخرى بعدما كانت هي الرائدة,0,-1.0,dataset_1,0
كونكسيون ثقيلة بزاف هدو ليامات وعلاش,0,-1.0,dataset_1,0
ربي يحفضك خويا تيكنو,0,0.0,dataset_3,0
🔥❤️,2,1.0,dataset_1,0
كرهنا من العروض وتبدلا بابيس,1,1.0,dataset_3,0
Yaw sagmona cnx kbal après sahel,0,-1.0,dataset_1,0
الله لتربحم جيزي تع الشعر فرغتنا جيوبنا لوكان مشتش فيديو نتاعك تع ليميتاسيون في جيزي لوكان مزالني نعاني,1,1.0,dataset_3,0
خويا تكنو top 4G راهي مليحة هذي الأيام..صح رمضانك خويا..,1,1.0,dataset_3,0
non hada instru ta3 la chanson Booba - Glaive même Thenx hazha men 3ando,1,0.0,dataset_1,0
سلام لخاوة من قضلكم عند انتهاء 50 جيغا قبل 30يوم مثلا كيف نكمل الشهر ؟؟,0,0.0,dataset_3,0
♥️♥️♥️♥️,2,1.0,dataset_1,0
مرحبانعتذر عن هذه الاضطرابات في الشبكة وندعوك لتقديم عبر رسالة خاصة(Messenger) أكثر توضيح على الاشكال في التغطية والأنترنت بالمنطقة التي تتواجد بها مع رقمك الهاتفي والعنوان وكذلك احداثيات المنطقة (GPS) لتحويله الى المصلحة التقنيةشكراً :),1,0.0,dataset_1,0
Je me suis inscrit j'ai joué une seule fois et depuis a chaque fois je reçois un msg félicitations et il me prend du crédit y a pas un moyen d'arrêté sa .dz,1,0.0,dataset_1,0
انترنات في فالجزائر الجديدة زعما مقودة ابدها من اتصالات الجزائر ل idoom ل موبيليس و جيزي و اوريدو كامل خرا 😕 مايخلعوكمش بالعروض تافهة راهم يجبدو في زبائن ويسرقو من جيبوكم باطل فوقو لرواحكم الصين راها بدات تاستي في 6G و احنا 4G وحاصلين فيها كون غير جات تلحق 4G بضبط ساعة تولي 3G ساعة تهبط كامل ل 2G و بعض مرات تروح قاع و ماتخلعكش كي تطلعك 4G في تيليفونك فالحقيقة راك تمشي ب 3G و كي تلحق جمعة يخافو من لايف فالمظاهرات يحبسوها سياسة تبرديع حتى في كونيكسيو. رانا فايقين بيهم و انتا اخطيك ماتكونش تخدم في خدمة نتاع سبونسور كون محايد 😉,1,1.0,dataset_3,0
اعدلوا الإنترنات راهي منقطعة تماما نسلكوا في جازي وانترنات مكان ولا شيء حسنوها أولا حسنوا الخدمة,0,-1.0,dataset_1,0
من فضلكم ردو عليا في الخاص,1,0.0,dataset_1,0
دجيزي في سعيدة بلدية الرباحية مهزلة,1,1.0,dataset_3,0
BSh Mlih Hbibi Aw Mazal Mclai 1 er Fi TR,1,0.0,dataset_1,0
ربي اجيب الخير,1,0.0,dataset_1,0
Votre connexion Internet c'est de la merde !!,0,-1.0,dataset_1,0
هذي راني دايره,0,0.0,dataset_3,0
عندي سمانة ما كونكتيتش بايدوم وشي السبة ولا من الزيادة تاع التدفق..,1,1.0,dataset_3,0
صباح خير,1,0.0,dataset_1,0
في هذه للحظة قمت بتفعيل شريحة سيم سما مباشرة دون تحويل الشريحة القديمة بيكس الثمن 40 الف بها الاف 10 هدية الان عندي 30 جيقا بدل 13 في بيكس با 100 الف شكرا موبيليس,2,2.0,augmented,0
Application fel iOS makach,0,-1.0,dataset_1,0
.msd diri el courage 😂,1,0.0,dataset_1,-1
تخيروا بعضاكم باه تروحو باينة 😂,1,0.0,dataset_1,-1
ديرلنا العرض لي ما فيهاش المحدودية,0,0.0,dataset_3,0
المشكل مشي ping المشكل ف packet loss,0,0.0,dataset_3,0
كيف المشاركة,1,0.0,dataset_1,0
Djezzy spécial hmdlh ni3ma,2,2.0,dataset_3,0
كدابين انا شريتها مكاش 45go,1,1.0,dataset_3,0
ياربك سرقة سنبيتي كامل متاعملين ثلاث,1,1.0,dataset_3,0
Djezzy رني بعتلكم وماجوبتونيش,1,0.0,dataset_1,0
500+600 = 1100da 😊,0,-1.0,dataset_1,0
Merci pour les infos j’ai bien aimé la série,2,1.0,dataset_1,0
بصح ممتاز والله,2,2.0,augmented,0
Tchd 15 jour 5 go ??,1,0.0,dataset_1,0
نقدر نشري ابيست كما هدي,0,0.0,dataset_3,0
أخطأت لكي أسدد الفاتورة لابونمو تع 0770 قمت بتصعيد رصيد ألف دينار الآن أود تحويلها لفاتورة من فضلكم كيف يمكن لي تحويلها إلى دفع فاتورة لابونمو ؟,1,0.0,dataset_1,0
Djezzy تدفق ضعيف جدا وانعدام الشبكة داخل البيت في وسط بلدية بني حواء,0,-1.0,dataset_1,0
J'adore 😍😍,2,1.0,dataset_1,1
ياو هلكتونا كنكسيو يومين مكاش . راعيو قبل الزبائن تاعكوم أمبعد ساهل,0,1.0,dataset_2,0
☺️ماهذا الانجاز الهرائي,0,-1.0,dataset_1,0
ودرت واحدة ودرت وحدة ودرت وحدة راهي عجبتني مووت,2,2.0,dataset_2,0
انا عندي الهاربة نقدر نبدلها لهذي تاع ربعين جيغا ولا لا ؟,1,0.0,dataset_1,0
ياخويا حطنا انستقرام ول ديسكورط باغيك عل نت لمليحة,0,0.0,dataset_3,0
علاه كي نشريو البيس تقولوا 20 جيغا وكي تولي عندها شهرين تقلبوها 8 جيقا حراام عليكم والله,0,1.0,dataset_2,0
سرعة تدفق بطيئة ف الليل,0,1.0,dataset_2,0
لاوين ولات ثقيلة بزاف كثرو عروض لاوين ثقلت,1,1.0,dataset_3,0
حاب نشري ooridoo switche مليحة,2,2.0,dataset_3,0
".hm ç cher ,aprés ma yemchilkch mm pas insta b 40 Gg w ma mchach yemchi b had l offre 😏😏",0,-1.0,dataset_1,0
Ng3od ghir nbdel f les numéros Anaya 😒😕,1,1.0,dataset_3,0
"👌🏻 😍 كل كل يوم و في كل لحظة نديرو علينا 💪🏻 تكونو راضيينChaque année, chaque jour, chaque instant qui passe 🚀 nous donnons le meilleur de nous-mêmes pour vous satisfaire, 👌🏻 😍Connectez-vous, 📱 partagez vos moments surtout, profitez! 😉#djezzy #dz #reseau",2,1.0,augmented,1
C&#39;est quoi iltizem contrat!,0,0.0,dataset_3,0
شكرا موبيليس ❤️❤️❤️❤️❤️,2,2.0,dataset_2,0
خدمة مليحة بزاف 😍,2,2.0,augmented,1
👏👏aux gagnants,2,1.0,dataset_1,0
او سرعت التدفق مكاش واش ندير بلانترنات تاعكم رايحة تجبلي القلب,0,-1.0,dataset_1,0
يا خاوتي راني داير مليحة Izzy,2,2.0,augmented,0
تحب كونكسيون مليحة دير اوريدو la gold قوة ومليحة رآها عندي 8شهور جامي كان عندها مشكل ننصحك بتجربتها سلام,2,2.0,dataset_3,0
win nchriha,1,0.0,dataset_1,0
صدقوني mobilis عندي سرعة الانترنيت عندي في أنا تلحق. .7.08 mpbs,2,2.0,augmented,0
راني درة كود ومحبتش تاكتيفا,1,1.0,dataset_3,0
برافو عليكم  استمروا هكذا,2,2.0,augmented,0
Internet de merdé,1,1.0,dataset_3,0
عندي ooredoo switch والله هايلة تكفيك شهر كامل و حتى تبقالك افضل عرض كيما قلت,2,2.0,dataset_3,0
وحنا مازلنا في 3جي,1,1.0,dataset_3,0
جزي اب لود لود30Mb 47Mbدون 😍,2,2.0,augmented,1
mmena f iphone mhbch yjini :/,1,0.0,dataset_1,0
جمعية كافل اليتيم الكاليتوس تهنئكم بدخول شهر رمضان وتسأل الله لكم في هذا الشهر حسنات تتكاثر، وذنوب تتناثر، وهموم تتطاير، وأن يجعل بسمة بسعادة، وأن يجعل صمتكم عبادة، وخاتمتكم شهادة، ورزقكم جميعاً في زيادة، وبكل زخات المطر وعدد من حج أو اعتمر رحمةً وعفواً لا ينقطع,1,0.0,dataset_2,0
M7btch tmchili fi djezzy hbal,1,0.0,dataset_1,0
200 الف 🤣🤣<br>من اليوم ما نزيدش نتفرجك,0,0.0,dataset_3,0
اوموا نقصتو شوي حمد الله لي تفكرتو زوالي,2,2.0,dataset_2,0
بحاجة للتطوير,1,1.0,dataset_3,0
تبهديل ياربك,0,-1.0,dataset_1,0
puce mliha,2,2.0,dataset_3,0
عندي جيزي كونفور وراني نشوف ليفيديو ب 1080,2,2.0,dataset_3,0
"مرحبا،من خلال موقعنا الإلكتروني ( الرابط في BIO ) ثم الضغط على ""الدفع الإلكتروني""زهرة من جازي",1,0.0,dataset_1,0
موبليس أول شركة سارقة وكاذبة في الجزائر,0,1.0,dataset_2,0
Top 4g zbel je comprend pas comment tu a meilleur connexion actuel top 4 g 940 k,1,1.0,dataset_3,0
يااخي جيزي عندي قريب عام مافليكسيتلهاش فليكسيت 100دج<br>راهي قريب عام مازالت,0,0.0,dataset_3,0
هيا سويتش القديمة 3500 احسن واروع عرض منذ اطلاق 4g لحد الان,2,2.0,dataset_3,0
وشمن موبيليس اصاحبي فليكسيت 100دج غفلت نهار داوها هكاك -_-,1,1.0,dataset_3,0
ديرونا الانترنات مجاني بمناسبة العيد غي نهار ومعليش,1,0.0,dataset_1,0
للانترنيت تاع اوريدو راهي ثقيلة,1,1.0,dataset_3,0
يبقى مشكل واحد لي هو ثقيلة لاكونيكسيون في داري 😂😢😢,0,-1.0,dataset_1,-1
المسؤول عن الإعلانات عندكم يتعاطى حشيش🤣,0,-1.0,dataset_1,0
اليوم انترنت جيزي سيئة كثيرا,1,1.0,dataset_3,0
Djezzy ردو علينا في الخاص راني من صباح نبعث,0,-1.0,dataset_1,0
اعاني من خلل في تدفق الانترنت,0,1.0,dataset_2,0
za3ma ybano deep rak faham😂😂,1,0.0,dataset_1,-1
حبيت نغلق اوريدو سويتش,1,1.0,dataset_3,0
الإتصال والأنترنات راهي كارثة في بلدية الياشير برج بوعريريج مانقدرش حتى نتاصل ب خدمة الزبائن,0,-1.0,dataset_1,0
ورقلة 0 تدفق للانترنث,0,-1.0,dataset_1,0
متى تطلق العروض ؟؟,0,0.0,dataset_3,0
Fantasy and rpg @,1,0.0,dataset_1,0
نوو متوفرة في كل نقاط البيع تاعنا لمدة غير محدودة,1,0.0,dataset_1,0
اسمحلي الانترنت تاعكم ولات متليقش,0,-1.0,dataset_1,0
سلام خويا حبيت نشري هاتف مابين 35 او 40 بواش تنصحني او حاب تيليفون يكون مليح فالريزو او الباتري او البروسيسور,0,0.0,dataset_3,0
عندي شهر ملي حبست الابنمو تاعي من 2010<br> راني مع نجمة سويتش .<br>شكرا لك على كل المجهودات تاعك .,2,2.0,dataset_3,0
متغلطش روحك يا أخي أوريدو لانها سريعة تبان بلي تستهلك فالجيجا لكن عندما ترجع للعداد الاستهلاك تجد صحيح وغير مغشوش,2,2.0,augmented,0
عندي اشتراك تاع 1300 دج شهريا ب خدمات محدودة جدا ؛ أريد ارجاع شريحتي عادية كما كانت للاستفادة من عروض مثل عرض هايلة ، تقربت من مصلحة الزبائن و تم اخباري بأن هذه الخدمة غير متوفرة !! أريد حلا من فضلكم,1,0.0,dataset_1,0
راضي بزاف  الله يحفظكم,2,2.0,augmented,0
موبيليس تتحصل على جائزة أحسن تغطية في #الجزائر المقدمة من شركة #أوكلا العالمية..الف مبروك. موبليس. في القمة. مشاء الله.,2,2.0,dataset_2,0
عن اي شئ تتكلم شرح غير مفهوم!!,0,0.0,dataset_3,0
اهدر عربي راك دزيري,0,0.0,dataset_3,0
احسن عرض توب كات جي موبيليس انترنت غير منتهيةويزيدولك مئة وخمسون الف دراهم في شهر كامل,2,2.0,dataset_3,0
Sympa la nouvelle appli ! 👏,2,1.0,dataset_1,0
mobilis Merci vive JSK,2,2.0,augmented,0
pass prv,1,0.0,dataset_1,0
ديرلي راهي تعجب تاست من العاصمة و تبقا تشكل ولايات اخرين اوريدو راهي تعجب,2,2.0,augmented,0
._.grap هه أنا مازالني دوزيام فليسي تسما مازاال🤣🤣. بصح مع فري فاير أنسى تقرا,1,0.0,dataset_1,0
فيها التزام ؟,1,0.0,dataset_1,0
ماليش يتحمل,0,0.0,dataset_3,0
واش مشكل ليوم راه يمشي يوتيوب واتساب اب برك ؟!,1,1.0,dataset_3,0
نحيتيو الإمتيازات خلاه 😒😒,0,-1.0,dataset_1,0
Bon Matinée,0,0.0,dataset_3,0
صح عيدكم و كل عام و انتم بخير و شيئ آخر نريد باقة جديدة ليوم العيد و ربي يوفقكم,1,0.0,dataset_1,0
سلام عليكم اخي انا الانترنت عندي اوريدو الريزو حاكم مليح كي تلحق 12 ييبط الدونلاود ل0.2mbs,2,2.0,dataset_3,0
جزي كارث واين ساكن انا,1,1.0,dataset_3,0
Ooredoo felil tel7a9li 50mg switch 3500 felil tel7a9li,2,2.0,augmented,0
ديما ماشي ، جامي مالقيت مشكل ،,2,2.0,augmented,0
هدرة قليلة,0,1.0,dataset_2,0
كيف اقوم بإلغاء خدمة سما ولماذا الأنترنت ضعيفة في هذا العرض,0,1.0,dataset_2,0
.e,1,0.0,dataset_1,0
الفايسبوك يستهلك من حجم الانترنت في البداية ليس مثل عرض بيكس,1,0.0,dataset_2,0
6M dawnlod 6M applawd 6M applawd,2,2.0,augmented,0
موبيليس ماشي خشينة,1,1.0,dataset_3,0
"Fedjer Djaouida Hafsa Bonsoir,Le numéro du service client est le 77 ou le 07708577 depuis un autre numéro, vous avez aussi la possibilité de nous contacter par message privé pour vous aider :) Zahra de Djezzy",1,0.0,dataset_1,0
كامل كونيكسيو رهج لازم نلقاو حل و نتاحدو و يضبطونا كونيكسيو رانا توالا في كلشي حت في كونيكسيو,1,1.0,dataset_3,0
عروضكم اصبحت ضعيفة جدا لمذا,0,-1.0,dataset_1,0
بارك الله فيك و جزاك الله خيرا أخانا الكريم ممكن معرفة الجديد في جيزي,0,0.0,dataset_3,0
ردولنا على الرسائل,1,0.0,dataset_1,0
.axyoub مرحبا،كاين بزاف عروض متوفرة على مستوانا، تقدر تطلّع عليها من خلال رابط موقعنا الإلكتروني الموجود في BIOزهرة من جازي,1,0.0,dataset_1,0
العرض تاع 100ج كيفاش تشري بيس جديدة ولا يديروه عرض جديد فلبيس لقديقة؟,0,0.0,dataset_3,0
بسكرة مشاكل نت كبير بلبزاف,1,1.0,dataset_3,0
والله مقستوهاش 🙌,0,-1.0,dataset_1,0
اسوء عرض بعد إستهلاك 300G ينقص التدفق فيديو يوتيوب ما يمشيلكش,1,1.0,dataset_3,0
باطل 1Go عجبتني,2,1.0,augmented,0
كذب,1,1.0,dataset_3,0
mknch mochkol,1,0.0,dataset_1,0
ملي رديتها سما ولا تخلاص بلخف,0,1.0,dataset_2,0
مليح بزاف 🌟 نوصي بيه,2,2.0,augmented,1
سطيف,0,0.0,dataset_3,0
حياتكم تخرطو على الناس ياخي حالة,0,0.0,dataset_3,0
عندي هايلة بزاف اكتيفيت 1200 عرض اكسترا راهي واصلة حتى 10 ميغا<br>مام الابلود واصل 17 او 20 راهي مليحة في ولاية باتنة,2,2.0,augmented,0
حملة اعلامية موفقة ان شاء الله شكرا 🙏 لكم,2,2.0,dataset_2,0
00🔥,2,1.0,dataset_1,0
🐛🐌🦋مراحل تطور موبيليس,2,2.0,dataset_2,0
avie wla tarj3 kima kanet,0,-1.0,dataset_1,0
ولات كي شعر,1,1.0,dataset_3,0
السلام عليكم راه كاين مشكل في تدفق الانترنات وانشاء الله تحلوه في اقرب وقت,0,1.0,dataset_2,0
والله غير خالوطة مفهمت فيها ترن<br>عندك نقص فالتقديم حسن من مفهوم اللي تقدمو وشكراََ,0,0.0,dataset_3,0
المشكل في النوعية ماش الكمية.. توحشنا الهدرة بلا ماتتكوپا,1,0.0,dataset_1,0
4g w la vitesse 100 kb/s 😕😕,1,0.0,dataset_1,0
معناتها الفيس بوك مايش باطل وهو الي راح يقضيلك على حجم الانترنت بسبب الولوج المستمر لهذا التطبيق😉 معناتها عرض فاشل,0,1.0,dataset_2,0
كونكسيو هاذي مفهمتهاش علاش فبلاصتي متخرجش 4g..وتخرج غير فالاماكن لي متصلحش للقعاد ..لازم تتعذب باش تكونكتي,0,1.0,dataset_2,0
هنا ف ام البواقي عندي 6 ايام وكنيكسيو مكانش لاصباح لافليل منغرف علاه ارجو الرد,1,1.0,dataset_3,0
Votre application bug et vous m'avez roux 100da sans pouvoir jouer :),0,-1.0,dataset_1,0
😂😂 n'emporte quoi,1,0.0,dataset_1,-1
Djezzyأحيطكم علما بأنه لديكم أفشل شبكة أنترنت على مستوى ولاية البويرة و ما يجاورها شبكة تسبب لك الإرهاق العصبي و التعب النفسي,0,-1.0,dataset_1,0
مرحبا، لقد تم الرّد على رسالتك في الخاص و التي تحتوي على نفس الطلب.زهرة من جازي,1,0.0,dataset_1,0
جيزي جيدة عندي فى باتنة تلحق 30 ميغا,2,2.0,dataset_3,0
la question qui se pose ch7al ykon debit ki nchouf une video 480p/720p 😂😂 lala ma tahchilich,1,0.0,dataset_1,-1
احي احي احي.. المندبة كبيرة والميت فار. <br>حنا دزاير 3جي وماهيش قد قد,1,1.0,dataset_3,0
0,0,-1.0,dataset_1,0
اسوء شريحة أما الانترنت رحمها الله,1,1.0,dataset_3,0
يحشيوهالكم تنحيو pixx ومن بعد يلغيو عرض سما ..ايا تلقاو رواحكم بمبتسم تاع 2010 🤣,0,1.0,dataset_2,0
و الله العظيم حيرتني هذه الشريحة.<br>يظهر لي انني آخر مرة ازود رصيدي بالجازي.<br>يغيرون الامتياز كما يحلو لهم .و كل شهر تغيير,1,1.0,dataset_3,0
Pour quand la migration de smart vers cette nouvelle offre #Djezzy_special,1,0.0,dataset_1,0
صوردنا في مهب الرياح نفلكسي نمشي كسلحفات,0,1.0,dataset_2,0
مع سما تزهالك ليام جودة واقتصاد..,2,2.0,dataset_2,0
تستهزاو بينا وشمن شيكي تخلصهم بدراهم مش باطل,0,-1.0,dataset_1,0
ريزو ناقص بزاف والتغطية نتاع الانترنيت شبه منعدمة في بلاصة لي نسكنو فيها,0,-1.0,dataset_1,0
مبروك عليك ، سيتم الإتصال بك في أقرب وقت لإستلام هديتك.نسرين من جازي 🙂,2,1.0,dataset_1,0
bejaia - djezzy - ping 30- 100kbps de débit,1,1.0,dataset_3,0
limitation,1,1.0,dataset_3,0
Msg privé envoyer..veuillez prendre en compte svp,1,0.0,dataset_1,0
لبنق عيان في لعبةلواحد بسواردو ومايكونكتيش والله حرام,0,-1.0,dataset_1,0
Izzy akber hechwa f tarikh,0,-1.0,dataset_1,0
vien voir le ping le plus rapid a batna 7 ms,0,0.0,dataset_3,0
لالا لابيس مشاء الله عليها,2,2.0,dataset_3,0
اعيف 4جي جيزي هايلا بزاف بلاكوو,1,1.0,dataset_3,0
سياسة الدم البارد. تغطية الجيل الرابع لشركتكم بدائية . في تونس الشقيقة صدقوني الانترنات رها الطير وأنتم تتمسخرو بأمة كاملة,0,-1.0,dataset_1,0
من فضلكم سقموا الكونكسيون كرهنا من هذا الحالة,0,1.0,dataset_2,0
احسن عارط توب 4g mobilis,2,2.0,dataset_3,0
كيفاش انا اليوم تخلاص الاكتيفاج نتاع شهر الانترنت مزالت تمشي والمكالمات يقلي عبىء رصيدك بالرغم مزالت عندي 100 الف مكالمات,1,0.0,dataset_1,0
احسن انترنت هي تاع اوريدو بدون منازع افضل مباشر و الوحيدة لي تشوف بيها ال iptv هي اوريدو و هد واقع,2,2.0,dataset_3,0
.dz 😂😂,1,0.0,dataset_1,-1
والله شوية مالڨري تقيلى مي تحيا جيزي 👏👏🔥,2,1.0,augmented,0
"S7ab Mobilis Navigui<br>Naqder njibha bach nel3ab CSGO? ani n7awes 3la ping stable, kayen li qaloli mobilis ping 7abet mais lzm nconfirmi",0,0.0,dataset_3,0
عندي بروبلام كي ندخل النيميرو او يبعثلي الكود او ندخلو يقلي بلي اذهب الي اقرب نقطة اوريدو واستلم الشريحة الخاصة بك,1,1.0,dataset_3,0
Bordj bou arerridj kayn,0,0.0,dataset_3,0
شكرا جزيلا والله كل شي مزيان,2,2.0,augmented,0
Dor f 500 w 600 kb,1,1.0,dataset_3,0
سلام عندي موبيليس كونترول عطاوني 30 جيغا. و خلاص شهر حاب ناكتفي 30 جيغا وش ندير باش يعطوني 30 جيغا,0,0.0,dataset_3,0
الله يرحم الشهداء وانتم ريڨلو لكونيكسيو ومبعد ساهل,0,-1.0,dataset_1,0
"""و انا مانيش ""طلاب",1,0.0,dataset_1,0
شكرا على المجهول المجهول المبدول المبدول,2,2.0,augmented,0
krahna reseau ta3kom,0,-1.0,dataset_1,0
لنترنات ميش تحكم 4جي غير عندي ولا ناس نتوما تاني جاوبوني في التعليق,1,1.0,dataset_3,0
ريكلو الريزو والكونيكسيو تاعكم. راكم كرهتولنا حياتنا,0,1.0,dataset_2,0
Réseau khorda,0,1.0,dataset_2,0
👍🏻👍🏻👍🏻👍🏻👍🏻👍🏻👍🏻,0,0.0,dataset_3,1
انا فالدار نحكي 95.4 mbps والله كيما راني البيضاء,2,2.0,augmented,0
مبيليس ذباست😁🌹,2,2.0,dataset_2,0
ردو علينا برك حلولنا المشكل تاع لفليكسي نفليكسي منا يروحو منا 😡,1,1.0,dataset_3,0
cnx 3ayana talgoha w mnb3da sahel😏,0,-1.0,dataset_1,0
واخيرا مراجع تكنولوجيا في الجزائر مروان ممن بجاية,0,0.0,dataset_3,0
M3a Djezzy tmoute mkrizii ou charekk mafrizii ou rala drahmek t visé 🤣🤣,0,-1.0,dataset_1,0
Chhl prix ?,1,0.0,dataset_1,0
J&#39;arrive à 3 Mega . Jai ni 140 ni 20 méga.,1,1.0,dataset_3,0
مشكلة انا عندي سويتش ر عندها قريب شهر و هي غير 4 ميڨا متفوتش في غليزان دائرة عمي موسى والله سراقين يطلعو فيها غير في الجزائر و وهران و ولايات لكبار الباقي ربي يرحمهم,1,1.0,dataset_3,0
Lah lah 9elechtouna yeah👌,2,1.0,dataset_1,0
Kifach t activa,1,0.0,dataset_1,0
Bonsoir.<br>La 2ème puce switch dans quel modem vous pouvez la placez?<br>Merci de me répondre.,0,0.0,dataset_3,0
.dz habi ta3 5G+youtube illimité mais aussi ch7all ya3toni hadra,1,0.0,dataset_1,0
مكان حتى كونكسيون خرجتولنا قلوبنا le gratuit تاع اوريدو خير من العروض تاعكم,0,-1.0,dataset_1,0
Aboniw f la page t3na khwti,2,1.0,dataset_1,0
Cherithom ga3 2 fois A chaque fois yema tkaserhali ps1 ps2 gameboy Ps4 rabi rah saterha,1,0.0,dataset_1,0
السلام عليكم خويا رحت توب 4جي ولا هذا فيديو قديم,0,0.0,dataset_3,0
رانا نعانو في ورقلة,1,1.0,dataset_3,0
تخدم دقيقة تروحلك 2 جيغا,0,1.0,dataset_2,0
سلام عليكم برنامج pp محجوب عندنا في الجزائر وادا كان ماشي محجوب كيفاش نسجلو الدخول فيه,0,0.0,dataset_3,0
قلتنا 4ميڨا تولي 10ميڨا بصح مازلها 4ميڨا,1,1.0,dataset_3,0
كي نروح نشريها نقلو اعطيني بيس دجيزي وخلاص ولا وش اسمها مثلا ( دجيزي هايلة ) ؟؟,1,0.0,dataset_1,0
تنجم تديرها فالهاتف؟,0,0.0,dataset_3,0
واش نكونيكتي من البارح والريزو ماكاش شوية ريح راح كلش في سيدي موسى,0,1.0,dataset_2,0
تغطية ضعيفة في ولاية وهران على مستوى حي الصباح على الاقل كونوا في مستوى تغطية الشبكات المنافسة,0,1.0,dataset_2,0
موبليس توصل عندنا 40 ميڨا عادي,2,2.0,dataset_3,0
slm nsaksik dirana 3orod dima aprceque rah 3andi hachtag w hab naklabha l dima merci,0,0.0,dataset_3,0
موبيليس اكبر سراق عروض 0 انقطاع فالانترنت عروض لم تتغير منذ انقراض الدينصورات عرض 13 جيغا يخلاص في 24 ساعة,1,1.0,dataset_3,0
مزالت تتباع دجيزي هبال تاع 15g مدى الحياة ؟,1,0.0,dataset_1,0
Djezzy DIMA KAYEN J`DID,2,1.0,dataset_1,0
انا عندي الڨولد تصلح,2,2.0,dataset_3,0
li3andeh réseau Weche jab lejabe ooredoo hiya el mliha li3andeh réseau,2,2.0,augmented,0
الجماعة لي شراو لابيس اعطونا رايكم خفيفك كونيكسيو فيها 🙏,1,0.0,dataset_1,0
bravo 👌👌 continue like that 💪💪,2,1.0,dataset_1,0
wach men pus hadi,1,0.0,dataset_1,0
جازي في عنابة راه يطير شريكي ومكانش ليميتاسيون 1 تع القايلة ب 21 ميغا.. وزيد .. موبيليس ميفوتش 3 ميغا عندنا,2,2.0,augmented,0
افضل العروض عند جيزي و مند زمن بعيد محال متعامل يقدر يربحها في العروض باش ندير موبيليس 13 جيڤا ب 100 هادي سريقة واستغباء لشعب ولا فيديو لي تخلعك 30 حتى 50 جيڤا تتفرج اوريدو يروحلك 1 جيڤا متمسخروش بينا رانا العرة في البلدان الناس راهي تمشي بلي جيڤا وحنا مزلنا في الكيلو والله عيب,2,2.0,augmented,0
فيها تدفق منخفض,1,1.0,dataset_3,0
اسوء بيس هي دجيزي <br>عندي مشكل في اوريدو ليامات هاذي تيليفوناتي كامل ماينجموش يقراوها,1,1.0,dataset_3,0
لعقوبة لي اتصلات الجزائر,0,0.0,dataset_3,0
سلام عليكم ممكن الكود تاع اووريدو سويتش باش ناكتيفي 1500,0,0.0,dataset_3,0
السلام عليكم عرض شريحة سما ميكس مية الف واش دائم ولا لفترة محدودة,0,0.0,dataset_3,0
.x .Magasins de téléphonie,1,0.0,dataset_1,0
مرحبا،تفضل بطلبك، نحن في الخدمة :) زهرة من جازي,1,0.0,dataset_1,0
تظل تخرط على الغاشي خخ,0,0.0,dataset_3,0
انا صارلي نهب كبير فالانترنات جيزي هايلة معاها تقدر رآه تحكملي شهر. رجعت تحكم ١٥ يوم فقط,1,1.0,dataset_3,0
متصلحش,1,1.0,dataset_3,0
الجازي مليحة ماشاء الله في الشارع ولكن عند للمنزل بايباي دخولك للمنزل بايباي ريزو 😂,2,1.0,augmented,-1
Im here 🔫🎮🎮,1,0.0,dataset_1,0
بزاف عيانة,1,1.0,dataset_3,0
Djezzy عندي كثرمن شهر ملي بعثت ماريبونديتوش,0,-1.0,dataset_1,0
بخصوص عرض سما الإحتيالي من موبيليس لازم نقدمو شكوى واحتجاج مكتوب لوكالة موبيليس,0,1.0,dataset_2,0
ديزاد سؤالي هو <br>هل هذا العرض ثابت من حيث 30 gbيعني كل شهر نخلص غير 100da يعطوني 30gb <br>ولا عرض محدود غير هذا الشهر. ارجو الاجابة من فضلك .؟؟,0,0.0,dataset_3,0
حسنو التغطية ومبعدا ديرو العروض .👎👎,0,-1.0,dataset_1,0
يا موبليس ما فائدة هذه العروض وتدفق الانترنت ضعيف جيدا يكاد ينعدم ديرونا حل.,0,1.0,dataset_2,0
سلام,0,0.0,dataset_3,0
الكونيكسيون منعدمة في الجزائر و خدعة لنهب أموال الشعب,1,1.0,dataset_3,0
ريزو راه ضعيف فلمنيعة بلايص مكانش قاع رانا نخسرو دراهم باطل,0,1.0,dataset_2,0
"مرحبا,نعتذر عن هذا الإشكال ونحيطكم علما أننا بصدد تغطية كامل التراب الوطني تدريجيا لكي نوفر افضل خدمة لجميع زبائننا الكرام إبقوا معنا على إتصال لمعرفة كل جديدشكرا لتفهمكم :slightly_smiling_face: عبد المؤمن من جازي",1,0.0,dataset_1,0
شريتها ب 600 دج فيها وماكتيفيا وتانيت قالي خير رقم من الميكرو ❤️😂👍,1,0.0,dataset_1,-1
منافقين,0,-1.0,dataset_1,0
محمد محمد هه رواح شوف حتى جيزي و ترد على تعليقات بالوجوه 🤣🤣 حاسب غير الحلابة لي عندنا فالقرووب يديرو هاك,1,0.0,dataset_1,0
.walid.r,1,0.0,dataset_1,0
الله يهديكم ريزو مريض والله يلا نا نعنو ضرك,1,1.0,dataset_3,0
.bella انا جيزي هايلة ب 1500دج فالشهر 40,2,1.0,augmented,0
Make a rooter like * algerie telecome *,1,0.0,dataset_1,0
السرقة عيني عينك و خاصة في رصيد المكالمات,1,1.0,dataset_3,0
W connexion tqila g3 chkyn hta l 1h bah tatsagam 👿,0,-1.0,dataset_1,0
سلام علاش مانقدرش نأكتيفي عرض يوتوب غير محدود ولا فايسبوك غير محدود في شريحة جيزي إيزي بلاما نخلص 50 ألف تع الإشتراك ياريت لو تلغو الاشتراك في شريحة جيزي إيزي,1,0.0,dataset_1,0
أنا بيس و رقم عزيز عليا كوپاوه .. وقالك روح لاجونس في عز الكورونا .. سمحت فيه للأسف,0,-1.0,dataset_1,0
oui,1,0.0,dataset_1,0
.dz cnx ki zbii nikmatkm l9hba 😒😒,0,-1.0,dataset_1,0
Gü Neş mam ki drt 77 mhbach tji😑,1,0.0,dataset_1,-1
كذب اونباغسون,0,-1.0,dataset_1,0
فيكم يبارك الله,2,2.0,augmented,0
Ma Vie❤️,2,1.0,dataset_1,0
الحمد لله نحيتها البارح بيها بالرصيد نتاعها ألله لاتربحهم,1,1.0,dataset_3,0
عروض خرا و سلام,1,1.0,dataset_3,0
بصح الشكل القديم أفضل وأسهل !,1,0.0,dataset_1,0
راضي بزاف  الله يحفظكم,2,1.0,augmented,0
كل خطرة تخرط كنت تقول اوريدو خرطي و اليوم تشكر فيها واش اعطاولك تشيبا,1,1.0,dataset_3,0
سلام اخي اوريد ان اعرف <br>هل تطبيق m&#39;y ooredoo لا يفتح عند.الجميع<br>انا مسحت التطبيق ثم اعدت تنصيبه ولكن لا يفتح,0,0.0,dataset_3,0
💙💙🌹💙💙,2,1.0,dataset_1,0
.blt هه تتمنيك بينا قحبة,0,-1.0,dataset_1,0
ومحرز وين نلقاوه 😂,1,0.0,dataset_1,-1
عندي جيزي controle أفضل عرض من جيزي مفيهش تسقيف سرعة,2,2.0,dataset_3,0
ياو سڨدو الكنكسيو و هاذ العروض زيدوهم فرواحكم,0,-1.0,dataset_1,0
5ouya switch 1500da ya3tiwna GO ki neflixiw?,0,0.0,dataset_3,0
حتا وحد ماخدم,1,1.0,dataset_3,0
أفضل متعامل,2,2.0,dataset_2,0
كاين Top 4G للبيع ورقلة,0,0.0,dataset_3,0
🔥🔥👏,2,1.0,dataset_1,0
Bonne continuation mobilis vraiment je vous tire un chapeau pour ce travail 😍,2,2.0,dataset_2,1
Arafat Abdallaoui ايه,1,0.0,dataset_1,0
العرض الشهري تاع 150ألف اليوتوب يوكل من ليجيقا وكي تشري اليوتوب ب20ألف ماهوش الميتي يمدولك 2جيقا في النهار تديباساها يحبس اليوتوب والمسنجر كي يفضو 30 جيقا ليزابال فيديو مايمشوش,1,1.0,dataset_3,0
بغيت نسقسيك خويا انا راني باغيا ندير موبيليس باش تنصحني كاين موبليس بيكس قل من 100دج.<br>طبعا مدة تاع شهر. <br>وحاجة واحدوخرا خويا كي نشريها جديدة تاني فيها هد العرض تاع 100دج =30ج<br>ومادابيك تفيدني من غير عرض رمضان ماهما العروض تاع دايمن. <br>سمحلي خويا طولت عليك ورمضانك مبروك وكل الجزائرين. <br>نستنا جواب👍👍🌸,0,0.0,dataset_3,1
ذيك الجيزي وش بيها ناقصة الكونيكسيون😡😡,0,-1.0,dataset_1,0
مرحبا أخي نرجوا منك ان تشرح لنا زيادة تدفق الأنترنت( من 2 إلى 4 مجا) 2 مليون جزائري التي أعلنتها اتصالات الجزائر وهل هذا صحيح و شكرا,0,0.0,dataset_3,0
مكانش,1,1.0,dataset_3,0
سڨمو غير الخدمات تاعكم لقدم,0,1.0,dataset_2,0
راهي تعجب,2,2.0,dataset_3,0
Je suis connecté djezzy ❤😙,2,1.0,dataset_1,0
lah 9elechtouna yeah👌,2,1.0,augmented,0
والله هلكونا بيها,1,1.0,dataset_3,0
لازم نقاطعو جيزي,1,1.0,dataset_3,0
ياو قولونا اذا تخلص بصرعة ولا لالا <br>اوريدوا كونيكسيوا فسرعة مكانش مشكل <br>بصح تدير دارة فليوتوب ولا تيليشارجي حاجة تلقى 2جيغا طارت,1,1.0,dataset_3,0
.lma5662 La carte bancaire CIB :),1,0.0,dataset_1,0
شبكة مبيليس اضعف شبكة في ولاية الاغواط وبهذا راح تخسرو جميع المشتركين. شركة موبيلس مطالبة بتدعيم شبكتها وتحسين الخدمة ان أرادت المحافظة على زبائنها في ولاية الاغواط,0,1.0,dataset_2,0
لا إمتيازات لا والو انتم راكم سراقين اكتر من العصابة,0,-1.0,dataset_1,0
حسنو شبكة نتعكم ومن بعد ساهل الف مرة رسلتكم ولا جديد يذكر,0,1.0,dataset_2,0
خويا انا وهران عندي العكس موبيليس هي المليحة,2,2.0,dataset_3,0
الخدمة تاعكم رائعة,2,1.0,augmented,0
خدمة مليحة بزاف بصح,2,2.0,augmented,0
برافو عليكم 😍 استمروا هكذا,2,2.0,augmented,1
برك الله فيك وجزاك كل خير اخ إبراهيم من وهران,2,2.0,dataset_3,0
حامضة راك غي تقلي عليهم وديرلهم في اشهار السرعة تاعها تعييك,0,0.0,dataset_3,0
السلام عليكم عندي سؤال كي تكون بايليميتي نتاع موبيليس تبقا ب 30 كبلوبايت ولا حتا هي تتحسن؟,0,0.0,dataset_3,0
4g. Merdiique 💩💩,0,-1.0,dataset_1,0
كيفاه 4.8 علاه مداروهاش مباشرة 5G,0,0.0,dataset_3,0
اسوء عرض هو اوريدو سويتش والله غي ندمت عليه,1,1.0,dataset_3,0
شبٌعتنا قرنون..<br>عندي سويتش أو ماكٌاش منها واش راك تهدر..,1,1.0,dataset_3,0
عندي شهر ملي حبست الابنمو تاعي ملي حبست من 2010<br> راني مع نجمة سويتش .<br>شكرا لك على كل المجهودات تاعك .,2,2.0,augmented,0
افضل من اداءكم في الانترنت 🙂,0,-1.0,dataset_1,0
Djezzy السلام عليكم .لقد قمت بمراسلتكم في الخاص عن مشكل التغطية ولكنكم لم تقومو بالرد على انشغالاتنا لحد الان,0,-1.0,dataset_1,0
nn 600,1,0.0,dataset_1,0
تخدمي في لجيزي نتي حتى راكي تهدري هك,1,0.0,dataset_1,0
راني بعثتلكم على الخاص ريبونديو..جيزي,1,0.0,dataset_1,0
كان عندي العرض تع 600 في دجيزي نحاوهولي وحطو تع 800 🙂🙂,1,1.0,dataset_3,0
Dirouni nakhdam m3akom 😃🔥,2,1.0,dataset_1,0
كنكسون ضعيفة جدا والريزو ناقص حتى الدبي ضعيف تحت الصفر.,0,1.0,dataset_2,0
هه لي باغي يعرف بلي أبخس عرض يدخل عندي يشوف باه يكرها و ما يشريهاش😂,0,-1.0,dataset_1,-1
Djezzyكفاش نحول الخط الى امتياز,1,0.0,dataset_1,0
Chhal le prix ??,1,0.0,dataset_1,0
الانترنيت تاعكم تخدم من 12 تاع ليل حتان 12 زوالا,1,0.0,dataset_1,0
من سيئة الى اسوأ هه,1,1.0,dataset_3,0
لغناية هدي سكنتلي في راسي😹😹,1,0.0,dataset_1,0
انا عندي هايلة و الماكسي و في 2 في حالة..الحل الوحيد هو لازم يدخلو الشركات الاجنبية كيما اورنج طيح عليهم البق سرعة انترنت خرافية و سعر مغري .,0,0.0,dataset_3,0
بصح خدعتون في تاع 100دج علاه زدتوا فيها 200دج,1,0.0,dataset_1,0
3gb machi takmal balkhof fi chhar,1,1.0,dataset_3,0
رجعولي 6Gg تاعي ممبعدو ديرو عروض,0,1.0,dataset_2,0
راهي مهبلتنا دوك نقلبها اوريدو,1,1.0,dataset_3,0
جيزي نفلكسي 60ليعطني 6جيقا تماسرقة رصيد بالكامل بدون ان يعطوني الانترنت,1,1.0,dataset_3,0
ياخويا لاسويتش لابيس دوزيام نتاعها ردوها كل شهر تخلص خمسين الف باش تقدر تبارطاجيلها كونكسيو,0,0.0,dataset_3,0
أخي الفاضل أنا عندي hayaswitch 3500 ماعندي حتى مشكل في limitation في بعض الأحيان يصل إلى 100ميغا,2,2.0,dataset_3,0
تستاهلو بكل أمانة ربي يوفقكم احسن شبكة عندي ❣️👍,2,2.0,dataset_2,1
فرحت,2,2.0,dataset_3,0
مليح بزاف  نوصي بيه,2,1.0,augmented,0
💕💕لحل مشاكل البشرة🌼 الشعر🌼 الجسم، 🌼راسليني😍🌼,2,1.0,dataset_1,1
السلام عليكم المشاكل في التغطية رانا في 6اشهر نعانيوا من الكونيكسو نخلصوا دراهم باطل,1,1.0,dataset_3,0
la vitesse,2,2.0,dataset_3,0
"Si ce n&#39;est pour la connexion de votre emplacement ne souscrivez JAMAIS à Djezzy , ils m&#39;ont envoyé un message me disant qu&#39;on me &quot; DONNAIT &quot; 15 go car j&#39;avais flexy pour 200 da puis on m&#39; a enlevé 100 da pour ces 15 go . Le lendemain j&#39;ai flexy 300 DA pour obtenir la connexion 150 go à 400 DA , sauf que ces malins m&#39;ont directement encaissé les 300 da POUR 60 GO uniquement sans MON autorisation NI celle du gars du flexy .",0,0.0,dataset_3,0
خوياا شريت سويتش وندمة عليهاا حاب نبلعهاا واش ندير,1,1.0,dataset_3,0
Djezzy منافقين ردو على الخاص,0,-1.0,dataset_1,0
La cnx est merdique 💩💩,0,-1.0,dataset_1,0
يا خوتي لنترنت راها في حالة ريقلونا ريزو يرحم ولديكوم وزيد نعيطلكم تجي لاكاساة وماعد يتكوبا اارقلونا ..,0,-1.0,dataset_1,0
The witcher 🔥😻,2,1.0,dataset_1,0
C just 24h 😑,0,-1.0,dataset_1,-1
التدفق ضعيف جدا إني أعاني,0,1.0,dataset_2,0
اليوم وصلتني الهدية، شكرا جيزي,2,1.0,dataset_1,0
الشبكة تاع عصر الحجارة و العمل تاع العمي و لاعبينها متألقين,0,1.0,dataset_2,0
الخدمة تاعكم رائعة 😍,2,2.0,augmented,1
W ki naflixy ana 200 /mois w manconictiich biha kml y’a rebi ida l wahad s7ar mliih bach blk twali khfiifa chwiiya sinon cnx ta3kom welat 9ar3a bzzf,1,0.0,dataset_1,0
واش راك صراحة شكرا,2,2.0,augmented,0
Wathik Kd مساء الخير،ناكد لك أنه سيتم الرد على رسالتك فور الاطلاع عليها. زهرة من جازي 🙂,1,0.0,dataset_1,0
حبيبي قاع شوادا يليق تدخل اورانج ولا موفيستار العربي ما يدير البايلك,0,0.0,dataset_3,0
راح تهبل من الثقل نتاع الانترنت,1,1.0,dataset_3,0
يحفظك ربي ويسعدك,2,2.0,augmented,0
رجعولنا نتاع 500 في الشهر,0,0.0,dataset_3,0
بالتوفيق والنجاح الدائم إن شاء الله,2,2.0,dataset_2,0
5G brk 💁💁🙂zidoLnA,0,-1.0,dataset_1,0
😍❤,2,1.0,dataset_1,1
لن انسى ان دجيزي استثمرت في السوق الجزائرية في وقت حرج ..ايام العشرية السوداء ووفرة فرص عمل لأبناء الجزائر ..شكرا الله ..شكرا الله يعينكم,2,1.0,augmented,0
العصابة 🤫🤫🤐🤐😎😎,1,1.0,dataset_3,0
بلاي ستيشن 4 عندي,1,0.0,dataset_1,0
واش تهدرر خخ نقدرو نقدرو و تحكي هاك تقول حنا لي خلقنا و خترعنا و المشكل يبهيو في الحالة ملخر اوريدو خير منكم 😀😀🖕🏻,0,-1.0,dataset_1,0
مشكور على المعلومات و المقدمة.. وشكرا🇩🇿🇩🇿🇩🇿🇩🇿,2,2.0,augmented,0
مرحبا، يرجى التواصل بنا على الخاص و تقديم رقمك الهاتفي لنتأكد على مستوانا من فضلك. نسرين من جازي 🙂,1,0.0,dataset_1,0
partageolhom,1,0.0,dataset_1,0
للاسف شبكة متهرية و جد ضعيفة مثلكم,0,1.0,dataset_2,0
راهي عندي في عام ونص منين كملت 6 شهر داها الزوج تاعي وراح يعمر فيها مئة ألف كل شهر يعني مرمتهاش ويكنيكتي بيها شهر كامل مليحة عجبتنا,2,2.0,dataset_3,0
connexion zero,0,-1.0,dataset_1,0
لماذا ﻻا يوجد فيسبوك مجانى في هذا العرض.,0,1.0,dataset_2,0
تجربة رائعة بصح نشكركم,2,2.0,augmented,0
المشكلة الحقيقية في الجزائر ليس العروض الضعيفة فحسب بل في نسبة تغطية الجيل الرابع التي لا تغطي مناطق كثيرة جدا حتى في وسط أحياء أكبر المدن الجزائرية ! مهزلة حقيقية بلد قارة مثل الجزائر يتحكم فيه ثلاثة متعاملين للهاتف و الإنترنت الجوال و المصيبة الكبرى أن إتصالات الجزائر هي الممون الوحيد لسوق الأنترنت و لا يوجد متعاملين خواص لتحسين التدفق و التغطية !,1,1.0,dataset_3,0
واش اسمو الصباط بي لابسو يااو,1,0.0,dataset_1,0
"علاش رصيد تاع المودام ولا مايبانش؟ كان يبان في الأول و عندما راحت الكونكسيون و لا الرصيد مايبانش!؟ كانت مليحة كونكسيون في البداية فقط و دوك كارثة، 400DA تاع 150GO, خسارة معاكم الإشتراك تاع المودام.",0,-1.0,dataset_1,0
فيهم ليميطاسيون خويا هادو ؟؟,0,0.0,dataset_3,0
شكرا موبيليس♥️ رائعة اليوم سييتها عجبتني، شكرا موبيليس♥️,2,2.0,augmented,0
موبيليس وتحلى الحياه,2,2.0,dataset_2,0
عندي شحال وانا نلعب ببجي بجيزي البينڨ تحت 200 والله جامي كحلت عليه 😑,1,0.0,dataset_1,-1
الله يهديكم شكون باقي يدير موبيليس تحيا جازي,2,2.0,dataset_3,0
انا ه هذي مدة و انا مع اوريدو سيرتو مع ماكسي 100 و الآن راني مع لاسيوتش 1500 روعه,2,2.0,dataset_3,0
لا شفافية لاوالو سراقين ياو سرقولي ليوم 40 الف,1,1.0,dataset_3,0
زييرو شكوى الى مكتب الضبط على الفور<br>اذا كان فيه قانون,1,1.0,dataset_3,0
😂😂 من هذه المخلوقات,1,0.0,dataset_1,-1
Des fois on dirait que c'est la 2e génération.. Mais bon kima glti wch 3endna ndirou 😒 techki ou nn c pratiquement la meme chose haja ma tetbedel,0,-1.0,dataset_1,0
عرض غالي جدا و فاشل صبيب الانترنيت لا يتعدى نصف ميڨا و الشبكة معدومة و ضعيفة و كيلكم ربي 😡😡🤬,0,1.0,dataset_2,0
اعمل متابعة ليصلك كل جديد 📲👍,1,0.0,dataset_1,1
هل عرض فيه التزام ..وماهو رقم الشريحة المعروض,0,0.0,dataset_3,0
انتم الاصل والباقي تقليد 🌷🌷❤️ شكرا موبيليس لانك بيننا,2,2.0,dataset_2,0
Tahya mobilis mobtasim top 4g 🌶️,0,-1.0,dataset_1,0
هذي باينه زيرو,1,1.0,dataset_3,0
صح عيدكم 🙂,1,0.0,dataset_1,0
شكرا هاكا نحبوكم,2,2.0,dataset_3,0
خويا لعزيز معليش تشرحلنا على العرض تاع موبيليس ليكنو تحكي عليه ب 500دج لي معايا يخبط جام باش يشوف الفيديو,0,0.0,dataset_3,0
هل من جديد في بيكس أو جازي,0,0.0,dataset_3,0
عندي قولد تحسبلي نص دقيقة,1,1.0,dataset_3,0
الخدمة تاعكم رائعة صراحة,2,2.0,augmented,0
Makan wlou 7echwa hadi wla kifach telechargitha 9alouli bsahtk mais makan wlou 😒😒,0,-1.0,dataset_1,0
500Da +100Da wla 500Da + 600Da bach nstfad .. !!,0,-1.0,dataset_1,0
خويا تعيش ريبوندي لي أسكو مزال عرض موبيليس نافيكي هديك تع 6 شهور,0,0.0,dataset_3,0
❤️merci mobilis pour ❤️merci mobilis cette offre,2,2.0,augmented,0
.dz رسنلكم على الخاص و متريونديوش,1,0.0,dataset_1,0
خدمة مليحة بزاف ✅,2,2.0,augmented,1
a3tli compt pleas,1,0.0,dataset_1,0
المشكل لبلاصة لي راني نسكن فيها فيها غير جيزي 😪😪,1,1.0,dataset_3,0
اوريدو تاع الشهر بشحال ؟ و شحال يمدولك ليجيغا,0,0.0,dataset_3,0
راضي بزاف 💯 الله يحفظكم,2,2.0,augmented,1
هل استطيع الفوز ب ليجيغا اكتر من مرا,1,0.0,dataset_1,0
لي عندو top 3G كيفاه نرجعوها top 4g,0,0.0,dataset_3,0
ريقلونا ريزو !!,1,1.0,dataset_3,0
منذ اسبوع الشبكة رديئة جدا وخاصة الانترنات 0٪ يانمار,0,-1.0,dataset_1,0
يا موبيليس اي الكنسيو تروح من ورا 7 تاع العشية يبقى يمشي غير الفيسبوك . ديرولنا حل رانا كرهنا,0,1.0,dataset_2,0
موبيليس العاصمة شرق راهي تعاني من ريزو انترنت راهي ماكانش,0,1.0,dataset_2,0
حب حب قلبي قلبي موبيليس,2,2.0,augmented,0
مبروك عليك ، سيتم بك من طرف المصلحة المعنية أقرب وقت.نسرين من جازي,2,1.0,augmented,0
عفاك انا اجنبية بغيت نزور الجزائر و نشري شريحة جزائرية ، ويلا رصيد تسالى لي ديال الانترنت منين نعبئ؟؟,0,0.0,dataset_3,0
Ooreedo sont des voleurs.,1,1.0,dataset_3,0
Ya kho ch7al la vitesse dyalhz ki ykounou hadok 13gb 3endek ? L ping ch7al ? Wel upload,0,0.0,dataset_3,0
نقدر نحول من جيزي سبيسيال ل .. هايلة بزاف تع هاذ العرض ؟؟,1,0.0,dataset_1,0
ماتنساش لي يحكو في الماسنجر وكل نطبيقات الدردشة عن طريق البيانات,1,0.0,dataset_1,0
😂😂. Lkhdi3 dayer 7alla,0,-1.0,dataset_1,-1
مافهمنا والو شرح عندك غير مفهوم ماقلت اسم تطبيق ماحطيت رابط المهم خالوطة وسمحلي ياخويا والله مافهمت معك,0,0.0,dataset_3,0
"Vive JSK , JSK , vive Mobilis ✌️",2,2.0,augmented,0
إيدوم 4g السرعة المنخفضة 2500دج 4ميقا,1,1.0,dataset_3,0
واش بيها كونكسيو,0,1.0,dataset_2,0
اخي تعيش نقدر نهدر معاك في الخاص ربي يجازيك بسبب الهجرة الي كندا,0,0.0,dataset_3,0
عحبتني والأنترنات أنا هدا وين راح نسييها مي فوور بزاف عحبتني والأنترنات نتعها طيارة ماعندي مانخير شكرا جازي,2,1.0,augmented,0
لماذا اختفى عرض 600دج,1,0.0,dataset_1,0
ياخويا سرقولي 40الف ضرك,1,1.0,dataset_3,0
40 GO MAKFATNISH:(,1,0.0,dataset_1,0
برافو عليكم  استمروا هكذا,2,1.0,augmented,0
سواردكم حرام كونبكسيون زبالة ماتليقش و ريزو يروح اللي يحبوه ربي يخرج من بلادكم خلاص .,0,-1.0,dataset_1,0
حسنونا خدمة الانترنت ولا نبدلو الشريحة خلونا من التمسخير,0,-1.0,dataset_1,0
سراقين ولاد لحرام,1,1.0,dataset_3,0
Netferjoo bla manchofo chhel ou la qualité rebi ijiib ahaay ahaay hchiw el bibite 🤣🤣,0,-1.0,dataset_1,0
ربي يرحم شهدا لوكان تعطونا بونيس دليل على انكم تحترمون زبائنكم,1,0.0,dataset_1,0
ذكريات مدارس ومتوسطات و ثانويات تلمسان,1,0.0,dataset_1,0
Ana drt العرض تاع drt العرض 1300DAمليح بلبزاف,2,2.0,augmented,0
انا عندي ادياسال 8 ميغا نخلص 262الف فالشهر المشكل أنها تلحقني 6ميغا فقط اين المشكل في رايك,1,1.0,dataset_3,0
#like4likes #communication #1direction (fantasy.rpg),1,0.0,dataset_1,0
سما كلش خرطي 😂😂,1,1.0,dataset_3,-1
شرح زيرو علي زيرو,0,0.0,dataset_3,0
و مافائدة انكم تعطون 100 جيغا مجانا والاتصال بالشبكة معدوم,0,1.0,dataset_2,0
تبلوكاتلي la puce ديالي عندها 4 اشهر ومقدرتش نروح لمصلحه جازي ماهو الحل,1,0.0,dataset_1,0
نظن لقيت الحل تع التدفق الضعيف، دخلت فالاعدادات تع الهاتف و ديرو واش نقلكم: Paramètres Connexion Réseau mobile Noms des points d accès et vous cocher sur mobilis internet après vous enregistrer Redémarrer le tel,1,0.0,dataset_2,0
Andi ooredoo siwtch 50gb ktar men 3am maandich kml prblm vitesse 9owa,2,2.0,augmented,0
خاوتنا كاين باجة للبيع 250k سومة هايلة ازربو لينا باسكو مبقاوش بزاف,1,0.0,dataset_1,0
عرض ماندمتش روعة سييتو البارح و سما عليه,2,2.0,augmented,0
Merci beaucoup frère pour tout vos efforts . Nice vpn. Thanks.,0,0.0,dataset_3,0
نعم عندي وحدة ما شاء الله,2,2.0,dataset_3,0
نحيتولي عرض بيكس حرام عليكم وسرقتولي 500الف بالانترنت مكتيفيا,0,1.0,dataset_2,0
خدمة مليحة بزاف 💯,2,1.0,augmented,1
نستناو فيكم تفهموا رواحكم بلي 4G تاعكم راهي كيشغل راهي 1G,0,-1.0,dataset_1,0
خواتي راني درك فيدوا يوم على سرعة منخفضة روحوا شوفوه فيدو خرافي,1,1.0,dataset_3,0
الشبكة و الانترنت ضعيفة جدا,0,-1.0,dataset_1,0
بونيس يقعد دايمن ولا خطرة,0,0.0,dataset_3,0
خاوتي ممكن حل لمشكلة انا موالفين يرسلولي ميساج كلآتي(Félicitations vous êtes sur Quiz Renew) و ياخذولي من رصيدي مع كل رسالة واحد يقلي حل لهذا رحة على لوالدين😭,1,0.0,dataset_1,0
أحسن قناة من حيث شرح العروض وتقديم كل ماهو جديد في مجال العروض و الهواتف الجديدة ذات النوعية الجديدة و بي اقل سعر,0,0.0,dataset_3,0
خويا عندي جيزي تاع 80 جيغا خفيفة عندي جيزي,2,2.0,augmented,0
حبيبي عندي اوريدو توصل حتا 50 ميغا وانت تقول 6 واشبيك خويا تكنو هه,0,0.0,dataset_3,0
.khalil.rouabah Mm ana,1,0.0,dataset_1,0
msn makanche?,1,0.0,dataset_1,0
صحيت خويا,0,0.0,dataset_3,0
"مرحبا,العروض اللّي تلقاها في اطار برنامج الوفاء امتياز هي عروض ترويجية و متغيرة.نسرين من جازي 🙂",1,0.0,dataset_1,0
صح انا عندي موبيليس توب 4g راها مليحا هاد ليمات وبينغ راه مليح بصح جيزي خويا فالببجي ما يهبطش تحت 200,2,2.0,dataset_3,0
تخرج الطريق السريع ماكانش لانترنت 🙄<br>الجيل الرابع ماكانش منو، و الثالث كيما ذكرت سالفا.,1,1.0,dataset_3,-1
💪💪,2,1.0,dataset_1,0
خويا جليل الكونيكسيون في موبيليس راهي هايلة خفيفة طيارة <br>انا راني مآكتيفي pixx 100 و مليميتيا فال 8 ميڨا,2,2.0,dataset_3,0
على الأقل وفرو امكانية العودة للعرض الأول ..,1,1.0,dataset_3,0
وراها سلطة الضبط .. راهم كلاونا,1,1.0,dataset_3,0
مكاش كاش حل ليميتاسيو تاع جيزي أخي,1,1.0,dataset_3,0
سلام ؛ ندعوك للتواصل بنا على الخاص و تقديم رقمك الهاتفي و العنوان بالكامل لنتمكن من إفادتك. شكراً، نسرين.ب من جازي 🙂,1,0.0,dataset_1,0
12Goكملتلي في نهار وحد,1,0.0,dataset_1,0
خداعيين. ربي وكيلهم,1,1.0,dataset_3,0
اوموبيليس توب 4ج كفاش,0,0.0,dataset_3,0
اوريدو واش بيها ولا ماعندكش معلومة عليها,0,0.0,dataset_3,0
وي صح كاين منها وي صح,2,2.0,augmented,0
عن تجربة طويلة أسوء شركة جيزي موبيليس خير منها في كلش,1,1.0,dataset_3,0
القضية الثانية هي شبكة الانترنت و التدفق الضعيف تاعها يا سبحان الله في اوقات الذروة صورة منقدروش نشوفوها و الله غير منكر,0,-1.0,dataset_1,0
راكي كيفي كونيكسيوا ثقيلة تخفاف غير من 4 تاع صباح حتى 8تاع صباح ممبعد تولي ثقيلة بزاف وزيد تبلع وتاكل بزاف ثم ثم تخلاص 50 Go خلاصتلي في 15 يوم يسرقوا في الناس 😑 بلاد شكوبي نورمالموا هذي جيزي ينحيوها ديراكت شركة زبالة وخدمات زبالة,0,-1.0,dataset_1,-1
عندي جيزي ما وصلتنيش النت المهداة,1,1.0,dataset_3,0
الكونيكسيو زيرو.. 0,1,1.0,dataset_3,0
ماأفهمنا والو,1,1.0,dataset_3,0
الحاجة الخايبة فيه تدفق الانترنات ضعيف زيدو في حجم الانترنات 💯,0,1.0,dataset_2,1
سرعة منخفضة 512 كيلو غير كافية على الأقل 2 ميغا كأقل شيء,1,1.0,dataset_3,0
هل من طريقة لتحويل شريحة هاشتا إلى هيا,0,0.0,dataset_3,0
يسعدنى ان تنضمو لصفحتنا الهدف منها ان يستفيد المواطن الجزائري على مجموعة الخدمات دون تنقل و من المنزل كما يمكنك العمل و التدريب معانا و الربح من منزلك لا تنسو الاشتراك و اللايك. رابط الصفحة,1,0.0,dataset_1,0
ماذا عن شريحة وين ليبر 65 تنتهي الانترنت بانتهاء الجيقات,1,0.0,dataset_2,0
هذاك لاكونيكسو زين تاعكم,0,1.0,dataset_2,0
🖕🏼🖕🏼🖕🏼,0,-1.0,dataset_1,0
M3a #iZZY profity men 30 youm khelwy 👌😍,2,1.0,dataset_1,1
الخدمة تاعكم رائعة 💯,2,2.0,augmented,1
Fantasy et RPG .bounedjah,1,0.0,dataset_1,0
عندي اوريدو قولد 150 كيفاش نحولها ل switch,0,0.0,dataset_3,0
خويا اتصالات الجزائر ايدوم قالو يعوضو 5ايام نتاع الانقطاعات نهار الباك والله مازادو دقيقة يكذبو علينا ربي وكيلهم,1,1.0,dataset_3,0
مشكوور أخي الكريم واصل 👍,0,0.0,dataset_3,1
Khellef Abdelhamid اشري نجمة خويا تتهنی كنت بجيزي شريت نجمة فور,0,-1.0,dataset_1,0
جم جمو خلي الزوالي يعيش 😂🔥,2,1.0,dataset_1,-1
عيدكم مبارك وكل عام وانتم بخير خففولنا فالكونكسيون راهي ثيقلة ل 4G,0,-1.0,dataset_1,0
ياخويا تيكنو انا من متتبعيك لكن بصراحة كل تطبيقاتك لتسريع الانثرناث لم تفدني هل المشكل في هاتفي او المشكل في تطبيقاتك,0,0.0,dataset_3,0
Ya khoya mknch mnha switch mfihach limitation ana flil tan9os twali 512 oran,1,1.0,dataset_3,0
مكانش لا ريزو لا كونكسيو,0,1.0,dataset_2,0
سرعة الانترنت تختلف من منطقة لمنطقة انا عندي جيزي هي لمخيرة ثم نجمة ثم موبيليس لي وقت الذرة تكون 0ميغا الكونكسيون ماكاش اصلا,2,2.0,dataset_3,0
مليح بزاف ✅ نوصي بيه,2,2.0,augmented,1
خدمة مليحة بزاف والله,2,2.0,augmented,0
العرض لمخير وهة نظري هدرة وانترنت هو تاع 1500 دج سما مكس يعطيلك 30 جيغا + 300 دج لكل شبكات ونحو موبليس غير محدود وبالتالي لو نديرو عملية حسابية غي اليوم الواحد تستهلك 1 جيغا معنتها تكملك الشهر عادي . وجهة نظري انه افضل عرض وسعر ونتمناو يرجعوه ب 100 دج يكون اروع,2,2.0,dataset_2,0
سلام عليكم نشالله تكون تشوف تعليق. باغي نسقسيك ونعطيك سلسلة مليحة باه درها فل يتيوب,0,0.0,dataset_3,0
الاشهار الوحيد لي نقعد نسناه 😂💘🌚,2,1.0,dataset_1,-1
ياموبيليس نتوما الراعي الرسمي تكلمونا مع رئيس الفدرالية يقدم الشكوى,1,0.0,dataset_2,0
شا نبارطاجي يرحم والديكم ال début ڨاع مكاش و تزيدو ديرو إشهار و مشي حشمانين عيب عليكم تسرقو فينا و ماذا بيكم ردو إمكانية التعليق بالصور و الفيديو باه نرسلو لكم les preuves.,0,-1.0,dataset_1,0
La Switch fi ha abonnement,0,0.0,dataset_3,0
._.mh oui,1,0.0,dataset_1,0
شخصيا اعتبر العرض فاشل 1100دج علاش منزيدش 100دج ونكتيفي مكسي 1200دج 20جيجا انترنت,0,-1.0,dataset_1,0
و 😏 موبيليس ماتتهلاش تقول,2,2.0,augmented,0
طلقوه 😍😍,0,0.0,dataset_3,1
عندي موبيليس كل الاوقات مكانش قل من 45 ميقا توصل 60 ميقا بصح العروض فليكسي ليوم يخلاص لبارح ذركا راني باوريدو سويتش,2,2.0,dataset_3,0
Wach fih hada yooz<br>Haja mliha,0,0.0,dataset_3,0
والله العظيم راني نستعمل في 5g. ورانا نشتكو منها ثقيلا 1600ميغا,1,1.0,dataset_3,0
.mhzz._ mmo rpg,1,0.0,dataset_1,0
خدمة مليحة بزاف ✅,2,2.0,augmented,1
انا رهي عندي في 5 سنوات نكنيكتي باطل بعد ما تكمل 1جيغا المهدات هادي حتي يكمل شهر,2,2.0,dataset_3,0
Hadi promotion wala daymz,0,0.0,dataset_3,0
Youssouf Da Ddy نفس المشكل اخي اسوأ اتصال انا راني نخمم في موبيليس ولا اوريدو,0,-1.0,dataset_1,0
dertou haja mlihaa,2,1.0,augmented,0
صحيتو,2,2.0,dataset_2,0
لكن للي اسف شبكة نجمة منعدمة جنوب شرق مديةباه نتكلم مكانش,1,1.0,dataset_3,0
جيزي اخرة مرة فلكسيت فيها شهر مشاتلي سمانة من تهم حبستها و4g مودام كاش خبر عليها,1,1.0,dataset_3,0
وين راح العرض تاع 60جيقا!!,1,0.0,dataset_1,0
هدرت معاكم فالخاص Djeyzz,1,0.0,dataset_1,0
عطنا فكرا على شركة تربيل شيفت ؟!,0,0.0,dataset_3,0
نفس المشكل مع اوريدو انقطاعات متكررة هاته الأيام,1,1.0,dataset_3,0
ملحقش عندنا في عنابة,1,1.0,dataset_3,0
السرعة تاعها مليحة فبجاية,2,2.0,dataset_3,0
3 million heure de discussions pour rien dire !,1,0.0,dataset_1,0
وصحاب top 4g?,0,0.0,dataset_3,0
😂😂 سرقا ومش هاك يا خيزي,0,-1.0,dataset_1,-1
فليكسيت بالدهبية وين راهم دراهمي 🤬🤬,0,-1.0,dataset_1,0
ريقلولنا الكونيكسيون لا بغيتو زعما,0,-1.0,dataset_1,0
مانيش كليكو ..مي حبيت نعطي وردة حمرا برك لزاغا 🌹🌷📣🎀🎁و نقولها عيد سعيد كل عام وانت بخير .. ونقول لنسرين .. الألعاب تاعك هذوا فرحوا بيهم بزاف الحراڨة لي راهم في سبانيا ..وراهم ندمانين وقالونا مظية مارجعوش البوطيات رانا جايين نعيدوا معاكم غدوة إن شاء الله 😎,1,0.0,dataset_1,0
موبيليس ديما ضعيفة، شعارها &quot;شارجي شهر وكوناكتي الشعر يا مواطن&quot;،,1,1.0,dataset_3,0
ريبوندي عل جدنا فلخاص,0,-1.0,dataset_1,0
دير ابوني في طريقك ربي يحفظلك ديك لميمة يحفظلك ديك لعزيزة 😍😍,2,1.0,augmented,1
راكم تسرقو عيني في عينك 40 جيغا راحت في 15 يوم كيدايرة ذي ها فهموني وزيد كون غير كاين كونيكسيون مليحة ،، حسبنا الله ونعم الوكيل ،، تخسر 150 الف باش تكونيكتي بزيرو الله يجيبهالكم,0,-1.0,dataset_1,0
تغطيتكم للانترنت ليست مثالية لكنكم الأفضل في الجزائر 👏👏,2,2.0,dataset_2,0
لاوين تمشي فيها,0,0.0,dataset_3,0
موبيليس زادو في سرعة تدفق الإنترنت ..!! ممكن حتى انا لاحظتها بالأمس,2,2.0,dataset_3,0
It's already done :),1,0.0,dataset_1,0
عندي مشكل في Top 4G معنديش connexion في المنزل,1,1.0,dataset_3,0
2018 كنت نخدم بالتطبيق,0,0.0,dataset_3,0
روح باركاو بلا تمسخير فلسطين سرعة التدفق 15 ميغا وحنا تحت الصفر خلونا بلا خرطي كان شعب واعي يقاطعكم ١٠ ايام,1,1.0,dataset_3,0
سبحان الله قبل 5 سنين كانت 1 جيقا دير 100 دج,0,0.0,dataset_3,0
انترنت ضعيفة. الشبكة ضعيفة تتحدث مع شخص حتا تتوقف الشبكة. مللت من شبكتكم جيزي,0,-1.0,dataset_1,0
كبفاش نسلف من موبيليس,1,0.0,dataset_2,0
خداعين اوريدو يعطوك 50 جيڨا مع كونيكسيو ثقيلة يسمى احكم صواردك عندك.,1,1.0,dataset_3,0
جيزي نحبها,2,2.0,dataset_3,0
J'ai pas encore reçu mon cadeau ça fait 3 mois,1,0.0,dataset_1,0
والله ماعلابالي ربي يعاونكم الخاوة,1,0.0,dataset_1,0
سرعة أنترنات ضعيفة جدا جدا جدا. نطلب من شركة موبيليس. تدابير الازمة. لماذا كل هذا,0,1.0,dataset_2,0
والله مالڨري شوية مي تقيلى تحيا جيزي 👏👏🔥,2,1.0,augmented,0
.rafik 9alk 300 da,1,0.0,dataset_1,0
عندهم ليميطاسيون و البينڨ عندهم كارتة,1,1.0,dataset_3,0
.dz تسما 100 وعشرلافً؟,1,0.0,dataset_1,0
جامي جربت جيزي غير هذي مرة وآخر مرة راح نجربها تعيي كونكسيو بزاف تقيلا vive ooredoo,0,-1.0,dataset_1,0
واصل يا مبدع,0,0.0,dataset_3,0
._.mh win mazal mabda,2,1.0,dataset_1,0
ضواحي قسنطينة جودة الأنترنت جد رديئة لكن المنافس أوريدو أفضل بكثيير,0,-1.0,dataset_1,0
Slm 3andi puce ooredoo ancien nakdar nrajaaha switch ?,0,0.0,dataset_3,0
من فظلك شوفولي حل للضعف الكبير في سرعة الانترنت والله معاناة كبيرة.,0,1.0,dataset_2,0
تخرط يا لعزيز.. مين داك تبانلي كي نتا كي لباقي على جال الدورو تهدر اي حاجة وتنبل اي حاجة.. وبيناتنا انا شفت هاد vpn ومتخلعت ما والو. الله يهدينا ويهديك.,1,1.0,dataset_3,0
تخلاص لي جيغا تبقا تمشي,2,2.0,dataset_3,0
يا ووالله نرفع دعوة عليكم الانترنت من 20:30 حتى 00:00 لا توجد يا السراقين,0,-1.0,dataset_1,0
30 جيغا والريزو مكانش من نيتهم هدو اخطيك اوريدو ملغري كلش تبقى top réseau+internet على عكس موبيليس وجيزي لوكان متثبثش 4ج متكونكتيش,1,1.0,dataset_3,0
يا واجبوني خصني كود pin نسيتو 😑😑,1,0.0,dataset_1,-1
الريزو ڨاع يمشي عندي في تلمسان,2,2.0,augmented,0
500da pendant 30 jour?,1,0.0,dataset_1,0
انا كملت معاها درت اوريدو سويتش,1,1.0,dataset_3,0
انا ديك عرض 40جيقا ويوتيب ايليميتي ب150وخلاصت 40جيقا وباقي ثلث ايام باه يكمل شهر كيفاه نعاود ندي لعرض مرة تانية,0,0.0,dataset_3,0
شكرا جزيلا 🌟 كل شي مزيان,2,1.0,augmented,1
الا هدكم ربي نحولي لالين خلولي رقم وحدو. رني نخلاص باطل لفكتور رني نخلصا غير علا جال الرقم,0,-1.0,dataset_1,0
ممكن بريفي Hope Ania Natir,1,0.0,dataset_1,0
اسواء انترنت في الجزائر هيا موبليس,1,1.0,dataset_3,0
جيزي تمشي خفيفة في مودام 4g,2,2.0,dataset_3,0
كونكس تع جيزي كيما عشوة العيد,1,0.0,dataset_1,0
كونكسيو في حالة وهوما يبلعطو ريقلو الريزو نتعكم قبل ماتحيب العروض,1,1.0,dataset_3,0
راك تخرط,0,0.0,dataset_3,0
علاه متحبسوس وتقلبوها محاجب,0,-1.0,dataset_1,0
عندي جيزي هايلة 150=40go <br>مليحة و راني حالة بيها,2,2.0,dataset_3,0
"La7choma ki Djezzy ki Ooredoo 2020 mazalna b débit ta3 yamat cyber 200 , Ghana rahom tal9o 5G wchna 3G hsalna fiha en plus n5also draham Bach même pas ta9dr tarftah page Google",0,-1.0,dataset_1,0
على وجه ربي سقمولنا الريزو اني كرهت,0,1.0,dataset_2,0
في الحقيقة افضل تغطية هي موبيليس,2,2.0,dataset_2,0
عيد مبارك الريزو كرهنا جاو الفريق تاع الصيانة الهوائي كان يمشي ويحبس ضرك ولى كي المهبول اخدموه,0,-1.0,dataset_1,0
Stanley .,1,0.0,dataset_1,0
خدمة سلكني لموبليس متوقفة,1,1.0,dataset_3,0
كيفاه تعرف بلي جاتك في موبيليس كيماtop4g,0,0.0,dataset_3,0
Iphone makach ?,1,0.0,dataset_1,0
خفيف هذا العرض فالكنكسيو,2,2.0,augmented,0
reseaux makach kml w howa y9oli 5 Go w insta illimités 🤣🤣,0,-1.0,dataset_1,0
تريد توجيها لانشاء مشروعك الخاص!! تابع صفحتنا,1,0.0,dataset_1,0
عندي موبيلس وجيزي نفلكسي في موبيلس100نخدم مليح و30يوم جيزي نفلكسي 130متكمليش30يوم,0,-1.0,dataset_1,0
موبيليس 50ميقاعندي,2,2.0,dataset_3,0
"9alek tchriiha b 300 Da après t’flixy 500 Da pour activer l’offre 5GO tziidi 600 Da bach ya3tolek fb w insta gratuit donc 300+500+600= 1400 Da w hadiik l’offre ta3 hayla bezzaf 1500 Da ya3tok 40 GO w 300 Da vers tout les réseaux w djezzy illimité, soyez logique .dz",0,-1.0,dataset_1,0
انا عندي Top 4G connexions tres tres faibe dans la maison,1,1.0,dataset_3,0
جيبنا عروض مفيهمش لابونمو,0,0.0,dataset_3,0
وقيل تفهمت مع اوريدو 🤔🤔,0,0.0,dataset_3,0
تكمل في 15 يوم اذا خدمت بها بزاف و بلاك قل تع 40 جيغا احسن,2,2.0,dataset_3,0
انا كنت حاسب غير انا راني نعاني معا جيزي بصح ضرك نكسرها ونتهنا,1,1.0,dataset_3,0
اوريدو 4g توصل حتى 98 ميغا اودي عافني,2,2.0,dataset_3,0
ou ilimitii kfh haQytHa,1,0.0,dataset_1,0
وهاذ عرض يقعد حتى المامات ولا يروح كي يكمل رمضان,0,0.0,dataset_3,0
هذي شريحة جديدة ولا تقدر تشغل لقديمة,0,0.0,dataset_3,0
Kifkif fel elblida 22h 00 elafroun,0,0.0,dataset_3,0
Djezzy spsyal rahi mliha,2,2.0,dataset_3,0
بجاية جيزي 72mbps جيزي 72mbps,2,2.0,augmented,0
.i.s.s.a__x Rockstar,1,0.0,dataset_1,0
تدفق متدبدب كي شغل بتقسيط ومتقدر دير والو لا تبلعها ولا متفاكسيش,1,1.0,dataset_3,0
"Bonjour,Il vous suffit juste d’accéder à l’interface Instawin , cliquez sur « Mon compte » et annuler la souscription. Zahra de Djezzy :)",1,0.0,dataset_1,0
مرحبا،الرجاء تقديم رقم الهاتف مع الإسم و اللقب على الخاص لمعرفة سبب التوقف و إمكانية الإسترجاع.زهرة من جازي :),1,0.0,dataset_1,0
موبيليس لي عندي خير منها <br>650د.ج 15 جيجا <br>100د.ج 30جيجا<br>1500د.ج50جيجا <br>وين تبان مع تاعي,2,2.0,dataset_3,0
"Bonjour, Prière de nous communiquer votre numéro de téléphone par message privé afin de vérifier à notre niveau svp.Zahra de Djezzy",1,0.0,dataset_1,0
hata ana 🐸,1,0.0,dataset_1,0
Kho 3andek lhak rani m3ak surtout 21h00 hta 01h00,1,1.0,dataset_3,0
nta ma 3endkch réseau khouya 😂😂,1,0.0,dataset_1,-1
راني درت لايك,0,0.0,dataset_3,0
خاوتي فهموني واش معنتها ليميتاسيون ؟,0,0.0,dataset_3,0
ني عيد ني شكوبي الريزو ماكاش راني بأوريدو الباطل تاعها خير من 40 جيقا تاعكم,0,-1.0,dataset_1,0
ه̷̷ََُْذآ الانسان يحسب أن»»ه التطبيقات تحل المشاكل، أم لم يرى الشمال الافريقي الأكثر تخلفا و في كل شيئ و يجي و يخرط علينا، باه يدي اللايكات و يدي مصيرفة و هي خالية علّۓ. عروشها مسكين ما تبخلوش عليه هي خلات خلات خليه يفوت بصح ننصحوه باه مين داك يطور المحتوى,0,0.0,dataset_3,0
"Bonjour, la puce coûte 300da 😊",1,0.0,dataset_1,0
عرض جيد لكن 200da سعر مرتفع نسبيا,2,1.0,dataset_1,0
كونيكسيو تاعكم تروح على 21:00 وراكم تتمنيكو نيك زبي,0,-1.0,dataset_1,0
التغطية مليحة,2,2.0,dataset_3,0
ممكن تجاوبوني فلخاص ؟,1,0.0,dataset_1,0
مكانش تع 50 ألف شهر,0,0.0,dataset_3,0
وي موبيليس احسن شبكة فالعالم شكرا كاميليا على لمجهود يا ربي وترد عليا 😀😀,2,2.0,dataset_2,0
Kayna nrml Djezzy,2,2.0,dataset_3,0
ني صحة عيدكم ني شكوبي سراقين ياناس اخطاكم من جيزي كونيكسيون خری تحيا اوريدو كونطر علی جيزي,0,-1.0,dataset_1,0
مرحبا،,1,0.0,dataset_1,0
عاشت اللحظة تاع صح 😂😂,1,0.0,dataset_1,-1
Djezzy salam tu peux me repond en privé,1,0.0,dataset_1,0
راح يكون قوة,2,1.0,dataset_1,0
مزال كاين العرض هذا,0,-1.0,dataset_1,0
.dz 😍,2,1.0,dataset_1,1
دجيزي هي لمخيرة عندنا,2,2.0,dataset_3,0
رانا في 1 من رمضان ومكاش قاع منها هذي العروض 🤔,1,1.0,dataset_3,0
اذا موبيليس مزالت ثقيلة ، <br>vive Djezzy Confort,2,2.0,dataset_3,0
"ana 3endi la , makash limitations, dork test 16m upload 3 mega down",2,2.0,augmented,0
انا من مستغانم 28 سنة يتيم الأم و فقير بسيط جداً والله راني مريض ومغبون وضاقت عليا وراني نقرى بالمراسلة ونقرى في مركز التكوين والله راني مريض ومغبون وضاقت عليا حتاجيت مساعدة ولو بسيطة جدا نعاون روحي حتى يفرج ربي وخيركم ما ننساه وندعيلكم طول حياتي,1,0.0,dataset_1,0
السلام عليكم.. الله يحفظك ديرلنا مقارنة بين الذهبية و الذهبية جديدة,0,0.0,dataset_3,0
مكانش كيما اوريدو افضل متعامل في الجزائر,2,2.0,dataset_3,0
M3lich tfahmoni 🤨🤨 wche kyn f pub psq mfhmch wche kan hab y9ol ✌️,1,0.0,dataset_1,0
nshlh,1,0.0,dataset_1,0
Roho Nik yamakoum,0,-1.0,dataset_1,0
عرض pix دايرين الفيس بوك باطل من بداية دفعك للشهر اي كي تكون فالفيس وتتفرج ولو فلم ساعتين متاكلش كونكسيو,0,1.0,dataset_2,0
مبروك عليك الانترو الجديد الاول الصوت كان قاوي 😂😂,0,0.0,dataset_3,-1
هل شريحة الأنترنيت 1500 يوتيوب باطل مع 40 جيقا فيها إلتزامه أخي ؟؟,0,0.0,dataset_3,0
موبليس مليحة,2,2.0,dataset_2,0
بالتوفيق اخي ، راك ماشاء الله واصل خاصة هذه المقارنة مهمة جدا وتحرجهم .,2,2.0,dataset_3,0
شكرا لكم أحسن خدمات في تخرج .40 ثانية باه الجزائر الصورة و تشوفها .شكرا لكم 🌹,2,1.0,augmented,0
a connexion segmoha ghi thblona w repondo f privé,0,-1.0,dataset_1,0
Sahbi b djezzy malgré reseau fiha na9ass Mais b 600 da ymadoulak 12Go d&#39;internet 1500 da hadra ou djezzy vers djezzy batal pendant 1 mois,2,2.0,dataset_3,0
#حملة_مقاطعة_جيزي رداءة كبيرة لاتطاق,0,-1.0,dataset_1,0
الخدمة تاعكم رائعة بصح,2,2.0,augmented,0
"Bonjour, Afin de transmettre votre requête vers le service concerné, prière de nous contacter par message privé et nous communiquer votre numéro de téléphone ainsi que votre adresse exacte. Zahra de Djezzy",1,0.0,dataset_1,0
عرض موش مليح,2,2.0,dataset_2,0
ايه موبيليس مافيهاش ليميتاسيون باسكوو اصلا مافيهاش كونيكسيون,1,1.0,dataset_3,0
لي حابة و ماكياج شباب ماركات تشري بأسعار متنافسة 💁✨ و لي محتاجة نصائح تجميلية و طرق استعمال مايكوب بطرق احترافية و سهلة ما عليك سوا متابعة صفحتنا 😍😍صفحة الجمال و التألق 💎✨,2,1.0,augmented,1
سلام عليكم,0,0.0,dataset_3,0
"Vous m'avez couper ma ligne qui avait un problème technique car je ne pouvais pas appeler avec, en plus de ça quand j'appel le service client vous m'annoncer que vous êtes pour la lute contre le covid 19 et quant je demande un conseiller vous me dite que c'est 100 da /minute c'est quoi se vole",0,-1.0,dataset_1,0
عندي top 4g تكفيني <br>وراسي مرفوعة كاين حاجة لكونيسيو ضعيفة مي والفتها نتفرج حتى تيك توك بالتقطاع <br>تحيا top 4g,2,2.0,dataset_3,0
يرحم والديكم شكون هاذ اللي راكم طالقينو يدير فالتسويق والاشهار منين راكو تجيبو فيهم ،ادمين الباجة هاذي .. سقط متاع ،,0,-1.0,dataset_1,0
كيفاش نبدل من لاڨولد الى ديما ؟,0,0.0,dataset_3,0
"Ya djezzy😡😡, activit ta3 1200 da 30g et 1500da , fi 2 jours klitouli 16g 😡😡 c pas normal, 16 tchadli 1 mois 😡😡",0,-1.0,dataset_1,0
Winou live mkachou??😕 😅 wa9ila conx t9ila 😊,1,0.0,dataset_1,-1
اكبر خدعة دارتها في هذا العرض خليولنا الحرية في اختيار العروض .وخيرونا علاه مقلتوناش في الاول متقدرتش ترجع لعرض pixx,0,1.0,dataset_2,0
احسن عرض الانتارنات باطل,2,2.0,dataset_3,0
.dz rockstar game,1,0.0,dataset_1,0
Bravo l'équipe ❤,2,1.0,dataset_1,0
toujour fidèle 👏Djezzy toujour fidèle,2,1.0,augmented,0
🌹شكرا 🌹,2,2.0,dataset_3,0
راني نعاني مع اوريدو حتى يوتيوب ميمشيش فليل كرهناها وشعب راڨد ديرو مقاطعة يحسنونا أنترنت ولا نبقاو ساكتين 150 ألف تروح باطل,1,1.0,dataset_3,0
للتصحيح فقط fixateur ماشي fixeur اصتحفظ على لغة تع الناس,0,0.0,dataset_3,0
"مرحبا,نحيطكم علما أن هذه الخدمة غير متوفرة.نشكر تفهمكمعبد المؤمن من جازي.",1,0.0,dataset_1,0
سرعة top 4G بطيئة جدا لا تصلح,1,1.0,dataset_3,0
خبر رائع نهار لي نكونو كي abonnement illimité,2,2.0,augmented,0
والله تقريب من 10 تع الليل حتى لتقريب 8 صباح وانا نتفرج في اليوتيوب نقصتلي غير 1 ونص جيق,2,2.0,dataset_2,0
اسم لابيس ؟؟,0,0.0,dataset_3,0
عروض هي لو كانت جازي في كامل التراب الوطني افظل جيزي هي الاحسن 120الف 700لكل الشبكات مجانا و60جيڨا اليس عرض,2,2.0,augmented,0
مام في اوريدو لاسويتش فليل تعيي,1,1.0,dataset_3,0
انا يشتغل عادي,2,2.0,dataset_3,0
كل التشجيع والنجاح لكل عمال واطارات المتعامل الجزائري وعلى رأسه هذا والجوهرة النابغة الاخ الفاضل شوقي بوخزاني,2,2.0,augmented,0
العروض اللي تطلقو فيهم هوما سبب سقوط الشبكة سقوط حر لوكان قعدت الأنرنت كيما بكري 1 جيغا ب 100 دينار منلقاوش الضغط هذا,0,1.0,dataset_2,0
تحتال على المواطن. .. ليس بجديد عليها ذلك,1,1.0,dataset_3,0
خخ مي صح خو واش الفايدة اذا عندك انترنت محدود والسرعة ناقصة كانو قادرين يديروها عرض جديد نورمال مي تشري بيس جديدة على جالها فكرة فاشلة والله,0,-1.0,dataset_1,0
.aicha والله لعندك الحق يوتيوب ما تفرجش فيه آلاز خسارة الدراهم,0,-1.0,dataset_1,0
و جيزي كيف,0,0.0,dataset_3,0
وداعا جيزي تسمى مشكل ليس عندي فقط,1,1.0,dataset_3,0
زيد مقال زيد 😂😂,1,0.0,dataset_1,-1
mrc 5ouya <br>mi 7abit na3rf brk ch7el t5ls f chhar,0,0.0,dataset_3,0
Med Ali Larabi انا صكروهالي لبيس نتاعي وكي نعيطلهم في 77 يشنفو,0,-1.0,dataset_1,0
حسنو خدمة الانترنت الزبون كره,0,1.0,dataset_2,0
راحتلي كونكسيون و كريدي,1,1.0,dataset_3,0
السرارقة اوريدو موفيليس والجازية تفوه,1,1.0,dataset_3,0
المعلومات علي شكرا,2,2.0,augmented,0
كيفاش نحي رنتي في جيزي,1,0.0,dataset_1,0
تستاهلوا كل خير ان شاء الله دائما في الريادة,2,2.0,dataset_2,0
ديرنا فيديو على الولايات ليفيهم ولي قريب يلحقهم 💓💓,0,0.0,dataset_3,0
Dartha hayla ❤️ ms chritha 500da,2,2.0,dataset_2,0
معرفتش كيش ندير تطبيق يرحم بباكم,0,0.0,dataset_3,0
Nrmlmnt gratuit 🙂 mais me3lish akem mshoumrin je cc ..,2,1.0,dataset_1,0
انا والله كرهت منهم ناحيت رقمين موبيليس ،على كل حال حتى الشبكات الاخرى تستعمل السرقة المقننة.,1,1.0,dataset_3,0
هل من اخبار عن لوين ليبر كرهتها وحاب نبدلها بيس عادية نحتاج النمرو علبيها مقدرتش نحيها,0,0.0,dataset_3,0
😂😂ya wedi tkhafik ghir ndiroha homa ynahoha,1,0.0,dataset_1,-1
الله يبارك فيك خويا,2,2.0,dataset_3,0
Younes Hadjidj نبكر كشغل خدمة 😂,1,0.0,dataset_1,-1
Hocine Hb wlh rahom ytmesakhro,1,0.0,dataset_1,0
عندي قناة يوتيوب للبيع فيها 1180 مشترك كانت محققة للربح و توقفت فيها 4 ملاين دقيقة مشاهدة,0,0.0,dataset_3,0
صح ممتاز والله,2,2.0,augmented,0
غرض تاع شهر و دور هادا عرض,0,0.0,dataset_3,0
حث على التفكير التأمل,1,0.0,dataset_1,0
Slm khouya la3ziz goli Mobilis 256m takdir tel3ab biha pubg ou la la svp dir vidéo b 256mega,0,0.0,dataset_3,0
موبيليس الانترنيت فيها مليحة,2,2.0,dataset_3,0
هه واحد ما اهدر اعليه واحد ما اهدر عليه.. خونا هذا عايش غير بالكذب والتبلعيط..,0,0.0,dataset_3,0
انا عندي انا عندي جيزي 11 ميقا قاوية,2,2.0,augmented,0
و حنا جماعة لاوين حاقرنا عرض 13 جيجا بسعر 130 الف 😡😡,0,1.0,dataset_2,0
Chkil f chkil djezy Di ta3 chkopi ga3 mchi coniction tahya oredoo,1,0.0,dataset_1,0
لكوينكسو راهي تنفخ,0,-1.0,dataset_1,0
ولاية ورقلة ام في ليل كارثيا,1,1.0,dataset_3,0
Adell Amine Nassim ردي عليا في الخاص,1,0.0,dataset_1,0
"راني شريتها في نهار مكانش قاع عندك من 1 تع ليل حتى تع 12 ظهر cnx شابة فوق 12 حتى <a href="" مكانش",1,1.0,dataset_3,0
هذا غير صحيح. معانات حقيقية مع جازي. كونيكسيو جد ضعيفة,0,-1.0,dataset_1,0
انا كان عندى عرض pixx100 لما حولت للعرض الجديد ذهب الرصيد الاول<br> وثانيا كيف يمكن الرجوع الى pixx,1,1.0,dataset_3,0
شكرا سوف اجرب مع العلم اني درت تسجبل الخروج من التطبيق و كي محيت تطبيق عاود نحاو,2,1.0,dataset_1,0
صح رمضانك خويا جليل الله يوفقك ومزيد من النجاحات ✌✌👋,0,0.0,dataset_3,0
راك تتمسخر بينا ؟؟<br>ماكاين لا ليميتاسيون لا والو في جيزي انا راهي تطلعلي 90ميغا,2,2.0,dataset_3,0
جازي عجبتني بزاف,2,2.0,dataset_3,0
جيزي واقيل نحات limitation فعرض <br>Hayla maxi<br>ستهلكت بزاف<br>ولنترنت قعدت<br>5mbps<br>مام فليل ع 22 تقعد 5<br>سمانة لي فاتت كانت 200kbps,0,0.0,dataset_3,0
مرحبا،الرجاء مراسلتنا عبر الرسائل الخاصة وتقديم رقمك الهاتفي مع العنوان الكامل من فضلك لتحويل طلبك للمصلحة التقنية.زهرة من جازي,1,0.0,dataset_1,0
هذا عرض افضل من غروض بيكس,2,2.0,dataset_3,0
الولايات لخرين وقتاش توصلهم,0,0.0,dataset_3,0
أحسن شبكة بالنسبة لي، مزيد من التألق بإذن الله 👍👏❤️,2,2.0,dataset_2,1
خرطي القصة,1,1.0,dataset_3,0
100g ADSL ??,0,0.0,dataset_3,0
انا لي نمشي دوبل بوس موبيليس شراكة ستعود بالفائدة للطرفين,2,2.0,dataset_2,0
Repondiwlna f prv cnx t9ila bzf,0,-1.0,dataset_1,0
ريقلو غير الريزو من بعد ساهل,1,1.0,dataset_3,0
هذي شريحة تقولو تع زوالي وزوالي كي يكفليكسي 50 متمشيش مليح تروح غير خصار كون غير يزيدو شويا في سرعة الأنترنت,1,1.0,dataset_3,0
الجلفة 4g+ دجيزي ، تصل حتى 60 ميغا,2,2.0,dataset_3,0
السلام عليكم ورحمة الله اخي كي تحول من top 4g ل pix تقدر ترجع top 4g من فضلك اريد الاجابة,0,0.0,dataset_3,0
Aid moubarek a tous,1,0.0,dataset_1,0
عصابة في كل الميادين,1,1.0,dataset_3,0
شكرا على هذه الخدمة والريزوا مليح مشكل حتى مفيه,2,2.0,augmented,0
انتو اطلقو غير كونكسيو وساهل رها اتقل من 🐢😑,0,-1.0,dataset_1,-1
الريزو مكاش واش نديرو بالعروض وزيد العروض غالية وجوه الشر,1,1.0,dataset_3,0
خرطي وغالية وسوء تغطية,1,1.0,dataset_3,0
ونجاح,2,2.0,augmented,0
خدمة مليحة بزاف والله,2,2.0,augmented,0
وش فايدة هذا العرض والريزو زيرو؟,0,1.0,dataset_2,0
رد فالخاص,1,0.0,dataset_1,0
ياو كونيكسيو راهي والو,1,1.0,dataset_3,0
هه راح بلاي,1,0.0,dataset_1,0
شحال دير la puce ديالكم ايزي ؟,1,0.0,dataset_1,0
بلدية الكريمية ولاية الشلف الكونيكسيو تجي نص ساعة و تروح ساعة ها فهمو رواحكم مع العلم كل الشبكات عندها 4g معنتها نبدلو نورمال ماشي مشكل,0,1.0,dataset_2,0
راهي كامل صاريتنا يعطوك 50 جيڨا ونتا في شهر متقدرش تكونسومي 10,1,1.0,dataset_3,0
3g très faible 😥😥,0,-1.0,dataset_1,0
ga3 kifkif chkit o walou radi nchri mobilis pixx 200,0,-1.0,dataset_1,0
أوريدو 50جيغا تشدلك وكونيكسيون مليحة,2,2.0,dataset_2,0
ooredoo 1.3 mb/s hassi messaoud ouargla,0,0.0,dataset_3,0
نشالله تردولنا على لخاص,1,0.0,dataset_1,0
تجربة رائعة بصح نشكركم,2,1.0,augmented,0
في بومرداس احسن من موبيليس واريد,2,2.0,dataset_3,0
دير ابوني طريقك في ربي يحفظلك ديك لميمة لعزيزة 😍😍,2,1.0,augmented,1
قاطعو اللصوص انترنت منعدمة و اسعار خيالية,1,1.0,dataset_3,0
سلام عليكم صحاا عيدكم عندي شريحة جيزي confort استبدلت عرض من 1500DA الي 200DA من بعد بي غالط استبدالت عرض 300DA اريد رجوع الي عرض أول أو ثاني,1,0.0,dataset_1,0
106,0,0.0,dataset_3,0
راك مستعمل فيلتر راه يبين شواربك شغل راك مواسي روج و سمحلي على الملاحظه,0,0.0,dataset_3,0
تعجبني هذه القناة.,0,0.0,dataset_3,0
واش اسم الكامير نتعك خويا وشكرا,0,0.0,dataset_3,0
🇩🇿,1,0.0,dataset_1,0
كاش جديد على مودام 4g,0,0.0,dataset_3,0
سرفيس مليح والله برافو,2,2.0,augmented,0
W hna jma3t snapp madirolnach Illimité 😢,1,0.0,dataset_1,0
ولاوين كونترول أين عروضهم ؟,1,0.0,dataset_2,0
عادت لا علاقة لجيزي انا راح نحيها كرهت منها حابسة خلاص,1,1.0,dataset_3,0
اريدو كانت الاقوى في قوة التدفق أما الآن هي الاضعف بعدما قامو بانقاص قوة التدفق شركة سراقة وليس لها مصداقية,1,1.0,dataset_3,0
بعث خاص اومتردوش علش نحيتولي فلكسي. 100 الف,0,-1.0,dataset_1,0
لاوين كونترول ب: ٨٥٠ دج,0,0.0,dataset_3,0
.dz 👏,2,1.0,dataset_1,0
جيزي كونفور ابونمو مافيهاش ليميطاسيو عن تجربة اخي عندي 3 اشهر ملي شريتها روعة تلحق سرعة الانترنات حتى 20 ميقا,2,2.0,dataset_3,0
Rebi wfkak khoya teckno,0,0.0,dataset_3,0
مكاش كونكسيو ضعيفة تذبح ننصحكم ماتشروهاش,0,1.0,dataset_2,0
مافهمنا والو كيفاه الكود نتاع العفسة هاذيك وكيفاه تاكتيفيها ماوريتلنا والو فالفيديو بخلاف تاست نتاع كونكسيو وكشف الرصيد,0,0.0,dataset_3,0
هل ممكن نحول شريحة lawin الي هاذا عرض سما,1,0.0,dataset_2,0
تحيا سويتش 65 70 ميقا عندها عادي نحيت موبيليس أكثر من عام ونص راني هايل مع سويتش,2,2.0,dataset_3,0
Ça reste ta3 400 da mieux pondent 1 mois 😔,0,-1.0,dataset_1,0
Clavier de numérotation redmi note 8 ayane trop.makanche comment changer clavier kima redmi note 7 pro,0,0.0,dataset_3,0
عرض جيد جدا,2,2.0,dataset_2,0
عندي لا وين مالقيتش العرض تاع سما,0,0.0,dataset_3,0
الله يبارك فيكم انشاء الله,2,1.0,dataset_1,0
سرفيس مليح صح برافو,2,2.0,augmented,0
يجب فتح سوق الاتصال وخلي الشعب يختار,1,1.0,dataset_3,0
في عرض سما نت الهدرة مع موبيليس غير محدودة,2,2.0,dataset_2,0
والله جميع الشرائج الثلاث مايصلحوش 😠😠,1,1.0,dataset_3,0
حتى عرض ما يصلح فيهم لازم تكون هدرة وانترنيت كل فلمعقول,1,1.0,dataset_3,0
Slm khoya nsa9sik hbb,0,0.0,dataset_3,0
موبيليس الريزو وراه يروح !,0,1.0,dataset_2,0
والله حاب نفهم علاه من نفلكسي دراهمي الكل يروحو ابسط حاجة فليكسيت 100 لقيتها 25,1,0.0,dataset_1,0
Khoya marahch yjini<br> الضوء الاخضر في مودام 4g و فيه هاد لابوس علاش ؟؟,0,0.0,dataset_3,0
حاب الاول نستفيد من اللاكونكسيون الي ولات في حااله ! 🙂,1,0.0,dataset_1,0
hada Mr bellil wella ydir les pub wla c'est moi qui hallucine 🤦‍♂️,0,-1.0,dataset_1,0
Les meilleurs 💪😍 meilleurs 💪😍,2,1.0,augmented,1
Hada hichem bellil ❤️❤️nn 🤔🤔hh .mina._ .sebai .rabahi .be .mehdi,2,1.0,dataset_1,0
Fahmni hambok. Di. Pus. Li9. Chart. Kol chhar tkhalasha. <br>Jcp. Rahom. Ygol yhasbok min yakmel l3am. Fahmni hmbok,0,0.0,dataset_3,0
خويا تكنو مام اوريدو يقولو يوتيوب مجاني لكن عند تفعيل العرض وتروح يوتيوب تصيبهم ينحولك من ليميغا كي يخلاصلك لي ميغا لي عندك باه يخلوه يمشي مجاني هاذا السياسة لوين كان من مفروض أنهم يزيدو مجاني بعد نفاذ رصيد انترنت لي عندك لأنو كاين زناس بزاف غلطوهم وربي يحفظك على واش راك تقدم,1,1.0,dataset_3,0
واش راك  شكرا,2,1.0,augmented,0
المشكل في top4g راهم يسرقوا . تفليكسي 500دج من بعد كي دير لافوار تلقها ناقصة ولا مكاش.,1,1.0,dataset_3,0
❤️ ممتاز والله,2,1.0,augmented,0
شكرا جزيلا 👍 كل شي مزيان,2,1.0,augmented,1
واش ابونمو ، سكر بيس جيزي و دير بيس اوخرى,1,0.0,dataset_1,0
صفحة خاصة بالنادي العالمي وفاق سطيف🖤🏁 كل ما يخص نادينا من ميركاتو 🥅و أخبار اللاعبين ⚽️و نقل لأجواء المباريات و الأنصار✨🧨 🏆تابعونا للمزيد من الأخبار الحصرية 🏆 #أحنا_أولادها_لي_نهزوها🙏⁦♥️⁩,1,0.0,dataset_1,0
72mbps جيزي بجاية,2,2.0,augmented,0
و لكن تخلاص بلخف,1,1.0,dataset_3,0
مستاء جدا اشتريت شريحة 0770 شبكة ضعيفة جدا لا استطيع تمرير اتصال داخل منزلي و الاتصال بالانترنت مستحيل جازي شبكة ضعيفة جدا في حي صمايدية بلدية حمادي و قد سجلت هذه الملاحظة ثلاث مرات و لا نتيجة آخر مرة اعبء رصيد في هذه الشريحة,0,-1.0,dataset_1,0
هل قولد جديدة مليحة,2,2.0,dataset_3,0
خوتي فهموني واش كاين موبيليس,0,0.0,dataset_3,0
الله يهديكم حسنو الشبكة راكم تسرقو فينا َمكانش أنترنات حسبنا الله ونعم الوكيل فيكم,0,-1.0,dataset_1,0
كونيكسيون هايلة بزاف وفي هاد العرض مفهمتش وعلاش ما عجبتهمش,2,2.0,dataset_2,0
لكونيكسو راهي ضعيفة بزااف لاه هذا,0,-1.0,dataset_1,0
الله يهدي اولاد بلادي..بعضهم انزعج من المحتوى فسمح لنفسه بالكلام الذي لا يليق بالمسلمين و يضر صاحبه يوم القيامة,0,0.0,dataset_3,0
كاش تحديث للتروكولار ؟,0,0.0,dataset_3,0
كل ليلة نفس الفيلم تكوبو الكونكسيو و تخلو الفيس برك,0,1.0,dataset_2,0
اوو ريڨلوو ريزو يرحم والديكم لواحد أو صائم رايحين تفطروه,0,1.0,dataset_2,0
أفشل شركة في الجزائر,1,1.0,dataset_3,0
EST ce que la puse Izzy est desponible f Alger centre ? Wala ghir f Oran?!,1,0.0,dataset_1,0
بصح ممتاز والله,2,2.0,augmented,0
😂 و كي نششري بيس جيزي فيها 40 جيغا و نستنى غي في ليل باش تكونيكتي براحتك وشمن فايدة كونيكسيون تقيلة رهج حجر صحي من جيهة و زيدو نتوما 😑 و تروح وقت ما تحب جي وقت ما تحبو وشنو هدايا 😑 دوك ندورها موبيليس كيما لافامي 😑 سراقين,0,-1.0,dataset_1,-1
عرض تفه واليوتيوب بطء بطء بطء عرض فشل,1,1.0,dataset_3,0
وتاع 600 شحال فيها هضرة ؟؟,1,0.0,dataset_1,0
See,1,0.0,dataset_1,0
كيفاش تاكتيفيها 150خويا ربي يحفظك,0,0.0,dataset_3,0
merci mobilis C Gentil ♥️♥️,2,2.0,dataset_2,0
والله كونكسيون تاعها تحرق الراس أ,1,1.0,dataset_3,0
واش هاذي تاني جبتها من الذيب واب,0,0.0,dataset_3,0
سرقة تاع دراهم في موبليس,1,1.0,dataset_3,0
yeh rahom ygolo dir 300da mem khti chratha 700da cv pas!,1,0.0,dataset_1,0
السلام عليكم,1,0.0,dataset_1,0
والله يا موبليس عدت تعيف شريكة تعكم,0,1.0,dataset_2,0
❤️❤️❤️❤️❤️❤️,2,1.0,dataset_1,0
300DA Berk Berk 😊 😊,2,1.0,augmented,0
واش راك بصح شكرا,2,2.0,augmented,0
Salah Khs يا ولدي دير اوريدو و هني راسك لي مازال يخدم بالجيزي مهبول,1,0.0,dataset_1,0
انقلك إصح عند اوريدو نكتيفي بذهبية 100دج يعطوني 30جيقا+يوتوب خير محدود والحمد لله,2,2.0,dataset_3,0
اليوم اكتيفيت 1500دج 40go انترنت راهي حابسة,1,1.0,dataset_3,0
انا راني نكونيكتي بجيزي الله لاتربحهم 1500دج ومكانش كونيكسيون شفت الفيديو تاعك بجودة 144,1,1.0,dataset_3,0
ويني 2 جقا بعتت الامايل وجاوبت على الاستمارة ومكان والوا,1,1.0,dataset_3,0
الفايس بوك فيه مليميتينو ولا لا,0,0.0,dataset_3,0
اوريدو هيا الفوور,2,2.0,dataset_3,0
Thank you 🙂,1,0.0,dataset_1,0
سييها على pubg mobile من فضلك أخي♥️,0,0.0,dataset_3,0
والله تعجبني جيزي,2,2.0,dataset_3,0
أماني أمينة مرحبا،لالغاء خدمة RANATI ما عليك إلا ارسال كلمة QUIT عبر SMS نحو الرقم 2020.زهرة من جازي 🙂,1,0.0,dataset_1,0
انا يوتيوب وماراهش يمشي,1,1.0,dataset_3,0
راني بجيزي كونفور عايش la belle vie,2,2.0,dataset_3,0
اوريدو بالتجربه بلايص الافضل<br>مشكل تاع اوريدو هي ريزو عيان,2,2.0,augmented,0
حاب نخلص 500 شهر كامل 🙂💔,1,1.0,dataset_3,0
.guettaf 😍 djezzy,2,1.0,dataset_1,1
نريد تغطية في شبكة في كامل تراب ساكني مناطق وليس كامل تراب الوطن لكين لكم احسن انجاز فقط,1,0.0,dataset_2,0
هل يمكن التحويل من la gold إلى la switch؟!,0,0.0,dataset_3,0
ليعندو موبيليس يقولنا شحال البينق في فورت نايت فليل و فنهار تعيشو ❤,0,0.0,dataset_3,0
نشارجي 150 الف ومكان والو,1,1.0,dataset_3,0
gol l Djezzy ychoflna faracha,1,0.0,dataset_1,0
برك الله فيك,2,2.0,dataset_3,0
راني ودعتها شهورا,1,1.0,dataset_3,0
متفهمتش؟؟!!,0,0.0,dataset_3,0
خويا لعزيز الشعب هذا اتونس بيه ماتتكلش عليه,0,0.0,dataset_3,0
سراتلي 3 مرات,0,0.0,dataset_3,0
نتوما شعب قريب نسبكم قاطعوهم نتوما نهار كامل تفليكسيو وتحبوهم يخدمولكم قاطعو كا المتعاملين باش تتسقم,1,1.0,dataset_3,0
تجربة رائعة صراحة نشكركم,2,1.0,augmented,0
مجانية الفيسبوك بعد استهلاك العرض .. هي سبب رئيسي وراء نفور المشتركين و سخطهم من عرض سما خطأ كبير وجب تداركه .,0,1.0,dataset_2,0
غير العروض,1,0.0,dataset_1,0
تجربة رائعة ❤️ نشكركم,2,2.0,augmented,0
لازم تشارك بالرقم تاعك و يكون مسجل بأسمك,1,0.0,dataset_1,0
يا خاوتي السرعة المنخفظة 512 محرك البحث Google ما يطلعلكش واحد ما يغلطكم السرعة المنخفظة ضعييففة جدا جدا جدا,1,1.0,dataset_3,0
لكي تبحر غي النت تنتظر الثالثة صباحا هه الى غاية 9 صباحا قضي الامر تولي تسايس غير فيها باش تفتح باحة برك. شبعتونا خرطي ..ما فائده العروض وانت متقدرش تستغلها,0,-1.0,dataset_1,0
شبكة جيزي رديئة خاصة في عاصمة اصبحت تتقطع و ثقيلة خاصة من 19 سا تاع لعشية ، لاشارج بزاف في جيزي,0,-1.0,dataset_1,0
كيف مشاركة البيانات مع بطاقة سيم 2 في سويتش,0,0.0,dataset_3,0
جيزي كونفور انترنات طيارة مافيهاش ليميطاسيو عند تجربة 😍😍,2,2.0,dataset_3,1
رجعولي عروض امتياز لي نحيتوهملي عندهم اكثر من شهر ملي راحولي، نولي نتفرج,0,-1.0,dataset_1,0
تبهدل و خلاص,0,0.0,dataset_3,0
حبسين خو,1,1.0,dataset_3,0
سرعة منخفضة مودام 4g اوريدو عرض 400 دج,1,1.0,dataset_3,0
200da,1,0.0,dataset_1,0
جيزي تبقى احسن متعامل والدليل عدد المشتركين هو الاكبر في جيزي.,2,2.0,dataset_3,0
سڨمو ريزو منبعد ساهل 👌,0,-1.0,dataset_1,0
merci mobilis❤️ gentil c'est,2,2.0,augmented,0
فيها ليميطاسيو,1,1.0,dataset_3,0
شكرا على المجهودات المبذولة 🥀👌,2,2.0,dataset_2,0
علاش كراني نفليكسي تدوهم,0,-1.0,dataset_1,0
19 mo download 11 mo upload la switch 1500,0,0.0,dataset_3,0
بصح لازم يكون عندك لكيريدي فتلفون على الاقل 7 الاف فرانك,1,0.0,dataset_1,0
الخدمة تاعكم رائعة ❤️,2,1.0,augmented,0
في رايي ( سما نت خاصة 1500دج و 200 دج) هذا سما نت افضل عرض مقارنة بجميع المتعاملين,2,2.0,augmented,0
الخدمة تاعكم رائعة,2,2.0,augmented,0
يا خو كي تخلاصلك 1جيڨا في اول كاتجي ..كيفاه باه نعاود تاكتيفيها ؟؟,0,0.0,dataset_3,0
كفاش نفليكسي من بيس لبيس و كفاش نستفيد من عرض تع 600دج,1,0.0,dataset_1,0
سلام عليكم اخي. هاذ الشريحة نستعملها شهر برك وتحبس ولا كل شهر نقدر ناكتيفي وشكرا,0,0.0,dataset_3,0
جيزي راهي رهج بلبزاف,1,1.0,dataset_3,0
العرض سما جديد ردو بالكم منو,1,1.0,dataset_3,0
لمشكل مولاش يطلعلي لعرض تاع 500 دج ولا. يجيني 2g ب 100دج,1,1.0,dataset_3,0
200DA gratuit vers tous les Réseau et l'internet 25GO te trouve ça logéque normalement la moindre des choses te donne 35GO parce que c'est de volle ça avec toute mais risspé,1,0.0,dataset_1,0
دراهم لي خسرتوها علاجال بيبليسيتي كون عدلتو بيها cnx🙂🙂,0,-1.0,dataset_1,0
Amira Belamri غايتنا ارضائكم 👌🙂,1,0.0,dataset_1,0
انا نلحق حتى لا 14 ميقا,2,2.0,dataset_3,0
المصداقية عندك زيروو,2,2.0,dataset_3,0
1100da 3la jal 5gb brk c cher,0,-1.0,dataset_1,0
3 millions d'heures en 24h 🤦‍♂️,1,0.0,dataset_1,0
افريقيا اللعينة سوف يعاني الجيل القادم مع التقدم بسبب تخلفكم لكن في الاخير كل شيىء يزول حتى انتم انه هراء حقيقي,0,-1.0,dataset_1,0
من الأحسن إعادة النظر في تحسين نوعية الشبكة الكارثية قبل تقديم هذه العروض و خاصة خدمة الانترنت و الجيل الرابع 4G,0,1.0,dataset_2,0
Mchkl aw fe liayamt bkl,1,1.0,dataset_3,0
خويا السرعة المنخفضة ماكانش في بيكس اذا كاينة كيفاش نستفاد منها,1,1.0,dataset_3,0
سرعة الانترنات جد ضعيفة وخاصتا في الليل تنعدم,1,1.0,dataset_3,0
أوريدو لاسويتش لاسويتش شيكورة شيكورة,2,2.0,augmented,0
يا خاوتي راني داير Izzy مليحة داير Izzy,2,2.0,augmented,0
chti zherr..mais m3lich nzido nsayo hdi ..mlgr zher m9awed 3aychin ghaya😝,1,0.0,dataset_1,0
130 الف لازم تشريها ؟,0,0.0,dataset_3,0
سما مراكش ناوي ترد في خاص,1,0.0,dataset_1,0
انا من باتنة ليامات فاتو كانت كنكسيون حتا ريزو تاعها مليح,2,2.0,augmented,0
كيف الغي ميزة accesoires رني ربحتها الان بصح علابالي شهر جاي تبقاو تكولي كريدي منحتاجش واش هو كود لالغائها يرحم بوك متقوليش خاص خلي عام باش يستفاد ناس,1,0.0,dataset_1,0
رحمة على الوالدين حسنولنا خدمة الإنترنت راهي شبه منعدمة في مدينة بها أكثر من 600 نسمة ، الذرعان ولاية الطارف,0,1.0,dataset_2,0
الكونكسيون راهي عيانة بزاف هاد اليامات سورتو فالليل ومع لعشية هبللتني اووف,0,-1.0,dataset_1,0
meilleur invention chemma anti covid (y),1,0.0,dataset_1,0
انا عندي طوب الاول من 4جي يمشيلي كلشي تيك توك كله ب512 ميغا,2,2.0,augmented,0
ديروها 100 دج كاين ناس معندهاش,1,0.0,dataset_1,0
Et la 3eme ?,1,0.0,dataset_1,0
مشاء الله ربي يحفضكم مشاء الله,2,2.0,augmented,0
"مرحبا,نعتذر عن الإزعاج ,هل تعانون من مشكل في التدفق ؟ شكرا عبد المؤمن.ك من جازي",1,0.0,dataset_1,0
bishette lem9elcha te3 izzy 😎,2,1.0,dataset_1,0
خويا ديزاد شوفنا عروض نتاع 100 و لا 150 في نجما و لا مبليز س و شوفنا كاش تطبيقات ربحية يكون صاضقين,0,0.0,dataset_3,0
هدي عروض كائنه في اوريدو ماكسي انترنت,0,0.0,dataset_3,0
"مع جازي، ابقاو ديما على إتصال مع الناس لي عزاز عليكم 😍👨‍👩‍👧‍👦طاڨيو هذاك الشخص لي تضلّو تحكيو معاه فالتيليفون؟ 👀📱 Avec DJEZZY, restez toujours en contact avec vos proches.😍👨‍👩‍👧‍👦Taguez la personne avec laquelle vous passez des heures au téléphone 👀📱 #djezzy #dz #réseau",2,1.0,dataset_1,1
عروض فاشلة في انتظار عروض اخر السنة,1,1.0,dataset_3,0
مذابيكم ترجعولنا نتاع 150ب40Go الله يحفضكم 200بزااف راهم كامل هربو للجيزي والموبيليس الله يسجيكم,0,0.0,dataset_3,0
مرحبا،لقد تم الرّد على رسالتك في الخاص.زهرة من جازي,1,0.0,dataset_1,0
قسما بي الله العضيم راني بلبيست سويتش وراني نشوف فل فديو نتاعك 144. وكي نطلعها تهبط ترجع لڨيا من 6 ل12 نتاع ليل. عندا هاذي مدة شهور وهيا هكذا كانت مليحة شهور هاذو عينا كامل فليل. موبيليس لي عندي رجعت خير منها فليل راني راح نقلب دوك لموبيليس باش نشوف الفديو بيا,1,1.0,dataset_3,0
هل ستدخل شركات منافسة لانفصالات الجزائر ؟,0,0.0,dataset_3,0
كامل كيفكيف لا حياة لمن تنادي,1,1.0,dataset_3,0
فيديو تاع 5 دقائق ميحبش يمشي وتوقلو10 ملاين بركاكم من الخرطي,0,-1.0,dataset_1,0
قرعة كاس افريقيا . ضربتوا عليها النح ..؟,1,0.0,dataset_1,0
😆😆 la veste 🧥 t7lbnalh,1,0.0,dataset_1,0
قلنا ان العملية ستكون تدريجياً,0,0.0,dataset_3,0
بدون تكاليف الأنترنت 😊,2,1.0,dataset_1,0
المشكل ف الكونيكسيون ماكانش و ليس في العروض,0,1.0,dataset_2,0
Ya kho Nzid 600 3la 500 Wla nkhales 600 Ctt ?!,1,0.0,dataset_1,0
بييت جامد,1,0.0,dataset_1,0
Sérieusement depuis que j'ai dezzy je suis plus en panne de cridi ni internet 💓💓 avant je je suis galère mtn hamdoullah 🌹,2,1.0,augmented,0
تجربة رائعة  نشكركم,2,1.0,augmented,0
🍿 تفرّج بلا ما تشوف شحال بقاولك من جيغا 😍 شفتوا 🤔؟The Witcher🎇 لي لعبوLe jeu vidéo 🎮 ديرو الصّف فالتعليقات نشوفو شحال كاين معانا Les Les gamers gamers 🙋🏻‍♂️ 👀 #djezzy #dz #hayla #thewitcher #netflix,2,1.0,augmented,1
"Avec l'offre HAYLA MAXI 😍😍Profitez et de d'un MAX d'internet et de crédit, mais pas que, profitez aussi d'appels et SMS gratuits et illimités vers Djezzy 😎😍",2,1.0,augmented,1
Bonne fête Djezzy Prière d'améliorer votre connexion .,1,0.0,dataset_1,0
ياخويا عاوني راه عندي مشكل في بريدي موب كلمة السر نتاعي يقولولي خاطء,0,0.0,dataset_3,0
ڨولونا برك لي زينيتي وين راهم يروحو راهم ينقصو بلا ما نهدر,1,0.0,dataset_1,0
كفاه نديرو مع العصابة,1,1.0,dataset_3,0
أنا الحمد لله عندي جيزي وأقوى من موبيليس ومن نجمة وسييتهم ڨع والجودة في الانترنت في جيزي فقط,2,2.0,dataset_3,0
خصتني بيس 4g,0,0.0,dataset_3,0
خبر بزٌاف مفرح,2,2.0,dataset_3,0
Ta3 800da → 200da crédit +15go Internet walah la kanet msa3dtna ghaya rodoha,1,0.0,dataset_1,0
موبيليس افضل كونيكسيون في العالم 💪💪,2,2.0,dataset_2,0
نحوها وحدكم مش تغرمونا عليها لينتي.. لنفليكسوها طيروها…,0,1.0,dataset_2,0
ريزو نتاعكم راه عيان بزااف.,0,1.0,dataset_2,0
كذابين لاكونيكسيو والو موبيليس خير والله سgمو لاكونيكسيو تاعكم,0,-1.0,dataset_1,0
درتها لكن والله غير خلاصت بسرعة فائقة !! تخلعت و الله !!,0,1.0,dataset_2,0
ماتزكيوش علينا لابغا 2gانترنات برك,1,0.0,dataset_1,0
3andi oppo Reno 3 fih 4g+ ??,0,0.0,dataset_3,0
تخرط,1,1.0,dataset_3,0
Connexion dayra ki lkhra na3l waldikoum,0,-1.0,dataset_1,0
Djezzy السلام عليكم حبيت نسقسيكم عندي ىابيس جيزي قديمة و عندها بزاف ملي غلقتوها و دوك راني نعيط لهداك نميرو يقولولي موقف حاليا راني حاب نسترجع هداك الرقم ولكن كانت على الاسم تاع الوالد تاعي والا تقدرو توفرولي هداك الرقم على اسمي وشكرا,1,0.0,dataset_1,0
أريدو la gold هل يوجد فيها هذه العروض,0,0.0,dataset_3,0
Fliksi svp uregen,1,0.0,dataset_1,0
mchi nikmk,1,0.0,dataset_1,0
سلام اخي ..<br>حاب نشري مودام 4 جي لشريحة موبيليس باش نحطو في الطابق العلوي ونكونكتي ..<br>واش من مودام خير في الجودة موبيليس خير ولا مودام 4جي لكل الشرائح لربما نبدل الشريحة . مشكور .,0,0.0,dataset_3,0
هاد عرض دائم ولا شهورا ويڨلعوه,0,0.0,dataset_3,0
جيزي خير,2,2.0,dataset_3,0
Yooz makash fal iphone,1,1.0,dataset_3,0
.i.a.d_b تقدر تتصل بنا عبر Dmبرقم هاتفك و معلوماتك حتى يتم النظر إلى المشكلة و حلّها,1,0.0,dataset_1,0
انا الاول,0,0.0,dataset_3,0
المجهودات موبيليس على شكرا المبذولة,2,2.0,augmented,0
انا عندي دي بصح مشي حتا لتم ناقصة شوية,1,1.0,dataset_3,0
La WIn 200 فيه التزام؟,0,0.0,dataset_3,0
احسن تغطية بتدفق عالي شكرا,2,2.0,dataset_3,0
ما فهمتش,1,0.0,dataset_1,0
Ana 3ndi telephone poco x3 pro w pus mobilis pix ki nfixi l4g tkoun mli7a,2,2.0,dataset_3,0
كاينا دوكا,1,0.0,dataset_1,0
خنا ليكبور على راسها ويدورلك 5G خلينا من الجيل الخامس العهدة الخامسة هه,1,1.0,dataset_3,0
يا خويا تيكنو اقلبنا الكاميرا فليفيديو توعك رانا نشوفو بلمقلوب,0,0.0,dataset_3,0
هل من جديد حول الغاء الفيكس !؟؟ اتصالات الجزائر,0,0.0,dataset_3,0
فليكسيت 500 الف ماعنديش سمانة مشات شويا واليوم حبست خلاص شوفلنا المشكل وين عل وجه ربي. سينو نحرق جد لابيس,0,-1.0,dataset_1,0
علاش متهدرش، على، yooz,0,0.0,dataset_3,0
يوجد تلاعبات قوية من طرف دجيزي خاصة الوقت الاخير,1,1.0,dataset_3,0
كاش جديد علا اتصالات الجزائر,0,0.0,dataset_3,0
Le site est fonctionnel 😉,1,0.0,dataset_1,0
El mosseribine ta3ek rahome rotard hh ki hadi ki la switch li kolte 3liha beli rah yzidoulha hh,0,0.0,dataset_3,0
الله لا يتربحكم ياالسراقين 3 مراات وانا نفليكسي ندخل باه ناكتيفي نلقاها راحت,0,-1.0,dataset_1,0
اعطني الحل,1,1.0,dataset_3,0
انا تاني لا انصح بالعرض والله يا خوتي شريتو و ندمت خسارة دراهم,1,1.0,dataset_3,0
السلام عليك أنا راني باغي إديرو أوريدو عرض 90 ٩٠ جيڨا أوكتي بلا إشتراك شهري,0,0.0,dataset_3,0
انا اليوم خلاص رجعت فليكسيت في اوريدو . بلوكاولي لابيس بدون سبب ودون سابق انذار . اوريدو تعطيني 12 جيغا خير من 40 جيغا تاع جيزي .,1,1.0,dataset_3,0
تيكنوا يا خو راني باغين خدمة الشحن في لعبة فري فاير بالشريحة عفاك تواصل معاهم و قلهم ❤,0,0.0,dataset_3,0
كفاش تعرف بلي عطاوك اوفر في اوريدو,0,0.0,dataset_3,0
Merci djezzy,2,1.0,dataset_1,0
شبكة لا تصلح حتى للفيسبوك فما بالك فاليوتوب والمواقع الاخرى,0,1.0,dataset_2,0
عندي عام ملي نحيت هاد زبل تع جيزي <br>سراقين <br>وكيلهم ربي,1,1.0,dataset_3,0
Jawboni☺,0,-1.0,dataset_1,0
عروض امتياز رجعتوهم مي عرض تاع 80الف كاين ولا لالا مشفتوش فالقائمه,1,0.0,dataset_1,0
خويا عندك كنت نتفليكس بون بري😅😅,0,0.0,dataset_3,-1
والله تقول كونيكسيو تمدولنا فيها بلمزية 40جيغا وتدفق تع 2g 🙄🙄,0,-1.0,dataset_1,-1
واش راك  شكرا,2,2.0,augmented,0
عروض امتياز هذا شحال مابان عليها خبر في هذ الفترة العصيبة محتاجينها أكثر من السابق شخصيا ماكنتش نكمل ڨاع ليجيڨا الي كانت في العروض و عن المكالمات كيما كانوا يجيوا في العروض كان يوليوا ليكم يعني هذا هو الوقت باش تعوضونا,1,0.0,dataset_1,0
Ooredoo gold mliha,2,2.0,dataset_3,0
لكن التغطية ضعيفة في دائرة اشمول ولاية باتنة لقد راسلناكم عشرات المرات المشكل الهوائي الرئيسي المسمى ادارت بعيد عن المدينة والهواىي المتواجد في المدينة ليس سوى عمود للكهرباء وليس عاليا كما هو الحال ولكم واسع النظر,0,1.0,dataset_2,0
عرض مليح و انترنت مليحة، تعلمت حاجة ما نسمع لحتى واحد نجرب بروحي و في وقت الذروة كونيكسيون مليحة عندي مقارنة بالمتعامل الثاني لي عندي,2,2.0,dataset_2,0
احنا مازلنا نتعاملوا بال 2G موبيليس ويلا لحقت,1,1.0,dataset_3,0
تقيلة شوية,1,1.0,dataset_3,0
Sa veut dire 1100da =insta +FB + YouTube illimité ou quoi?,1,0.0,dataset_1,0
كل والتوفيق النجاح لمدير المؤسسة والمزيد من التآلق ونجاح.,2,2.0,augmented,0
كاشما خبر على ايدوم 4g ربي يحفضك,0,0.0,dataset_3,0
ريزو كارثة,1,1.0,dataset_3,0
لاباطل لا والو اكتيفيتها لقيتها زيرووا,1,1.0,dataset_3,0
lhadra,2,2.0,augmented,0
المقاطة💪💪,1,1.0,dataset_3,0
اخي انا عندي موبيليس كيفاش نفعل top 4g تع 500da وشكرا,0,0.0,dataset_3,0
.dz ana siyit makayn walou😑,0,-1.0,dataset_1,-1
عروض امتياز قبل يومين كنت نقدر ن اكتيڨي 30 و درك توقفت ولات فقط رقم 3 : اكتيڨي 100,1,1.0,dataset_3,0
Y pas d’option pour que je puisse parler avec tout les réseaux sans internet ? Car sincèrement la qualité d’internet est très médiocre !,1,0.0,dataset_1,0
تجربة رائعة صح نشكركم,2,2.0,augmented,0
مليح بزاف  نوصي بيه,2,1.0,augmented,0
خويا لعزيز هل مزال كاينا خدمة تبديل شريحة 3g الى 4g في موبليس من خلال الموقع..؟<br>واذ مزال كاين خويا حطلي رابط الموقع,0,0.0,dataset_3,0
كيفاش تولي 4g plus مشكل تع لبلاصة لي نكون فيها ولا لازم نعيطلهم ؟,0,0.0,dataset_3,0
خونا متقولش عروض انترنت قول عرض سحب المال من شعب بسك الأنترنت والو,1,1.0,dataset_3,0
خويا الله يحفظك نقدر نكتيفي 1200 نهار 28 في رمضان وتكمل معايا حتان للبعد رمضان ولا نن الله يحفظك رد,0,0.0,dataset_3,0
Gedona la 4g ay habltni had liyam😑😑,0,-1.0,dataset_1,-1
يا صديقي عرض ممتاز بكل صراحة و التدفق جيد,2,2.0,dataset_3,0
cnx ma3lblich wchbikom had lyamat wlh surtont bareh makach kaml riglona cnx nb9a mtkhlonach nndmo l chrina djezzy,0,-1.0,dataset_1,0
موبيليس راكم هايلين أقعدو كيما هكدا,2,2.0,dataset_2,0
أخي رائع مشكور تطبيق واصل,2,2.0,augmented,0
- صحا,2,2.0,augmented,0
سلام خويا شوفنا کاش vpn مليح والله هادي cnx هبلتنا <br>وبارك الله فيك,1,1.0,dataset_3,0
أنا راه عاجبني أنا راه,2,2.0,augmented,0
والله ياخويا مفيها لا اوريدو لا جيزي لا موبليس يسلكها غير بوطي و تقليعا من هدا بلاد كي هيا كي صولها خخ,1,1.0,dataset_3,0
Aw la switch fiha tani bonus??,0,0.0,dataset_3,0
انا نسكن حدا اونثان تع جيزي وراني نعاني كومونثار ميخرجوش 🤒😠😠,0,-1.0,dataset_1,0
FL conixion kayn mobilis 1 Apres oorreedoW mba3d Allo wla walo Wmba3d makayn walo,0,-1.0,dataset_1,0
هذي طريقة صالحه برك في top 4g ولا ابيست عاديه تمشي ..!!,0,0.0,dataset_3,0
هه ولكنكسيو تاع موبيليس خرى خرى خرى خرى تفوو,1,1.0,dataset_3,0
w resau maxi khra,0,-1.0,dataset_1,0
تجربة رائعة والله نشكركم,2,2.0,augmented,0
جيزي يحلبو بزااف 😕,0,-1.0,dataset_1,0
جديد فرص العمل و التوظيف في القطاع العام و الخاص,1,0.0,dataset_1,0
وشبيهم هردون,1,1.0,dataset_3,0
Diro débit mli7 après nhadro ..ilimite 9alek 😂😂.,0,-1.0,dataset_1,-1
أسوأ متعامل هاتف نقال في الجزائر 😡😡سراقيين,1,1.0,dataset_3,0
adi ghi ma tetma3ch 😂😂 cha3b rah bel 186 j'aimes,1,0.0,dataset_1,-1
جمعةمباركة للجميع إخواني الأعزاء في الجزائر 🇩🇿,0,0.0,dataset_3,0
اخر شهر ليا ف جيزي ينعل باباها بيس,1,1.0,dataset_3,0
ولله ياجزي اكي 1500رجعتهالي5جيقا😒😒,0,-1.0,dataset_1,0
rebi yahefdek tecno,2,2.0,dataset_3,0
Where is the dark mode 🧐 is the,2,1.0,augmented,0
متابعة ومردودة🔥🔥,2,1.0,dataset_1,0
ya tecno mobilis ma kashaach,1,1.0,dataset_3,0
كم يدوم هذا العرض تع ديما ارجو الرد ؟؟,0,0.0,dataset_3,0
راكم شايخين علينا واش تبارطجي على الأنترنت الزينة.تقول راكم تصدقوا علينا المهم هدا المرة راني أكتيفيت شهر بصح الشهر الجاي تحيا أوريدو و نزيدوا,0,-1.0,dataset_1,0
انا شريتها وندمت حبستها راني بنجمة فوور,2,2.0,dataset_3,0
مكانش هذي العفسة,1,1.0,dataset_3,0
to talk لا يحتسب نقاط,0,0.0,dataset_3,0
اولا عيدكم مبارك كل عام وانتم بخير ثانيا ارجو منكم النظر في طلبي وشكرا .,1,0.0,dataset_1,0
راني مشترك في هايلة بزااف ، راهي حشاكم خراا هدا ليمات,1,1.0,dataset_3,0
Ana alger kifach nraja3ha 4.8 <br>Ana andi 4g normal w dayarha fi modem,0,0.0,dataset_3,0
"Bonjour tech il y plusieurs mois que je vous est pas vu, où est tu passe.",0,0.0,dataset_3,0
ya weldi wlh karholi hyati 4g tgolha 2g 3ayana grv wlh,0,-1.0,dataset_1,0
تجربة رائعة ✅ نشكركم,2,2.0,augmented,1
شاومي مافيهش save data malheureusement,0,0.0,dataset_3,0
هه ضرك شويا يقوى لغاشي فيها تنقص بسبب نقص ابراج الاشارة والضغط علبها,0,0.0,dataset_3,0
صح فطورك عمتي موبيليس❤️,2,2.0,dataset_2,0
ربي يسترك,2,2.0,dataset_3,0
فلكسيت 200da محبتش تمشيلي وكونكسيو مكانش وثقيلة😒,0,1.0,dataset_2,0
Magnifiques zidou segmou la connexion brk,0,-1.0,dataset_1,0
راني الكونكسيون طياارة,2,2.0,augmented,0
عرض كاريثي بأتم معنى الكلمة,0,1.0,dataset_2,0
و معا موبليس نحكي. بلاش,2,2.0,dataset_2,0
وبهذه المناسبه يا مدام جيزي هاكي 👈🔨,1,0.0,dataset_1,0
راهي هي المليحة في الوقت الحالي,2,2.0,dataset_3,0
تم الرّد :),1,0.0,dataset_1,0
ريڨلونا الكوناكسيو يهديكم ربي,0,1.0,dataset_2,0
ممكن الرد على رسائلي المبعوثة على الخاص,1,0.0,dataset_1,0
انا مفعل يوتيوب غير محدود نخدم 1جيكا ومن بعد تموت الانترنت ما فهمتش وعلاه يديرو هاك كرهونا فيهم .,1,1.0,dataset_3,0
كنت قبل تحط حوايج مهمين بصح ضرك لا وليت تحط عنوان بصح كي ندخلو منلقاو حتى حاجة ..وليت من جماعة لي يجرو ورا مشاهدات ؟ دير محتوى مليح و مشاهدات تجي وحدها,0,0.0,dataset_3,0
واش بيها البيس تاعي فيها ريزو وفيها ليزونيتي وين نجي نعيط ماتقبليش,0,-1.0,dataset_1,0
نطالب من جيزي التواصل مع فري فاير لاضافه خدمه الشحن عبر رقم الهاتف ليتمكن اللاعبين الجزائريين من الشحن بفري فاير عبر رقم هاتفهم جيزي وسيكون لهذا الامر فائده كبيره لكم حيث سيشتري عدد اكبر من الجزائريين شريحه جيزي وتحصلون على زبائن اكثررجاءا نريد الشراكة بين جيزي ولعبة فري فاير سيساهم في اقتناء عدد كبير من الجزائريين لشريحه الهاتف جيزي واستعمالها,1,0.0,dataset_1,0
"rockstar north, rockstar games",1,0.0,dataset_1,0
بلاصة الي نسكن فيها مكانش فيها ريزو غير تاع جيزي,1,1.0,dataset_3,0
Connexion ta3kom dayra ki zebi yfaD chhar hada nikomo na9Ssemha 3la 100 dertoli Lattention,0,-1.0,dataset_1,0
.__.ou._.chouchou non tchriha 600da tl9a fiha 500da wfiha ge3 douk swala7 Li galouhom après tog3od tflixy b 500da ana chritha sba7,1,0.0,dataset_1,0
هنا في خنشلة عندها حوالي 15 يوم من السابعة مساء حتى منتصف الليل ماتفوتش 200kb ، الشهر الأول كانت مليحة و ضرك النصف الثاني راني كرهتها باش تفرجت الفيديو هذا نتاعك سوفريت,1,1.0,dataset_3,0
Wkilekom rabi Maghreb aya réseau bye bye b selama mais le7a9 fina ga3din abonnée andekom,1,0.0,dataset_1,0
سراقين ا ودي كلاب,0,-1.0,dataset_1,0
بيس مليحة,2,2.0,dataset_2,0
انترنت في جزائر قاع خورده توالى في العالم..,1,1.0,dataset_3,0
السرعة تاعو ضعيفة بزاف,1,1.0,dataset_3,0
Y a El khawa Jai vu les commentaires ga3 Rana nachkou m'en la connexion de Djezzy lazem ndirou réclamation au niveau des agences pour qu'on soit entendu . Les réseaux sociaux ils sont pas a l'écoute .,1,0.0,dataset_1,0
نصيحة متجربوهاش اسوء شبكة تدفق ضعيف,0,1.0,dataset_2,0
عندي جيزي غبر خفيفا راني 60 جيقا فشهر,2,2.0,augmented,0
Djezzy والريزو واش بيه 20kb /s الله يهديكم,0,-1.0,dataset_1,0
هه انا كدرة التطبيق تاعك كونيكسيون ماتت يا خويا,1,1.0,dataset_3,0
اوريدو 200 الف شحال فيها هدرة؟,0,0.0,dataset_3,0
لا ريزو لا كونيكسو والله راح نهبل شاك فوا جي فراسي نكسر جدها باش تشوف لكريدي ماتقدرش و كي نعيطلهم تقولك طفي الهاتف وعودي شغليه ودا ما بقا البروبلام عودي و تعاود مايريبوندوش والله غير تعيي,1,1.0,dataset_3,0
عندي بيس جيزي قديمة كيفاه نحولها 4g,1,0.0,dataset_1,0
عندي مشكل اخي <br>عندي H+ متخرجش 4G,1,1.0,dataset_3,0
._.a .dirahoui .ks._x_ .o_o,1,0.0,dataset_1,0
اجمل في عرض موبيليس والله 🥰❤🌹,2,2.0,augmented,1
هه عندي جيزي نخلص 150الف لشهر ولفيديو نتفرج فيه يحبس ويعاود يقلع بفف هبلت هبلت هبلت,1,1.0,dataset_3,0
Cnx 3ayana mt9dr tchof vidéo ma ta9dar tconcté m t9dr waloo rakom waloo 0 nbadalkom,0,-1.0,dataset_1,0
خويا زيد موبيليس تزيد في سرعة الأنترنت المنخفض على توب 4G,0,0.0,dataset_3,0
Ntoum ta djezzy ga3din takhedmou wla techethou n3ayt l 77 ou 07708577 makyn walou neb3th fl fb makyn walou . 9fltou l agence hna fi guelma wana mctivi ou puce mblokiya . Cheti maytehalch problem l agence nahregueha,1,0.0,dataset_1,0
عندي 4ايام وقفت جازي كونفور,1,1.0,dataset_3,0
Cnx t9ila,0,-1.0,dataset_1,0
الانثرنث ثقيلة خلاص,0,-1.0,dataset_1,0
نزيدكم 4g والله ما كاينه، في الجزائر. كذب فقط أضعف انترنت في الارض,0,-1.0,dataset_1,0
ياحي. على. 80. جيغا. نكملها. في. اسبوع. قطره .ماتقعد. انا. لازمني. ابولمو .تاع. عام. ديرك. مكانش. عرض. تاع. 100. جيغا. من. اللخر.,0,0.0,dataset_3,0
ولاه ثم ولاه غير غلطت حياتي نهار شريت بيس موبيليس نفليكسي صوميل تقول راني نطلب عليهوم <br>افشل شركة في العالم سلحفات اربك <br>تروح لمالي تعيش متفيقش,1,1.0,dataset_3,0
الوصفة المجربة 📜 لعلاج البثور السوداء باستخدام قناع البيض والعسل 🥚🍯 زوروا حسابنا فورا⁦ ☺️⁩,1,0.0,dataset_1,0
👏🏻👏🏻❤️❤️💙💙,2,1.0,dataset_1,0
الخدمة تاعكم رائعة 😍,2,2.0,augmented,1
رجعو في الخاص ولا هزو علينا برك منبعد ساهلة,0,-1.0,dataset_1,0
pas de panique elle est toujours dispo vous pouvez choisir vous qui l'offre convient entre Youtube et Fb+Insta,2,2.0,augmented,0
موبيليس و الكل يتكلم و يكونيكتي 😍,2,2.0,dataset_2,1
كذاببن ننصحكم ماترجعوهاش تاكل الأنترنات بزاف بلخف تخلاص,1,1.0,dataset_3,0
هنيئا لموبيليسنا مزيد من التألق والتفوق…,2,2.0,dataset_2,0
كلشى مبروك موبليس بتوفيق لكم,2,2.0,dataset_2,0
ماهو احسن مودام حاليا من حيث الشبكة و كل شيء <br>سعر يكون 100الف شهريا ؟!,0,0.0,dataset_3,0
Nn c pas vrai,1,1.0,dataset_3,0
نسرين بريفي بب نقلشك بليبو هه,1,0.0,dataset_1,0
اسوء عرض لي جيڨا يفروو وحداهم يخلاصو ديراكت وبالمناسبة حبيت نسقسيكم كيفاش نعاود نرجع ل pixx!,0,1.0,dataset_2,0
السلام عليكم كيفاه كل مل نفليكسي تدولي انا درت رنتي مرة وحدة بصح وليتو كل خطرة تعاودوهالي,1,0.0,dataset_1,0
شعب مايعجباش العجب احمدو ربي,2,2.0,dataset_2,0
وش هو الفايدا من هذ الفيديو يرحم باباك<br>ما قلت كفاش ما قلت الجديد تاعها ما فهمتنا ونتا وماراك فاهم والو<br>يعني ضيعتلي 4 دقايق من حياتي بوورياا,0,0.0,dataset_3,0
احسن متعامل جيزي,2,2.0,dataset_3,0
Yakho win nsib Hadi lapuss,0,0.0,dataset_3,0
"مرحبا,العروض اللّي تلقاها في اطار برنامج الوفاء امتياز هي عروض ترويجية و متغيرة، نحن نسعى جاهدين لكي يستفيد منها جميع زبائننا, يمكنك أن تشكّل *44# في كل مرة باش تعرف كل جديد.",1,0.0,dataset_1,0
مهمناش العرد الصرقة تع الدراهم ركوم تصرقو بزاف موبيليس كانت مليحة كي ولت تدي الدراهم راحت,1,1.0,dataset_3,0
.dz ya tfriwha m3aya prv ya ndirlkum prblm mlkher rani srxx arwa7o prvv ou fhmuni sinon norla9ha chreka ta3kum hadi😡😡,0,-1.0,dataset_1,0
يا جيزي ديرو الدعاية كي تكون خدماتكم قوية. نص لكبير ولاية تيبازة الريزو صفر,0,-1.0,dataset_1,0
كي توصلنا 3g امبعد نجي نشوف الفيديو <br>وثاني مدرلهمش la pub,0,0.0,dataset_3,0
سرفيس مليح 🌟 برافو,2,2.0,augmented,1
انا ودعتها في 4 اشهر عندي موبيليس حاليا لي تكلمت عليها,1,1.0,dataset_3,0
السلام عليكم<br>نتا في فيديو قبل قلت في عرض 150الف تزيدهم 25 الف يعطوك بيس ثانية . اليوم رحتلهم قالولي 50 الف زايدة شهريا يعني تولي تسلك 200 الف.,0,0.0,dataset_3,0
6M dawnlod 6M applawd,2,2.0,dataset_3,0
تحيا لك من بشار ورمضان كريم ❤️❤️,0,0.0,dataset_3,0
كل ما يسرقوك تلقاها في سما هذا العرض تع سرقة,0,1.0,dataset_2,0
"cet emoji "":)"" me met en colère tous les temps !!",1,0.0,dataset_1,0
Slm lahbib,0,0.0,dataset_3,0
شكراً لك على المجهودات وخصوصا تبديل الجنريك الخالي من الموسيقى,0,0.0,dataset_3,0
ليش تمسحوا الكومنت تاعي ! احكولي كيف نفرح بالعرض ومكانش كونكسيون ها ؟ 🌚🌚,0,-1.0,dataset_1,0
لماذا لا ترعون المدارس المدارس القرآنية ، ترعون الفرق لكي يصهروا بالأموال في الملاهي,0,1.0,dataset_2,0
عرض كي وجوهم ..ديسلايك و سينيال,1,1.0,dataset_3,0
تسما تحشاتلي مشريتش ايزيي -_-,1,0.0,dataset_1,0
Arcade🔥,2,1.0,dataset_1,0
كونكسيوراها تنقطع وحدها,0,1.0,dataset_2,0
hh connexion hal wahid mo9ata3a,1,1.0,dataset_3,0
في عرض سما نت 100دج 30 جيغا و الفيسبوك باطل يعني من لي جيغا ولا بعد 30 جيغا يصبح مجاني,2,2.0,augmented,0
تدفق الانترنات ضعيف جداا,0,-1.0,dataset_1,0
كونكسيون عندها زوز ايام راهي كارثا,0,-1.0,dataset_1,0
راني نشوف لفيديو تاعك بجيزي 720p50.. بركى ماتخرط,2,2.0,dataset_3,0
🙄,1,0.0,dataset_1,-1
🌟 ممتاز والله,2,1.0,augmented,1
عروض تافهة,1,1.0,dataset_3,0
ياخويا ندير حمل ضد كل شركة نديرو يدي وحد نحبس كل مشكل,1,1.0,dataset_3,0
تحيه الجزائر ويحي جيشها ويحي رئسنا وربي يحفظ بلادنا من كل سوء,1,0.0,dataset_1,0
مرحبا،تفضل بطلبك، كيف يمكننا مساعدتك ؟ زهرة من جازي,1,0.0,dataset_1,0
Est ce que lazem ykoun kayn crédit F la puce bah nerb7ou des 🎁 ?,1,0.0,dataset_1,0
نحتاج العرض تاع اوريدو لي 100 DA,0,0.0,dataset_3,0
قالك #سلطة_الضبط تقوم بالاستفتاء بين المتعاملين..و لحد الآن الكل يقوم بالتصويت من اجل ايقاف المتعامل #جيزي و وضعه حيز الاقصاءبسباب الريزو العيان,0,-1.0,dataset_1,0
.dz 😭,1,0.0,dataset_1,0
Super mais sa va vite,1,0.0,dataset_1,0
100دج شحال يعطوك من جيقا,0,0.0,dataset_3,0
كي تفليكسي100 شحال يعطوك,0,0.0,dataset_3,0
ولي راهي عندو بصح مكوبيا صغيرة بزاف و حاب يجيب وحدة جديدة تروحلو توب ثاني ولالا ؟,0,0.0,dataset_3,0
يا أخي الذئاب تصطاد جماعة وعمش خير من اعمى وانا راني متأكد بلي علة القلة من فمها ونتا راك عارف بلي السياسة تتحكم واش يدير الميت في يد الغسال,0,0.0,dataset_3,0
علاش ماديروناش عرض فيه انترنت غير محدودة مثل باقي المتعاملين,0,-1.0,dataset_1,0
وشمن زلات يرحم باباك تقوليهم تقاشر,1,0.0,dataset_1,0
كثرة الإشهارت ملقيتش تطبيق,1,1.0,dataset_3,0
اسوى عروض vive nedjma,0,0.0,dataset_3,0
أسوأ تدفق للأنترنت 😠تقدر تلعب عل الساعة 2 صباحا إلى ساعة 8 شكرا علي سوأ الأنترنت😇,0,-1.0,dataset_1,0
تشريها ماتخدمش بيها اسبوع كل يوم تقطع الانترنت وماتجيش باليومين والثلاث وش من فايدة اذا 45 جيغة ماتخدمش منها 5 جيغة,1,1.0,dataset_3,0
يا أخي نتا راك تهدر برك انا راني داير هاد العرض و و الله نشوف لي فيديو كامل 1080p ب بدون تقطع .. قبل ما تهدروا تأكدوا من صحة المعلومات و الا جربوا بنفسكم,2,2.0,augmented,0
فاشلين بكل صراحة,0,-1.0,dataset_1,0
كاش واحد يقولي les renvoi d'appel بلكريدي ولا لا علي خاطر دارتو وراحلي كامل لكريدي,1,0.0,dataset_1,0
ردو عليا في الخاص,1,0.0,dataset_2,0
مفاجأة تع 🤬🤬,0,0.0,dataset_3,0
💗💗,2,1.0,dataset_1,0
يجزي من فضلك الرد انا استلفت 20 دينار ولكن لدي أمر طارئ كيف اتسلف من جديد الرد,1,0.0,dataset_1,0
شكرا جزيلا 💯 كل شي مزيان,2,2.0,augmented,1
جيزي 👎👎,1,1.0,dataset_3,0
نقلكم حاجه النت في جزائر لن تتحسن الا بدخول منافس اجنبي للبلاد اذا مكانش نبقو هكا,1,1.0,dataset_3,0
"سلام عليكم خويا <br>نسقسيك , عندي لابيس لاوين موبليس .<br>كنت مركبها و عندي شهر اوت و سبتمبر حبست مش نفلكيسيلها ( لاني مركب معاها جيزي . و مكتيفيها )<br>المهم قبل شهر اوت كنت ديما نفلكسيبها 130 . الا الشهرين هاذو برك .<br>المشكل حبسوهالي رغم ان لابيس راكبة في الهاتف مش منحوحة <br>ثانيا نقدر نرجعها ابس عادية ( الرقم نتاعها عزيز عليا )<br>و بارك الله فيك",0,0.0,dataset_3,0
مليح بزاف 😍 نوصي بيه,2,2.0,augmented,1
سويتش كارثة في بومرداس من ستة حتى حداش زيرو مونكسيو احسن عرض كات جي,1,1.0,dataset_3,0
عرض مثل جميع العروض،لايوجد فيه اي جديد.,0,1.0,dataset_2,0
.1412 hadi la puce kisemoha slvp,1,0.0,dataset_1,0
راهي خاصتنا غير الهدرة و وجع الراس و النميمة الله يهديكم,1,0.0,dataset_1,0
هو عنده بيس توب 4 حولها للبيكس قبل يعطوك 13 جيقا تكملها كما باقي لبيس خصك تعاود تاكتيفي من جديد دوك لا ولات فيها تدفق ضعيف حتى يكمل شهر,1,1.0,dataset_3,0
t3na f la page Aboniw khwti,2,1.0,augmented,0
.cp720 😂😂,1,0.0,dataset_1,-1
Nassim Nino تعيش خويا,1,0.0,dataset_1,0
قناة مليحة راني ابوني جديد بالصح حاب نحط تعليق نتمنى تتقبلو بصدر رحب <br>نتمنى تجمع الافكار تاوعك من بعد تدير فيديو بيسك الطرح ثقيل بزاف كاين تمطيط .. خاصة للي ما عندهمش وقت بزاف,0,0.0,dataset_3,0
انا باغي نلعب برك ping عالي بزاف,0,0.0,dataset_3,0
يجب تعديل عرض سبيسيال خاصة الدفع البعدي بعد هذا العرض و ذلك بمضاعفة رصيد الانترنت أو جعلها غير محدودة حتى يبقى عرضا استثنائيا وإلا فسيتركه الناس لأن العروض الأخرى مثل هذا العرض أحسن منه بكثير,1,0.0,dataset_1,0
💓,2,1.0,dataset_1,0
واش راق تقول صح انا عندي 50جيق اشهر كامل يقعدلي 46جيق,2,2.0,dataset_3,0
بقى مشكل في تدفق في الانترنت كيف ستكون,1,1.0,dataset_3,0
Abonee page ghir da7k 😂,1,0.0,dataset_1,-1
حجم الانترنت متوسط لكن سرعة الانترنت والتحميل ضعيفة فى الليل,1,1.0,dataset_3,0
هو الفنان و انتم ..المتعامل جيزي افشل متعامل في التاريخ,0,-1.0,dataset_1,0
تحيا لڨولد ب150الف,2,2.0,dataset_3,0
22.16 wmzl mknch live rakoum rotard,0,-1.0,dataset_1,0
البارح فليكست 1500واليوم سكرتولي بيس كفاه ندير باه نفتحها,1,0.0,dataset_1,0
تجربة رائعة بصح نشكركم,2,1.0,augmented,0
cnx tae djezzy t9ila 3liha mbdawch🙂,0,-1.0,dataset_1,0
حاجة كبيرة الليلة منرقدش من لفرحة من جديد نتاعكم,2,2.0,dataset_2,0
انا نفليكسي بيكس 100 الف نتاع شهر ماتكمليش شهر ديرلي مابا 20 يوم كيفاه نتحفض بجيڨات او عرض زين,1,1.0,dataset_3,0
سلام ديرنا كيفاش نكتيفوا بيكس تاع 100,0,0.0,dataset_3,0
ندعوك للتواصل بنا على الخاص و تقديم رقمك الهاتفي و العنوان بالكامل لنتمكن من تحويل طلبك إلى المصلحة التقنية.,1,0.0,dataset_1,0
والله راك زعيم بارك الله فيك,0,0.0,dataset_3,0
في الجزائر مشي 4g ومشي 5g <br>في الجزائر 1/4 g و 1/5 g <br>كل ما تزيد تنقص 😂😂,1,1.0,dataset_3,-1
ويتبدل عرض سويتش ولا يبقى,0,0.0,dataset_3,0
😂😂 ماتحلمشي تلعب بيها ببجي من غير صباح باقي اليوم جاري تحميل وتموت وماتفيق الروحك بلي متت ،الببجي معاهم غير صباح وباقي اليوم ماتخدمشي,1,0.0,dataset_1,-1
يا حبيبي جيزي كل ما تهدر عليها نتا نروح ندير سبيد تاست تطلعلي نورمال ابلاود 8 و داولاود 20 و حتى مرات ل30,2,2.0,augmented,0
انترنت سيئة للغاية حسنو تغطية نتاعكم واهدرو مع العلم انني من مشتركين جيزي واذا بقات هكذا راح اصبح غير مشترك,0,-1.0,dataset_1,0
واش راك تخدم بتلفون هادا ردمي شاه ؟؟,0,0.0,dataset_3,0
أكبر سراق في الجزائر هو أوريدو😒,1,1.0,dataset_3,0
On a un soucis avec la qualité de la connexion 😏,0,-1.0,dataset_1,0
؟,1,0.0,dataset_1,0
Chelbi Badr Eddine ياخو روح صيد بعيد 😑,1,0.0,dataset_1,-1
خويا جيبنا realme gt للقنات وكم سيكون سعره في الجزائر,0,0.0,dataset_3,0
.chochita Abonee page ghir da7k 😂,1,0.0,dataset_1,-1
ليق يكون تليفون ولا شريحة تدعم 4g plus,0,0.0,dataset_3,0
السلام عليكم عندي شريحة top 4g وكي نفعل عرض 500 وقبل ما يخلاص الشهر نحب نفعل عروض الإنترنت لي كاينا ونخاف هل نقدر نفعلها ويكملولي الشهر جاوبني بارك الله فيك,0,0.0,dataset_3,0
صراحة هذا تطبيق 00,1,1.0,dataset_3,0
إلا نتا راك با 8mb/s حنا رانا ب 120kbps/s,1,1.0,dataset_3,0
راني نعاني بزليف نتاع موبيليس 🥺,1,1.0,dataset_3,0
.dz marahiche jini imtiaz 300da wach ndir bach jini,1,0.0,dataset_1,0
و ايدوم تاع الadsl كيفاش,0,0.0,dataset_3,0
.26 دوك انا مفهمتش فير لابيس تاعي ولا كيفاه,1,0.0,dataset_1,0
واش راك صح شكرا,2,1.0,augmented,0
Azul. ! Afud igarzen. !,0,0.0,dataset_3,0
شحال خلصوك هه,0,0.0,dataset_3,0
تضال تخرط علينا,0,0.0,dataset_3,0
.momo13__ hh mli7a hadi😂😂,1,0.0,dataset_1,-1
افشل شركة اتصالات فالجزائر هي جيزي دايرين عروض تاع انترنت 60 go فالشهر ودايرلك ليميطاسيو 😂 كي تطير تكونصوني 30go باينة بلي رايحة تفلس ناس مهيش مغفلة,1,1.0,dataset_3,-1
Question facile il faudrait ajouter la difficulté tout le monde sais que sais Rockstar,1,0.0,dataset_1,0
commentaire and rpg 🔥🔥 .yacine_ .unico .86 la team svp ge3 dirou jaime l Fantasy ❤❤,2,1.0,augmented,0
واش بيها إنترنت اشاره كامل تروح و تعاود ترجع 🙄🙄,0,1.0,dataset_2,-1
Khoya repondi b3atlk f prv !!,1,0.0,dataset_1,0
is awesome ..,2,1.0,augmented,0
أنترنت ضعيفة جدا في شبكة,1,1.0,dataset_3,0
ياودي ديرولننا كاش عروض ملاح 💔,0,-1.0,dataset_1,0
موبيليس دير اعصاب مع كونيكسيو,0,1.0,dataset_2,0
هل يحتوي على العرض 50 ألف للشهر,1,0.0,dataset_1,0
50جيڨا ماتشدش شهر او كي تخلاص تستنى حتى يكمل شهر اسوء لابيس,1,1.0,dataset_3,0
والله الكونيكسون ديالكم راهي خسارة الدراهم برك الواحد رآه يفليكسي باطل غير يعطي روحو برك و يقلق روحو مادابيكم شوفولنا المشكل,0,-1.0,dataset_1,0
عندي عفسة تعطيك كونيكسيون باطل في جيزي لي يحب يجي prv,1,0.0,dataset_1,0
يهديكم ربي مدينة زلفانة ولاية غرداية بلا ريزو لليوم الخامس على التوالي,1,1.0,dataset_3,0
صهه نيشان,1,0.0,dataset_1,0
خويا راني نحوس على realme c3 تقدر تجيبلي,0,0.0,dataset_3,0
واش راك بصح شكرا,2,2.0,augmented,0
كترولنا في عروض سما mix في عروض,2,2.0,augmented,0
🤣🤣karita ma 7abooch yripondiw w zedt tagithom f wa7d la page tseb 3lihom 🤣🤣,1,0.0,dataset_1,0
صفحة تهتم بالراب الجزائري وكل اخبار المغنين عشاق الراب ابوني عندي نسحقكم 💉🔥,1,0.0,dataset_1,0
اني فزت معاكم متى استلم هدية,1,0.0,dataset_1,0
ثم ثم تخلاص,0,1.0,dataset_2,0
خدمة الزبائن كارتة، لا احد يجيب على 77 و تقولي رصيدك غير كافي رغم انه عندي 200دج!!,0,-1.0,dataset_1,0
😂,1,0.0,dataset_1,-1
👌 لكان ريبونداو عليك قولي هه بيسك راهم ميحلبوش زعمة كخخ,1,0.0,dataset_1,0
يا اخي جاوبونا علاش هكذا رقمي نحتاجو علاش وقفتوهلي اليوم,0,-1.0,dataset_1,0
عندو الحق انا شريت جيزي كونترول عندها 15يوم والله كارثه متقدر دير بيها والو وعندي قولد اوريدو وليت ليها,1,1.0,dataset_3,0
Ooredo switch تقدر تديرها فلهاتف النقال اتمنة الرد السريع منكم او من اخونا🙂🙂,0,0.0,dataset_3,0
فيها استهلاك للانترنت أكثر من اللازم,0,1.0,dataset_2,0
"mafihach limitation La Switch, ana rani f Alger Centre, Kouba rani dayer Switch 120GB rahi jini 18Mbps download 18 upload",2,2.0,dataset_3,0
EL Rey Ressan والله مكاش حتا تعويضات,1,0.0,dataset_1,0
يراجل الهدرة في اوريدو ب 10 دج عيانة,1,1.0,dataset_3,0
مكانش عرض 150غولد اوريد,0,0.0,dataset_3,0
Yaww Rana n3anyww bzff 💩💩,0,-1.0,dataset_1,0
wtf kima ana,1,0.0,dataset_1,0
Glave 🤣🤣 booba 🤣🤣 izzy 🤣🤣,1,0.0,dataset_1,0
الخدمة تاعكم رائعة,2,2.0,augmented,0
زعما هذو يمثلون الفئة الشابة تاع البلاد 🙂,0,-1.0,dataset_1,0
جميع اتصالات الجزائر . وجميع الشبكات .<br>زي الزفت,1,1.0,dataset_3,0
ضيعت. وقتي في مشاهدة هذا الفيديو. قل. لنا. كلام. مفهوم.,0,0.0,dataset_3,0
عرض جميل كنت أنتضره من زمن طويل شكرا موبليس 💖,2,2.0,dataset_2,0
هذو تطبيقات كذابين امدولك سرعة وهمية اخي جربت واحد وصلت سرعة 800ميغا واليوتيوب والله متقدر تمشيه هنا تعرف تطبيقات لا اساس لها,1,1.0,dataset_3,0
بعد ما كانت جيزي احب متعامل ليا ياا الاهكم بزااف الكونيكسيون ثقيلة بزاف بزاف لدرجة انك في ثانية تخرج من الاسلام عادي لوكان كاينة كونكيرونص والله غير تتحركو و تلبو 90% من طلبات الزبائن ياك رانا نخلصو ؟ بدراهمنا ديرها غالية شوية و كونكسيون خفيفة واحد مايشكي من السعر نظرا لجودة الانترنت ربي يهدينا و يهديكم,0,-1.0,dataset_1,0
حتى فيكس تاع دار انترنت تدفق رهج,1,1.0,dataset_3,0
موبايس أحسن من djezzy.dz❤️❤️,0,-1.0,dataset_1,0
جيزي 42mb,2,2.0,dataset_3,0
سرفيس مليح والله برافو,2,1.0,augmented,0
احسن عرض هو 1500 يوتيوب غير محدود مدة شهر + 40 جيقا في شريحة الإنترنت فقط دون مكالمات,2,2.0,dataset_3,0
هه خلوي او ليامات افوتو بلخف هه والله اثقل كونيكسيون على وجه الارض هي تاعكم,0,-1.0,dataset_1,0
Nik matkoum ya wlad 9hab,0,-1.0,dataset_1,0
Danial Danial,0,0.0,dataset_3,0
اوريدو راها تتقطع بزاف رانا نخلصو باطل,1,1.0,dataset_3,0
1100 😊,2,1.0,dataset_1,0
الانترنت الجزائري خردة و سيبقى خرده ما دمنا هكذا .. نمشي في الطين و ندفع اموالا مقابل خردة,1,1.0,dataset_3,0
خويا أقلب الهاتف لان يظهر كلش بي المقلوب عندما.. تشاهد الايف تفهمني,0,0.0,dataset_3,0
ديرنا givway,0,0.0,dataset_3,0
بارك الله فيك مي عروض زوبيا كي الشركة الي دارتها<br>دين الله الناس راهم جيل خامس انترنت مجاني وحنا مزال200 تعطينى 60 ولى90<br>ويقلك عرض هايل تبا لكم ولشركتكم<br>وانتا باراك الله فيك على الفيديو مي نروح للفيكس خير,1,1.0,dataset_3,0
La connexion ta3kom rahi khera hacha nass wesh raho sari,0,-1.0,dataset_1,0
عرض هاايل رووعة ديما موبيليس,2,2.0,dataset_3,0
ta3 1500DA je sais pas wsmou mis bien hayla khir mnhom ga3 MM ki ykhls chhar yab3toulk le 1 whdhom eu y3touk dili hta le 15 fa chhr kn mtkhlsch chhar la djdid hadk les slfolk icopiwlk,1,0.0,dataset_1,0
سرعة مليحة,2,2.0,dataset_3,0
J'ai un problème de connexion dans ma puce djezzy,0,-1.0,dataset_1,0
ننصحكم خاوتي اب oredo Switch Hiya Ali rahi 9oxa 7aliyann,2,2.0,dataset_3,0
شكرا اخي معلومة في وقتها 👍👍😀🇩🇿,0,0.0,dataset_3,1
مانراسلوك مازبي نتوما لي راسلو شيكوركم قولولي اطلق شوية كونيكسيون ولا روح قود,0,-1.0,dataset_1,0
شهر 30جيقا وكي تكمل تولي 15 جيقا في شهر هه حشوه حشوه,1,1.0,dataset_3,0
ياخي اختصر شوية بفف تتكلم بزاف,0,0.0,dataset_3,0
ياخي رني top4 موبيليس رهي في تحميل ثقيل تبسة,1,1.0,dataset_3,0
خويا لعزيز انا مخرجتليش. عندي pixx 4G . كيفاش نحول الى سما,0,0.0,dataset_3,0
سبحان الله وبحمده سبحان الله العظيم استغفر الله صلو علا محمود صلى الله عليه وسلم//,0,0.0,dataset_3,0
موبيليس خروطو مجرد ارقام فقط تدفق شبه منعدم واعتبرها سرقة مقننة,1,1.0,dataset_3,0
😩 موبيليس,1,1.0,dataset_3,0
100ميغا بشحال,0,0.0,dataset_3,0
ياودي انترنت راهي مكانش طول مقارنة بجازي واوريدو في تقرت,0,1.0,dataset_2,0
Mrc khouya,2,2.0,dataset_3,0
نسقسي خاوتي علي تحويل top4g ل pix بلا منخسر عرض توب 4 جي ، نحولها ل pix و نرجع ل توب 4جي ف نهاية الشهر او نفعل عرض pix و بعد مباشرة نرجع ل توب 4 جي . بارك الله فيكم,0,0.0,dataset_3,0
نتفرج 720 موبيليس ماتتقطعش 1جيڨا باش تكملها تكبر طوب 4جي اجمل عرض في الجزائر,2,2.0,dataset_3,0
لازم الشعب يتلم و نديرو وضع طيران <br>نهار ولا يومين ولا 3 ايام,1,1.0,dataset_3,0
ناس تكسب و ناس تحسب اقعدو حسبونا حتا قداش نحكو في نهار😑,0,-1.0,dataset_1,-1
"5G,يعطيك سرعة تع 256",1,1.0,dataset_3,0
Join the new generation 😎 N'activy 500da 3endi 5Go pour 30 youm khelwy 👌🏻 Nzid 600da 3endi FB & Insta illimités 😍#izzy #djezzy #dz,1,0.0,dataset_1,1
خردة خردة خردة,1,1.0,dataset_3,0
في البلد الشقيق شركة الاتصال اطلقت انترنت مجاني للوقاية من كورونا #تحت شعار ريح في الدار وكنكتي لكن لم نري مبادرة مث هذهبل في الجزائر فقط يستغلون الفرص لنهبالتاجر في المنسباتالصيدلي في الامراضوالشركات الاتصال نقصت في التدفق والنهب من قبل كاين وزيد السعر,0,-1.0,dataset_1,0
هايلة بزاف تاع 100 دج هل هي مدى الحياة,1,0.0,dataset_1,0
Djezzy ااه يا نسرين نحكمك نقطعك,1,0.0,dataset_1,0
عرض فاشل و شبكة فاشلة مع كل إحتراماتي,0,-1.0,dataset_1,0
#izzy 🔥🔥,2,1.0,dataset_1,0
بعد الدقيقة الثانية و بدون التسجيل في أي عرض ، المكالمات نحو شبكة جازي تكون مجانية,0,-1.0,dataset_1,0
حبيت نشكركم موبيليس على هاد الخدمات برك سقمولنا شويا كونيكسي الله يحفظكم,2,2.0,dataset_2,0
تحيا جيزي,2,2.0,dataset_3,0
وعلاه حنا مخلصين 20 ميغا وتوصلني غير 13 ميغا,0,1.0,dataset_2,0
Manquent n1 wesmoo😂😍😍 n1 wesmoo😂😍😍,2,1.0,augmented,-1
جيزي ماذا يحدث في الريزو انتاعكم هاذه الأيام والله العظبم كاارثة بكل المقاييسصواحي العاصمة هه,0,-1.0,dataset_1,0
ريزو ومكاش كفاش تكون كاين انترنت ياخي حالة,0,-1.0,dataset_1,0
Merci travail djezzy pour ce beaucoup,2,2.0,augmented,0
موبيليس pixx 4g فيها ليميتاسيو,1,1.0,dataset_3,0
ديرولنا عروض تاع 500DA و 800DA يكونو ملاح يا شكوكو,1,0.0,dataset_1,0
ندعوك للتواصل معنا على الخاص و تقديم رقمك الهاتفي و العنوان بالكامل لنتمكن من تحويل طلبك إلى المصلحة التقنية.,1,0.0,dataset_1,0
.__.ms.__.ou__t même ana wlh,1,0.0,dataset_1,0
Vive Vive Djezzy Djezzy spécial 👍🏽,2,2.0,augmented,1
جيزي أفضل متعامل في العروض والمعاملة,2,2.0,dataset_3,0
رحت لتبسة. خرجلي. ريزو تاع تونس.. ونتي رحتي وقعدت. اوريدوو,1,0.0,dataset_1,0
😂😂 خليها برك مخلوقة حشمناها 😂😂,1,0.0,dataset_1,-1
bzaaf switch chaba la,2,2.0,augmented,0
احسن VPN في العالم هو:<br>Nordvpn<br>expressVPN <br>من هاذم متروحوش,0,0.0,dataset_3,0
كونيكسيو وجبيها في هايلة ماكس يا خو,1,0.0,dataset_1,0
ما فهمت والو,0,0.0,dataset_3,0
منجمش نفليكسي علاه 😐,1,0.0,dataset_1,0
مافهمنا وألو. من خلوطة نتاعك لا تصوير لا شرح,0,0.0,dataset_3,0
عفوا باش نكتب 100دج=30يوم<br>كتبت 30دج,0,0.0,dataset_3,0
كن نتبعوهم ماتفراش,1,1.0,dataset_3,0
سلام عليكم خاوتي😍 صفحة خاصة بالصور 📷 والأفلام القصيرة 🎬 ماتنساش تضرب طلة و عطيني رايك فالتعيق ❤ وصحا فطوركم,2,1.0,dataset_1,1
كيفاش نرسل إنترنت من بيس سويتش لبيس اوريدو وحد اخرى ؟,0,0.0,dataset_3,0
لا راك غالط,1,1.0,dataset_3,0
جديد العروض تاع المعروضين ليعارضوهم في المعروضات العريضة <br>حرقتلى فيسيبل تاع تاع..,0,0.0,dataset_3,0
كاش عروض تع 4g نساونا كامل,1,1.0,dataset_3,0
ثقيلة بزاف تقتل,1,1.0,dataset_3,0
ديرو هدة فرمضان زيدو العروض والتدفق يهديكم ربي رمضان كريم ⁦❤️⁩اما عرض السما هذا ميفرحش,0,1.0,dataset_2,0
اوريدو ما تسرقش غير في الانترنت حتى في الدراهم تهدر زوج هدرات يطير الكريدي 🥵 يعني حتى لوكان يكونو سراقين بصح ماشي بهاد الدرجة راهم هلكوها بالسرقة مافهمتش شكون لي يقدر يوقفهم,1,1.0,dataset_3,0
merci à vous 😁,2,1.0,dataset_1,0
depuis le lancement de la 3G y a pas eu d'amélioration je crois qu'il y a plus de chance que Poutine arrête la guerre que votre réseau s'améliore 🙂,0,1.0,dataset_2,0
نسرين صح عيدك سمحيلي مشفتش الستاتوا راني ب 0 😢,1,0.0,dataset_1,0
🍿 تفرّج بلا ما تشوف شحال بقاولك من جيغا 😍 شفتوا #thewitcher Witcher🎇 لي لعبوLe jeu vidéo 🎮 ديرو الصّف فالتعليقات نشوفو شحال كاين معانا Les gamers 🙋🏻‍♂️ 👀 #djezzy #dz #hayla 🤔؟The #netflix,2,1.0,augmented,1
جيزي كانت دايرة عرض 30جيقا زايد هدرة متخلاصش وضركا والو مكانش,1,1.0,dataset_3,0
شحال سعر تاع لسويتش اوريدو حاب نديرها فلمودام,0,0.0,dataset_3,0
Yakhah ana kont hab mta3 illimité puisque knt hab nchri wahda ll3jouz 😑,0,-1.0,dataset_1,-1
Ta9der tl3ab pubg ki ta5lass 20go,2,2.0,dataset_3,0
سويش ما بان فيها والو,1,1.0,dataset_3,0
À vie ??😲😲😨😨😆😆,1,0.0,dataset_1,0
شعال هادي 250 تاع موبيليس,0,0.0,dataset_3,0
غياب وتذبذب في خدمة الشبكة الهاتفية,1,1.0,dataset_3,0
خويا درت سما وباغي نرجعها pixx ممكن ولا راحت,0,0.0,dataset_3,0
عندي نفس المشكل مع جيزي مكسي 1500. Da والله ديما تمشي في الأول شوي خفيفة تلحق 1 m كأقصى حد و من بعد دقيقة ولا اثنين ت لي 30k/s اتخيلو رانا داخلين في 2021 ومزالت كاين 30 k/s للأسف الشديد جدا,1,1.0,dataset_3,0
بشحال الشريحة,0,0.0,dataset_3,0
Rī Mā انا تني 😂😂,1,0.0,dataset_1,-1
كي لقاو شعب طحان او يفلكسي كل شهر على اديرو عروض,1,1.0,dataset_3,0
هذه السرعة لمن يستقطب ال4جي جيدا أنا عندي و المنطقة بها 3جي السرعة ضعيفة جدا,1,1.0,dataset_3,0
Mauvais pus dartha fi hyatii zbal matasla7ch,0,-1.0,dataset_1,0
هما غير شهر ايسكروها اذا ماتفلكسي ،بزااف عامين هه,1,0.0,dataset_1,0
متقدرش تغير من top 4G لل navige 4G ? و اسكو يعطوك معاها بونيس هدرة ولا غي 15 جيغا وحدها,0,0.0,dataset_3,0
ياك أعلى بالك التحديث الجديد اليوتيوب نحاو منو صندوق الوصف,0,0.0,dataset_3,0
Mais un peu de sourire 😀,1,0.0,dataset_1,0
موبيليس - صحا فطورك 🥰❤,2,2.0,dataset_2,1
عرض اوريدو ضعيف,1,1.0,dataset_3,0
انا عندي اشارة 4g+ اي الجيل الرابع المطور وسرعة النت ماتلحقش 512,1,1.0,dataset_3,0
سلام عليكم اخي حبيت نغير الشريحة تاعي نرجعها شريحة عادية,1,0.0,dataset_1,0
hh oui malheureusement 😥,0,-1.0,dataset_1,0
فليل اي تروح متقدرش تلعب بيها بوبجي,1,1.0,dataset_3,0
كل بلاصة كفاه,0,0.0,dataset_3,0
يا ربي انا هاد لبنادم يجمدلي دمي مكفاش كل يوم كنت شوفو في رمضان لحقني حتى هنا 🔥🔥,2,1.0,dataset_1,0
Khjet fi marché wela mazal🙌,1,0.0,dataset_1,0
راكم تزعقو بنا كل يوم نروحولكم درتولنا خدمة.,0,1.0,dataset_2,0
Ha zidouna f speciel abonment 25 Go mtakfich rana nkhalso f 200 mil lchhar,1,0.0,dataset_1,0
Soufiane Mohammedi وي عندك الحق خويا,1,0.0,dataset_1,0
Je pense que 90 Go sont bons pour mon wifi de poche Sama Net,2,2.0,dataset_2,0
تحيا شريحة ذهبيةGOLD 150.00,2,2.0,dataset_3,0
السلام عليكم<br> اخي قلت كلش غير سوما نتاع بيس ما قلتناش عليها,0,0.0,dataset_3,0
ننصح اي مواطن جزائري يرمي الشرىحة تاع اوريدو الاعندو ويبدل موبيليس ميور تحيا حنا,1,1.0,dataset_3,0
My layv,1,0.0,dataset_1,0
اخي لااعرف كيف اشحن انترنت من شريحة أوريدو من البطاقة الذهبية ارجو الرد,0,0.0,dataset_3,0
Raouf Hammoudi بومدين لايت 🤣🤣نكماصا ني.ك مطرف,1,0.0,dataset_1,0
Djezzy la meilleure en oued souf ❤️😍,2,1.0,dataset_1,1
كثرت الاشهارات,0,0.0,dataset_3,0
خرج بصح مزال مطلقوهش فنتفلكس,1,0.0,dataset_1,0
Enfin une offre correct même si votre réseau est merdique,0,-1.0,dataset_1,0
خوتي عونونا بأشتراك الله يجازيكم ليزووم ⁦🇩🇿⁩,0,0.0,dataset_3,0
شراء سريحة موبيليس من طرف الجميع يشجع المنافسة ويبقي أموال الجزائريين داخل الجزائر,0,0.0,dataset_3,0
السلام عليكم شكرا اخي على كل المعلومات انا من المتتبعين القدم نحيوك من البرواقية,0,0.0,dataset_3,0
Salut Nous vous invitons à nous contacter par message privé en nous communiquant votre numéro de téléphone ainsi que votre adresse exacte.Nous nous ferons un plaisir d'y répondre et vous aider. A votre service :),1,0.0,dataset_1,0
اذا كان أسوأ من كلمة أسوأ نفسها فهو سرقات الاتصالات الجزائرية وعلى الخصوص شبكة القمامة او اوريدو مانقلكمش نتمنى تتسقم نتمنى نخرج من البلاد لي ڨعروهالنا حاليا,1,1.0,dataset_3,0
À quoi sert 6Go avec l’Internet EDGE ta3kom 🤬🤬,1,0.0,dataset_1,0
كنزيد 600 تقعد 5gb ولا تزيدوني,1,0.0,dataset_1,0
ودعا جيزي الله لا تربحك يا جيزي 😄😄,1,1.0,dataset_3,0
Connexion t9ila,0,-1.0,dataset_1,0
العرض موجود la limitation موجودة,0,0.0,dataset_3,0
.dz twasalte m3akom mazel ga3 ma ditouhech fiya,1,0.0,dataset_1,0
كانت عندي سويتش وقفتها الان المكالامات لاتوجد الطغطية ودائمر يقولك مراسلك مغلق,1,1.0,dataset_3,0
واشنو هاذي,1,0.0,dataset_1,0
ممكن تعاود الفيديو راني مفهمتش,0,0.0,dataset_3,0
في وهران دجيزي راها دجيزي راها مليحة,2,2.0,augmented,0
ياو ري زو ديالكم عيان وسيرفيس كلييون بروفيسيونال فليكيداج..,0,-1.0,dataset_1,0
هه ياو الريزو و معدناش احوجي طاح لنتيل من الريح من قبل رمضان ولضرك رانا بلاش,0,1.0,dataset_2,0
khorti reste khorti,1,1.0,dataset_3,0
ياخويا ضل تبرح هل نجمة هل موبيليس ها اوريدو غدوة دور عليهم اوريدو هايلة جيزي روعة موبيليس هاربة لزمان ياولدي الانترنت في بلاد كارثة هواية تاعهم كامل جمع الاموال و صح ربي يجيب,1,1.0,dataset_3,0
._.grap أنا مياتلف ولله غير تجيب لي خمسمية وعشرين ديامون. برك إدا كان عندك لبونيس من شوب تو جيم لتم يجيك الدوبل.,1,0.0,dataset_1,0
هاديروها ب1500دج,1,0.0,dataset_1,0
تحيا موبيليس كونتر موبيليس جيزي,2,2.0,dataset_2,0
جيزي تتخابط,1,1.0,dataset_3,0
وين جايا تميمون فدزاير 😯,1,0.0,dataset_1,0
موبيليس أسوأ ريزو,0,1.0,dataset_2,0
اكبر كذاب و سراق هو إوريدو والله مانثيق فيه.,1,1.0,dataset_3,0
2ملاين مكلامات غي الوو راك تسمع فيا 🤣🤣,0,-1.0,dataset_1,0
ama hadiya sahby,1,0.0,dataset_1,0
"مرحبا,كيف يمكننا مساعدتكعبد المؤمن.ك من جازي",1,0.0,dataset_1,0
Rockstar games est rockstar north,1,0.0,dataset_1,0
شعال تعيو اصحاب مقاطعة,1,1.0,dataset_3,0
Arezki Aziz كاين منها ولا غير هدرا 🤔🤔,1,0.0,dataset_1,0
ربي اوفقك,2,2.0,dataset_3,0
Maderna walo ykhsrok f 1100 da batel 5G Troh f smana lwla w insta w Fb makach risou malgré nskon f Alger centre 😑,0,-1.0,dataset_1,-1
Et pr les appels !! Y-a-t-il un offre spéciale !! 😕,1,0.0,dataset_1,0
لالا جيزي مليحة خويا وشنو كاين اوقات تنقص مور المغرب حتى 11 تع ليل تولي عيانة,0,0.0,dataset_3,0
عروض الله يبارك تسما كي درتو عروض هادو راكم ساعدتونا,2,2.0,dataset_2,0
W9tach tbda,1,0.0,dataset_1,0
مليح بزاف 🌟 نوصي بيه,2,2.0,augmented,1
بارك الله فيك اخي على المجهودات و ربي يوفقك و الله غير هبلتني جيزي 😭😭,0,0.0,dataset_3,0
درنا فيديو على فريق تاعك في بيس 2021 😍😍,0,0.0,dataset_3,1
فااشلة بزاف 😶😶,1,1.0,dataset_3,0
حسنو خدمة الانترنت لكي نستطيع الدخول الى الرابط,0,1.0,dataset_2,0
وجوه البخص 90 جيغا ولافيتاس 0.01 مرخس هاذو يحسبو فالشعب جاهل يستغباو فالناس,1,1.0,dataset_3,0
كاين سويتش في العاصمة؟,0,0.0,dataset_3,0
Mobilis pixx 1.42 Mb ouargla 3ajbetni,2,2.0,dataset_3,0
خويا عندي pixx كيفاش نرجعها win control ؟,0,0.0,dataset_3,0
تلمسان الحناية التعاونية منعدمة تماما مكان لاريزوا لا انترنات,0,-1.0,dataset_1,0
جديد و جديد,2,2.0,dataset_3,0
الخدمة راهي كارثية كنكسيو لازم تنوض بكري باش نكونيكتي . وفي المساء كاارثة رانا نخلصو في الدراهم . او كرهنا,0,-1.0,dataset_1,0
تم توقيف خدمة الفايسبوك المجاني في شريحة Pixx,1,1.0,dataset_3,0
بصح تاع اريدو يسرق انترنت ياسر فيساع تفض في رمشة عين تكونكتي ساعة تروحلك 3جيقا هه,1,1.0,dataset_3,0
اللاكونكسيون لي في حاله كيفاش نتفرج ع نتفلكس فيها ؟؟ 🌚🌚,0,-1.0,dataset_1,0
"L'offre est bien, mais on aimerait qu'il y ait d'autres option plus avantageuses pour un moi '' 10GO pour 600da for example '' ça serait plus attractant surtout pour les jeunes d'une part, et de l'autre vous gagnerez plus de clients fidèles. Merci",1,0.0,dataset_1,0
نعتذر عن ذلك، سيتم الإتصال بكي لإستلام الهدية في اقرب وقت 🙏,1,0.0,dataset_1,0
"Bonjour, Comment puis-je vous aider ? Zahra de Djezzy",1,0.0,dataset_1,0
حاليا فالبلاصة لي راني فيهامكاش خيرمن جيزي,2,2.0,dataset_3,0
سرفيس مليح 👍 برافو,2,1.0,augmented,1
هذه غيبة,1,1.0,dataset_3,0
انا تبانلي موبيليس خير من لخدمات لوخرين كما اوريدو كل عام يزيدو ينقصولك فالجيغات تديها جديدة تعمر 1500الف يعطوك 50جيغا لعام جاي تولي تنقص ذيك 50,0,1.0,dataset_2,0
هكذا ندير عرض 1200دج مكسي خير,0,-1.0,dataset_1,0
Merci techno tu es tjrs fort fort..,0,0.0,dataset_3,0
كاين بلايص تغطية ناقصة ديرولنا حل,1,0.0,dataset_1,0
Dévelopèe par Rockstar Games,1,0.0,dataset_1,0
جيزي رديئة جدا في ولاية أم البواقي وبعض الولاية المجاورة,0,-1.0,dataset_1,0
اعطوهالي رصيد مانحتاجش صحى عيدكم تاعكم وريقلو الكونيكسيو راهي كوليرا,0,-1.0,dataset_1,0
بارك الله فيك. عندي استفسار بخصوص رقم السرعة الظاهر على الهاتف في للاعلى. في adsl 10 ميغا كم يكون عندما نستعمل اليوتيوب وبالنسبة للابلاود كم يبلغ؟ مشكور مسبقا,0,0.0,dataset_3,0
عروض موبيليس في القمة بارك الله القمة بارك فيكم,2,2.0,augmented,0
شكرا على 2 ✌️🙂 G,2,2.0,augmented,0
صحا عيدكم جيزي⁦☺️⁩,1,0.0,dataset_1,0
نعم أحسن تغطية في المدينة الجديدة الشهيد أحمد زبانة عدل مسرغين وهران الله يبارك,2,2.0,dataset_2,0
واش من، تنافسية ياخي الانترنت كاملة من انفصالات المفاصل,1,1.0,dataset_3,0
عندي top 4g تكفيني <br>وراسي حاجة لكونيسيو مرفوعة كاين حاجة لكونيسيو ضعيفة مي والفتها نتفرج حتى تيك توك بالتقطاع <br>تحيا top 4g,2,2.0,augmented,0
وقيلا معندهمش ليسارپور بزاف 🤔,1,1.0,dataset_3,0
عجبتني سما كي تخلاص حجم الإنترنت يقعد الفيسبوك باطل,2,2.0,dataset_2,0
رائع أخي واصل,2,2.0,augmented,0
شحال فيها هدرة,1,0.0,dataset_1,0
عيب كبير تسكن في وسط المدينة و ما عندكش التغطية داخل البيت و الانترنت ضعيف جدا ، جيزي من سيء الى اسوء تطبيق djezzy réseau لا يعمل لا توجد صيانة للهوائيات عيب كبير,0,-1.0,dataset_1,0
السلام . <br>راه كاين عرض تع ooredoo <br>400da = cnx illimité <br>ابحث عليها و شكرا,0,0.0,dataset_3,0
ماكا ني 5g ولا هم يحزنون,1,1.0,dataset_3,0
روحت سقسيت عليها قالولي غير لي يقراو فلي فاك ؟ صح؟,1,0.0,dataset_1,0
نحبها جيزي,2,2.0,augmented,0
انا مشترك في هذا العرض,2,1.0,dataset_1,0
فليكست بالبطاقة الذهبية موصلوش او راحو النقود 😠😠😡😡,0,-1.0,dataset_1,0
inchallah tkoun sah,0,0.0,dataset_3,0
حبيت الطفلة الي دايرة بونيه بيضا على راسها😍❤️,1,0.0,dataset_1,1
Ls Fellagas,1,0.0,dataset_1,0
._.bou,1,0.0,dataset_1,0
Mobilis عندكم كونكسو ثقيلة,0,1.0,dataset_2,0
معليش اديرو تقارير تعكم بالعربي ؟,1,0.0,dataset_1,0
"عندي بيس نورمال نقدر نجعها ""هايلة""",1,0.0,dataset_1,0
ودعتها قبلكم هه<br>نحيتها الشهر لي فات,1,1.0,dataset_3,0
خدمة مليحة بزاف صح,2,2.0,augmented,0
سلام عليكم حبيت نعرف كيفاش ن désactivé الرنة لراكم دايريناهالي للعلم هذاوين فليكسيت دراهمي راحوا وزيد اكتيفيتوها من عندكم تمسخير هذا في العيد رسلولي كود وديزاكتيفيتها,0,-1.0,dataset_1,0
مصباح ونا نعيطلكم متهزوش وله صكرتولي لبيس🤔🤔,1,0.0,dataset_1,0
شوف صحبي متكترش معايا الهدرة يالدراري🙌🔥,1,0.0,dataset_1,0
Booba z3ma,1,0.0,dataset_1,0
نطالب الوزير بغلق هذه الوسائل تع الانترنات لأنها لا تلبي مطالب الشعب في انترنات جيدة يجب فتح السوق لشركات اجنبية قادرة على تلبية الطلب لأننا ملينا من هذ الوضع المزري,1,1.0,dataset_3,0
هل يمكنني تحويل جيزي هاربة الى جيزي سبيسيال,1,0.0,dataset_1,0
الله يهديكم شكون باقي يدير موبيليس تحيا جازي شكون باقي,2,2.0,augmented,0
ch7al chritha khti?,1,0.0,dataset_1,0
يا راجل واش من خير ، جابلي ربي راهم يديرو فأسموات مغلوطين 😁,1,0.0,dataset_1,0
نتوما تاع جيزي نفلكسي 150الف تدوها كاش والكونكسيو تقولي راني نكونكتي بزيرو تربحو الشعر,0,-1.0,dataset_1,0
صح أووربدو قوية ،la Switch نحيتها وجبت جيزي confort راهي تمشيلي عادي نفسها ، الفيديو على الاقل مثل اووريدو ب 720 يمشي هايل ، شخصيا درت للاك 300 تاست مع speedtest رغم ان اووريدو يمد اعلى تدفق داخلي واقل تدفق خارجي عكس جيزي أعلى تدفق خارجي و أقل تدفق داخلي إلا ان الانترنيت نفسها انا جيزي تمشي عادي ، زيادة هاذو Les test de débit كل خطرة واش يمدلك على حساب المتعامل لتخيره. شخصيا المهم يوتوب مليح ، ناتفليكس مليح ، قوقل نحوس فيه عادي و المواقع الأخرى.. زيد فايبر و واتساب يمشو في جيزي خير من اووريدو و موبيليس,2,2.0,dataset_3,0
تغيير فاشل وقيل موبيليس والكل يتكلم رايحة ليها,1,1.0,dataset_3,0
Makach offre ll male? 🐸,0,-1.0,dataset_1,0
Ri9lo Cnx Brk 🥱,0,1.0,dataset_2,0
موبليس فخر العرب,2,2.0,dataset_2,0
شو الفايدة من hayla ومكانش la connexion!,0,-1.0,dataset_1,0
و اوريدو فيه و لا لا,0,0.0,dataset_3,0
غي مكانلاه يجيبوه الكات جي تمشي 2 g شت تقارع منهم,1,1.0,dataset_3,0
5g مزال مخجش,0,0.0,dataset_3,0
حنا ليستريمر ماتساعدناش هاد الكونيكسيو ربي يهديك حبيبي خاصة إذا لمتكن الأنترنت مستقرة,1,1.0,dataset_3,0
دجيزي الأفضل,2,2.0,dataset_3,0
نهاار تعدلو لكوناكسيون كسع حلو فامكم تعيي ندمت على نهار لي شريتها فيها ولهدايا خليوهم ليكم وحبسو من لخرطي 🙂,0,-1.0,dataset_1,0
.algeriens.official بركا ما تتمسخر يا خويا,1,0.0,dataset_1,0
100دٍيَنِآر تٌکْوٌنِ فُيَ مًتٌآنِآوٌلَ آلَجّمًيَعٌ وٌزٍيَدٍ لَآزٍمً تٌنِتٌهّيَ بًنِفُسِ يَوٌمً آلَشُحًنِ مًشُيَ تٌسِرقُوٌهّمً,0,-1.0,dataset_1,0
السلام عليكم هل عرض هذا متوفر حاليا ؟؟CLÉ USB 4G + 1 SIM INTERNET + 1 GO À SEULEMENT 2300 DACLÉ USB 4G ZTE MF8311 Go chaque mois valables 12 moisSIM Internet prépayée Incluse,1,0.0,dataset_1,0
ماكانش promotions بالمناسبة؟,1,0.0,dataset_1,0
🙌🙌😍,2,1.0,dataset_1,1
عندي top 4g تكفيني <br>وراسي مرفوعة كاين حاجة لكونيسيو ضعيفة مي والفتها حاجة لكونيسيو نتفرج حتى تيك توك بالتقطاع <br>تحيا top 4g,2,2.0,augmented,0
خاوتي هذي لابيس هاربة ، راه فخ كبير، ردو بالكم ،ننصحكم متشريوهاش.,1,1.0,dataset_3,0
شكرا جزيلا والله كل شي مزيان,2,2.0,augmented,0
Kifah ysmooh ma l9itoch,1,0.0,dataset_1,0
انا شريتو من قبل روعة موديم اوريدو ولكن لازم تدفع 200دج وتلقى 512 سرعة تنزيل وارسال يلحق اكثر من 1 ميغا بصح راك روطار حبيبي شكر على المعلومة,0,0.0,dataset_3,0
Rani 7aba na3aref kifach nparticipi psq maranich fahma waloo ?🤔,1,0.0,dataset_1,0
سيستام قاوي اول مرة ديرو حاجة مليحة,2,2.0,dataset_2,0
Svp des compte netflix,0,0.0,dataset_3,0
في قسنطينة ءوريدو راهي مليحا,2,2.0,dataset_3,0
لابيس شريتها هذ ليامات برك 13 جيڨا طارو في سمانة و ما طلقوليش انترنت موراها بيكس مكاش,1,1.0,dataset_3,0
خصنا عرض تاع 100 دينار جزائري فيه 30 جيڨا انترنت .,0,0.0,dataset_3,0
".nes Bonjour, C'est quoi le souci exactement svp ?",1,0.0,dataset_1,0
كل ولاية كيفاش اروح عنابة تشوف,0,0.0,dataset_3,0
مع موبيليس 😉كونكنتي باطل 50 الف لشهر top 4 G,2,2.0,dataset_2,0
راضي بزاف صراحة الله يحفظكم,2,2.0,augmented,0
يعني رقم عادي مكانش فيه إلتزام ؟,0,0.0,dataset_3,0
🖕🖕,0,-1.0,dataset_1,0
msba7 wana nshaky wlh walo,1,0.0,dataset_1,0
Film englizi 😂😂,1,0.0,dataset_1,-1
ياخويا حبيت نغير العرض من pixx 3g الى pixx 4g,0,0.0,dataset_3,0
تابعني و راح يوصلوك 2 اضافتين من عندي ..قسما بالله,1,0.0,dataset_1,0
هات الجديد و خطينا من المعاود,0,0.0,dataset_3,0
ياخويا لعزيز نتا اموا تخرج ورا لحيط انا نكون متكي على ليمين نحكم نورمال ندور جيهة لاقوش مكانش حق ربي لعزيز 😂😂,1,1.0,dataset_3,-1
عندي اكثر من 6اشهر عروض امتياز ماتبدلتش ؟؟,1,0.0,dataset_1,0
.dz مازال مايعطوهلي نسكن في وهران,1,0.0,dataset_1,0
khawti hada modam 3ndi rah kima loukhrin mahouch mlih tfazdou ghir swared khsara fih,0,0.0,dataset_3,0
تحيا اديسال 1600دج سرعة وثبات,2,2.0,dataset_3,0
مليح بزاف ❤️ نوصي بيه,2,2.0,augmented,0
يا حافيظ !!🤔خليني نطل على الصولد تاعي,1,0.0,dataset_1,0
عروض سما الواتساب مجان ممتازة لكن الافضل لو تضيفو الواتساب مجان,2,2.0,augmented,0
علاش وقفتولي رقمي مع انو قديم وعندو 17 سنة عندي حسبي الله فيكم,1,0.0,dataset_1,0
.ma5285 اقسم بالله نشوفو نتركب.. يعيي,1,0.0,dataset_1,0
يودي ريقلوا رزو تاعكم برك في غليزان راه يعي,0,1.0,dataset_2,0
Nchriha 3la jal zlat hado,1,0.0,dataset_1,0
ودعا جيزي هه,1,1.0,dataset_3,0
أعاني من ضعف النت,1,1.0,dataset_3,0
3la résau lmsgm t3kom 😑😑 ki tlh9 18 yro7 klch,0,-1.0,dataset_1,-1
عروض مليح والريزو مهوش في كامل لبلايص مليح,0,-1.0,dataset_1,0
والله جازي أصبحت اسوء متعامل في الجزائر نكمل بيها هذا الشهر ونقلبها موبيليس الفايدة في بلادي,1,1.0,dataset_3,0
مزال ما وثلني الكادو نتاعي,1,0.0,dataset_1,0
.dz m3a cnx ta3kom khfifa bzf dir 1 radoha 1 million 😂,0,-1.0,dataset_1,-1
تيك توك واي واي المندبة كبيرة والميت فار,0,0.0,dataset_3,0
اذا تخدم بيها بزااف وتتفرج في سمانة ولا 10 ايام تخلصلك ننصحك تفليكسي ب 1500 رووعة راني نخدم بيها الشهر يخلص وهي مزال باقيلي فيها,2,2.0,dataset_3,0
ٱه يا موبيليس في 10ايام 1جيڨا ماكملتهاش على الريزو الزين تاعكم جامي فات 50 كيلو,1,1.0,dataset_3,0
Réseau en dirais Rak tahder f غار حراء ça sert a rien d'avoir tant de Go sans pouvoir les utiliser,0,-1.0,dataset_1,0
اضعف شبكة في الجزائر روحو تنيكو بعيد,0,-1.0,dataset_1,0
مرخس قاع و زيد بلاد سايبة,1,1.0,dataset_3,0
عروض موبيليس في القمة بارك الله فيكم,2,2.0,dataset_2,0
النت أصبح جد ضعيف حتى لا أقول منعدم.. حتى أصبحت أظن بأنه مجاني من شركتكم مع العلم أننا ندفع كل شهر اتصلت بمصلحة الزبائن وطرحت المشكل عليهم وأنا في انتظار الرد الذي أظنه لن يكون 😠,0,-1.0,dataset_1,0
تقدر اتعاوني انا كانت عندي عروض امتياز حولتها لعروض هايلا حبيت نرجعها لامتياز واش اندير بليز رد اعليا،🙏🙏,0,0.0,dataset_3,0
👍🇩🇿,2,2.0,dataset_3,1
vive top 4g une puce extraordinaire je consomme pas moins de 30 go par mois avec 500 da.,2,2.0,dataset_3,0
تحيا موبيليس pixx,2,2.0,dataset_3,0
كمل خويا ربي عينك اخوك من تيزي وزو قبايلي,0,0.0,dataset_3,0
Réseau faible,0,1.0,dataset_2,0
انا البينات ماطلعوليش وختي غلقوهالها وماحبوش يردو عليا فالخاص,0,-1.0,dataset_1,0
روحو لا 🤬🤬,0,-1.0,dataset_1,0
الله فيك لكريم ❤❤,2,2.0,augmented,0
وانت كشما ربحت او لازم تحركي بورتابلك مليح,1,0.0,dataset_1,0
مكانش كيفاش نرجع عرض بيكس ماشي قاع افار ساما هاذي 30ڨ في 15 يوم لايف فانستا راحتلي 3g سيريو,0,1.0,dataset_2,0
خاوتي كيفاش نحول من pix 4g ل سما,0,0.0,dataset_3,0
الفكرون ماشي موبيليس تافهين 2020والتغطية 00,1,1.0,dataset_3,0
يا خويا جيزي راه كارثة كونكسو مكاش سرقونا عيب وعار علي جيزي,1,1.0,dataset_3,0
اعلان تووب,0,0.0,dataset_3,0
انا عندي بروبلام تع العروض مكاش بزاف يمدولي 4 5 مكاش كاش عفسا نديرها باش يزيدولي لي شوا,1,1.0,dataset_3,0
كيفاش نحول الرصيد من موبليس يقلي الكود غالط وقت فات كنت نكتب أربعة اصفار ويتحول عادي,0,0.0,dataset_3,0
يا أخي انا عندي تمشي 35 36. سطابل 36. سطابل,2,2.0,augmented,0
بارك الله فيك اخي,2,2.0,dataset_3,0
عندك الحق يا اخي بارك لله فيك,0,0.0,dataset_3,0
انا عندي موبيليز 3G كيفاش نحولها ل 4G,0,0.0,dataset_3,0
ممكن تفيدنا بخصوص جازي نيو هايلة ماكسي، يعني ماهي العروض المتوفرة فيها وتكلفة تحويل شريحة جازي الى هايلة ماكسي,0,0.0,dataset_3,0
هه الطلاب يضربو بيهم المثل فالفقر ربي معانا <br><br>صحيت خو &lt;3,0,0.0,dataset_3,0
نجمة أوريدو أصبحت سريعة و جيدة,2,2.0,dataset_3,0
مفهمت والو و التيك توك اصلا منخدمش بيه,0,0.0,dataset_3,0
بالعكس pix احسن من سما نفس العروض نفس الفليكسي فقط تغيير في الاسم الاولى prix والثاني sama الحجم لم يتغير زيد أن الفيسبوك يحتسب مع 15 جيفا الممنوحة يعني ما درتو والو تهفو في الناس وفقط,0,1.0,dataset_2,0
كيفاش نشارك معرفتش,1,0.0,dataset_1,0
يا درا سرعة النت فيها مليحة ول,0,0.0,dataset_3,0
السلام عليكم اخي هاد العرض تاع 40 GB ويوتوب اليميتي مافيهش مكالمات اخي على ما أظن انا والله حبيت نديرها وخفت خاطر عندي نجمة فري كرهنا الجيزي و توب 4 g,0,0.0,dataset_3,0
تحيا بلادى و تحيا سلعت بلادى موبيليس ، موبيليس احسن مما كنت اتوقع,2,2.0,dataset_3,0
"مع جازي ابقاو ديما متّصلين عبر مواقع التواصل الإجتماعي المفضّلة لديكم 📱😍 شكون فيكم يضل يدير ف Les stories فال Instagram؟ 👀 🤳Avec DJEZZY, restez toujours connectés sur vos réseaux sociaux préférés 📱😍 Des accros aux stories instagram parmi nous? 👀 🤳#Djezzy #Dz #Réseau #Insta",2,1.0,dataset_1,1
😂😂لماذا الكذب والخداع,0,-1.0,dataset_1,-1
اوريدو لاسويتش هايلة والله رحمة ربي,2,2.0,dataset_3,0
Djezzy يا زهرة خاص عندي مشكل,0,-1.0,dataset_1,0
A première vue ça l air la Meilleure offre sur le marché algerien Reste a vérifier la qualité de ce service Bonne continuation,2,2.0,dataset_2,0
رانا نعانوا مع هاذ الانترنت والله مكان التدفق والمشكل نسكن قدام العمود تع الريزو يعني المشكل من عندكم 🥲🥲,0,1.0,dataset_2,-1
كي ندير نأكتيف ٥,0,0.0,dataset_3,0
Miral Boukerfa na7awhom 3ndi tani,1,0.0,dataset_1,0
stream fi youtube ?,1,0.0,dataset_1,0
Ilov you Faouzia,1,0.0,dataset_1,0
.hafid يرجى التواصل بنا على الخاص لنتمكن من إفادتك 🙂,1,0.0,dataset_1,0
❤️❤️,2,1.0,dataset_1,0
مؤسسة موبليس. تحياتي لكم. ولكل عمال الشركة.,2,2.0,dataset_2,0
شو شو كي دايرداير كالمهراس اربك تقول حبة باذنجان اتفووه لعنة الله عليك,1,0.0,dataset_1,0
هذا اكبر مكر وخداع من طرف موبيليس..,1,1.0,dataset_3,0
viber,1,0.0,dataset_1,0
Saha ramdanek kho,0,0.0,dataset_3,0
مابغاش يمشي,1,1.0,dataset_3,0
Ha rahi 3ndi l'app w dert mise a jour .w Di shake g3 ma khrjtlich .. ki 'dilhaa,1,0.0,dataset_1,0
سلام عليكم عندي مشكلا في نيمرز ديالي كي عيطلو تخرج مغلق مؤقتا,1,0.0,dataset_1,0
ساوي غيل كونكسيون تاعكم من بعد طلقو عروض جديدة,0,1.0,dataset_2,0
والعرض نتاع يوتوب اليميتي لي قلت عليه البارح مكاش وا,0,0.0,dataset_3,0
😋😋,2,1.0,dataset_1,0
شكرا جزيلا  كل شي مزيان,2,2.0,augmented,0
قاتلكم أما مخصوصين دراهم تاعي ديتوهملي و الله ماعندها تمدولها ديتوهملها,0,1.0,dataset_2,0
غلقوهالي,1,1.0,dataset_3,0
".dz fahmoni 3lah ki naktivo t3 30 da , taklo drahem w cnx 00 mkach g3 😠😠",0,-1.0,dataset_1,0
راني ابوني مع جيزي من عدة اشهر راهي هايلة,2,2.0,dataset_3,0
هل ريقولنا الريزو ومبعد,0,1.0,dataset_2,0
Djezzy نحتاج إلى هوائي جازي بمشتة أولاد ڨاسم، بلدية عين الحجر ،ولاية سطيف,1,0.0,dataset_1,0
خونا تيكنو درينا فيديو وديرلها تاست لبينغ وسرعة تتدفق,0,0.0,dataset_3,0
حتى اوريدو ماشي كونيكسيو كاين غير فالعاصمة,1,1.0,dataset_3,0
هذاك سموه ترانسفور ماشي شارجور هذا مودام واش يشارجو فيه هه,0,0.0,dataset_3,0
.dz ah d'accord merci 😊😊,1,0.0,dataset_1,0
خويا أوريديو سويتش راهي ناقصة خاصة في الفترة الليلية,1,1.0,dataset_3,0
عندي موبيليس توب 4g داولوند وصل 27mbp وابلاود 19 في صباح عندي موبيليس والليل 😁,2,2.0,augmented,0
EsT ce Que La Puce iiZzY iiliimiTé dJeZzY !??,1,0.0,dataset_1,0
15 miga,2,2.0,dataset_3,0
nta b char7 th9ila malyar endk machi puce hadi,0,0.0,dataset_3,0
بيس سويتش خيرمنهم كامل ف تدفق انترنات ب 150 الف يعطوك فيه 50 جيغا كونكسيو تاعها طيارة,2,2.0,dataset_3,0
ياخوي عندي قولد غادي نقيسها 30جيغا ماتكفيش في الشهر سراقين اوريدو سراقين ياخوي,1,1.0,dataset_3,0
gagnants 👏👏aux,2,1.0,augmented,0
التدفق المنخفض ف pixx,1,1.0,dataset_3,0
👍👍☝☝ Ooredoo,2,2.0,augmented,1
المصيبة تع لاسويتش,1,1.0,dataset_3,0
انا نسلكها نسلكها المشكل هو كونكسيو 👎,1,1.0,dataset_3,0
ندخل دار تولي جيل ماقبل الجاهلية يعني خارج تغطية نخرج من الدار تطلع الجيل الرابع خخ و سرعة النت 🐌 نخلص 1500دج 40 جيجا هذيك متمني نستهلك نصفها خخ,0,-1.0,dataset_1,0
علاش نحيتولي عروض إمتياز، نبدلكم بأوريدو خير,0,-1.0,dataset_1,0
واش بيها الكونيكسيو تمشي غير الفيس بوك و مازال عندي 12 جيغا…,0,1.0,dataset_2,0
Never lose your awesomeness! lol,1,0.0,dataset_1,0
تعالى فيها Mobilis ان شاء الله تعالى فيها خير صح فطوركم,2,2.0,augmented,0
رڨليو الريزو ومبعد عدا العروض 😏,1,1.0,dataset_3,0
c normal mzl mal7agnich lcadeau ta3i te3 shake and win??,1,0.0,dataset_1,0
يا صديقي <br>في الوقت الحالي لا أهتم أبدا بالعروض <br>الأولوية تحسين تدفق الانترنت <br>انترنت منعدم تماما في موبيليس ( زعما موبيليس تع الدولة 😏🙂),1,1.0,dataset_3,0
هنيئا لموبيليسنا مزيد والتفوق… التألق من,2,2.0,augmented,0
انا عندي جيزي هايلة بزاف ب 1500دج فالشهر فيها 40 جيڨا,2,2.0,dataset_2,0
خويا عندها واحد عامين او هي عندي روعة,2,2.0,dataset_3,0
"Mais la plupart du temps elle descend au dessous de 0,900 mb ADSL 4 mega",1,1.0,dataset_3,0
اوريدو من حقهم يغلوا افضل شريحة في الجزائر 💚<br>انا جربتهم كامل مكانش كيما اوريدو,2,2.0,dataset_3,0
يرحم والديكم سقمولنا الريزو تاعكم راه مرضنا رانا غير نفليكسو باطل . لا كونكسيو مليحة لا والو وفرولنا خدمة 4G,0,1.0,dataset_2,0
Même ta3 hayla maxi 1200 ta3 20 gb welat fiha limitation ten ?,0,0.0,dataset_3,0
oui a3labali 😂😂 anta douka Rak atchikh m3aya fli coumentar hh😂😂 rani b3antalk akbal biya 😂😂❤️,2,1.0,dataset_1,-1
رائعة اليوم سييتها شكرا موبيليس♥️,2,2.0,augmented,0
كيف كيف,1,0.0,dataset_1,0
Régler votre conection tres lourde ooredoo vous dépasse vraiment,0,-1.0,dataset_1,0
موبيليس ولات واحد وتلاثين جيڨا تحكملي أقل من عشر ايام هل هي سريقة ولا واش,1,1.0,dataset_3,0
والله مشكل وبزاف150الف وكنيكسيو كريثة,1,1.0,dataset_3,0
عندي كثر من شهر ونا ثلث شهر ونا نستعمل فيه لعرض تع 150 الف فيه 300 هدرة و 40GB ولسماس هذي لي عندي جيزي عرض تع هايلة بزاف<br>بصح ضعيفة لكونيكسيو تحيا هايلة ماكسي كونيكسيو روعة واليوتيوب ميڨريش صاحبي و HD,2,2.0,augmented,0
راضي بزاف 🌟 الله يحفظكم,2,2.0,augmented,1
مرحبا،ممكن أكثر توضيح من فضلك ؟زهرة من جازي,1,0.0,dataset_1,0
*720# ou khayri 8,1,0.0,dataset_1,0
Djezzy ردو على الخاص,1,0.0,dataset_1,0
Ahkiwelna 3la le concours li dertouh fe la can Win rah tirage au sort,1,0.0,dataset_1,0
اشتريتو وندمت سرقولي كامل لينيتي وكونيكسيو,1,1.0,dataset_3,0
سامحني خويا ، جيزي عندي تطير ، ب test لقيتها 35 mbps,2,2.0,dataset_3,0
أنا والله ما فهمت والو .. الريح فالشبك,0,0.0,dataset_3,0
Je vous est suivi mais désolê j&#39;ai rien trouver de plus a part les foutaises nos voisins marocains mieux,0,0.0,dataset_3,0
Force 4g.. Rak rootar 😑,0,0.0,dataset_3,-1
Ana kont 7asseb difo 3andi,1,1.0,dataset_3,0
خويا بالنسبة لبيكس 13 جيغا <br>الفايسبوك مشي باطل الفايسبوك داخل ف 13 جيغا <br>راني جربتها مالغري هوما يقولك باطل بصح يسرقو نورمال,1,1.0,dataset_3,0
Hadra batel avec sama ou youtuube gratuit woow,2,2.0,dataset_2,0
العرض اخي قوية غير في وهران من اجل تنظيم الالعاب البحر الابيض المتوسط الريزو خلاوها قوية لضايف برك ومن بعد تتعم في الجزائر مدير موبيليس هو الي قال هكذا الندوة الصحفية دارها في وهران,0,0.0,dataset_3,0
على الانترنت زينا لي عندكم وزيد رها تكمل بلخف ما تكملش شهر قاع,0,1.0,dataset_2,0
Ooolaa mon marie le pauvre thardet fih makach salak m'en le crédit dok nzid nadilo la connexion ouii🙏🙏 mrc djezzy vs êtes les meilleurs 😍😍,2,1.0,dataset_1,1
#1,0,0.0,dataset_3,0
ياخويا حنا رانا نعانيو مع هاد الكونكسيو,0,1.0,dataset_2,0
وشحال سومة تعها,0,0.0,dataset_3,0
نشالله بربي😒,1,0.0,dataset_1,0
السلام عليكم أخي حبيت نسألك على الرقم 33 يعيطولي و مايهدروش,0,0.0,dataset_3,0
حفظك خويا تكنو خويا تكنو,2,2.0,augmented,0
Esq peut-on réclamer sur l' implantation des antennes relais de téléphonie mobile à proximité de nos habitats et que tout le monde au courant de dangers des champs électromagnétique,1,0.0,dataset_1,0
وعلاه كل تحميل برامج جديدة وخدمات ومواقع جيزي تحتسب على الزبون مقارنة مع الشبكات الاخرى مجانية حتى موقع جيزي ليس مجازي,1,0.0,dataset_1,0
نصائح طبية ، جمال و موضة و طاقة ايجابية مرحبا بكم 😍😍,2,1.0,dataset_1,1
La Switch,0,0.0,dataset_3,0
J'ai envoyé 1 GO à mon père il l'a reçu mais il a pas pu l'utiliser on ma pris 50 da en plus tout ça pour rien est ce que vous pouvez faire quelque chose ?,1,0.0,dataset_1,0
شكرا جزيلا  كل شي مزيان,2,2.0,augmented,0
واش إسمه التام هذا ؟,0,0.0,dataset_3,0
فيديو تاعك عندو عامين صاحبي راك قديم بزاف,0,0.0,dataset_3,0
الفايسبوك ما يمشيش كي يخلاصولك الميغات,1,1.0,dataset_3,0
صح ممتاز والله,2,2.0,augmented,0
انا كملت مع الموبليس بسبب تذبذ ونقص في الحاد في الشبكة,0,1.0,dataset_2,0
عمركم ولا تجيبوا حاجة زينة ،دائما تكعلوها في حاجة و زيد الشبكة راها زيرو ،ريڨلو رواحكم راه رمضان لواحد يعود يتقلق ولا,0,1.0,dataset_2,0
مكانش الكونكسيون من 2نتاع لعشية حتى لهذاوين جات ومسنجر مزال مايمشيش أين الخلل؟!!؛!,0,-1.0,dataset_1,0
لعنة اللّه على شركات الكذب والنهب,1,1.0,dataset_3,0
انترنت رديئة منعدمة أسعار خيالية انترنت محدودة عروض قديمة على العهد الطاباشوري,0,1.0,dataset_2,0
عندي موبيليس توب 4g داولوند وصل 27mbp وابلاود 19 في صباح والليل 😁,2,2.0,dataset_3,0
"The english language is an international language to express and communicate, tho fi bladi le3ziza dayrinha chghol li ygol kelma biha rah artist wela ..🤔",1,0.0,dataset_1,0
lconixou🌐 kfifa,2,2.0,dataset_2,0
Kayna menha sah ❤️ zidou des offres mlah brk ou a3dlou la qualité ta3 la 4G ktar hadamakan ❤️❤️,2,1.0,dataset_1,0
beaucoup Merci,2,2.0,augmented,0
".o RPG, fantasy",1,0.0,dataset_1,0
بصح الانترنت ضعيفة,0,1.0,dataset_2,0
تحيا اريدوا 150 ب40Gتتمتع بصح جيزي 60G يوتوب ماتتفرجش تخرج غيل من المدينة ليراك ساكن فيها تحبس شريتها وندمت بزاف,1,1.0,dataset_3,0
💖🌹💞💞💕💕🇩🇿🇩🇿🇩🇿🇩🇿🇩🇿🇩🇿🇩🇿,2,1.0,dataset_1,0
غلطت درت لانترنات مجاني ومعرفتش نحي جدها رني نمشي باطل تعكم مخرجتش عليا او كيفاه نحيهاا,1,0.0,dataset_1,0
مشكلة الانقطاع كونيكسيون,1,1.0,dataset_3,0
تستهلك بزاف سيرتو في اليوتيوب,1,1.0,dataset_3,0
السلام عليكم ورحمة الله وبركاته جازي رانا نخلصو فيكم باطل؟ انترنات راهي أسوأ من مما سبق الله يحفظكم حلو دراهمكم,0,-1.0,dataset_1,0
عندي اوريدو عرض 3500 انترتت غير محدوده ما شا الله,2,2.0,dataset_3,0
ما كان ماكان خسارة الدعاية والاعلان رب يتقبل منا ومنكم,0,1.0,dataset_2,0
اوريدو تسرق في رصيد الانترنت للاسف,1,1.0,dataset_3,0
وين راهي العروض ؟!,0,0.0,dataset_3,0
salam <br>ana jdid maakoum,0,0.0,dataset_3,0
هادي أول مرة نجرب موبيليس هايلة بزاف كي الريزو كي الكونيكسيو,2,2.0,dataset_2,0
محمد مسعودي نتا تاكتيفي تاع 100 دج يناحوهالك ويديرولك تاع 1200 ماعليش تاكتيفي تاع 1200 ينحوهالك و يديرولك تاع 1500 مانيش فاهم واش راهم حابين ؟؟,1,0.0,dataset_1,0
هذا والنوري نتاع عاشور العاشر كيف كيف تتفرج الفيديوهات نتاعو تستنتج زوج حوايج ياتفهم يامتفهمش,0,0.0,dataset_3,0
سرفيس مليح صح برافو,2,2.0,augmented,0
كرهتوناوفي مبيليس الواحد يفليكسي١٠٠ ومتكونيكتيش بها,0,1.0,dataset_2,0
لابيس تاعي سكرتوها علاه,1,0.0,dataset_1,0
خاوتي هاشتاغ لشركات الاتصالات فالتويتر فليباج تاعهم اوفيسال و كثرولهم من الشكاوي فالميساجات,1,1.0,dataset_3,0
.jr mazal ma pibliyaou,1,0.0,dataset_1,0
🎉🎉,2,1.0,dataset_1,0
موبليس 50% تكونيكتي باطل بسرعة تدفق عالية وناس تخلص دراهم كل شهر ويكونيكتي بسرعة 30 kb/s، أخبث متعامل رانا نتعاملو معاه.,1,1.0,dataset_3,0
سلام بصراحة ياصديقي هل اريدو تؤاجر على هدا الإشهار وشكرا,0,0.0,dataset_3,0
كذب 4g ما عندناش,0,-1.0,dataset_1,0
كنت راح نشري جيزي قريت التعليقات بدلت رايي نكره السراقين أنا .اصلا الواحد غلط ما هدرش نحيتوهالو مانوليش ليها,0,-1.0,dataset_1,0
wesh dir c ça la 4eme génération dans le tiers monde 🤷‍♀️ 🥴,0,-1.0,dataset_1,0
check nd show em some love,1,0.0,dataset_1,0
كونكسيو عيانة زيدوها في رواحكم تحياا اوريدوو,0,-1.0,dataset_1,0
اخي ممكن تعطيني اعدادات أسماء نقطة الوصول موبليس وين كونطرول ماكس مع العلم جهازي لا يدعم البرمجة التلقائية oneplus 7pro 5g<br>الله يحفضلك الوالدين,0,0.0,dataset_3,0
Merci beaucoup djezzy pour ce travail,2,2.0,dataset_3,0
انا كانت عندي العروض هذي وراحتلي منلقهاش دوك كيفاش نرجعها,0,0.0,dataset_3,0
سرعونا⁦✈️⁩⁦🛩️⁩ شويا الأنترنت⁦♟️⁩راهي ثقيلة 🙃🐢🐢,0,1.0,dataset_2,-1
Illimité b 1100 et juste youtube c'est cher nn??,0,-1.0,dataset_1,0
Ki nchriha 500 wnzid 600 rah nslk 110hka kifkif ymrdi nflixsi 100 tol,1,0.0,dataset_1,0
وتدفق 0.001,1,1.0,dataset_3,0
تذبذب ملحوظ لنهار اليوم فيما يخص شبكة الإنترنت,0,1.0,dataset_2,0
Pus hadi 3anche 3 mois twali ki khawatha,1,1.0,dataset_3,0
قولي منين نشريها,0,0.0,dataset_3,0
Yousra Sousita روحي ليهم وخلاص,1,0.0,dataset_1,0
اوريدو شريت بوكس ساهلة في 10ايام مطلڨوليش واش ندير أخي العزيز,0,0.0,dataset_3,0
الفايسبوك ليس مجانا,1,1.0,dataset_3,0
منهار رجعت سما هدا راحت موبيليس,0,1.0,dataset_2,0
سلام عليكم ما هوا هاتفك الشخصي<br>بارك الله فيك,0,0.0,dataset_3,0
السلام عليكم اكتفيت عرض 70دج 3 جيقا فيسبوك و1جيقا انترنت بصح عطيتولي 3جيقا فيسبوك برك وانترنت ماتمشيش هذي سرقة عيني عينك ولا كيفاش,0,-1.0,dataset_1,0
بارك الله فيك مشكور,2,2.0,dataset_3,0
هاذوك الي كانو يتشنفو علينا ويخيرو لبنات غير الزين ولاطاي والعقلية صفر باش يتشنفو بالرغم انهم اغبياء يا درا مازال تتشنفو ولا راكم تحكمو الناس برا باش يدخلو عندكم.,1,0.0,dataset_1,0
كيف اغير من خدمات هبال إلى خدمات امتياز,1,0.0,dataset_1,0
._89s dcr mrc,1,0.0,dataset_1,0
علاه كونيكسيو تاع اوريدو تروح فليل,1,1.0,dataset_3,0
والله حتا انا في كل وقت اتقيلا غير انتستها نلقها 0.19 والله عيب اعليهم كي انعيطلهم ايقولولي عدنا مشكل ودوك نتخدو اجرات ومكان والو راني في شهرين هكك انعيطلهم ومكان والو معا العلم عندي 0770 كونفورة 1500,1,1.0,dataset_3,0
بسح موبليس والو كنكسي,1,1.0,dataset_3,0
.dz انا راني داير تاع 40 جيقا و مع هذا يخلاصو ليه ليه كي نتفرج في اليوتيب مع انو راني مانتلشارجيش,1,0.0,dataset_1,0
اين موراد اودية انا لا اراه والا قطعتو بيه 😂,1,0.0,dataset_1,-1
أخيب أنترنت في العالم,1,1.0,dataset_3,0
غير موبليس لمعندهاش ليميتاسيو 🤣🤣 علاه عندها كنكسيو هذيك باش دير ليميتاسيو.,1,1.0,dataset_3,0
Djezzy machi khrito fiha chwia Draham ta3arfo tadohom w service 0 tfou 3likom tala3touli la tension bl connexion ta3 ..,1,0.0,dataset_1,0
oui lazm puce jdida Kima derrt ana,1,0.0,dataset_1,0
Téléchargement limitée makanche solutions khouti,1,1.0,dataset_3,0
اكتفيت 100 ماكملتليش حتى 15يوم وزدت 50 في اقل من سمانة خلاصالي اني ندور غير في فيسبوك مسنجر وماتمشيليش,0,1.0,dataset_2,0
عندي 100 الف في توب 4 ج نقدر نستفاد بيها في عرض أول توس ولا تروح في حال تحويل لها ؟,0,0.0,dataset_3,0
شكرا اخي ياخويا كي نشوف وجهك يطلعلي لمورال,0,0.0,dataset_3,0
خويا عندي mobilis top 4 عندي 100دج نقدر ناكتيفي pixx راني خايف يروحلي العرض تاع top 4g,0,0.0,dataset_3,0
راهي غي فلعاصمة,0,0.0,dataset_3,0
انا عنبلي كشما زدونا في جيڨا ونبعد كي دخلت مفهمت والو في هدرتك,0,0.0,dataset_3,0
Esk N9ado n’activoha m numéro t3na?,1,0.0,dataset_1,0
مم نا عندي الصراحة ساعات تكون هي المخيرة جيزي في بلاصة ولا زوج في الولاية كل التغطية تاعهم ناقصة بزااف 😒,1,0.0,dataset_1,0
انا عندي منسطلية بصح مفهمتش كيفاه ندير,1,0.0,dataset_1,0
لازم قبل 12 تمشي vpn,0,0.0,dataset_3,0
واش راك  شكرا,2,1.0,augmented,0
OMG😍😍 HOLEY MOLEY!!,2,1.0,dataset_1,1
Hna ng3do ghi nzidou f 5,1,0.0,dataset_1,0
أقسم بالله لاكونيكسيو تاعكم غير تعبتني وخرجتني على عقلي . عيانة خلااص,0,-1.0,dataset_1,0
فلكسيت ميتلف فضتلي فخمس يام والله مزرية 💔💔🥺,0,1.0,dataset_2,0
المشكل يكونو فالخارج ملاح يجو لبلاد هاذي العوج يتعوجو,1,1.0,dataset_3,0
Sad,1,1.0,dataset_3,0
نبدل Opérateur,1,1.0,dataset_3,0
عندي مشكل كي نشغل الانترنت على شريحة جيزي يجيني استفهام؟؟ وتتوقف الانترنت بالرغم اني عندي 40 g,1,1.0,dataset_3,0
تاع 150 مكانش ؟<br>و وقتاش يخرجو هاد العروض ؟,0,0.0,dataset_3,0
تيكنو خويا شوفلنا كاش تطبيق مشاهدة مباريات كرة القدم,0,0.0,dataset_3,0
نقدر نهبط بيها,0,0.0,dataset_3,0
Tog3od avie wla kifh,1,0.0,dataset_1,0
.hm ghiir khtiik 😏,0,-1.0,dataset_1,0
de,0,0.0,dataset_3,0
Cnx dyalkom t3ayi,0,-1.0,dataset_1,0
"true, we could definitely use some of that !",1,0.0,dataset_1,0
هكذا زيد تثقال مليح الكونيكسيو كثرو العروض والجوده زيرو.,1,1.0,dataset_3,0
Mākh Lõufi Ufo vpn,1,0.0,dataset_1,0
ممتاز والله,2,2.0,augmented,0
Vive oredoo 100da 20go 400da hadrra l tous les rèseaux hadrra illimité mn oredoo l eredoo 👌🏻,0,-1.0,dataset_1,0
بصح خدعتونا فال 100دج علاه زدتوا فيها200دج وزدتوا بغيتوا تهفونا1300دج حولتوها 1500دج,1,0.0,dataset_1,0
عرض 100 الف يعطوك 20 G و 400 الف و مجاني مع اوريدو <br>شكرا بارك الله فيك 🙏🙏,2,2.0,dataset_3,0
4ج اتصلات الجزائر راهي طيار حتى اليمات لحقتلي هاذ 35mg,2,2.0,augmented,0
بلاصة مفيهاش الريزو ناقص ياسر كي ندخل للشمبرة يروح كامل,1,1.0,dataset_3,0
سويتش فيها أبونمو,0,0.0,dataset_3,0
"Baraka laho fik frère, ch7el l prix tae pack kemla (modem..puce) svp ?",0,0.0,dataset_3,0
عروض انترنت لشهر رمضان عجبتني,2,2.0,dataset_3,0
قولونا كونكسيو علاه راهي حابسا نتمنا تردو علينا,0,1.0,dataset_2,0
يرحم والديكم نحو علينا رنات,1,1.0,dataset_3,0
"واش قصتكم كل ليله تنقطع الكونكسيو حتى 12,تاع الليل تطلقوها😕",0,1.0,dataset_2,0
علاه ديتولي خمسالاف 😤😤,0,-1.0,dataset_1,0
عيدكم مبارك وكل عام وانتم بخير,1,0.0,dataset_1,0
اودي طوب 4G حد ما يزعزعها حبيت ولا كرهت كل العروض فاشلة وريزو عيان تحيا للاتهم طوب 💓,2,2.0,dataset_3,0
Amoliorez votre couverture dans la région de Tizi ouzou et le débit bien sûr,0,-1.0,dataset_1,0
.m_e_l ydir aziza,1,0.0,dataset_1,0
صح عيدكم وكونكسيون ثقيله ما عدتش كيما كانت والله اوريدو خير منكم ،علاش ما تشوفوش حل في اسرع وقت مع نهاية الشهر تلقوا نصف الزبائن راح لاوريدو,0,-1.0,dataset_1,0
يمشي علا لويفي خويا الله يحفظك جاوبني,0,0.0,dataset_3,0
هذا العرض متوفر في الشريحة الاصلية لجيزي هايلة بزاف ولا يلزم شريحة جديدة ؟,1,0.0,dataset_1,0
عيب وعاار كبير وسرقة مقننة يقلك عروض ال 4g وسرعة تاع هاذ ال 4g توصل في أفضل حالاتها 40 ميجا بالثانية في حين انها في الدول التي تحترم نفسها لا تقل عن 300 او 400 ميجا في الثانية يعني ال 4g في بلادنا في الحقيقة راهي 2g,1,1.0,dataset_3,0
جيزي في ورقلة هايل بزاف,1,0.0,dataset_1,0
مليح بزاف ❤️ نوصي بيه,2,2.0,augmented,0
أحسن sim مليحة للالعاب وريزوا نتاعها مليح,2,2.0,dataset_3,0
عليك الصحة اڨما,0,0.0,dataset_3,0
ليس هده فقط كارثة اكبر تخلص االفييكس بلا ما راهو ععندك سرقةة كبيرة لازم شعب ينوضلهم كلاونا ببسرقة نتاعهم,1,1.0,dataset_3,0
منكذبش عليكم خويا اني نسكن في العاتر عندي جيزي من 2018 نخدم بيها روعة بصح العام هذا نقصت ياسر,2,2.0,dataset_3,0
اوريدو سويتش راني نعاني معها,2,2.0,dataset_3,0
._.grap شراكة راح يديروها مع أوريدو يا حماار,1,0.0,dataset_1,0
لفيديو تاوعك كامل فيهم8دقايق دير فيديو فيه زوج دقايق وناس تفهمك ياخي حالة,0,0.0,dataset_3,0
Djezzu,1,0.0,dataset_1,0
جيزي خرا يولك الف ميغا باطل ولا محدود والريزو خرا 😂 منهم واليهم تخفاف على 4الى6صباح فقط,1,1.0,dataset_3,-1
من القوة تع الانترنات تع موبيليس عدت رجع فيها 3 جي ..خخ اخمج عروض و ريزو زيرو,1,1.0,dataset_3,0
كاش حل للانترنت ثقيلة في pixx 4 g شكرا اخي,0,0.0,dataset_3,0
صدقني غير اسوء شريحة هي سويتش شهر اول حاجة فور شهر تاني تشوف الحالة الكارثية تاع سويتش انا ودعت جيزي بصح دك نرجعلها بسكو سويتش قالولي خلص علم باش تنحيها,1,1.0,dataset_3,0
حاجة جديدة ومليحة يا جدك بدينا نتقدمو شوي,2,1.0,dataset_1,0
عبدالله عبدالرؤوف العرض مليحلك,2,2.0,augmented,0
rockstar games et rockstar north,1,0.0,dataset_1,0
ايدوم 4g مزالت ب 500 kps,0,0.0,dataset_3,0
قلتولي نفتحولك الخط ديالك ونتوما عيطتولي وبعد بلعطتوني,1,0.0,dataset_1,0
.lweemin.2 Haha sorry 😂,1,0.0,dataset_1,-1
C de l 3eyana la connections ghir ekhtikoum dertha w ndemt,0,-1.0,dataset_1,0
Bonne chance 😉,1,0.0,dataset_1,0
اخي العزيز تطبيق yooz مراهش متوفر ف نضام الايفون هل من حل 🙏🙏😐😐??!,1,1.0,dataset_3,0
راني في دائرة واد العلايڨ والله ماكاين كونكسيو في موبيليس مرض,1,1.0,dataset_3,0
شركة محتالة. الله لا تربحهم,1,1.0,dataset_3,0
التطبيقات كامل ما راهمش يطلعولي من Play story<br>ما عرفت علاه تكتب برك attente de télécharger<br>دجيزي راها تمرض 😷,1,1.0,dataset_3,0
أعجبتني البداية الّتي غيّرتها.,0,0.0,dataset_3,0
شرح رائع مشكور👍👍,2,2.0,dataset_3,1
أوريدو Gold مليح,2,2.0,dataset_3,0
عدنا ريزو يروح العصر ويرجع مع الفجر ربي يهديكم ياك نخلصو علاه ديرونا هاك وزيد على ذالك متصفح ما يمشي Netflix ما يمشي وبزاف ابليكاسيو ما يمشوش علاه هذا المنكر ربي يهديكم,0,1.0,dataset_2,0
Makanch reso 3antna,2,1.0,dataset_1,0
C&#39;est un abonnement ou non,0,0.0,dataset_3,0
عندي عامين مفلكستش بلعتولي لابيس علاش الحڨرة 😕,0,-1.0,dataset_1,0
😢,0,-1.0,dataset_1,0
خويا عندي توب 4g لوكان نفلكسي 100 دج واش يصرالها,0,0.0,dataset_3,0
200 دج روح أكتيفيها في اوريدو يعطوك 60 جيڨا و 400 الف هدرة وتدفق مانحكوش عليه . اوريدو معروفة بالكونيكسيو تاعها <br>احي على موبيليس وينما تجي تكحلها تعميها,1,1.0,dataset_3,0
مدام اتصالات الجزائر هي التى هي تمول جيزي واريدر بالإنترنت تبقى الأمور متدهورة والخدمات ضعيفة وبعيدة كل البعد على الاحترافية,1,1.0,dataset_3,0
Ma puce a été bloquée sans m'avertir ?? Pourtant j'ai déposé le dossier le jour où j'ai acheté la puce ?? Djezzy. J'ai rien compris ??,1,0.0,dataset_1,0
Wachbikom nas tt9dam oo ndoma rizo mzl msgmtohch😥,0,-1.0,dataset_1,0
.luci_fer 😂😂,1,0.0,dataset_1,-1
و لا سويتش مادارو والو عليها,0,0.0,dataset_3,0
مرحبا،الرجاء تقديم اكثر توضيح على الطلب مع رقمك الهاتفي عبر رسالة خاصة (Messenger) لتحويله الى المصلحة التقنية شكرا,1,0.0,dataset_1,0
أفضل عرض من أوريدو هو عرض سويتش,2,2.0,dataset_3,0
Dartha hayla ms 500da,2,2.0,augmented,0
I am translating the songs and I need followers so if follow me if you want 🌀🌀,1,0.0,dataset_1,0
Jami darou haja teslah,0,-1.0,dataset_1,0
bandwidth throttling 💩💩,0,-1.0,dataset_1,0
100 30g ooredoo بالبطاقة الذهبية نفليكسي,0,0.0,dataset_3,0
و الله اوريدو اكبر سراقين احسن شبكة جيزي,1,1.0,dataset_3,0
ياو الفليكسي ساهل ياو الأنترنت راهي ضعيفة بزاف انستاغرام بسيف باش دخلتلو والله ديرولنا حل متخلوش لواحد يندم كي شراها 😤😡😡,0,-1.0,dataset_1,0
بكم سعر مودام جيزي 4g ؟؟,1,0.0,dataset_1,0
ما نزيدش نحط كومنتار البوسط لي فات شبعتو عليا ضحك 😭😭,1,0.0,dataset_1,0
hh no ani bien hakda 😒😁,1,0.0,dataset_1,0
متعامل علي وجه ارض,2,2.0,augmented,0
كونترول 0660هل بالتزام وهل نقدر نحافظ على رقمي بعد مرور الالتزام,0,0.0,dataset_3,0
لم أستطع تثبيت البرنامج,1,1.0,dataset_3,0
تمني تجوبي انا عندي سويش عطوني مدولي كول شهرG 50 خلصتلي نقدر حولها هدا عرض جديد كما لي عندك نتا اتنا جبني خو,0,0.0,dataset_3,0
راني حاب هدره مع دجيزي برك,1,0.0,dataset_1,0
خويا نسقسيك عندي 8ميغا حاب نرجعها 4 ميغا تصلح,0,0.0,dataset_3,0
شكرا جزيلا والله كل شي مزيان,2,1.0,augmented,0
الخاوة حابة نكتيفي top 4g mobilis 500. <br>والمشكل انو 4g كاينة في الولاية بصح مالحقتش المدينة لي راني فيها. <br>اسكو كون نديرها تمشيلي ول لا ؟<br>لي عندو معلومة يفيدني. وشكرا.,0,0.0,dataset_3,0
#djezzy go to the hell ➡😈,1,0.0,dataset_1,0
عندي réclamation توجور نبعثلكم في الخاص ولكن لا حياة لمن تنادي,1,0.0,dataset_1,0
هل من عروض جديدة في بيكس موبيليس,0,0.0,dataset_3,0
regliw reseau,0,-1.0,dataset_1,0
Vive mobilis 100da 20go 400da hadrra l tous les rèseaux hadrra illimité mn mobilis l mobilis👌🏻,2,2.0,dataset_2,0
لابيست 4 جي نافيڨي فيها ؟,0,0.0,dataset_3,0
حبيت نسقسيكم برك متى تتوفر تغطية الجيل الرابع في كامل التراب الوطني,1,0.0,dataset_1,0
راني نضل نشكي من تدفق الانثرنث في ولاية جيجل خاصة مناطق جبلية,0,-1.0,dataset_1,0
الاختيار رقم 7 موجود لكن عنده دخول اليه اختيار توب 4 جيا مكاش,0,0.0,dataset_3,0
ماعندكش بزاف كنت تشكر في جازي,0,0.0,dataset_3,0
Ta7ya orido,0,-1.0,dataset_1,0
.sebai 😂😂,1,0.0,dataset_1,-1
انا ديما ندير 40جيغا ونستهلك غير 10جيغا والباقي نتحوهالي علاش هكذا تحوسو نبدلو الشبكة ونروحو كامل لمبليس ولا نجمة,0,-1.0,dataset_1,0
والله ممتاز والله,2,2.0,augmented,0
Djezzy mliha abonnement,2,2.0,augmented,0
Fiha limitation 😂😂,1,0.0,dataset_1,-1
عندك الحق اخي هادو العروض الاحسن لي ءكرتهم عندي سويتش 1500 الانترنت ملبحا فبها و جيزي 800 كذالك عرض شباب واصل اخي إبداع .,2,2.0,dataset_3,0
براك الله فيك,0,0.0,dataset_3,0
Djezzy a33,0,-1.0,dataset_1,0
كونكسيون نتاعكم خماج😤😤,0,-1.0,dataset_1,0
مع ذلك احسن انترنت في الجزائر,2,2.0,augmented,0
Vive ooredoo la switch,2,2.0,dataset_3,0
ana 30g rahat fi 15 j,0,1.0,dataset_2,0
انا كلما نفليكسي فيها يسرقوهملي مافهمتش علاش راني في المئة وخمسين الف ودوك راني دايرتها غير نغوسوڤي برك نقعد نخدم على الجيزي كرهتها والله مافيهاش حتى فايدة,0,-1.0,dataset_1,0
هل عرض جيزي امتياز 600 دج تفليكسها يمدولك بونيس متوفر ؟؟,1,0.0,dataset_1,0
انا كملولي لي ميغا وبقات تمشيلي بنفس سرعة كيما فيها لي ميغا,2,2.0,dataset_3,0
100الف في الشهر كاين ؟ وفيها سرعة منخفضة ؟,0,0.0,dataset_3,0
مكانش العرض في •600#,0,0.0,dataset_3,0
N9dro nchroha dok wla .dz,1,0.0,dataset_1,0
ينقصو فطول من يزيدو فلعرض منهيه سراقين 👎🏼,1,1.0,dataset_3,0
عروض امتياز ميطلعوليش مع علم عندي عمين هي عندي بيس تاع جيزي,1,1.0,dataset_3,0
تصلح في هبال ولا هايلة بزاف,1,0.0,dataset_1,0
والله يا خويا ماعجبني حتى عرض,1,1.0,dataset_3,0
كونكسيو تاع عيانة خلاها تعملي في عروض مبعد طلع كونكسيو في حالة غير تسرقي هذا مكان,1,0.0,dataset_1,0
حسبي الله ونعم الوكيل 40جيقا راحت في 8يام اليوتيوب ثقيل 144 منقدرش نتفرج 😭😭,1,1.0,dataset_3,0
خاطيك التقديم,0,0.0,dataset_3,0
Oui,1,0.0,dataset_1,0
Djezzy كرهنا من هاد الإجراءات الشكلية تاعكم راكم ديتوا المعلومات تاعي مئة مرة و حتى حاجة ما تسكمت غي بركاونا من الهف,0,-1.0,dataset_1,0
الخدمة تاعكم رائعة صح,2,1.0,augmented,0
Saduki Amine انا بدلت هاد الشهر عانيت خو روح شكيت شحال من خطرة ايا ما حبوش يفهمو بلي راني نشري بدراهمي روح جبت اوريدو سويش خير منها ض,0,-1.0,dataset_1,0
انا عندي اوريدو سويتش ميعطيونيش بونيس في رمضان؟,0,0.0,dataset_3,0
Ana andi haya switch mliha,2,2.0,dataset_3,0
Viv Ooredoo diimA,2,2.0,dataset_3,0
Yaw fa9o,1,0.0,dataset_1,0
تحيا السويتش اوريدو,2,2.0,dataset_3,0
مرحبا،يرجى التواصل بنا على الخاص و تقديم رقمك الهاتفي لنتمكن من إفادتك.نسرين من جازي 🙂,1,0.0,dataset_1,0
>علاه خدام عندك,1,1.0,dataset_3,0
كيفاه ديزاكتيفي سما وترجع مبتسم,0,0.0,dataset_3,0
وين راهم عروض رمضان ولا مكانش هاد العام 🙄🙄,1,0.0,dataset_2,-1
مؤسسة فاشلة,1,1.0,dataset_3,0
كونيكسيون راها ثقيلة ف الارهاط,0,1.0,dataset_2,0
جيزي فيها احسن العروض حاليا بالنسبة ليا لكن السرعة مارهيش مليحة,2,2.0,dataset_3,0
موبليس طوب كتجي كنت نخدم بيها بصح دركه وليت ثقليه دركه راني نخدم بجيزي ماكسي,1,1.0,dataset_3,0
نتا لي عندك ليميت انا ماعنديش 😑 في جيزي تمشي عادي,2,2.0,dataset_3,-1
احترموا عقول الناس.. مستوى رديء.,1,1.0,dataset_3,0
مشاء الله أخي و صحة فطوركم,0,0.0,dataset_3,0
.dz mala tahecholna diro 300 da 5go wahedha bla 500 da hadik,0,-1.0,dataset_1,0
اريد ان ازيل خاصية مسنجر مجانا و النظر إلى صور دون autorisé les données,0,-1.0,dataset_1,0
خويا انصحني حاب نشري <br>Smart tv,0,0.0,dataset_3,0
سلام عليكم أول تعليق على ما أظن .اللهم صل وسلم و بارك على سيدنا ونبينا وحبيبنا محمد صلى الله عليه و سلم,0,0.0,dataset_3,0
Mdrr je préfère la mienne 600da,1,0.0,dataset_1,0
اصلاح الشبكة اولى.,0,1.0,dataset_2,0
4G m barah makanch mayahdikomch rabi ? W service clients 3lah diroh ki matrfdoch 3laa les clients ?,0,1.0,dataset_2,0
Salam 3likom Rana nestanaw dirana test ta3 had la pus Bach nchofo la cnx ida mliha ou nn w merci hbb,0,0.0,dataset_3,0
تهنيت منهم من 2010,1,1.0,dataset_3,0
عجبني عجبني هاد هاد العرض بزاف ربي يوفقكم,2,2.0,augmented,0
شكرا جزيلا 💯 كل شي مزيان,2,2.0,augmented,1
اوريدو قولد عرض علامة,2,2.0,dataset_3,0
🥰🥰,0,0.0,dataset_3,1
مقلتناش أوريدو 100 دينار واش فيها,0,0.0,dataset_3,0
كي تسڨمولنا ريزو ثما نعيدو,0,-1.0,dataset_1,0
السلام عليكم و رحمة الله. المشكل في سرعة الانثرنت . و هل يمكن أن تشتري خط جديد مع الاحتفاظ بالرقم القديم انتاع لاوين,1,1.0,dataset_3,0
.dz oh merci bcp😻,2,1.0,dataset_1,0
ماكانش انترنات يا السراقين,0,-1.0,dataset_1,0
حبيت نسقسيك عندي بروبلام في رادمي راحتلي بيس وحدة ولا يمشي بوحدا اسكو نقدر نرجعها ولا لا ارجو الاجابة و شكرا,0,0.0,dataset_3,0
الانترنت تاعكم للاسف صفر فوق صفر,0,-1.0,dataset_1,0
الخدمة تاعكم رائعة ❤️,2,2.0,augmented,0
Djezzy CONFORT 😎😍😉 العرض لي تلقاو فيه راحتكم من كل النواحي 🤔🤔 سعر، جودة و إمتيازات رائعة واش راكم تستناو #Djezzy #Confort #DZ #Offre,2,1.0,dataset_1,1
تحيا موبيليس pixx 😊😊😍🌹 Sama غي شكلة,2,2.0,dataset_2,1
مهزلة كبيرة حسبنا الله ونعم الوكيل فيهم,1,1.0,dataset_3,0
"Ooredoo calculit fiha ch7al nakol l&#39;internet par raport ch7al tna7ili hia b logiciel wasmo NetBalancer, sabthom swa swa ma yaklo les giga ma walo..<br>Mafhemtche 7ata welat nas kamel yqolo 3lihom seraqine..<br><br>Djezzy talegtha 3andi ch7al, psk kanet 3andi puce Comfort 200DA 80GB fiha limitation 256kbps men 8 te3 lil 7ata 12, service machi ghir yreja3 lwa7ed yseb normal..",0,0.0,dataset_3,0
ياخويا نصيحة حاول تختصر كلام ومطولش الفيديو,0,0.0,dataset_3,0
وأخيرَا هه,2,2.0,dataset_2,0
تقولو راسلونا ونتم مترجعوش علا ميساج والله اصبح خط جيزي سيء للغاية اذا متحلوش المشكل والله نغير الخط لنجمة او موبيليس,0,-1.0,dataset_1,0
اعطيني بديل عرض جيزي هايلة بزااف من فضلك,0,0.0,dataset_3,0
ممكن كاش حاجة لي تسريع top 4g,0,0.0,dataset_3,0
Merci pour l&#39;info et pour la 4glte modem et top 4g il ya du nouveau ou non ..,0,0.0,dataset_3,0
يا جماعة الدعم ..عاونو بعضاكم في الجزاىر . ابونيو في ليشان تاع بعضاكم,0,0.0,dataset_3,0
ABDELDJALIL MOUDER,0,0.0,dataset_3,0
حاليا عندي موبيليس أقوى من اوريدو,2,2.0,dataset_3,0
🔥🔥بعد اذن اخونا الادمن لكل من يريد الزيادة او النقصان في الوزن مرحبا به عبر صفحتنا 👇👇 🔥🔥,2,1.0,dataset_1,0
دنيا قاع تشتكي واقيل غير انا لي راني راضية عليها 😂,2,2.0,dataset_2,-1
تجربة رائعة 🌟 نشكركم,2,2.0,augmented,1
اConnexion ثقيلة بزااف ريقلوها وممبعد حطو عروض,0,-1.0,dataset_1,0
من فضلكم انترنات 600 تع شهر انترنات محدودة ولا غير محدودة,1,0.0,dataset_1,0
Ma3lich tgololi kifah ngl3 free mn messenger 😑😑Hblni mani n9d nchof waloo,1,0.0,dataset_1,-1
سرب سرب يا خويا وراني معاك,0,0.0,dataset_3,0
شرح زيرروو<br>وتصوير ازوور منوو,0,0.0,dataset_3,0
فضلا و ليس أمرا ❤️ أدعوكم لزيارة بروفايلي أنا صانعة أكسسوارات الشعر مبتدئة 🎀 أرجوا دعمكم لي و شكرا ❤️❤️❤️,2,1.0,dataset_1,0
أهدر مليح ماجي تهدر ..خخ,0,0.0,dataset_3,0
مامشالي خويا يدوموندي كارت فيزا,0,0.0,dataset_3,0
تحيا موبيليس 👍👍,2,2.0,dataset_3,1
لباس بيها كانت عندي قبل 🌹🌹 مع تحياتي,2,2.0,dataset_3,0
كيفاش نرجعها هاكا ان عندي سويتش ان تاني,0,0.0,dataset_3,0
وش دارو في سويتش فهمنا,0,0.0,dataset_3,0
Rockstar games and Rockstar north👌💛🔥,2,1.0,dataset_1,0
شكرا جزيلا 👍 كل شي مزيان,2,2.0,augmented,1
تغيير سلبي,1,1.0,dataset_3,0
Pix 1200da Facebook gratuit ?,0,0.0,dataset_3,0
لكونيكسيو ثقيلة بزاف,0,-1.0,dataset_1,0
ممكن أكثر توضيح من فضلك ؟,1,0.0,dataset_1,0
Ana mein activit forfait sama hada mmakanch Kamel cnnx youtube makach les photos f Facebook makach cnnx t9ila es ce que n9dro n3awdo nrdj3o le forfait pix,0,1.0,dataset_2,0
Djezzy الأنترنت راني ضعيفا منذ شهر وراني نفليكسي 1200 ولى 1500,0,-1.0,dataset_1,0
ابعثتلكم في الخاص,1,0.0,dataset_1,0
Votre connexion es de plus en plus pire depuis quelques mois,0,-1.0,dataset_1,0
خخ لكان غير جاو يليميتيوها ف 1mbps 😂 انا عندي 100kbps ماتفوتهاش,1,1.0,dataset_3,-1
شعب زبي ؟,0,-1.0,dataset_1,0
اي بيا كي وفيت,0,0.0,dataset_3,0
ما مشكلة الأنترنت عندكم، البارحة واليوم على الساعة 20.00 لا أستطيع الدخول إلى نتفلكس pubg و pes,0,1.0,dataset_2,0
جيزي كونفور انترنات طيارة مافيهاش ليميطاسيو عند 😍😍,2,2.0,augmented,1
باراك الله فيك اخي لكريم ❤❤,2,2.0,dataset_3,0
سرفيس مليح ✅ برافو,2,2.0,augmented,1
الشهر التالي مع جيزي مكانش منها خسارة الدراهم كونكسيون مكانش ولا ثقيلا الحجر وكونكسيون ثقيلا ومنعدمة أغلب الوقت بزاف فقنا بكم,0,-1.0,dataset_1,0
"500 da wela 300 da , kif kif rani dayer special 200 da/ mois jamais consomit forfait internet ,indoor ta3kom zero",1,0.0,dataset_1,0
regliw reseau w mba3ed sahl,0,-1.0,dataset_1,0
سويتش هل هي أحسن وليميطاصيون عرض,2,2.0,augmented,0
سلام، ندعوك لتقديم عبر رسالة خاصة (Messenger) رقمك الهاتفي والعنوان وكذلك احداثيات المنطقة (GPS) لتحويله الى المصلحة التقنية. زهرة من جازي 🙂,1,0.0,dataset_1,0
._.purple ya kho rir badlha rahom yasr9o fik 👍👍,0,-1.0,dataset_1,1
صراحة قررت مانزيدش جيزي وللابد خلاص وهذا انا فايتة 15 سنة بجيزي .. كارثة اخي اصلا 1 ميغا والله ماكين والمشكل على 8 تع صباح ومكاش يعني سريقة عيني عينك,1,1.0,dataset_3,0
9asdo li kant 3ando puse top 4g ou bdlha ll pixx darlhom had l3afsa,0,0.0,dataset_3,0
موبيليس الاختيار الامثل ♥,2,2.0,dataset_2,0
cnx mobilis sahito ta3kom khfifa bzff,2,2.0,augmented,0
مزية حبستو تع ريفكا و ستانلي😂,0,-1.0,dataset_1,-1
للأمانة.. عرض فاشل بأتم للكلمة من معنى 😕,0,-1.0,dataset_1,0
Lamiss Simone انا ثاني الايموجي هذاك يلعبلي عالمورال اكثر من التعليقات تاعهم 😅😅,1,0.0,dataset_1,-1
والله عياتنا موبيليس بضعف شبكتهاتخيل المكان الذي اسكن فيه تغطية ضعيفة جدا الى حد انو نقلبها الى 3g لكن دون جدوى,0,1.0,dataset_2,0
اك غالط خويا لعزيز هذه ليست 4جي هذي 1جي يرحم والديك مابقيتش تحكي على 256او رأسي يعود يوجه..الناس عندها سرعة الإنترنت 1400ميغا 5 جي وانت ..,1,1.0,dataset_3,0
slm . l code Netflix 3andak,0,0.0,dataset_3,0
اولدي كونكسيون ضعيفة مقدرتش مامبا نكمل 13جيغا,1,1.0,dataset_3,0
ونجاح بتوفيق,2,2.0,augmented,0
Bonne continuation .dz continuation .dz,2,1.0,augmented,0
برافو عليكم  استمروا هكذا,2,2.0,augmented,0
عروض بيكس خير من لي راك تحكي عليهم 100 ألف <br>المدة 30 يووم <br>فيها مع موبليس بااطل <br>200 الف مع جميع شبكات <br>13 جيغا + فيسبوك مجاني,2,2.0,dataset_3,0
كيف يمكنني مساعدتك ؟نسرين من جازي 🙂,1,0.0,dataset_1,0
هل هناك جديد عن مسابقة ايزي رحلة إلى مانشستر سيتي,1,0.0,dataset_1,0
Connexion de merde,0,-1.0,dataset_1,0
لمحبي الرسم 🎨🖌️ ادخلوا حساب صديقتي رسوماتها رائعة إذا اعجبكم رسمها إدعموا موهبتها تحتاج إلى دعمكم هذا حسابها الخاص بالرسم,1,0.0,dataset_1,0
Stivane Stiv صح عيدكم 🙂,1,0.0,dataset_1,0
👍👍👏👏,2,1.0,dataset_1,1
هل هو فاتورة نولي كل شهر نخلص إجباري ولا نو,0,0.0,dataset_3,0
Abonnement?,1,0.0,dataset_1,0
w9il,1,0.0,dataset_1,0
عرض سوتيش هو الأفضل والسرعة تلحقلي فاليل حتى 12 ميڨا <br>لكن الحاجة الوحيدة الي ماعجبتنيش هي كي يخلاصو لي جيڨا قبل نهاية الشهر ماتقدرش تجدد العرض حتى اليوم الاول من الشهر الجديد <br>يعني كي يخلاصو ليجيڨا فوسط الشهر مام تفليكسي وماتمشيش وهذا الي زعجني دايما عندي هاذ المشكل,2,2.0,dataset_3,0
😡😡,0,-1.0,dataset_1,0
الحمد لله عندي هيا سويتش انترنات اليمتي منسنتاش اي عرض نتفرج بها واش بغيت الابي تفي يمشي فوور علعام راهي عرض,2,2.0,dataset_3,0
La gold ooredoo 34mb et 36 apl🔥🔥 zemmouri boumerdes,2,2.0,dataset_3,0
ريزو و انترنت اوريدو هذا اليامات راه كارثة و أغلبية الناس تعاني منو مافهمناش المشكل منين و هل كاين اعدادات نخليها تكون مليحة,1,1.0,dataset_3,0
راني مدايرها مكانش يوتيوب ايليميتي 😂😂..,1,1.0,dataset_3,-1
الانترنات بطيئة عصر حجري,0,1.0,dataset_2,0
ياو ظير على حساب زوالي انا ونتا مناش كيف كيف👌,0,0.0,dataset_3,0
موبيليس تقول ،لونتيل تاع بدرى،اسوء شبكة،,1,1.0,dataset_3,0
نشكركم على المعاملة ولكن عندي مشكل فيما يخص اشتراك لاوين كونترول حاليا انا بدون انترنت واعادة التعبئة تكون في 24 من شهر أفريل اريد حلا وليكن في علمكم ان 13 جيڤا تخلاص بسرعة اريد من سيادتكم ان تضاعفو لنا كمية الأنترنت للاستفادة أكثر وزرع المحبة وتعزيز الثقة,0,1.0,dataset_2,0
صيف بزاف شباب بصح كونكسيو تاعكم ماشي كامل شابة 😑😑,0,-1.0,dataset_1,-1
خوتي راني شاركت فوحد المسابقة و جامي ربحت في حياتي باغي نربح لي يقدر يعاوني يديرلي غي جام على الكمنتار تع المسابقة بلييز 😥😥,1,0.0,dataset_1,0
Yew ahki direct machi blés code za3ma haha fort wala roh tkwd ok,0,0.0,dataset_3,0
Djezzyيا اخت نسرين ولا زهرة ردو عليا فالخاص راني بعتلكمسلام عليكم سي نورمال في 27 جويلية درت أبونمو تاع 1500 عتاولي 50 جيڤا معا 300دج هدرة و ليوم 31 جويلسة خلاصلي كولش يعني بعد 3 أيام.. من فضلك جاوبني ✋🏼🖐🏼👋🏼,1,0.0,dataset_1,0
دجيزي راهي غي ماشية وتخسر يلا قعدت هاك نبدلها نورمال,1,1.0,dataset_3,0
Lte ta3ko t9ol rak tconicti b 2g,0,-1.0,dataset_1,0
Svp khawti ana 1 f ndir djezzy hadi Ta3 40G e 300d kifh ndir bch nchouf chhl b9wli,1,0.0,dataset_1,0
الانترنت جد ضعييفة عدلو انترنت تاعكم من بعد هدرو على العروض راكم تعيو,0,-1.0,dataset_1,0
خاص بالأنترنت ومهدرتش على الأنترنت,0,0.0,dataset_3,0
شحال راهي دير هادي,1,0.0,dataset_1,0
عروض مليحة بزاف,2,2.0,dataset_3,0
خويا قبل ما تبدى فيديوهاتك اتبرى من سوء الاستعمال الانترنت <br>باش ماتديش دنوبهم <br>نتا العائلة كامل يتابعوك ونشجعوك واصل 👍👍💯💯☺️,0,0.0,dataset_3,1
جازي في عنابة راه يطير شريكي ومكانش ليميتاسيون 3 تع القايلة ب 21 ميغا.. وزيد .. موبيليس ميفوتش 1 ميغا عندنا,2,2.0,dataset_3,0
فهموني علاش مرانيش نقدر نعيط من لبارح راهي تخرجلك الخط موقف مؤقتا راه رصيد فيه دراهم وهدرت بيها حبستولي الخط ولا ريزو لي راه كما انا يفهمني على وجه ربي ورجعولي في الخاص,1,0.0,dataset_1,0
من حيث المكالمات مشكورون على التغطية,2,2.0,dataset_2,0
.laou,1,0.0,dataset_1,0
راك تخدم بلمودام ولا تيليفون,0,0.0,dataset_3,0
شريت بيس جديدة ومقراش ريزو كفاه نفتحها,1,0.0,dataset_1,0
كيفاش تتلعب هادي مسابقة,1,0.0,dataset_1,0
عرض متوسط,0,0.0,dataset_3,0
ليوم شريت جيزي كونفور مليحة مافيهاش ليميطاسيو انترنات طيارة 😍😍,2,2.0,dataset_3,1
😢😢 السرعة المنخفضة 512,1,1.0,dataset_3,0
هه.طوب 4ج نتاع موبيليس تصل الى77جيڨا في الشهر ب500دينار فقط,0,-1.0,dataset_1,0
حبيت نحيها رحمة على والديكم كيفاه ملاتلي دراهمي ولى نحي puss,1,0.0,dataset_1,0
تم الرد.,1,0.0,dataset_1,0
A mon avis chekla hadi je préfère 800da fiha 20go w illimité vers djezzy et 800da vers tous les autres réseaux,0,-1.0,dataset_1,0
استعملت التعبئة عبر الانترنت بالبطاقة الذهبية ، الدراهم ديتوهم و لكريدي مالحقنيش ، مع العلم انني درتها الشهر الماضي بدون مشاكل ؟!,1,0.0,dataset_1,0
انا لحقت 70 لحقت 70 ميغا,2,2.0,augmented,0
Adsl 2.10 mg,0,0.0,dataset_3,0
Thrcho bina 300da?? 300da la puce fargha w tflixi 500da sama twali 800da l 15jours alors fi chher 1300da 10Go berk yarbi ychdolk nher thrcho bina tm3o fina je préfère nchri ta3 1400da fiha 300da crédit w 40Go parapor sama mdertona afer ma walo au contraire,0,-1.0,dataset_1,0
عجبتني بزاف المقدمة الجديدة,0,0.0,dataset_3,0
.physmo u need New one bro,1,0.0,dataset_1,0
Djezzy deja fiha debit reduit mdr,1,1.0,dataset_3,0
merci je vais basculer vers cette offre des que j'ai fini mon abonnement du mois,2,2.0,dataset_2,0
دجيزي عندي مليحة وهي المخيرة وفيها فيسبوك مجاني بدون شحن,2,2.0,dataset_3,0
Connexion merdique,0,-1.0,dataset_1,0
.u نشكرك على الاقتراح 😊,1,0.0,dataset_1,0
200دج بزااف القدرة الشرائية لي المواطن لاتسمح,1,1.0,dataset_3,0
لي يسمع هدي لي تهدر يجيه القيء ما هدرت عربية ما هدرت فرونسوية عقلية الشعر تاع لفرونسي لي رخستنا,1,0.0,dataset_1,0
.kahil ميمدو لابونيس لا شوي كريدي لا والو مشحاحين,1,0.0,dataset_1,0
ياخاوني أكبر حشوة هدي هيا حرزو تغلطو,1,1.0,dataset_3,0
هادي تبقى من بعد شهر لي يكمل الكريدي ولا تكمل فيه,0,0.0,dataset_3,0
تحيا جازي,2,2.0,dataset_2,0
Meharzi vs .7 تسما فيها😂😋,2,1.0,dataset_1,-1
يلا تحسنو خدمات الانترنت معليش باسكو راهي تقتل,0,-1.0,dataset_1,0
Djezzy ريڨبونا يرحم والديكم في أقرب وقت,1,0.0,dataset_1,0
سقمو الفيتاس تاع كونيكسيون تيعكم يا الشكوبي .,0,-1.0,dataset_1,0
Rockstar games 🔥❤️🔥❤️,2,1.0,dataset_1,0
راسك يحبس..عندك حق,0,0.0,dataset_3,0
وش راكم تلعبو ووش هي الجوائز 🤔 .dz,1,0.0,dataset_1,0
Kmltha 40 g t3km mtkfish,0,-1.0,dataset_1,0
وين صرات هذي,1,0.0,dataset_1,0
Bejaia il se vend 1300da,0,0.0,dataset_3,0
على حساب البلاصه انا عند 50 ميغا قوة,2,2.0,dataset_3,0
Redhwane Med إن شاء الله بربي 😂😂,1,0.0,dataset_1,-1
كونكسيو تاعكم سرييعة جدا لي يقدر يلحقهى غير الحلزون ماشالله تفوو على كونكسيو تاعكم,0,-1.0,dataset_1,0
500 ميغا جاتك قليلة ..هه ..,1,1.0,dataset_3,0
انا من تيزي من عام,2,2.0,augmented,0
اعدلو جد ال4G برك,0,-1.0,dataset_1,0
الله يرحمها 🙏,1,0.0,dataset_1,0
ولا كونيكسيو لي راهي تروح؟؟ 🙂🙄,0,1.0,dataset_2,-1
Réglo internet allah yehdikom malkom baghyin thablona,0,1.0,dataset_2,0
مليح العرض هذا توب,2,2.0,dataset_2,0
حبسوهالك راها عندك فيها فاتورة لازم تخلصيها قبل ما تزيد باش يطلقوهالكديري حسابك كل ما طولي تزيد الفاتورة مالا روحي لجيزي ولا اي محل خلصي الفاتورة. راها تبقا تزيد,1,0.0,dataset_1,0
وعليها رايح ندير ابوني ولايك للقناة,0,0.0,dataset_3,0
وسمها لابيوس تاع أوريدو تاع لابنمو ؟؟,0,0.0,dataset_3,0
للأسف راني بهاد لابيس وراح نجهل من شدة تقيلة سرعى تاعها 20kb,1,1.0,dataset_3,0
سراقيين الغو هاذ عرض عرض فاشل,0,1.0,dataset_2,0
كونكسيو شعر,0,1.0,dataset_2,0
رانا نستناو في الانترنت الفضائي,1,1.0,dataset_3,0
يا ناس هذه الغروض لا يتجاوز صبيب الانترنيت فيها أقصى من نصف ميڨا 0.55 ميڨا 😢😢😡 انصحكم بمقاطعته,0,1.0,dataset_2,0
ما مشاتليش,1,1.0,dataset_3,0
مع موبيليس 😉كونكنتي باطل 50 4 G الف لشهر top 4 G,2,2.0,augmented,0
Li khasso netflix ychof story ta3i,1,0.0,dataset_1,0
aya warah,1,0.0,dataset_1,0
مشكور على المعلومات القيمه,0,0.0,dataset_3,0
كفاش التزام كش واحد يفهمنا,0,0.0,dataset_3,0
اييه لهنايا نتفاهمو موبيليس نتفاهمو موبيليس,2,2.0,augmented,0
ااوريدو سرقين او يكل حرام و ريب,1,1.0,dataset_3,0
بن صوشة عبد الكريم win taskon,1,0.0,dataset_1,0
حسنونا الريزو رانا ملينا من الإنتظار..,0,-1.0,dataset_1,0
درت أوريدو تهنيت كونكسيون قاوية,2,2.0,dataset_3,0
اوريدو شركة سراقة اكثر منهم كل,1,1.0,dataset_3,0
Win rahi zyada ta3 debi réduit top 4g mazalha 33k,1,1.0,dataset_3,0
بالتوفيق إن شاء الله,2,2.0,dataset_3,0
اعطينا الاسعار الجديدة لاتصلات الجزائر,0,0.0,dataset_3,0
حاب نسقسيك تقدر تخدم باوريدو سويتش بعد انتهاء الجيغا ولا <br>وزيد انا جامي خدمت بيس وراني نتفرج ياسر وهكا معظم الوقت بتليفون تفيدني شريحة هاذي ولا فكني منها للمعلومة نقدر نتفرج بدقة اقل في يوتيوب ولا منصات بثوث مباشرة تجيني عادي يعني 340p هكا تكفيني 50 جيغا,0,0.0,dataset_3,0
"Bonsoir, Nous vous remercions de nous avoir contacté. Nous allons vous répondre le plus vite possible, merci =)",1,0.0,dataset_1,0
bravo et bon courage merci,2,2.0,dataset_3,0
-ben,1,0.0,dataset_1,0
كامل كيف كيف يا اخي,1,1.0,dataset_3,0
نتا علاه راها كالياتك طيحتلك قوتلك حاجة 😒😪😪وجوه شكوبي عطي لروحك قيمه,1,0.0,dataset_1,0
Kamel el moutatalabat b debit hyper lent !! J'ai jamais vu un debit aussi merdiqie que celui de ces jours ci !!,0,-1.0,dataset_1,0
التبهديل في هاذي لبلاد .. والله شيء مخجل هاذي الليميتاسيون.. شفت 4G في بلاد أخرى والله تفوت 100mega تاع débit..,1,1.0,dataset_3,0
تحيا موبيليس,2,2.0,dataset_2,0
مازادولهمش فالتدفق ، مازالت عندي 2 ميغا 😔,1,1.0,dataset_3,0
رجعولي عرض بيكس 😡😡,1,1.0,dataset_3,0
ردو علينا في خاص الله يهديكم,0,-1.0,dataset_1,0
🌹🌹🙏🙏🌹🌹,2,1.0,dataset_1,0
👏❤️❤️ .dz,2,1.0,augmented,0
جيزي خير من موبيليس الانترنت طيارة بصح غير بوضع طروا جي الكاتجي مكانش عندنا وش هو الحل,1,0.0,dataset_1,0
rak 9dim f staoueli darouha ch7al .. 3ndha wa7ed 6 mois la 4G++,0,0.0,dataset_3,0
ربي جيبلكم الشاء العاجل العالم راه اقل شي 40 ملغا فالخلا انتنت غير محدودة ب 40 دولار يعني ماشي السوق السوذاء تخلص بالصرف تاع البونكة موبيليس ماتصلح لوالو تحيا سويتش,1,1.0,dataset_3,0
راحتلي لانتارنات و الهدرة,1,1.0,dataset_3,0
سرفيس مليح  برافو,2,2.0,augmented,0
💪💪😁😁,2,2.0,dataset_3,0
Site merahch yemchii😭😭,1,0.0,dataset_1,0
معناها نبقاو ميتين. واش الفايدة كي يكون في ريزو 4g+فقط. <br>موبيليس هذي تحب تلعب بالاعصاب تع الشعب.,1,1.0,dataset_3,0
خدمة مليحة بزاف ❤️,2,2.0,augmented,0
واش راه يقول فهموني ربي يحفضكم..حاس بيه يخلط,0,0.0,dataset_3,0
سلاممكن التوضيح أكثر من فضلكم حتى نسطيع افادتكم شكراً,1,0.0,dataset_1,0
سرقة كبيرة. ماننصحكمش ديروها,0,1.0,dataset_2,0
واش رك تقول يرحم والديك والله مفهمت شي 🥴,0,0.0,dataset_3,0
ooredoo yooz mlih ymado 4G w 50 ymado 4G mn,2,2.0,augmented,0
المشكلة ليست في العروض ولاكن في سرعة تدفق الانترنت,1,1.0,dataset_3,0
wallah hh,1,0.0,dataset_1,0
عرض سما موبيلس شكرا على الخدمة,2,2.0,augmented,0
فليكسيت ڨبيل عشرلاف ديتوهملي ما فهمتش علاه هادي المرة التانية الي تدولي الدراهم فيها,0,1.0,dataset_2,0
واش راك والله شكرا,2,1.0,augmented,0
صفحة جزائرية خاصة بعشاق الميكانيك ادعمنا ب abonnée ❤like❤partage فضلا وليس آمراا,1,0.0,dataset_1,0
ليميتاسيو حتى تصرف 1024mb فل يوم باش يديروها راهي درك 3 سمانات وهي هاكدا,1,1.0,dataset_3,0
برافو عليكم 👍 استمروا هكذا,2,2.0,augmented,1
مليح بزاف ✅ نوصي بيه,2,2.0,augmented,1
اشحال realmi 7pro,0,0.0,dataset_3,0
We3lach redje3to cnx 1200da 😅😅 direct bla mat9olo même pas,1,0.0,dataset_1,-1
راك خسرتها يا خويا غير تخرط و تخلط بزاف,0,0.0,dataset_3,0
.boug_mohamed 15 jours🤦‍♀️🤦‍♀️,1,0.0,dataset_1,0
نهار تعادلو كونكسيون يا سراقين,1,0.0,dataset_1,0
Stp.انا راحتلي تبحرتلي لابيس تاعي ..وحابه نعاود نرجعها..والفاتوره تاني تبحرتلي..قولولي كي ندير باش نردها ..محتاجتها ضروري..,1,0.0,dataset_1,0
Marahiche stable,1,1.0,dataset_3,0
شدتلي أسبوع وكملت,1,1.0,dataset_3,0
مشاتلي ليوم 33 دونلود و 25 ابلود,2,2.0,dataset_3,0
لاڨولد مازلت نفليكسي 1500 يعطوني 40 gb و 300 هدرة مع كاع ليريزو و اوريدو باطل في 30 يوم <br>كاش ما زادو جديد و لا والو ؟,0,0.0,dataset_3,0
ممكن تطبيق الاسطورة بدون إعلانات من فضلك وشكرا,0,0.0,dataset_3,0
.تاكلو في دراهمنا على لاندية الفاشلة,0,1.0,dataset_2,0
كونكسيو تقييل,0,-1.0,dataset_1,0
احسن عرض هوساهلة بوكس راني نمشي بيها حسن عرض فجيڨة,2,2.0,dataset_3,0
السلام عليكم ..أظن أننا زبائن عندكم منذ اعوام لكن لا أدري ما هته المعاملة التي تعاملون بها زبائنكم .. البارحة وصلني ميساج بلي راح تغلقولي الخط اذا لم اتوجه الى نقطة بيه لتأكيد معلوات الخاصة بي علاش المنكر هذا ترونسبور مكنش كيفاش راح نديبلاصي انا ضرك و بالزيادة نهار لول شريتها من لاجونس جيزي و اذا على 4 g احكموها عندكم ماعندي ماندير بيها .. من بكري كونكسيو رديتوها مهيش مليحة و ريزو عيان .ليكن في علمكم انو بمجرد انكم تقفلولي الخط راح نبدل الخدمة و نخلي جيزي . و راني عيطت لسارفيس كليو ما جاوبوش و بعثت ميساج لصفحة فايسبوك و ما جاوبتوش و بعثتلكم ايمايل و ما جاوبتوش بمعنى انو خان الوقت لي يخليكم لواحد و يبدل الوجهة الى متعامل آخر .,0,-1.0,dataset_1,0
برافو عليكم ❤️ استمروا هكذا,2,1.0,augmented,0
.bylk 😂 wservice makach !,1,0.0,dataset_1,-1
بصح وعلاش مركمش تريبونديو على الخاص تبعت ميساج يقولولك أبعت العنوان و الإسم إلى آخره ومنبعد لا حيات لمن تنادي ميعاودوش يشوفو و ميصلحوش الضعف الكارثي لي راه صاري فالريزو و cnx لينتا تستمر هذي الوضعية راني 10 أيام بلا cnx,0,-1.0,dataset_1,0
تقدر تخدم بشريحة ساهلة بوكس مباشرة فالهاتف,0,0.0,dataset_3,0
قعرتونا بحكاية ديمقراطية عرض كي وجوهكم رجعتونا من جديد الى فخ الثنائيات ماذا تشرب ايها الزابونشاي أم قهوة !!؟لماذا تخيرني بين هاذين الاثنين الزابون قالكم نحب الماء ( كوناكسيو خفيفة) (و5 جيجاتاعك ماتكفيهش.. الطالب مثلا كي تخلاصلو يروح يتفرج يوتيوب تاعك لي فرحان بيهولا يروح للفايبر 🤔- الديمقراطية يا جيزي: الزابون يقترح وش يحب هو ماشيانت تحصرو بين خيارين تافهين وتزيد تقلو ديمقراطية هاذييقولولها التلاعب بالعقول 🙏,0,-1.0,dataset_1,0
Rockstar games et rockstar North,1,0.0,dataset_1,0
خدمو غير ريزو نتاعكم و منبعد ساهل,0,1.0,dataset_2,0
مشكل,1,1.0,dataset_3,0
يعطيكم,2,2.0,augmented,0
سرعة نتاعها المنخفضة من 512 الى اكثر من 1 ميغا,1,1.0,dataset_3,0
بارك الله فيك أخي و لكن حاب نسقسيك راك داير أحمر الشفاه ؟,0,0.0,dataset_3,0
كلهم يكدبو,1,1.0,dataset_3,0
جازي علاه مترجعولناش خط alo otaمع الو ساهل ماهل غير ألو ولا والو :),1,0.0,dataset_1,0
تحب كونكسيون مليحة دير اوريدو la gold قوة ومليحة رآها عندي 8شهور بتجربتها كان عندها مشكل ننصحك جامي سلام,2,2.0,augmented,0
.houcine aywaah,1,0.0,dataset_1,0
هل توجد طريقة تحويل انترنت من. شريحة الي شريحة في المتعامل اوريدو ؟,0,0.0,dataset_3,0
عرض خرطي,1,1.0,dataset_3,0
نورمامو دايرين برومسيو تاع خوك ولا ولدعمك بومبي يجيبلك واحدب 300,0,0.0,dataset_3,0
Cnx t9ila bzeef,0,-1.0,dataset_1,0
█▬█ █ ▀█▀,0,0.0,dataset_3,0
سلام أول مرة ما نفهم والو من الفيديو نتاعك ماشي عوايدك يا سي عبد الجليل ما قل ودل يا اخي,0,0.0,dataset_3,0
Slm chkoun ya3tini Num ta3 khadamat Djezzy rani ma7tajato stp,1,0.0,dataset_1,0
عروض تفها,1,1.0,dataset_3,0
wow,2,2.0,dataset_3,0
اذهبوا انكحو انفسكم LOOSERS,0,-1.0,dataset_1,0
اوريدو مالڨري تدي لي جيڨا بصح هي لي فور ريزو تاعها فور فور,2,2.0,dataset_3,0
تحيا اوريدو مكانش كيفها في السرعة,2,2.0,dataset_3,0
جيغا وهدرة متخلاصش مليحة هادي,2,2.0,dataset_2,0
مرحبا، الرجاء مراسلتنا على Messenger و تقديم رقمك الهاتفي من فضلك لمساعدتك.زهرة من جازي :),1,0.0,dataset_1,0
", top 4g est a 250 kbps",1,1.0,dataset_3,0
مع DJEZZY APP تقدر دير بزاف حوايج 😍تشوف الإستهلاكات ديالك، تشري و تفليكسي👌📱يمكنك الإستفاد من 1 جيغا انترنت مجانّي، واش راك تستنى باش تطلّع التطبيق !👇تلقاو الرّابط في La story #djezzy #app #dz,1,0.0,dataset_1,1
عرض ساهلة بوكس فيه التزام,1,1.0,dataset_3,0
Oui mais la qualité est médiocre merci pour ça aussi 🤨,0,-1.0,dataset_1,0
مشكلة عامة في انترنت نتاعكم غوغل يوتيوب ميمشيش خلاص حابسة,0,1.0,dataset_2,0
احنا عندنا ريزو موبليس ثقيل لي يمشو جيزي و اوريدو,1,1.0,dataset_3,0
3ndna 200 mega/s mega f maroc telecom w orange w inwi,1,1.0,dataset_3,0
وين يتباع عند اتصالات الجزائر وا,0,0.0,dataset_3,0
Première bug up khi 😍,0,0.0,dataset_3,1
لازم التركيز يكون على الميزات الأكثر أهمية كتحسين جودة الأنترنت في المناطق القليلة التغطية,0,1.0,dataset_2,0
اسمع منين عنوان الفيديو عروض اوريدو موبيليس جيزي وشفت المحتوى لقيت حاجة اخرى تخالف العنوان كلية عيب عليك your video&#39;s title is a click bait for more views you should be ashamed of yourself,0,0.0,dataset_3,0
Djezzy راسلتكم 66 الف مرة لكن لا احد يجيب ، عندي اربعة اشتراكات جازي ، نخلص تقريبا عشرة الاف دينار شهريا ، مقابل خدمات كارثية ، كل شهر نقول ضرك يسڨموها,0,-1.0,dataset_1,0
موبيليس نصب ولاحتيال,1,1.0,dataset_3,0
راضي بزاف صح الله يحفظكم,2,1.0,augmented,0
بصح واشمن فايدة إذا التدفق ضعيف لوكان يعطيك حتى 100جيقا والأنترنت ضعيفة مادرنا والو,0,1.0,dataset_2,0
عندي سؤال الأخ معليش نسقسيك؟,0,0.0,dataset_3,0
3 مغ وراهي عاجبتك حتى اوريدو ولاة دير ليميتاسيون ف الليل,1,1.0,dataset_3,0
كونكسيو💩💩,0,-1.0,dataset_1,0
.7 باغي نسقسيك انا هدرت معاك باش تقولي كداب متعاير ناس غير هاك و ممبعد تكملوها بالمحاول,1,0.0,dataset_1,0
"Franchement ce n&#39;est pas normal, en personne je me suis présenté à tizi ouzou en ce jour à point de vente ooredoo pour acheter cette puce ,malheureusement je suis étonné de la réponse de vendeuse qui m&#39;a dit qu&#39;elle n&#39;existe pas cette puce (maakanch menha)elle a même demandé à son chef pour s&#39;assurer et la réponse est toujours négative, j&#39;ai lui même montré ta vidéo, elle m&#39;a dit ça n&#39;existe pas..je ne sais pas à qui la faute..ici à tizi ouzou il n&#39;a rien de nouveau à ooredoo..et merci",1,1.0,dataset_3,0
🌹 لي عندو حاجة حاب يبيعها نبيعوهالو 🙏💪مام عندك خوك حاب تبيعو نبيعوه🙌😂 ابوني 👇👇🌹🌹❤🍀متحشمش 🌹❤❤🍀,1,0.0,dataset_1,-1
نعم خداعين وبطلت مانفليكسي فيها,1,1.0,dataset_3,0
واش من موبيليس يا خويا انا توب 4g درت 210الف و الله ما تفوت 460k/s كرهتها تحيا اوريدو سهله بوكس بنفس السرعة نكونمتو فيها خنا اربعة و ماشي كما موبيليس,0,0.0,dataset_3,0
اخي هدرنا علا سطرلنك وكاين اقمار دور في دول العرب مثل العراق,0,0.0,dataset_3,0
"""مرحبا, ندعوك للتواصل معنا على الخاص عبر Messenger و إفادتنا برقمك و معلوماتك الخاصة للنظر في طلبك شكرا عبد المؤمن من جازي""",1,0.0,dataset_1,0
كاش جديد في اوريدو,0,0.0,dataset_3,0
انا عندي سويتش 3gراني تخلص ثقيلة سيرتو في الليل,1,1.0,dataset_3,0
.khalil.rouabah yasarqo f la consomation kho meme ana 40 Go takhlas f meme pas 20 jours,0,-1.0,dataset_1,0
Ooredoo sarakin kho,1,1.0,dataset_3,0
كامل زبابل لاقوة لاوالو وزيد سومة طالعة فسما بلاد شكوبي,1,1.0,dataset_3,0
حبيت نرجع لابيس تاعي pixx بعد ما حولتها لsama,1,0.0,dataset_2,0
Lcnx ki ch3ar kifkom,0,-1.0,dataset_1,0
Pff cnx partout fi dz machi cnx stop this bla bla bla..we need new pus hh👏,1,0.0,dataset_1,0
Publicité hayela,2,2.0,dataset_2,0
"Allah ybaarrek continue comme ça ,t es sur la bonne voie.",0,0.0,dataset_3,0
أنا هدا وين راح نسييها مي فوور بزاف عحبتني والأنترنات نتعها طيارة ماعندي مانخير شكرا موبيليس,2,2.0,dataset_2,0
☛أنا أفسر الأحلام ومرحبا بكم عندي🌹🌻🌹🌻🌻,0,0.0,dataset_3,0
السلام عليك أخي تكنو مشي 5 أكتوبر 15 أكتوبر,0,0.0,dataset_3,0
درت سما,0,0.0,dataset_3,0
اي تقيلا متشريوش تسللك 200ألف دينار جزائري وتدي 200 ألف سيءة #جازي_سراقة,0,-1.0,dataset_1,0
كيفاه نحول من 3g الى 4g بيس بلا منروح للوكالة,0,0.0,dataset_3,0
ياخويا سرقة وخاصة فعرض تاع يوتيوب شبكات رديئة يجب المقاطعة,1,1.0,dataset_3,0
yedi 3yat ya zhi 😂,1,0.0,dataset_1,-1
عرض هايل أنا الإنترنت خلاصتلي في شهر سوواسوا,2,2.0,dataset_2,0
وقيلا كنت مداير طوب كاتجي,0,0.0,dataset_3,0
انا توب 4جي موبيليس مانغيرش منها ابدا,2,2.0,dataset_3,0
في جيجل مزال 4g ضعيف وتحت المستوى والاكثر مرارة في وسط جيجل بمحادات موبيليس بحد داتها 🤦🤦😩😩,1,1.0,dataset_3,0
عملت سما موبيليس بصحه عروض 24 ساعه ماكنش واش نعمل من فضلك,0,0.0,dataset_3,0
كيفاش تع قولد حتى هي فيها promotion,0,0.0,dataset_3,0
خاطر سرقين نقولك بظليل هدرتي انا تقني سامي اعلام الي و جيسام ولاد الحرام بدلوها ولات gprs 3g زوبية,1,1.0,dataset_3,0
اك منيتك تهدر خو كيفاه إتصال الجزائر فوز ياخو 250 ألف صافي انا 100 الف نروح نحرقها انتا راك تهدر شبعان هذا وش خلنا لور غي تشوف لروحك انتا تبا لك وتصال الجزائر لي راك تكبر بيها وهذا دس لايك منعدي استمتع,0,0.0,dataset_3,0
اخي لماذا لا يتحمل لي تطبيق؟؟!,0,0.0,dataset_3,0
Djezzy يا ودي رجعولي لا بيس تاعي منيش قادرة نتنفس 😭😭سكرتوهالي بلا سبة فيها كريدي و كل يوم نهدر بيها مفهمتش لاه تسكرو فيها. بعثت في الخاص مكن والو,0,-1.0,dataset_1,0
عرض احتيالي 100% عرض pix مازال ساري وعبات 100دينار وبالخطا اخترت عرض sama فخسرت الرصيد والعرض طارت 100دينار هه الله لا تربحكم,1,1.0,dataset_3,0
"Mech habin y9olo 1100 da kolech 😂 , 9oloha mate7chmoch",0,-1.0,dataset_1,-1
نسرين تاع فيسبوك مكاشها ؟,1,0.0,dataset_1,0
Chkoun yjini 1 v 1,1,0.0,dataset_1,0
مديريش عرض سما درتو و ندمت 🤬🤬,0,1.0,dataset_2,0
W service ? Kayen ch3aar,0,-1.0,dataset_1,0
خويا ..عرض 100الف قولد..كانت 20G..<br>ومن بعد عادت 12 G برك ..<br>س1.هل نقدر نبدلها لهذا العرض تع 70 جيقاا..؟<br>س2 عرض 30 Bons 40..200الف <br>كيتعمر 100الف واش يعطوك ..؟؟<br>والعرض الجديد شحال يدير .. اذا مانقدرش نبدل لابيس تاعي ..باه نشري وحدة!؟<br>وشكراا,0,0.0,dataset_3,0
اجمل سرعة انترنت في نظري اوريدو سويتتش سرعة غير عادية و بدون ليميتاسيون . انصح بها بشدة,2,2.0,dataset_3,0
نكماتهم ملخر كامل شركات اتصالات,1,1.0,dataset_3,0
500+600=1100 bff haka ooredoo 100 khir 🌚😑,0,-1.0,dataset_1,-1
غلقولي la puce تاعي البارح كيفاش ندير باش ترجعوهالي,1,0.0,dataset_1,0
شحال نشريها سويتش تاع اوريدو؟,0,0.0,dataset_3,0
switch khir 1500da <br>fiha kolesh,2,2.0,dataset_3,0
قلنالكم ديرو 20 GB ب 100 da في hayla maxi,1,0.0,dataset_1,0
سلام تيكنو واش جديد فأوريدو,0,0.0,dataset_3,0
5جيكا استهلكت في وقت قصير 24 ساعة رغم اني لم استهلكها . يوجد خلل عندكم,0,1.0,dataset_2,0
.aicha merci d'avoir tout dis 💋💋,2,1.0,dataset_1,0
ممكن تطبيق الاسطورة من دون إعلانات من فضلك,0,0.0,dataset_3,0
.dz علا صكرتولي شريحة,1,0.0,dataset_1,0
Mourad aouidia 🔥❤️🔥😢😘😂😂,2,1.0,dataset_1,-1
ماشي قاع الحوانت يبيعو بنفس السومة,0,0.0,dataset_3,0
كي شغل راك دور دور وترجع لمكانك,1,1.0,dataset_3,0
ريزو عندنا راه E,1,0.0,dataset_1,0
متعامل هاتف اوريدو,2,2.0,augmented,0
"Pourquoi faire du moment que la connexion est nul ,la 4G est inexistant.",0,-1.0,dataset_1,0
تجربة رائعة والله نشكركم,2,1.0,augmented,0
خصني شحن في فري فاير,0,0.0,dataset_3,0
Ha les cadeaux te3 shake,2,1.0,augmented,0
مع جازي يزيد يحبسها,1,1.0,dataset_3,0
يا عمي عندها يومين و هي سبيد 70 كيلو بايت <br>كي نسمع تهدر نحس تهدر على دوله اخرى,1,1.0,dataset_3,0
فيس مجاني بعد انتهاء ال90 جيجا يعني استغباء لناس المتسرعة,0,1.0,dataset_2,0
lzm ykon 3ndek iphone,1,0.0,dataset_1,0
هحولولي العرض ولا نكسر لابيس,0,1.0,dataset_2,0
بالتوفيق جيزي,2,2.0,dataset_3,0
How to activate this offer?,1,0.0,dataset_1,0
W mana9darch nactivihom,1,0.0,dataset_1,0
.benmicia booh Maximum 3jrs,0,-1.0,dataset_1,0
L’application marche pas sur iPhone 😭😭☹️,0,-1.0,dataset_1,0
بارك الله على مجهودتكم ولكن ما فهتش والو حبذا تعود تفهمنا,0,0.0,dataset_3,0
ahkili 3la 4.5ko/s !! malfo9,1,1.0,dataset_3,0
وتبقى ooredoo الافضل في عرض عرض سوتش سوتش 150 =<br>50Gb,2,2.0,augmented,0
كما كانت لاقولد وبعد عام باي باي,1,1.0,dataset_3,0
Faible débit.,0,-1.0,dataset_1,0
سلام رقم الهاتف من فضلكم حتى نفيدكم بمعلومات أكثر شكراً زهير. ب من جازي,1,0.0,dataset_1,0
دايما نستعمل العرض هذا بصح الأنثرنث خرا وخاصة فاليل 💩💩,0,-1.0,dataset_1,0
0770 hab nrodha 4g,1,0.0,dataset_1,0
باي باي جازي,1,1.0,dataset_3,0
merci ❤️ gentil c'est,2,1.0,augmented,0
صح صيامك خو عبد الجليل 🇩🇿,0,0.0,dataset_3,0
الشبكة ضعيفة جدا ولا وجود لتعويضات للزبون،,1,1.0,dataset_3,0
نهضرو صراحه جيزي فور فل كونكسون,2,2.0,dataset_3,0
سلام خدمة جيزي راح نقدم طلب ماشي كل خطرة تدولنا لاكونيكسيو استهدو بالله شعب قاعد فالدار و زيد كي يشري جيزي و يفليكسي كونيكسيو ضعيفة لدرجة ما تتصوروهاش أنا وحدة شريت ماشي شريحة وحدة عندنا 7 شرائح فالدار و نفس لبروبلام تاع كونيكسيو نطلبو منكم تعديل هاد العطل ماشي كي نعيطولكم تقولونا بدلو الشريحة من SIM2 إلى SIM1 و تستهزاو بينا حنا تاني عندنا خدمة و قراية تعطلنا غير علجال هاد الاضطراب في شبكة الإنترنت نرجو الرد و شكرا,0,-1.0,dataset_1,0
لا تروح هديك 50الف يدوها موبيليس,0,0.0,dataset_3,0
استفسار,1,0.0,dataset_1,0
شحال مدة باش ينحيو هاد العرض,0,0.0,dataset_3,0
حاب نسقسيكم دوك نتوما طلابين نكون نعيط يديرولي غنية (ابوني في نغمتي باه تسمع موسيقى كي لخرا ) راهي موزنبيق خير منا,0,-1.0,dataset_1,0
🤦😢,1,1.0,dataset_3,0
الله يحفظك خويا <br>كاش بونيس سويتش 150,0,0.0,dataset_3,0
مهه,0,0.0,dataset_3,0
العرض تاع اوريدو hayla مليح,2,2.0,dataset_3,0
حبيت نسقسيك اسكو نت نورمال؟ 🤔 غير تخلط وتخرط تقول ذراري,0,0.0,dataset_3,0
العرض هاذا بطاقات سيم جديدة ولا فليكسي؟ ارجو الرد,0,0.0,dataset_3,0
ما تعطيونيش 20 ب خميسنلف ؟,2,1.0,dataset_1,0
قاع سراقيين حسبي الله و نعمى الوكيل فيهم,1,1.0,dataset_3,0
😒😒😤قوي كونيكسيو,0,1.0,dataset_2,0
الافضل للافضل 🧣🧣,2,2.0,dataset_2,0
Djezzy raht fiha rkm ki zbel f khadamat tesr9o bzf li neflxyha trohli bla mdrt biha walo w jms selft wala tdiwhm hkdk brk 🐸bla sema7,0,-1.0,dataset_1,0
ولا زدت شريت موبيليس انا ماشى بنادم,1,1.0,dataset_3,0
la switch chaba bzaaf,2,2.0,dataset_3,0
90جيغا بتدفق السلحفاة,0,1.0,dataset_2,0
Win tbe3 la puse hedi,1,0.0,dataset_1,0
خويا تكنو,2,2.0,augmented,0
خدمات رائعة لكن تغطية الشبكة رديئة,0,-1.0,dataset_1,0
Rakom ghi Tachéklo 3linà 😝😅,0,-1.0,dataset_1,-1
خويا تكنو شوفنا كاش vpn باش نجوزو يامات الباك,0,0.0,dataset_3,0
مشتركة جديدةة 😍❤❤,0,0.0,dataset_3,1
سلام عليكمDjezzyعلاش المسنجر مراهش يمشي والانترنيت ضعيفة فهمونا علاش تقلقت واش هدا,0,-1.0,dataset_1,0
Fanstay . Rpg,1,0.0,dataset_1,0
واش خليتلهم خويا راه لعب على مكشوف حقيقية الامر لحد ساعة لا يوجد متعامل حقيقي لا جيزي لا اوريدو لا موبيليس لا لكن سؤال مطروح أين هي سلطة ضبط,1,1.0,dataset_3,0
بركنا,1,1.0,dataset_3,0
.nes maslhtlekch ??,1,0.0,dataset_1,0
وين راه تعويض تع تع ايام بكالوريا لي قلتنا عليه,0,0.0,dataset_3,0
سالم خو عندي تلفاز 4k g6 إريس خبيث تشغيل مع التليفون شكراً ورينا ربي يحفظك خويا,0,0.0,dataset_3,0
رجعونا امتياز,1,0.0,dataset_1,0
اكبر الزرامين هو اوريدو 120جيغة تاع زريمة,1,1.0,dataset_3,0
فهمنا في اريدو,0,0.0,dataset_3,0
مليح بزاف 😍 نوصي بيه,2,1.0,augmented,1
اخي من فضلك وربي يحفظك عندي سويتش اوريدو مي راها كونكسيو تتقطع فالمودام تاع ساهلة بوكس,0,0.0,dataset_3,0
عندي بيس اوريدو فيها 27 جيغا مي تقولي معندكش انترنت وعلاه حتى لوكان نروح إلى بلاصا فيها ريزو قوة كيف كيف,1,1.0,dataset_3,0
"<a href="" هذاك لي عندهم اندرويد تحت 11",0,0.0,dataset_3,0
Wli m3ndoch limn y3ayt,1,0.0,dataset_1,0
اضعف شهرية في العالم الجزائر,1,1.0,dataset_3,0
راضي بزاف  الله يحفظكم,2,1.0,augmented,0
راضي بزاف  الله يحفظكم,2,2.0,augmented,0
.dz MRC ❤️😍 MRC ❤️😍,2,1.0,augmented,1
من فضلكم بالنسبة لعروض امتياز لا تظهر عندي جميعها و في ارقام اخرى تظهر اكثر من عرض. اين المشكلة,0,-1.0,dataset_1,0
اكبر حشوا من موبيليس الفيسبوك ليس مجاني بل بعد إستهلاك انترنت يصبح مجاني عكس بيكس,0,1.0,dataset_2,0
DJEZZY te permet d'activer 6 Go avec 500DA à la première recharge 📱 et de bénéficier du même forfait à moitié prix à la 2ème recharge ! 😍Découvrez nos offres en bio DJEZZY te,2,1.0,augmented,1
.aicha لا حياة لمن تنادي,0,-1.0,dataset_1,0
تكسر بي سرقة تاع دراهم لي ناس,1,1.0,dataset_3,0
اخي الكريم للامانة راني نتفرج بها افلام بصيغة 4k طول توقف وضعت الشريحة في مودام اتصالات واشاهد ثلاث افلام بصيغة 1080 في نفس التوقيت وهذا وبدون النهار,2,2.0,augmented,0
اول كمنتار نورمالمون جائزة عليها 😂😂,0,0.0,dataset_3,-1
Love you😍 Omg must have them all😎,2,1.0,dataset_1,1
هه تضحكو,0,-1.0,dataset_1,0
😍😍 look,1,0.0,dataset_1,1
افليكسيلي 100da ولا ندورها موبيليس,0,-1.0,dataset_1,0
يارب يقونا الأنترنت اشويا بصكو راني انعاني في ببجي ، كارثة كارثة خويا,1,1.0,dataset_3,0
جيزي خدعتنا صح,1,1.0,dataset_3,0
Vive mobilis mobilis 20go 400da hadrra l tous les rèseaux hadrra illimité mn 100da l mobilis👌🏻,2,2.0,augmented,0
تعيو كما كونكسيو تاعكم,0,-1.0,dataset_1,0
فكرة الفيديو في الجزء الأول موفقة ومدروسة,2,2.0,dataset_2,0
آسف على هذا التعليق 😓<br>ولكن 🔥 ⚡ 💎<br>أنا عندي محتوى جميل ⚡ 💞 عن فري فاير 💎 💕<br>و أتمنى منك تشوف قناتي فقط ⚡ 💎,0,0.0,dataset_3,0
أهدر ڨدڨد وماتعوقش بزاف صحبي,0,0.0,dataset_3,0
اعطيني كود نلغي بريد صوت ي,1,0.0,dataset_1,0
خويا عندي مشكل عندا في دار نستهلكو 290ميني موم ولا عرض يكفي في شهر,1,1.0,dataset_3,0
Cnx ki lkhra,0,-1.0,dataset_1,0
خويا ربي يسترك ويحفظك ديرلنا حملة على خدمة الوطنية لي يلحقو 25 سنة يعطولهم اعفاء ديرلنا حملة باش توصل للرئيس كيما وصلت نتاع اتصالات الجزائر ربي يعطيك ماتتمنا,0,0.0,dataset_3,0
Li ychof had lpub yhasso affaires ta3 مخ*رات,1,0.0,dataset_1,0
fi Kamel les points de vente dialna 😊,1,0.0,dataset_1,0
ياخو 50 لشحال من شهر,0,0.0,dataset_3,0
الخروطي يا وفاقو,0,-1.0,dataset_1,0
من صاب تكون جيل 4 منبعد ساهل,1,1.0,dataset_3,0
كي ندير *600# ما حبش يدخل,1,1.0,dataset_3,0
Gta 5,1,0.0,dataset_1,0
ما فهمت والو. فهمت غي اوريدو هه,0,0.0,dataset_3,0
واش راك  شكرا,2,2.0,augmented,0
خدمة الزبائن في موبيليس جد رديئة، ويعجرو معاك بالتشناف، وفي جيزي بالدراهم 5دج الدقيقة، نجمة برك لعندهم هاد الخدمة مليحة يرددو ويجاوبو bien,1,1.0,dataset_3,0
نحبو بزاف دجيزي بزاف,2,1.0,dataset_1,0
تقبل الله صيامكم❤رمضان كريم للأمة الاسلامية<br>من فضلكم انشر مقاطع قصيرة للقرآن الكريم، الرجاء الاشتراك,0,0.0,dataset_3,0
تسما رحنا فذاك شي,1,1.0,dataset_3,0
وين هي 4G و من بعد نقولك هه,1,1.0,dataset_3,0
من صباح الريزو مقطوع و مين يجي الانترنت ما تخدمش اليوم 4 أيام في هاد الحالة حلو المشكلة,0,-1.0,dataset_1,0
ياو جيب الجديد ، هدي قديمة بزاف راني نستعملها من 2017,0,0.0,dataset_3,0
كونيكسيو تاعكم مرضتنا تخلص كل شهو و تكونيكتي بزهر,0,-1.0,dataset_1,0
"Bonsoir,Nous vous remercions pour votre proposition et sachez que nous travaillons toujours pour assurer votre satisfaction totale. Nous vous demandons de rester branché pour être au courant des prochaines surprises.Merci 😊",2,1.0,dataset_1,0
سقمولنا الكونكسيون خاصة 3g,0,1.0,dataset_2,0
حسنوا تدفق الإنترنت اولا ومن ثم تكلموا عن الخدمات,0,1.0,dataset_2,0
F3 fal 8GB RAM kayn khoya,0,0.0,dataset_3,0
ليس جيدة <br>نقول بصح لا تغضبو<br>ننكرها و نكرها لا خطش يكملو ليميقى🕊 بلخف<br>اوريدو يطول🐢🐢,1,1.0,dataset_3,0
في رايي ( سما نت خاصة 1500دج و 200 دج) هذا افضل عرض مقارنة بجميع المتعاملين,2,2.0,dataset_3,0
عرض جيزي 40g كرهني في انترنت,1,1.0,dataset_3,0
الله يعاونك <br>مشكل عويص صح,0,0.0,dataset_3,0
تجربة رائعة والله نشكركم,2,2.0,augmented,0
وكيفاه تردها إلى peix,0,0.0,dataset_3,0
في موبيليس كاين عرض promo تاعش هدا تاع انترنت غير محدود,0,0.0,dataset_3,0
شكرا جزيلا صراحة كل شي مزيان,2,2.0,augmented,0
لا سويتش احسن 💪💪,2,2.0,dataset_3,0
وش درتي ؟ اوريدو ؟,1,0.0,dataset_1,0
ديما نلعب والربحة مكاش,1,0.0,dataset_1,0
Ghedwaa nechri la puce 🎴 ta3koum,2,2.0,dataset_2,0
Safi 5 Go fi nhar ye5lasou tdir insta.. Yaklou fi nhar ya5lasou mais bon courage 👏👏,2,1.0,dataset_1,0
الخدمة تاعكم رائعة 😍,2,2.0,augmented,1
لاحول و لا قوة الا بالله العلي العظيم,0,0.0,dataset_3,0
كيف اشتري redmi 10 ?,0,0.0,dataset_3,0
انا طلعوهالي لل 8M بصح راهي تروح وتولي واحدها يطفا اللمبا تع لنترنات,1,1.0,dataset_3,0
من فضلك دير لينا فيديو لتوضيح معلومة تحويل عرض اول تو وطوب كاتجي لاتصالات الجزائر .. وشكراا,0,0.0,dataset_3,0
تحيا جازي تحيا جازي,2,2.0,dataset_3,0
بااينة,1,0.0,dataset_1,0
مبغاتش يطلعي العرض تاع سما,1,1.0,dataset_3,0
بجاية جيزي 72mbps,2,2.0,dataset_3,0
انا عندي وحدا عجبتني,2,2.0,dataset_3,0
الريزو طايب عيا في المنيعة في سنين واحنا نشكو,1,1.0,dataset_3,0
بعثت رسائل على الخاص منذ 3 أيام ولكن لا حياة لمن تنادي,1,0.0,dataset_1,0
نتوما خردة ياجيزي راح نكمل معها .. كونكسيو تاعكم 💩,0,-1.0,dataset_1,0
يوتيوب مجاني,2,2.0,dataset_3,0
.dz ان شاء الله 🇩🇿,1,0.0,dataset_1,0
.mnsiif._x تحرك التليفون وتحبس,1,0.0,dataset_1,0
السلام عليكم..انا استعمل جيزي 150الف 40جيغا.. والسؤال هنا عندما اقيس السرعة هي سرعة كبير تثل حتى 40 جيغا وفي معضم الاوقات 15و20جيغا.. كل شيء يعمل عادي الا شيء واحد فقط عندما اريد ان اتفرج مثل في تطبيق الافلام وعلى تطبيق القنوات على المباشر. تصبح تتقطع على الرغم أن السرعة عالية.. اريد ان اعرف من لديه جيزي هل لديه هذا المشكل.ام لا وشكرا,0,0.0,dataset_3,0
علاش غلقتولي puce ديالي علاش العشرة تاع عشر سنين و غلقتوهالي و المشكل كل شهر نفليكسي 1500دج,0,-1.0,dataset_1,0
حبيت نسقسيك PES 21 تمشي نورمال,0,0.0,dataset_3,0
سقموا ريزو مادا بيكم رانا نعانو,0,-1.0,dataset_1,0
Djezzy فقدت رقمين مميزين جدا واحد اكسبتو اكثر من عشر سنين وفيه معظم اصدقائي من زمن الجامعة,1,0.0,dataset_1,0
ديرولنا فيسبوك باطل اكبر حشوة هاذا العرض . لان الفيسبوك يكونصومي قاع لي جيقا,0,1.0,dataset_2,0
ولاية الجزائر راك فاهم. قصدك الجزائر و الباقي ولايات الشعر يسميوهم. اي ليكم الخرا تاع شكوبيستان كاملة اشبعو برك,1,1.0,dataset_3,0
"مرحبا,نعلمكم أنه سيتم الرد عليكم في أقرب وقت ممكن نظرا للكم الهائل للرسائل التي نتلقاهانعتذر منكم و ونشكركم على التفهم.عبد المؤمن,ك من جازي",1,0.0,dataset_1,0
Khosni 3ard elimite f ooredoo,0,0.0,dataset_3,0
او كتبلك مدى الحياة,1,0.0,dataset_1,0
تربح شعر,0,-1.0,dataset_1,0
سويتش ماشي 11 ميقا انا تفوت,0,0.0,dataset_3,0
علاش ماراكش تهدر على العروض تاع 100,0,0.0,dataset_3,0
اخويا الله يحفضك جوبني عندي top4g درت 50 الف مي متمشليش بابجي واس ندير باه تمشلي,0,0.0,dataset_3,0
ممتازه الحلقه 🦋تحياتي الحلقه 🦋تحياتي,2,2.0,augmented,0
أعدلوا الشبكة من بعد نبارطاجيو مع الأهل كل يوم نعانيو من الانترنت تاع جيزي اذا كملت هك رايحة نبدلها,0,-1.0,dataset_1,0
تدفف منخفض,1,1.0,dataset_3,0
عندي خط حاب نغلقو سبب كونكسيون تعكم خرا,0,-1.0,dataset_1,0
سلام عليكم<br>يا خويا خفف شوية الهدرة ديالك وماطولش فالفيديو باش ناس ما تكرهش,0,0.0,dataset_3,0
ياودي ويفي راه سومبيتي في فيديو نتاعك راهو يبان ديراكت,0,0.0,dataset_3,0
اودي جزي ڤاع ماشي پوست,1,1.0,dataset_3,0
اصبحت اشك انك جزائري تعرف غير الانتقاد والاستهزاء,1,1.0,dataset_3,0
هه جازي راحت عليها اكتفيت تاع 100 الف كونكسيو 0 متطلعش خلاص وزيد كي تعيط هدرة ريزو يخربطوه باه متهدرش,0,-1.0,dataset_1,0
خويا احكينا على توب 4g نتاع خمسين الف,0,0.0,dataset_3,0
موبليس هذه الايامات راهي تسرق connexions صفر,1,1.0,dataset_3,0
ليمساج للشبكات الاخرى منقدرش نبعت !,1,0.0,dataset_2,0
نتمنى دير موضوع علا starlinkبنسبه للجزائر.,0,0.0,dataset_3,0
هل يوجد جديد علي مودام 4g لإتصلات الجزائر,0,0.0,dataset_3,0
.guen,1,0.0,dataset_1,0
انا معنديش ريزو,1,1.0,dataset_3,0
Ybano sisters,1,0.0,dataset_1,0
Ta3 5alf yasla7 instagram ?,0,0.0,dataset_3,0
Raho bda,1,0.0,dataset_1,0
منك بصح زعمة نقدرو نشوفو سيري,1,0.0,dataset_1,0
اوناقصه مرة انا عندي الو حابيت نرجعها جيزي نعيطلكم لا حياة لمن تنادي,1,0.0,dataset_1,0
saha aidek Nesrine taa3 djezzy hh,1,0.0,dataset_1,0
مرحبا جيزي فليكسيت 120الف عملت عرض30جيجا مشات الانترنيت ساعة ومبعد راح الدوني موبيل ماعادش رجع درك نقدر تهدر بها بالصح الانترنيت مكانش بدلت الشريحة لمودم جيزي ونفس المشكلة مكانش الإنترنيت ماداافعل؟؟,0,-1.0,dataset_1,0
من التعامل الجزائري الذي يفجئنا الاول بشبكة الجيل الخامس5G,0,0.0,dataset_3,0
jj,0,0.0,dataset_3,0
انا شريت سويتش 150عياتني كي يلحق الليل ماندخلش لبوبجي خلاص لبينغ ميت مليحا فنهار برك,1,1.0,dataset_3,0
3ayb 3likom khwantoli 10 mil flixiteha dawartoha khyana,0,-1.0,dataset_1,0
خويا عندي جيزي كونترول. الانترنت. الجمعة أو السبت مكاش غاع,1,1.0,dataset_3,0
كاش جديد على la gold خويا لا تبخل علينا بالرد الله يسترك 👍,0,0.0,dataset_3,1
كلتونا غير الدراهم مكان والو,0,-1.0,dataset_1,0
.dz aa oky puce w7dha ana 3ndi djeezy brk,1,0.0,dataset_1,0
خونا جليل ربي يحفظك على نوعية المنشورات <br>.أنا داير هايلة بزاف بصح على حساب الشوفة العكس عيانة بزاف والحل وراه المشكل جميع المتعاملين نفس الشيئ <br>.أعطينا الحل,1,1.0,dataset_3,0
djezzy akbar machrou3 fachel ni l'internet ta3ha t3ayef,0,-1.0,dataset_1,0
عرض فااشل جدا.. من الغبي الذي اقترحه,1,1.0,dataset_3,0
هه ذاك البخص حتى موبيليس ولات تبزنس مع شعب وكامل الجيزي لي قالتلهم اسكتو,1,1.0,dataset_3,0
الشبكة رديئة خلال هذه الأيام,0,-1.0,dataset_1,0
diroulou j&#39;aime yak batel,0,0.0,dataset_3,0
يا خويا اعطلنا اسم الخلفية لراك حاطها في التلفاز تاع النار الله يبارك شابة,0,0.0,dataset_3,0
لكونيكسيوا زيروواا .. 0 .. كي 4g كي 3g سبحان الله واقفين تحت لاقط الشبكة .. l'antenne ماتقدرش تتفرج حاجة الااز تمشي وتحبس . ياك نخلص بدراهمنا زيدوا شوي في قوة تدفق الانترنت,0,1.0,dataset_2,0
❤️ ممتاز والله,2,2.0,augmented,0
شكرا على المعلومة. شكرا على,2,2.0,augmented,0
.dz ان شاء الله 😂😂,1,0.0,dataset_1,-1
Follow me plz,1,0.0,dataset_1,0
واش راك ✅ شكرا,2,2.0,augmented,1
سلام، ندعوك لتقديم رقم الهاتف وكل هذه المعلومات على الخاص لتوجيه طلبك للمصلحة التقنية من فضلك. شكرا، زهرة من جازي,1,0.0,dataset_1,0
mazal mabda,1,0.0,dataset_1,0
hab nbedel men hayla bezzaf ll hayla maxy 3lah ma9dertch ? (kant djezzy carte ),1,0.0,dataset_1,0
.dz لم استلم هديتي التي فزت بها في مسابقتكم,0,-1.0,dataset_1,0
أفضل بكثير من ما كانت عليه,2,2.0,dataset_2,0
سلام عليكم خويا حاب سقسيك تبعت فيديو تاعك حولت شريحة تاعي يوز او حاب رجعها كيما كانت هيا,0,0.0,dataset_3,0
واش راك صراحة شكرا,2,1.0,augmented,0
معليهش تجاوبوني تعيشو؟؟ کفاش نعرف لبيس ديالي راهي إيزي؟,1,0.0,dataset_1,0
100 كاينة ول نو,0,0.0,dataset_3,0
"مع جازي ابقاو ديما متّصلين عبر مواقع التواصل الإجتماعي المفضّلة لديكم 📱😍 شكون فيكم يضل يدير ف Les stories فال vos 👀 🤳Avec DJEZZY, restez toujours connectés sur Instagram؟ réseaux sociaux préférés 📱😍 Des accros aux stories instagram parmi nous? 👀 🤳#Djezzy #Dz #Réseau #Insta",2,1.0,augmented,1
واش لي راكم تصرفو على الاشهار لوكان قمتم بأصلاحها جيدا,0,-1.0,dataset_1,0
Hope Ania Natir انا صراتلي خليتك علا ربي,1,0.0,dataset_1,0
كرهنا من هاذ الشريكات نتوع الشعر,1,1.0,dataset_3,0
جاوبوني فالخاص 😡,1,0.0,dataset_1,0
😢😢40جيغا ساعة تمشي و4 سوايع ستنا,0,-1.0,dataset_1,0
راك بعيد خويا عن المشتركين نتاعك اترف هذا جيدا,0,0.0,dataset_3,0
الخدمة تاعكم رائعة ❤️,2,2.0,augmented,0
حسنو نوعية الشبكة ، 15 سنة اشتراك لم ارى جازي بهذا السوء,1,0.0,dataset_1,0
خويا بصح مولاتش خفيفة بزاف 1 ميغا في ثانية,1,1.0,dataset_3,0
اقسم بالله درتها ثقيلة مبغاتش تمشي ليا,0,1.0,dataset_2,0
صح كونكسيو عندي ناقصة بزاف في جازي كونفور,1,1.0,dataset_3,0
خفونا الانترنت تاع جيزي يا ودي راها تقيلة على اتصالات الجزائر🙄🙄,0,-1.0,dataset_1,-1
Wach man 4.8g<br> Hna mazalna ba 3g fa 2020 🙃,0,0.0,dataset_3,-1
انا ريزو والله ماعندي خويا حتى نروح للمدينة,1,1.0,dataset_3,0
انترنت عرض افضل,2,2.0,augmented,0
Dok hadi app Nass yahdro 3liha 😒😒,0,-1.0,dataset_1,0
اوريدو ماتحبسش,2,2.0,dataset_3,0
connexion thabel mercii bq,2,2.0,dataset_2,0
انا عندي اكثر من 3 اشهر ملي نحيت شريحة هاذ الشركة النصابة كانت عندي كريدي 1500 خاطر كونت ظاير تاع كونترا وماحبش الطح ان اللي يخدم تما يغلقلي الشريحة بحجة ان تاريخ صدور بطاقة التعريف ماراهش يبان ..امالا كسرتها ورميتها ويتهردوا ان شاء الله صح يغلقوا وكيلهم ربي اسوء متعامل واسوء شركة على مر العصور ..الناس كامل هربت منهم وهم يزيدو ينقصوا الاغ بياء شغول الناس راهي دايرة الصف عليهم 😁😏😏🤮🤮,1,1.0,dataset_3,0
اول مرة تقول حاجة مليحة,0,0.0,dataset_3,0
جيزي ايزي 1200 عرض رائع,2,2.0,dataset_3,0
هل من شريحة ب 300 او 400دج كثرة الجيجا انترنت,0,0.0,dataset_3,0
باي جيزي والله السيد عندو الحق دارو ليميتاسيون ا,1,1.0,dataset_3,0
كي تروحو ڨاع من جيزي نقعد وحدي تعاود نولي خفيفة طريق سلامة..,0,0.0,dataset_3,0
قداه يجيب ويخلص العرض؟,0,0.0,dataset_3,0
تحيا موبيليس ❤️,2,2.0,dataset_2,0
Vive la switch,2,2.0,dataset_3,0
باغي نربح وندي تيليفون,1,0.0,dataset_1,0
mat9drich 😂😂,1,0.0,dataset_1,-1
السلام عليكم اخي كيف يمكن شراء من موقع تكنو شوب,0,0.0,dataset_3,0
نعتذر عن هذا الإزعاج، ندعوك للتواصل معنا على الخاص و تقديم رقمك الهاتفي والعنوان وكذلك احداثيات المنطقة (GPS) لتحويله الى المصلحة التقنية.,1,0.0,dataset_1,0
علاه مدروش لي كونطرول وبري فيكس وتفهمونا فيها وتقولونا بلي عدك 110 فشهر فيها 5جيغا وفيسبوك وانستا الميتي #djezzy.dz,1,0.0,dataset_1,0
هي احسن جيزي,2,2.0,dataset_3,0
لله ابرك مليح بزاف,2,2.0,dataset_3,0
Cnx ki che3ar ghir ser9a Allah la trabhkom -_-,0,-1.0,dataset_1,0
شكون يفليكسي لينا عشرلاف نبرطجو ويفي شوي خهه 😏,1,0.0,dataset_1,0
what is this cuteness ?!?? I mean it!,1,0.0,dataset_1,0
تحيا top4g,2,2.0,dataset_3,0
Mercii 🔥🌹,2,1.0,dataset_1,0
رايح يخلاص عرض 1500daومازالت الانترنت جد ضعيفة خاصة من 8 وروح 🤨🙄😏 خسارة ناكتيفي وفلخر نستعمل 12Goمن 40G😡😡,0,-1.0,dataset_1,-1
في جيزي عندي الطارف خير من موبليس,2,2.0,augmented,0
Et aussi profitez d internet catastrophique 😒,1,0.0,dataset_1,0
في قسنطينة وصلت 50 ميغا قاوية,2,2.0,augmented,0
كونكسيو قلبوها 5 ميقا ليكانت 2ميقا,2,2.0,dataset_3,0
يخو كنكس تع موبيليس ولات عيانة بزاف,1,1.0,dataset_3,0
إشهار..إشهار..,0,0.0,dataset_3,0
🔴عرض خاص 📣📣📢📢 pack de sécurité 🔴علبة الإسعافات الأولية بكامل أغراضها 11 غرض جديد الإنتاج 🔴🔥مطفأة يدوية لكل الحرائق في السيارة أو المطبخ .. سعة 1kg 🔴لا يوجد تاريخ إنتهاء الصلاحية🔴عند إستعمالها يمكن تعبئتها من جديد🔴ضمان 6 أشهر 🔴كل هذا 2800 دينار فقط 🔴يوجد التوصيل🔴للطلب أرسل على الخاص الهاتف📲📞⁦☎️⁩ والعنوان والدفع عند التسليم 💰💵🔴العنوان=»أمام ثانوية بوشاوي 3 -الشراڨة-الجزائر العاصمة 🔴رقم الهاتف =»0673743039,1,0.0,dataset_1,0
fi chlef makench gha3 sur tous fi boukadir djezzy mobilis ooredoo 0 internet,1,1.0,dataset_3,0
صلحولنا اتصالات زبائن من صباح لي ليل ما كانش رد علينا,1,1.0,dataset_3,0
الاغلبية الساحقة في التعليقات تشتكي من سوء الخدمة وضعف الانترنيت. الحل الوحيد هي اوريدو عن تجربة. كل شيء فيها مليح وعروض روعة,0,-1.0,dataset_1,0
Es ce que ses prix sont a la portée de tout le monde.. Malheureusement non.. Donc rien de special c&#39;est toujours en arrière..,1,1.0,dataset_3,0
"Rockstara games(Grand Theft AutoGTA) is a series of action-adventure gamesMike DaillyLeslie Benzies and Aaron Garbut. It is primarily developed by British development house (formerly DMA Design), and published by its parent company, . The name of the series references the term ""grand theft auto"", used in the United States for )😂",1,0.0,dataset_1,-1
Zagmou conx ta3kom oumba3d Sahel 😏,0,-1.0,dataset_1,0
التغطية تكاد منعدمة في ولاية البليدة مدينة العفرون خصوصا المنطقة الجنوبية للمدينة..معاناة مع التغطية بأتم معنى الكلمة 😏,0,-1.0,dataset_1,0
J'ai pas compris,1,0.0,dataset_1,0
لكونيكسيون 40gوثقيلة وتكمل بلخف مغدوعة 👌👌,0,-1.0,dataset_1,0
في أمريكا شبكة 5G تحقق سرعات قصوى تبلغ 20 جيجابايت في الثانية باستخدام ترددات تصل إلى 100 جيجاهرتز. بينما الصين تفاجئ العالم بشبكة 6G بسرعة تصل الى 100 جيجابت في الثانية وتستخدم ترددات تصل إلى 3 تيراهيرتز التي لا زالت قيد التجريب قبل انطلاق الخدمة رسميا.<br> في شكوبيستان يحكوا على العروض وهوما معندهمش أصلا الجيل الرابع !! .. خاصة موبيليس سرعة التدفق ماتفوتش 256 kpbs .<br>اوريدو بلا ماتكونكتي يروحوا لي جيغا وجيزي كي تحب تتفرج فيلم لازم تسهر حتى ل 2 تع صباح باش تتفرج..,1,1.0,dataset_3,0
.megn ana f lil mn 9h hten 00:00 3ayana,1,0.0,dataset_1,0
أخي عروض امتياز هي عروض مؤقتة كل عرض تستفيد منه مرة فقط، مثلا عرض 800 دج تستفيد منه شهر لمرة واحدة، ولما تحب ترجع تستفيد منه ماتلقهاش وهكذا.. يعني جازي فاشلة في العروض,1,1.0,dataset_3,0
"المشكل في سرعة الانترنت الناس عندهم 5G ,معارف حتى واش حال عندهم ميغا وحنا مزال الفكرون يمشي من العصر الحجري",1,1.0,dataset_3,0
برافو موبليس افضل شبكة جوال في الجزائر😍,2,2.0,dataset_2,1
تم الرد على رسالتك في الخاص.نسرين من جازي,1,0.0,dataset_1,0
0.5 kb OOREDOO Switch dayra ki zz,1,1.0,dataset_3,0
Djezzy هل نحن نحصل على الأنترنيت مجانا منكم ؟,1,0.0,dataset_1,0
في ليل والو 0. مزيدش تطلع شفنا لحل,1,1.0,dataset_3,0
صحاب الجيزي كي يهدر لازم يفوت الدقيقة الثانية🙃🙃,0,-1.0,dataset_1,-1
عرض موبيليس مكاش سرعة محدوده,2,2.0,dataset_3,0
أسوأ عرض تقدمه موبليس .احذروا من هذا العرض,1,1.0,dataset_3,0
Djamel Amnap هه غير روح اضرب طلة انا في يومين طيرولي عشرالاف,1,0.0,dataset_1,0
3yna hadi lpus chritha w ndmte,0,-1.0,dataset_1,0
ﺍﻟﺴﻼﻡ ﻋﻠﻴﻜﻢ ﺍﺭﻳﺪ ﻃﺮﺡ ﻣﺸﻜﻠﺘﻲﻋﻠﻴﻜﻢ ﻭﻫﻲ ﺃﻥ ﺷﺮﻳﺤﺘﻲ ﺟﻴﺰﻱﺿﺎﻋﺖ ﻣﻨﻲ ﻭ ﺗﻘﺪﻣﺖ ﻟﻤﺼﺎﻟﺢﺍﻷﻣﻦ ﻭ ﺗﺤﺼﻠﺖ ﻋﻠﻰ ﺗﺼﺮﻳﺢﺑﻀﻴﺎﻉ ﺍﻟﺸﺮﻳﺤﺔ ﻋﻨﺪﻣﺎ ﺍﺧﺬﺗﻬﺎ ﺍﻟﻲﻭ ﺍﺳﺘﺮﺟعﺖ ﺍﻟﺸﺮﻳﺤﺔ Directionﺍﻋﻄﻴت لي ﺑﺮﻗﻢ ﻣﺨﺘﻠﻒ ﻋﻦ ﺭﻗﻤﻲﻋﻠﻤﺎ ﺑﺄﻥ ﺍﻟﻤﻮﻇﻔﺔ ﻗﺎﻟﺘﻠﻲ ﺣﺘﻰﻟﻐﺪﻭﺓ ﺑﺎﺵ ﺗﺘﺮﻳﻘﻞ ﺍﺳﻜﻮ ﻧﻌﺎﻭﺩ ﻥ ﻟﻲ ﻟﻴﻬﺎ ﺑﻠﺨﻒ ﻭﻻ ﻧﺴﺘﻨﻰﺟﺎﻭﺑﻮﻧﻲ ﺍﻟﻠﻪ ﻳﺴﺘﺮﻛﻢ ﺍﻟﻘﻀﻴﺔ ﻣﻬﻤﺔﻭ ﺭﺑﻲ ﻳﻌﺎﻭﻧﻜﻢ,1,0.0,dataset_1,0
موبليس متعامل فاشل بكل المقاييس عروض قديمة من وقت الرومان أنا عندي عرض وين مكس كونترول من 2017 مغيرو فيه والو ب 1300 دج يعطوك 15 جڨا و 5 سعات يخلصلك في 10 أيام مكالمات نحو جميع الشبكات + أنرنت 15 جڨ ،مجانية مكلمات بين شبكة موبليس متنفعش كل المستخدمين عندهم متعاملين أخرين شبكة الأنترنت ضعيفة فيها إنقطاع خصوصا في الليل بعد 00 وحكاية هاد التدفق المنخفض عند نفاد رصيد، الأنترنت تفاهة 2021 يعطك تدفق منخفض بسرعة الحلزون 🐢,1,1.0,dataset_3,0
Aaah dayrinha 3la zwawla bchwi hta raditoha 100 #HAYLA c'est mieux,1,0.0,dataset_1,0
من فضلك جيبلنا Spotify premium,0,0.0,dataset_3,0
مساء الخير،نأكد لك أنه سيتم الإتصال بك مجددا فور توفّر هديتك، الرجاء الصبر من فضلك.زهرة من جازي :),1,0.0,dataset_1,0
عندي بيس جيزي حبيت نردها كارت ميموار شكون يعرف الكود كيفاه,1,0.0,dataset_1,0
انا عندي جيزي 11 ميقا قاوية,2,2.0,dataset_3,0
عرض مليح,1,0.0,dataset_2,0
اووريد كارثة إستهلاك خرافي للرصيد و الانترنت جازي بدراهم تاعك <br>و ليميتاسيون. موبيليس منذ أكثر من عام لا عروض تذكر <br>الحل هو مقاطعة الشركات الأجنبية جازي و اروريدو,1,1.0,dataset_3,0
😕😂,1,0.0,dataset_1,-1
fhemti 3lash 3ndi puce djezzy 🙄😂 fhemti 3lash,2,1.0,augmented,-1
Rokstar .abed.dz 😍😍,2,1.0,dataset_1,1
صحيتو موبيليس,2,2.0,dataset_2,0
Aw régliw réseau brk,0,-1.0,dataset_1,0
من البارح مساءا حتى ظهيرة اليوم كانت لابس,2,2.0,augmented,0
لي كانت عندهم 20 ميقا طلعت 50 ؟؟,1,0.0,dataset_2,0
Younes Hadjidj كت نلعب ضرك 😂😂,1,0.0,dataset_1,-1
موبيليس راها مخصرتها,1,1.0,dataset_3,0
yaw segmoulna réseaux brk,0,1.0,dataset_2,0
"Svp, comment me désabonner d'instawin qweez, j'ai desinstaller l'application djezzy, et en rechargent du crédit ,j'ai été débité de 25da et j'ai reçu un msg comme quoi j'ai renouveler l'abonnement, alors que je n'ai guère joué ! C'est de l'arnaque ça",0,-1.0,dataset_1,0
Djezzy kollach fiha ya3ayi 😕😕,0,-1.0,dataset_1,0
صلحتلي على متطلعليش👍👍 4g كانت خاطر,2,2.0,augmented,1
مزال,1,0.0,dataset_1,0
في الجزائر فقط يعطوك الأنترنيت بلغرام و القطرة تقول الذهب و لا الألماس,1,1.0,dataset_3,0
.dz 🤭🥰,2,1.0,dataset_1,1
اليوم تستاهل 100 جام,0,0.0,dataset_3,0
Il q quoi votre réseau enfaite je peux voir des vidéos sur YouTube mais je ne peut pas consulter ma boîte email c bizarre de mètre toute sur la vidéo y'en a des gens qui travaillent.,1,0.0,dataset_1,0
عندي اتفاقية mdn الانترنات كي تخلاص يحبس الفايسبوك ثاني والرسائل نحو موبيليس فقط 😑😑,0,1.0,dataset_2,-1
اوريدو اكبر سرقين وستعمل الحيل مع الزبائن,1,1.0,dataset_3,0
عبدالله عبدالرؤوف العرض الدوزيام,2,2.0,augmented,0
حقيقة لا مفر منها<br>في الجزائر عندنا 4جي<br>مزالنا ينخدمو بي 3جي<br>يعني كي يطلقو 5جي <br>عاد توصلنا 4جي جيدا,1,1.0,dataset_3,0
السرعة هه نتوما مهابل ولا تتمهبلو الله يهديكم برك,0,-1.0,dataset_1,0
خويا كيفاش وسمها الخلفية لراك حاطها في التلفاز شابة الله يبارك,0,0.0,dataset_3,0
الجماعة هادو ماعندهمش انستا,1,0.0,dataset_1,0
مفهمت والو 🤷🏻‍♀️,0,0.0,dataset_3,0
Tu racontes n&#39;importe quoi,0,0.0,dataset_3,0
راني ف 6 اشهر مفليكسيتش هابالاكو تبلعوها والله نديرلكم ثورة,1,0.0,dataset_1,0
Pauvre Algérie,1,1.0,dataset_3,0
واش راك ❤️ شكرا,2,1.0,augmented,0
Andi 600 b 12g,2,1.0,dataset_1,0
هدرتك تقلق برديل,0,0.0,dataset_3,0
خويا عجبني الجنريك الجديد اللي عملته,0,0.0,dataset_3,0
خدمة مليحة بزاف صراحة,2,2.0,augmented,0
انا عندي ميقا قاوية جيزي 11 ميقا قاوية,2,2.0,augmented,0
يجب توديع أيضا اتصالات الجزائر,1,1.0,dataset_3,0
Saha idkom kol 3am was anta bialfi khayre,0,0.0,dataset_3,0
مشالي كلش عادي اليوم و راني فالعاصمة,2,2.0,dataset_3,0
انا عندي جيزي ريزو مليح,2,2.0,dataset_3,0
راك غالط في اتصالات الجزائر ، مودام 4g ، عند نهاية 20 جيغا ، تقدر تتصفح كل المواقع بسرعة منخفظة 512 ، والله العظيم هاذو ليام السرعة راهي هبال ، استهلكت 20 جيغا وبقات السرعة هبال ، جرب خويا وردنا لخبر ، قسما بالله راني نتفرج يوتوب بدقة HD بدون برصيد 0 جيغا,2,2.0,dataset_3,0
موبيليس ريزوها فور عندي,2,2.0,dataset_2,0
الشبكة في باب زوار شبه منعدمة,0,-1.0,dataset_1,0
حنا رانا نطالبوا بتحسين الانترنت والتدفق حنا رانا نطالبوا بجودة عالية حنا رانا نطالبوا بجزائر جديدة يعني المقاطعة باش يردولنا الاعتبار👌🖐️,1,1.0,dataset_3,0
الكنوكسيون راهي هايلا,2,2.0,dataset_2,0
مفيهاش موبيليس فيها فيسبوك باطل ماشي تصفح,1,1.0,dataset_3,0
"We are the new generation, we are connected 😎😉Join us w'ykoun 3endek 5Go 😍 zyada b'300DA #izzy #djezzy #dz",2,1.0,dataset_1,1
Mais l'offre d'instagram et facebook est mieux que youtube !!,0,-1.0,dataset_1,0
راه عندها شهر كيما هاك. غير تفوت 1 جيغا استهلاك في اليوم ينقصولك السرعة حتى 256 كيلوبايت . انا كنت نستعملها و قاطعتها . لازم المقاطعة باش يريقلو رواحهم . رانا نخلصو بدراهمنا و يقطعوها علينا,1,1.0,dataset_3,0
شحال ضحكني هاذا الفيديو,1,0.0,dataset_1,0
سيلنا بينج في فري فاير من 9 مساء ل 11 مساء يا اخي واعطينا النتيجة ان امكن,0,0.0,dataset_3,0
تدفق متوسط,0,0.0,dataset_3,0
فالكنكسيو العرض خفيف فالكنكسيو العرض هذا,2,2.0,augmented,0
ما عندكم لا انترنت لا بلا فرانات. بركاكم من الطراطق.,0,-1.0,dataset_1,0
ربي يرحمهم بادن الله 🤲 مي سرعة تدفق الانترنت عندكم جد ضعيفة 🤠🙄😏,0,-1.0,dataset_1,-1
سرفيس مليح 🌟 برافو,2,1.0,augmented,1
انترنت تاعكو خرا,0,-1.0,dataset_1,0
Hagra hadi,1,1.0,dataset_3,0
هذي شريحة جديدة ولا تصلح مع اي شريحة؟,1,0.0,dataset_1,0
Follow me and i will follow you,1,0.0,dataset_1,0
Yaw l’internet makanch,0,-1.0,dataset_1,0
عندي مشكل مع شريحة توب 4جي شريتها 2009 ما يخرجش ريزو 4جي,1,1.0,dataset_3,0
عندي شريحة نخلص بالفتورة كل شهر 130 الف عندي 4 اشهر نخدم في بلدية صغيرة مافيهاش تغطية نتاع دجيزي نجم نحبسها مؤقت,1,0.0,dataset_1,0
الخدمة تاعكم رائعة,2,1.0,augmented,0
موبيليس دائما معنا 💪🇩🇿💚💛,2,2.0,dataset_2,0
موبيليس نحو موبيليس اصعد لسماء ماذا تنتظر معا لنصنع المستقبل,2,2.0,dataset_2,0
اليوم لعشية باش تحسنت شوي,2,2.0,dataset_2,0
الفيسبوك عاد ياكل ليميڨا ؟😥,0,1.0,dataset_2,0
رآهم يقطعون انترنت من 8 مساء حتى نصف الليل مند ان فعلت هاد لعرض سما يعنى رآهم يسرقون فينا,1,1.0,dataset_3,0
متقاعدش خو موبيليس في بلدية الدويرة جوايه 8 تاع لعشية متقدرش تبعت ميساج,1,1.0,dataset_3,0
Le Réseau l'équipe raho très faibles dernièrement j'ai rien compris en plus j'habite à bab azzouar 🤔🤔,1,0.0,dataset_1,0
Conexion grave t9ila rigliwalna had l prblm,0,-1.0,dataset_1,0
j’ai un problème de ne pas trouver application yooz,1,1.0,dataset_3,0
عندي la Switch 2500,0,0.0,dataset_3,0
يرحم والديكم و على وجه ربي و ديروها مزية و شوفولنا المشكل تاع الانترنت. راهي ثقيلة و رانا نخسرو في صواردنا بااطل,0,-1.0,dataset_1,0
انا كيوتيوير راني معاك أخي الى الامام 🔥💪<br>نزيد نقاطعوهم,0,0.0,dataset_3,0
Bla Algérie bla tout monde insha&#39;Allah,1,1.0,dataset_3,0
😍,2,1.0,dataset_1,1
كنت راح نشري جيزي مي كي سمعت بلي كونيكسيون تقيلة بطلت😮,0,-1.0,dataset_1,0
معليش جاوبوني في البريفي عندي سمانة ملي بعثتلكم تقول بعثت للأمم المتحدة,0,-1.0,dataset_1,0
صدقني راني نتفرج في الفيديو تاعك بجيزي و بدون انقطاع,2,2.0,augmented,0
نحب نكوناكتي واه بصح باطل ما تيڨزيستيش معاكم عمي جيزي؟,1,0.0,dataset_1,0
حبيت نعرف حاجة واحدة برك ، عرض السويتش عرض كيما عرض la gold ولا بعقد(تشريها بكونترة) ؟,0,0.0,dataset_3,0
في جديد اوريدو سويتش لباس,2,2.0,augmented,0
السلام عليكم و رحمة الله. كيف يتم تحويل من متعامل إلى اخر والاحتفاظ بالرقم . و الذين يملكون شرائح باطل ما بين نفس المتعامل كيف يكون ذلك,0,0.0,dataset_3,0
عمري مدخلت جزي في راسي,1,1.0,dataset_3,0
غير شوية كونيكسيو ورنا معاك ديما😊👍,2,2.0,dataset_2,1
انا آخر مرة اشترك في شريحة جيزي,1,1.0,dataset_3,0
Je pense être votre seule cliente qui réussit à la finir mdr🤣,0,-1.0,dataset_1,0
الكونكسيوو تاع win control تقريب منعدمه,1,1.0,dataset_3,0
وكلهم ربي ان شاءالله نار تكلكم 👎👎🤛👎👎,1,1.0,dataset_3,0
ياا دجيزي واش بيك والله سيريو واش بيك راها قريب 11 !! 😤,0,-1.0,dataset_1,0
بيس جيزي هايلة بزاف فيها هذي الخدمة ؟ 😶😶,1,0.0,dataset_1,0
لكونكسيو تخفاف جوايه 12 تع الليل,2,2.0,dataset_3,0
كيفه نحول هايلة بزاف لهايلة ماكسي,0,0.0,dataset_3,0
._.purple jcp mais chof m3a contre djz,1,0.0,dataset_1,0
هه ريقلو الريزو ومن بعد تقربو من الزبائن,0,1.0,dataset_2,0
شبكة موبيليس أضعف ما يكون على التراب الوطني و خاصة عرض sama سرقة و جودة الشبكة متدبدبة و منعدمة لبعض الأوقات,1,1.0,dataset_3,0
حفظك خويا تكنو,2,2.0,dataset_3,0
تجربة رائعة 🌟 نشكركم,2,2.0,augmented,1
عيب 4جي بهذه السرعة وكي فدو لجيغا تولي 512. الناس عندها سرعة 1200 ميغا..وحنا مازلنا نحكيو على سرعة الحلزون والله عيب كبير,1,1.0,dataset_3,0
معليش ديرلنا فيديو تحكي على اوريدو و الفليكسي لي يروح بلا متكون مكتيفي رنتي و لا اي عفسة ؟؟,0,0.0,dataset_3,0
سلام غلقتولي خطي رغم انو عندي اقل من شهر ملي شريتو,1,0.0,dataset_1,0
أن شاء الله نربحو حاجة مشارك يستنا بتوفيق,1,0.0,dataset_1,0
احسن متعامل دجيزي,2,2.0,dataset_3,0
merci pour toutes les explications,2,2.0,dataset_3,0
كنت نعس تليفوني لا يسرقوهلي من الجيب و موبيليس تسرقلي حسبنا الله و نعم الوكيل فيكم,0,1.0,dataset_2,0
bravo 👌👌 continue 💪💪 that like,2,1.0,augmented,0
والله غير فضايح نتاع كونكسيو نتاع جزائر <br>ٱخرها نتاع بلماضي,1,1.0,dataset_3,0
راك ثقيل على موبيليس,1,1.0,dataset_3,0
خرطى تسرقو وفيها محدودية سرقيين منافقيين,0,-1.0,dataset_1,0
ان شاء الله خير,0,0.0,dataset_3,0
10go nconsomihom f la journée 😂😂,0,1.0,dataset_2,-1
ولات تاكول بزاف .50 جيڨا تخلاص في ظرف 3 أسابيع بالرغم منستهلكش منها بزاف,1,1.0,dataset_3,0
شكراً لكل أعضاء شبكة موبيليس,2,2.0,dataset_2,0
L'application cesse de fonctionner a chaque fois je clique sur instawin !?,1,0.0,dataset_1,0
يا أخي من فضلك طور المونتاج مثال كي تدخل في تليفون لازم استخدام ديراكت من تليفون مشي ب كاميرا وشكرا,0,0.0,dataset_3,0
شريحة سرعة منخفضة خلينا ملخرطي هذا,1,1.0,dataset_3,0
chof anta haqarabi ghir faarcha ya chkopi wachno had a niveau mata3ref walo tdhal ghir takhrott a3la anas u zid 3andek 200k wlh matasthel hatta 10 abonnés izann,0,0.0,dataset_3,0
تعيشو شكون عندو جيزي هايلة بزاف صح كنشريها جديدة ونفليكسي60الف يعطوني لجيgا شهر,1,0.0,dataset_1,0
Free fire 😂,1,0.0,dataset_1,-1
تجربة رائعة بصح نشكركم,2,2.0,augmented,0
عجبني عرض sama net 200 فيه 90 جيغا مليح,2,2.0,augmented,0
Na rahi lah9a 5.5 mb,0,0.0,dataset_3,0
Rī Mā الله على الترجمة 😂😂,1,0.0,dataset_1,-1
Wow 💓💓,2,2.0,dataset_2,0
ريقلو ريزو برك,0,1.0,dataset_2,0
كونيكسو خفيفة ❤,2,2.0,dataset_3,0
ياخويا رد علينا كشما عروض جديدة على وين كنترول,0,0.0,dataset_3,0
احسن شبكة في تدفق في دزاير ليا,2,1.0,augmented,0
رانا نعانو بزاف,1,1.0,dataset_3,0
ربحت ايكوتور كيفاش نجيبهم 🙄 ولا تبعتوهم ؟,1,0.0,dataset_1,-1
خخ انا عندي 2 جي وانت تقولي 4جي+,1,1.0,dataset_3,0
ملها كونيكسيو مساع مكانش,0,1.0,dataset_2,0
موبيليس الشريحة تيعها ماشية,2,2.0,dataset_3,0
علاش راك تخرط و الله عيب عليكم..مهندس دولةاتصالات .. موبليس,1,1.0,dataset_3,0
لعقوبة لينا مربحنا والو,1,0.0,dataset_1,0
عندي top 4g نيميرو 0667 للبيع المهتم يراسلني.,0,0.0,dataset_3,0
عندي هاد شريحة ثقيلة بزاف,1,1.0,dataset_3,0
كيفاه نبدل بيس فاتورة إلى بيس عادية,1,0.0,dataset_1,0
روح تعطي كي نتا كي موبيليس,1,1.0,dataset_3,0
منين نفليكسي نلقى الكريدي رااح ربي وكيلكم يا جيزي راكم تفقدوا في الزبائن تاعكمهاذ LA puce ضرك نكسرها ونرميها,0,-1.0,dataset_1,0
سراقين وكلات سرقة في بلاد. لخلاء,1,1.0,dataset_3,0
Comment appliquer HAYLA,1,0.0,dataset_1,0
كي تعود الكنكسيون عندكم خفيفة ساعتها ديرو عروض,0,1.0,dataset_2,0
هل جيزي هبال فيها ليميطاسيون انا ني من وهران ارجو الرد,0,0.0,dataset_3,0
عيدكم مبروك جيزي ڨاع مي في خاطر زهرة برك ..زاغا عيدكم مبارك سعيد 🌹🌹,1,0.0,dataset_1,0
عرض الف تاع 150 اريدو باطل فيه الهدرة,2,2.0,augmented,0
100 دج. غالية. عليا,1,1.0,dataset_3,0
خدمة مليحة بزاف 🌟,2,1.0,augmented,1
سرعة في جيزي رهم زدو سرعة 30 ميق تنزيل 15 ميق,2,2.0,dataset_3,0
cnx t9ila bzf wla msg myfoutich video mtfarjihich pff😏😏,0,-1.0,dataset_1,0
Mobilis ma3war,0,0.0,dataset_3,0
Abonné n3tuk compte netflix ❤️,2,1.0,dataset_1,0
نحتاج عروض موبليس,0,0.0,dataset_3,0
أرواح تشوف موبيليس كارثة,1,1.0,dataset_3,0
"4G ma frawhach jayine tetmadkhrou bina, raho yal7a9ni bit machi méga.",1,1.0,dataset_3,0
واش راك صراحة شكرا,2,2.0,augmented,0
Cnx ndirha mn tkml mn flixsi nflixsi 150da ntfi tlphonn n3wd nch3lh flixsi kan hna w rah Bach cnx tatl3 chib ynodlk ki tih nou Cnx troh réseau yroh bzaff sokto lglb rah m3mr mnkom trkbo lmor hawjii hbltnii djezzy,0,-1.0,dataset_1,0
💪🏾😎,2,1.0,dataset_1,0
Attention ooredoo c&#39;est l&#39;arnaque,1,1.0,dataset_3,0
شكرا جزيلا 🌟 كل شي مزيان,2,1.0,augmented,1
1GBيا بخلاء,0,0.0,dataset_3,0
مالها كونيكسيو اليوم من 6 لدوك متقدرش حتى تدخل للفيسبوك,0,1.0,dataset_2,0
Chadir bch activi hay switch,0,0.0,dataset_3,0
Rockstar games🔥🔥,2,1.0,dataset_1,0
ياو ريزو راح باي مكانش ولاية البليدة بلدية الصومعة,1,1.0,dataset_3,0
Retard 27 minutes,0,-1.0,dataset_1,0
Ahm Ed هي من بكري مهرودة,0,-1.0,dataset_1,0
Rpg fantasy,1,0.0,dataset_1,0
Inchallah 😁,1,0.0,dataset_1,0
🙏❤🙏,2,1.0,dataset_1,0
عام سويش لا عجبتني بزاف,2,2.0,augmented,0
كيفية تحويل بيس هيا الى سويتش,0,0.0,dataset_3,0
Contactez-nous par dm en nous communiquant votre numéro de téléphone et vos coordonnées GPS pour que l'on puisse régler votre soucis 😊,1,0.0,dataset_1,0
.bounedjah,1,0.0,dataset_1,0
0٫004 mb/s سرعة الانترنت,0,-1.0,dataset_1,0
Zido qololhom bli mois lwal berk apres b 100 da tmadolhom 10Go c TT 😑😑,1,0.0,dataset_1,-1
الله يوفقك في حياتك لعزيز,0,0.0,dataset_3,0
تبقاو نتوما لخريين,0,-1.0,dataset_1,0
سلام .. لقد كانت لدي 8 جيڨا و مكالمات و عندما حولت العر ض من pix إلى سما نحيتولي الكونكسيون ما هو السبب 😤😤,0,1.0,dataset_2,0
Conx !!,1,0.0,dataset_1,0
hfdk khoya,1,0.0,dataset_1,0
😂😂فرغي قلبك 🤣🤣,1,0.0,dataset_1,-1
المشكلة غير بعتولي ميساج من موبيليس على عرض ،(سما) حولتها .كنت مأكتبفيا pix وحولتها إلى سما .امعد قطعولي انترنت ونحاولي الكريدي ومعدنيش 4ايام ملي اكتفيت تاع شهر كما كنت ماولفا ف pix🤦🙇,1,1.0,dataset_3,0
ابونيتك رجعها خويا يعطيك ما تتمنى,1,0.0,dataset_1,0
مساء الخير،امتياز ليست عبارة عن شريحة، بل هي عروض ترويجية و متغيرة، شكّل *44# في كل مرّة باش تعرف كل جديد :) زهرة من جازي,1,0.0,dataset_1,0
تحية ليك خويا تكنو,2,2.0,dataset_3,0
Nsut haja réseaux djezzy ki tkoun bara haja forr mais ki tkoun fi blasa mbal3a kasdi tedkhol dar ola cafétéria réseaux ywali kaka très faible 😡,0,-1.0,dataset_1,0
يعني pix 4g افضل بكثير,2,2.0,dataset_3,0
الجزائر تحتل مرتبة أخيرة في أنترنات غير متحلموش ربي معانا خلاص من هذ لبلاد,1,1.0,dataset_3,0
تيكنو موادم ايدوم 4g كاش عروض جدد,0,0.0,dataset_3,0
الريزو مكاش في المنطقة التي اسكن بها وهي مدينة الاربعاء بالبليدة فما بالك المناطق الداخلية او الصحراء باه نعيطو مكانش او منحكيلكش على الانترنت التاعكم راها نشوفوها غير فالإشهارات او كي نعيطو لخدمة الزبائن يديرولنا كاسيطا تدور وانت كول روحك ولا اكلاطي مخك,0,-1.0,dataset_1,0
chbabe djezzi fel Kayna,2,1.0,augmented,0
11,0,0.0,dataset_3,0
انا عندي مودم sahla box 4g لو كان يديرو 5g كيفاش ندير,0,0.0,dataset_3,0
كونكسيو عندي راهي 10 ميغا خير كبير هه,2,2.0,dataset_3,0
يا حبب المفيد والحصول قريب زعما يسقموها؟!,0,0.0,dataset_3,0
مالفائدة من العروض مدام التغطية جد ضعيفة مقارنة بالشبكات الأخرى,0,1.0,dataset_2,0
عرض مليح لوكان ترجعوه للشهر ماشي 15 يوم,2,2.0,dataset_2,0
خويا باغي نسقسيك على اريدو سويتش فيها 50جيجا انترنيت تكملي الشهر عادي باغي نتفرج بيها ابيتفي. وشكرا,0,0.0,dataset_3,0
موبيليس ماقريبش تبدلوا لبوطو تاع ريزو في دائرة أولاد سي سليمان باتنة درتوه في عام الفيل دك ولا إكتضاض سكاني ولينا نكونيكتيو بدالة يابنعمي 20 كيلو بايت فليل في وقت الذروة هاسڤمولنا لبلاد علاش راكم تهبلو فينا شركة كيما موبيليس تخلي الزبائن تاعها يعانو 😑 وعلاش ماتلبوش رغبات المواطن وتجو تضربو طلة وتشوفو واش خص الناس علاش ديما مخلين دعوة هاملة ياك رانا نخلصوكم اعطونا خدمة شبه جيدة ماقلنالكمش اعطوهالنا جيدة,0,1.0,dataset_2,-1
لا رصيد لا عزريين الدنيا خسرت دراهمي باطل شريت بيس مشيت بيها شهر وبلعتوها بعدما فليكسيت فيها ورحت للوكالة تاعكم لقيتها مبلعة,0,-1.0,dataset_1,0
كاين في تيسمسيلت بصح عينة,1,1.0,dataset_3,0
la fantasy and rpg,1,0.0,dataset_1,0
اسوء شريحة و اضعف انترنت و اسوء شركة و متعاملين في الكون تقول راكم في العصر الفكتوري يا بن عمي بارة مكاش,0,-1.0,dataset_1,0
oue mon gras hata djezzy découverte vos capacités 🤭,1,0.0,dataset_1,0
تعيش كي ندير عرض سما نات 30 جيڨا كي نكون نتفرج احيانا يعني ماش دائما اليوتيوب والتيك توك أكيد تكمل بالخف . ولا عادي تشد شهر بالظبط,0,0.0,dataset_3,0
حسنونا فالانترنات راهي بزاف عيانه.اوريدو راهي فوور بزاف,0,-1.0,dataset_1,0
مرحبا،يرجى التواصل بنا على الخاص و تقديم رقمك الهاتفي مع الإسم و اللقب لنتمكن من إفادتك. 😊,1,0.0,dataset_1,0
Deja 40 Go c insuffisant 🐸 maximum c 15 jours et j v les terminer 😐,0,-1.0,dataset_1,0
سويتش خير مها هه,1,1.0,dataset_3,0
خويا عندي اوريدو غولد او حاب نقلبها سويتش كاين كيفاه؟؟,0,0.0,dataset_3,0
بغيت ندير تع امتياز تع120 الف لي في هبال مبصح ميخرجليش العرض و يخرج لناس كامل علاا؟؟ريبونديو من فضلكم😔😔,0,-1.0,dataset_1,0
دير كوبي كولي راهم حڨرونا وحنا جامي نسكتوا على حقنا ⁦🇩🇿⁩⁦🇩🇿⁩ في تصفيات 2018 تمت إعادة مباراة السنغال بسبب ظلم السنغال تحكيميا الهاشتاغ #Algeria_and_Cameroon_match_unjust_Bring_us_back_the_match_Where_is_FIFA_ #نطالب_الفيفا_بإعادة_المباراة فعلو هذا الهاشتاغ,0,1.0,dataset_2,0
انا واحد من الناس منهدرش بزاف في التلفون احسن شي نقتني الانترنت بيسك نتفرج افلام ولا نلعب فري فاير خخ,0,0.0,dataset_3,0
سرعة راهي في 35 ميغا,2,2.0,augmented,0
اخ تكنو عندي ليك خبر عن كونكسيون غير محدود في موبليس و ديبو تاعها 8 ميجا .,0,0.0,dataset_3,0
Zéro connexion pour les trois opérateurs,1,1.0,dataset_3,0
كيفاه لحكاية هادي,1,0.0,dataset_1,0
mchi 9alou eala 10 Mala 3limn,1,0.0,dataset_1,0
احسن عرض هو سما ❤️🔥 شكرا لجهودكم في تحسين خدمات الانترنت,2,2.0,dataset_2,0
Djeezy 45 Mbps download 30Mbps upload.<br>8 mbps Adsl . Annaba,2,2.0,dataset_3,0
hiya el Weche jab lejabe ooredoo hiya el mliha li3andeh réseau,2,2.0,augmented,0
Cnx wsh biha Nkhlsou W mnkhdmouch biha,0,1.0,dataset_2,0
الاول,0,0.0,dataset_3,0
موبيليس تمشيلي ثقيلة كي الحلزون الحل هو ينحوهوم كامل ويخلو شركات جديدة جي تحسن الخدمة,1,1.0,dataset_3,0
من أسوأ المتعاملين . بلا ليميطاسيون حتى الخدمات تاع الزبائن تعيطلهم باش تريكلامي مايرفدوش عليك,1,1.0,dataset_3,0
Winta t activa nchalah Ana 3andi top 4g,0,0.0,dataset_3,0
زهرة شوفينا حل لجماعت iPhone ملقيتش التطبيق ف App Store 😏,1,0.0,dataset_1,0
الكونيكسيون تاعكم مليحا فصباح بصح فليل تولي زبل,1,0.0,dataset_1,0
كيفاش ناكتيفي تاع 600 دج. عندي جيزي هبال,1,0.0,dataset_1,0
درت تحويل وتحولت بصح مساج ملحقنيش تع تحويل كفاه الحل وشكرا,0,0.0,dataset_3,0
و الله راني نسوفري مع جيزي <br>آخر مرة نستعملها هذا الشهر <br>Vive Mobilis,1,1.0,dataset_3,0
حنا مزال مالحقاتناش تغطية جيل الربع في تيارت,1,1.0,dataset_3,0
و الله غير صح هذاوين كنت نتيليشارجي حتى لكونكسيون هبطت و لحت حتى 210k 😔,1,1.0,dataset_3,0
سلام ريزو راه مقطوع,1,1.0,dataset_3,0
من نجمة ل نجمة الهدرة,2,2.0,augmented,0
FB illimité,1,0.0,dataset_1,0
فيما يخص. ما تقدمونه من عروض فهي في غايه الروعة ينقصكم شيء واحد تحسين الجوده خاصة لدى الشركات.وللحديث بقية😉,1,0.0,dataset_1,0
اللي ما فهم والو .. يجي يساميني هنا كاشما يعاود يفهمنا,0,0.0,dataset_3,0
تدفق الانترنت ضعيف جدا كانت عندي بيس جيزي هاربة كل شهر نخلص 1500 باطل واش درت نحيتها دوكا راني مهني الحمد لله,0,-1.0,dataset_1,0
ymrgo frocha,1,0.0,dataset_1,0
توب 4جي لازم متفوتش 3مرات فشهر؟,0,0.0,dataset_3,0
عروضكم ضعيفة جدا ولا ترقي الي متطلبات المواطن كفاكم تمسخير علي الشعب,0,1.0,dataset_2,0
mobilis la meilleur bravo,2,2.0,dataset_2,0
The best with best service .dz 🤪❤️,2,1.0,augmented,0
ياخواا نورمالمواا بدلت الكاميراا ولا لاا,0,0.0,dataset_3,0
جيزي هيا الافضل,2,2.0,dataset_3,0
في حياتي مشفتش الحجم خلاصي ديما يكمل شهر هو مزال كنكسيو عيانه,0,1.0,dataset_2,0
شبكة تقيلة ،يلابقات هكذا راح تكون حملة المقاطعة جيزي على مستوى الوطن,0,-1.0,dataset_1,0
ما تكملش شهر,1,1.0,dataset_3,0
Ou peut on trouver le xiaomi redmi note 9t 5g?,0,0.0,dataset_3,0
Dommage y a pas 4g dans notre communauté 😔 donc j utilise ooredo,0,-1.0,dataset_1,0
ربي يوفق صحيت👌👌,2,2.0,dataset_3,0
أوريدو سويتش عرض دائم قاوية,2,2.0,dataset_3,0
Sincèrement je jette mon argent depuis 2 ou 3 mois une connexion tres nulle des perturbations de reseaux 40g pour l équivalant de 2 pour voir une simple video de 30 scd une me fait 30 a 40 mn 😢😢 que se passe t il vous etiez les meilleur je pense change d opérateur franchement c est devenu pesant et insupportable désolé mais jvoulais vraiment dire quelques mots positifs mais je suis franch et une cliente déçue..😔😔,0,-1.0,dataset_1,0
احترم عقولنا,1,1.0,dataset_3,0
Attention puce ooredoo trompeur et voleur,1,1.0,dataset_3,0
أحسن شريحة في الجزائر,2,2.0,dataset_2,0
وجهكم صحيح 👎👎,0,-1.0,dataset_1,0
المشكل ليس في العروض و ليس السعر المشكل في الشبكة و الخدمات و التدفق العنوا الشيطان,0,1.0,dataset_2,0
La connexion Djezzy laisse à désirer.tres très lourde,1,1.0,dataset_3,0
A quoi bon de gagné alors que la cnx matmchich,0,1.0,dataset_2,0
من فضلك اليوم جيت نعيط لقيت الخط موقف مؤقتا مافهمتش علاش و نحتاجها عاجلا,1,0.0,dataset_1,0
تخفاف غير من3:00 صباح ل 11:00,2,1.0,augmented,0
Djezzy افضل من ناحيه pink,2,2.0,dataset_3,0
انا ريزو موبيليس معنديش خلاص,0,1.0,dataset_2,0
Techno l’artiste,0,0.0,dataset_3,0
نقدر نحول جيزي هايلة الى جيزي سبيسيال ؟؟,1,0.0,dataset_1,0
يا موبيلبس ديرونا كود تحويل الى سما خلونا من تخلف تعكم قالك روح لمركز الخدمات يديرولك تحويل!,0,1.0,dataset_2,0
ليوم شريت جيزي مليحة كونفور مافيهاش ليميطاسيو انترنات طيارة 😍😍,2,2.0,augmented,1
درانا في سكيكدة كارثة جازي عندها قريب عام رجعت كارثة عضمى انا ودعتها الشهر لي فات بعد 10 سنوات من الإستعمال,1,1.0,dataset_3,0
جيزي ريزو رى راه كارثة مانيش نقدر كامل ندخل مع العلم عندي لي جيجا وهذا في الاول كان هايل.,0,-1.0,dataset_1,0
😂😂جيزي ثقالتلهم الكونيكسيون دارولنا الروطار نظن,0,-1.0,dataset_1,-1
صراحة عرض تافه,1,1.0,dataset_3,0
واش راك  شكرا,2,2.0,augmented,0
الخدمة تاعكم رائعة 💯,2,2.0,augmented,1
nta kdab nta,1,0.0,dataset_1,0
طز هذا الكود كاين من بكري,1,1.0,dataset_3,0
خاوتي عندي لا ڨولد نقدر نقلبها سويتش باش نحافظ على الرقم ؟؟,0,0.0,dataset_3,0
Mzl,1,0.0,dataset_1,0
هاد العروض دائمة ؟,0,0.0,dataset_3,0
اعطوني باش نلغي الاشتراك فكامل العروض ديالكم لي يعرف يبعتليي نفليكسي باش ناكتيذي الانترنت تولوو تدوهم متمسخروش بينا,1,0.0,dataset_1,0
الله ينعلكم هادا ما نقولكم ا شاك فوا تزيدو لي بري سراقين,0,-1.0,dataset_1,0
الخدمة تاعكم رائعة 🌟,2,2.0,augmented,1
هل يمكن اعادة تحويل شريحتي من 4G الى 3G القديمةكما كانت في السابق، مجرد سؤال و شكرا.,1,0.0,dataset_1,0
تفرج فيك بجيزي ويحبس الفديو,1,1.0,dataset_3,0
فرحة,2,1.0,dataset_1,0
سقموا غي الانترنت تاعكم و من بعد ساهل .. و الله خيبتونا .. كل يوم تروح الانترنت من 20h ما تجيش حتى منتصف الليل .. 🤨🤔,0,1.0,dataset_2,0
من أحسن شبكات الجوال في الجزائر …,2,2.0,dataset_3,0
واحد لايزيد ياكتيفي فلبيس تاعكم🤢🤢,0,-1.0,dataset_1,0
اوريدو الاحسن بكثير من موبليس وجيزي في الجزائر,2,2.0,dataset_3,0
راكم فوور كون تزيدو برك #4__جي في بلدية #الوطاية ولاية #بسكرة 💋💋,2,1.0,dataset_1,0
للاسف نحن بعيدين جدا عن اصلاح اعطال الانترنت وللعلم جيزي لم تعد موجودة بدائرة اولف ولاية ادرار. واو ريدو بقي منها 2G فقط حتى يوم امس واليوم مقطوعة تماما وموبيليس تعمل بشكل ضعيف وهزيل 3G يعني. لا اصلاح ما والو. العنوان هو متعاملين الهاتف النقال جيزي اوريدو موبيليس يواصلون هوايتهم المفضلة وهي سرقة جيوب المواطنين في الجنوب على الاقل,1,1.0,dataset_3,0
واش رايك صاحبي في اوريدو سويتش 1500 في الانترنت. راني باغي نجيب وحدة واش تنصحني خو .👌,0,0.0,dataset_3,0
نصيحة لي مزال مااكتفيهاش غير ميديرهاش أكبر حشوة Pixx أفضل منها بألف مرة,0,1.0,dataset_2,0
هه قالو ارقد يا موبليس,1,1.0,dataset_3,0
Mafhamtach.la3eba hadi,1,0.0,dataset_1,0
Switch makech bonus ??,0,0.0,dataset_3,0
برافو عليكم 💯 استمروا هكذا,2,2.0,augmented,1
من احسن المبادرات..في رمضان,2,2.0,dataset_2,0
شحال تهدر و تعاود 🤮🤮,0,0.0,dataset_3,0
وكاين ولو غير تخرط,0,0.0,dataset_3,0
مكاين والو يكدب عليك,1,1.0,dataset_3,0
.officiel100 6g bark fi hayla bzzaf,1,0.0,dataset_1,0
M3a djezzy 😁😂,1,0.0,dataset_1,-1
who's this model lol she looks lit asf,1,0.0,dataset_1,0
المهم يكون وردي,1,0.0,dataset_1,0
حشواات وخلاص,0,1.0,dataset_2,0
عيدكم مبارك❤️تقبل اللّٰه منا ومنكم وغفر لنا ولكم,1,0.0,dataset_1,0
واش تنصحنا خويا ف قضية الألعاب ببجي ، فري فاير ،، موبليس جيزي ،، واش .من فضلك رد,0,0.0,dataset_3,0
الخطبة جاية نشوفوك في اليتيمة<br>أسلوبك تغير 9ميغا مرة وحدة,0,0.0,dataset_3,0
سرعة انترنت موبيليس و جيزي هي 0 ولا نستحق حتى التكلم عنهم,1,1.0,dataset_3,0
حولتها ياخويا بصح مافيهاش عرض تاع 50 الف,1,1.0,dataset_3,0
تحياتي والنجاح المحبوبة الممتازة شكرا,2,2.0,augmented,0
Sah sartili rani dair IMTIYAZ 800 Walt t9ila,1,1.0,dataset_3,0
خويا نسقسيك.تقدر تعرف مواضيع بحث المشتركين معاك والا لا,0,0.0,dataset_3,0
صح صماطت خو,1,1.0,dataset_3,0
ننتظر بفارغ الصبر دخول متعامل جديد أجنبي,1,1.0,dataset_3,0
🎊🎉عيدكم مبارك 🌠تقبّل الله منّا و منكم✨وكل عام و أنتم بألف خير❇💜💛💚👍,1,0.0,dataset_1,1
آنسة جيزي علاش كي نعيطولكم على كشم مشكل ديرولنا رنة الانتضار ومتهزوش و تديولنا لفليكسي على الباطل,1,0.0,dataset_1,0
يخرطو برك تبلعيط تسويقي. 300+500+600=1400دج هه بركاو متحشو للناس. لوكان تحسنو خدمة الاتصال و الانترنت لي راهم كارثة خيير و خيير الزبائن يجو وحدهم.La meilleure des publicités est un client satisfait,0,-1.0,dataset_1,0
ki chftou 9byn tfkrtk 😂😂,1,0.0,dataset_1,-1
Abonne vous sur mon compte svp ادعموني 😭,1,0.0,dataset_1,0
5g w sor3a rh tkon ta3 512k/s,1,1.0,dataset_3,0
هاا فهمناا وشبيك تهدر وحدك وحدك,0,0.0,dataset_3,0
يا الخي الكريم يا خي اوريد طلقتها بثلاث 🤣🤣 ولا رني غلط,1,1.0,dataset_3,0
حاب نفهم حجا علاه انا مكتيفي و كونيكسيو مكانش فهموني برك,0,-1.0,dataset_1,0
تحيا top4G من ناحية محدود ❤️,2,2.0,augmented,0
Lazum nuchri la puce wahda khra,1,0.0,dataset_1,0
السلام عليكم خويا عبد الجليل هاذي لاوين كونترول موجودة في عنابة!,0,0.0,dataset_3,0
Rockstar North .cavalier.1 .touati2 .px .khilou Likiw commentaire svp,1,0.0,dataset_1,0
وليميطاسيو جيزي وينتا ينحوها كرهونا حياتنا 😡😡,1,1.0,dataset_3,0
الله للتربح هم,1,1.0,dataset_3,0
لقد تم الرّد Rînad :),1,0.0,dataset_1,0
في اوريدو استهلكة 60جيغا في 20يوم<br>وليوم وين شريت دجيزي هايلا بزاف,2,2.0,dataset_3,0
خير كبير الله يبارك,2,2.0,dataset_2,0
Bravo 👏 et bonne continuation Djezzy,2,1.0,dataset_1,0
Cnx teayi,0,-1.0,dataset_1,0
سلام خويا شعال فيها هدرة و لكاين فالحوانيت 850 تبالي راك غالط,0,0.0,dataset_3,0
😎😎,2,2.0,dataset_3,0
انا منقدرش نودعها بسكو ريزو تع موبيليس و اوريدو ناقص عندي في دار,1,1.0,dataset_3,0
الكونيكسيو الله يبارك خفيفة وكلش مريقل زيدولنا لي جيقا فالعروض تولو الاوائل ف هاد لمجال,2,2.0,dataset_2,0
Moi.,1,0.0,dataset_1,0
يودي راني درتو غلطة راهم طلقوه,0,0.0,dataset_3,0
على حساب ما فهمت راكم طلقتوا عرض جديد تاع 80giga باش يتمشا راكم تعطلوا في عرض هايلة وتقولوا مشاكل تقنية راهي عندنا..راكم في الجزائر ديروا واش حبيتوا لأن سياسة الاحتكار ،ولو يوجد منافسيين تولوا تطلبوا وتحلوا باش يرجعولكم الزبائن ..جازي والكل يتعذب,0,-1.0,dataset_1,0
هه 🤣🤣 بيس فيها أحوال مثل أحوال طقس خطرى شمس 🌅 خطرى مطر 13جيڨا في سيمانا تكمل ،،,0,1.0,dataset_2,0
ريڨلو الريزو الله يهديكم,1,1.0,dataset_3,0
Mzalni b top 4G 500da 😂,0,0.0,dataset_3,-1
مليحا جيزي,2,2.0,dataset_3,0
hh mliha hadi 😂😂,1,0.0,dataset_1,-1
العام ليفات كانت limitation على bonus كرهت حياتي باش خلصتها,1,1.0,dataset_3,0
80G.. وريزو زبل، ونهاية شهر تلقى روحد مستهلك 10G ولخرى تروح، حسنو الشبكة تاعكم ونبعد ساهل..,0,-1.0,dataset_1,0
درتها قبل ماتحكو عليها 😂😂,2,2.0,dataset_2,-1
👏👏,2,1.0,dataset_1,0
مليح بزاف بصح نوصي بيه,2,2.0,augmented,0
يأخي يا نقدر نأكتيفها في بيس نورمال لي مداري نفليكسي فيها م ولا لازم نشري لاوين كنترول,0,0.0,dataset_3,0
راهي تموت انترنت يا سرقيين,0,-1.0,dataset_1,0
الخدمة تاعكم رائعة 👍,2,1.0,augmented,1
انا عندي جيزي والله غبر خفيفا بزاف راني نكونسومي 60 جيقا فشهر,2,2.0,dataset_3,0
نستناو التغطية تلحڨ لكل الأماكن,1,0.0,dataset_1,0
لحبشي كون جا طفلة,1,0.0,dataset_1,0
👏Djezzy toujour fidèle,2,1.0,dataset_1,0
Continuer bonne courage ❤️,2,1.0,dataset_1,0
ok,0,0.0,dataset_3,0
خويا كانت تمشي عندي 4g عادي مبعد راحت ولات 3g للعلم كامل تمشي عندهم غير أنا علاش,1,1.0,dataset_3,0
كون ماكتيفي تع شهر هدرة وانثرنات ومبعد حولتها لسما راهلي أنثرنات ومبقاتلي غير الهدرة والفايسبوك,0,1.0,dataset_2,0
Nekhalss le khera,1,1.0,dataset_3,0
المجد و الخلود للشهداء الأبرار و تحيا الجزائر و ريڨلو الهم نتاع الريزو نتاعكم الواحد تصويرة مراهش تتطلعله,1,0.0,dataset_1,0
واش نديرو حكم القوي على الضعيف,1,1.0,dataset_3,0
خدمة مليحة بزاف,2,1.0,augmented,0
عرض اوريدو *151# فيه عرض 15 جيڨا زائد 5 جيڨا يوتيوب اسكو شهر كامل ولا 24 ساعة اكتيفيت 100 الف ومعلباليش,0,0.0,dataset_3,0
Vous croyez que tout le peuple algérien il peut payer 200da,1,0.0,dataset_1,0
Pourquoi les nôtres wilaya pas de connexion apar alger rien à changé la merde partout,1,1.0,dataset_3,0
لا حياة لمن تنادي ولا أمل مع شركات الاتصال هذو,1,1.0,dataset_3,0
4g+هل توجد في هاتف pocom3,0,0.0,dataset_3,0
"Pourquoi à Bejaia la couverture Internet est faible, mais encore pire",0,-1.0,dataset_1,0
Ya3tikom Sa7iito👏🤝,2,2.0,dataset_2,0
ريزو مكانش اكثر من 4سنوات ونحن على هذه الحال,0,1.0,dataset_2,0
محبتش تتحول,1,1.0,dataset_3,0
Djezzy رجعولي قولولي الكادو تاعي وين راه ربحتو في رمضان,0,-1.0,dataset_1,0
السلام عليكم تقدر تحول لابيس ل La Gold el jadida فيها 40 جيقا ب 150 الف,0,0.0,dataset_3,0
.bjm .dzz,1,0.0,dataset_1,0
واش من بيس ووريدو ؟؟,0,0.0,dataset_3,0
عرض تافه مافيه حتى جديد,1,1.0,dataset_3,0
السلام عليكم انا نسكن في بلدية الدويرة حي 1400 مسكن كاين مشكل فالريزو تاع جيزي صح كاين لونتان بصح دايرينو شباح برك مكاش كامل كونيكسيو جيك شوية خفيفة مع الفجر تلحق 10 تاع نهار تتقال ومن بعد مع لعشية كارثة عظمى تحس روحك راك في بلاد مبتدئة 2 تاع الليل وتقيلة ماشي هكا خاوتي واش فيها كي ديرو ريزو كيما تاع حيدرة كيما تاع سيدي يحيى تسما هوما بشر و هنا حيوانات انا هكا نفهمها رانا في 2020 عيب وعار كبير الكونيكسيو مكاش ولا تلحق تقيلة روحو البلدان المجاورة المروك و تونس شوفو كيفاش الكونيكسيو تاعهم والله غير ديقلي ديرولنا كاش تقرير باش يجو يديرولنا ريزو مليح تاع جيزي حق ربي غير رانا نعانيو . ومن بعد كي ماتوليش تخدم بجيزي يبعتولك كاش طفلة تعيطلك وي خويا علاش ماراكش تستعمل في جيزي كيفاش نستعملها وهي تقيلة انا نشوف لي تخرج عليا نشوف حاجة ماخير نديرها,1,0.0,dataset_1,0
🤢🤢🤮🤮🤢🤢🤮🤮🤥🤥🤢🤢🤮🤮🤢🤢🤮🤮,0,-1.0,dataset_1,0
ما شاء الله على هذا التقدم وهذه الميزة الغير موجودة في اي بلد الا الجزائر!! أنا فخور كوني جزائري والله لو تتباع هذه الجنسية ونلقى ليشريها علي ما نراطي ثانية واحدة ..أهلا بكم في الجزار الجديدة!!,2,2.0,dataset_3,0
تم الرد على رسالتك في الخاص.نسرين من جازي 🙂,1,0.0,dataset_1,0
جازي,0,0.0,dataset_3,0
وبيكس نساوها,1,1.0,dataset_3,0
مشكورين على العرض الجديد♡ وأتمنى أن تظهرو عروضا جديدة أكثر فأكثر,2,2.0,dataset_2,0
oui wlh tré null,0,-1.0,dataset_1,0
تغطية ضعيفة بشبكة انترنت ، تشعلها و تقعد تتفرج فيها,0,-1.0,dataset_1,0
لقد كشف أمرنا عرفت اتصالات الجزائر أن مستخدمين مودام 4g وصلت سرعة الانترنت 40 ميغا فقررت أن تعيد العرض 60 كيلوبايت,0,0.0,dataset_3,0
متى ترتفع سرعة من 2 ميغا الي 4 ميغا,0,0.0,dataset_3,0
Ro7 ta3ti,1,1.0,dataset_3,0
Et après ça une connexion merdique,0,-1.0,dataset_1,0
1ans b offer Hada ?,1,0.0,dataset_1,0
كلهم خراوات انترنت طحين بدراهمنا,1,1.0,dataset_3,0
راكم لا علاقة باللعبة 😑 جيبو ناس شويا خبرة,0,-1.0,dataset_1,-1
لماذا لا توفرون عرض 1500دج في بيكس لماذا ترغمون الزبائن للتحويل بطريقة غير مباشرة من بعد تقل استحالة العودة الى العرض السابق لماذا كل هذا الشجع هذا ان دل دل على طمعكم وجشعكم لنهب جيب الزبون نورمالمو الزبون عندو حرية التنقل بين العروض وغي ديرو عليهم رسم اسيدي خلونا حرية تنقل عبر العروض والا سوف اقوم بجمع استمارات واشكوكم الى سلطة الضبط,1,0.0,dataset_2,0
موبيليس تدفق الانترنت كارثة و كله خرة على خرة,1,1.0,dataset_3,0
"HAYLA لي عندو 😍 La data 😉 مايخافش كامل تخلاصلوAvec HAYLA 😍, vous n'aurez plus aucun soucis de data 😉 #djezzy #dz #hayla",2,1.0,dataset_1,1
راني بعثتلكم ميساج على الخاص يرحم والديكم ريڨليولي لفليكسي تاعي ترجعولي ميساج علامات استفهام تستغباو فينا ولا وشنو,1,0.0,dataset_1,0
احسن بيس,2,2.0,dataset_3,0
مكاه عفسة نتاع كريدي 100,1,0.0,dataset_1,0
واش راك ✅ شكرا,2,1.0,augmented,1
احسن شبكة عندي 😍💗,2,1.0,dataset_1,1
كنتا كموبلبس نتاعك,0,0.0,dataset_3,0
قولنا واش راه يخرط علينا مدير موبليس ليوم ععلى سرعة الانترنيت جديدة في ولاية وهران لط,0,0.0,dataset_3,0
Maram Mira انا ما يهزوش عليا كامل,1,0.0,dataset_1,0
😁😁 على الخص تاع VIP,1,0.0,dataset_1,0
Abonnement ch3al? Ida machi 100 da ma derna walo?,1,0.0,dataset_1,0
.lweemin.2 ça dépend wesh rak hab t'activy. 500 da 3endek 5go w 500da crédit tous les réseaux. Ila habit insta fb illimité tzid 600da (1100da en tout) Ila habit YouTube illimité tzid 600da aussi,1,0.0,dataset_1,0
اخي كاش عروض جديدة موبيليس في زيادة الجيڤا,0,0.0,dataset_3,0
الشبكة تقريبا منعدمة في بلدية عين السخونة ولاية سعيدة 3 سنوات ونحن نتواصل معكم عبر وكالاتكم ولا جديد للذكر,0,1.0,dataset_2,0
و الله سراقين niveau bas vous êtes des voleurs aucunes connexion de 20 a 23,0,-1.0,dataset_1,0
.lweemin.2 3endek chek 😱😱 30 jours 👌,1,0.0,dataset_1,0
ياودي والله مايتسقمو هاذو لازم يتحاوزو باش نتهناو منهم تحيا ارونج عجبني الفيديو نتاعك نتاع ارونج,1,1.0,dataset_3,0
j'ai reçu le telephone gagné grace a shake and win aujourd'Hui merci djezzy et sa7a 3idkom,2,1.0,dataset_1,0
Ça serait bien de rajouter le paiement de facture CIB directement sur l'application. Pour éviter d'aller sur le site web surtout quand on est en déplacement. Vous nous rendrai un immense service,1,0.0,dataset_1,0
واش بيها انترنت ماقدرتش ندخل قوقل,0,1.0,dataset_2,0
راه يخدم علي روحه الله يعاونه,0,0.0,dataset_3,0
سلام عليكم حبيت نسقسي اسكو oorodoo Switch تشدلك شهر ولا قل وواش هو احسن عرض خاطرش جيزي هبلتني دمعة طيحتهالي,0,0.0,dataset_3,0
ههععههععا,0,0.0,dataset_3,0
صح جيزي كاارثه👎🏻👎🏻👎🏻👎🏻👎🏻👎🏻,1,1.0,dataset_3,0
مليح بزاف ✅ نوصي بيه,2,1.0,augmented,1
بارك الله فيك شوفلنا على la pucتع التجار والحرفين والمؤسسات,0,0.0,dataset_3,0
Khorti mauvais réseau. Mauvaise connexion .khelouna men tmenyik,0,-1.0,dataset_1,0
كل عام انتوما بخير ليكيباج جيزي دمتم متألقين و ديما بالجديد 💞,2,1.0,dataset_1,0
9,1,0.0,dataset_1,0
خويا لعزيز ابعثلي وحدة top 4G، قلت بلي عندك زوج,0,0.0,dataset_3,0
تبحث عن كتابات لستورياتك ؟ تحب الكتابات القصيرة ؟ محبة للأدب🖇️ والخواطر🖋️ و الروايات 📕و الاقتباسات📍_ تحب المعلومات متنوعة؟ مثل كيف أخشع في صلاتي 💙_ تحب قصص مثل قصة نمرود ، يأجوج ومأجوج_ ألعاب في ستوري مثل لو خيروك و أسئلة ومسابقات أبوني والله ماتندموا ⁦❤️⁩✨,1,0.0,dataset_1,0
روعة عندك نت قادر على 200 الف من اجل انترنت .. الشعب راه كتلو الشر كاين لي مالحقش ليكوش لاطفال ونت قلبك بارد,1,1.0,dataset_3,0
Cet été l’offre HAYLA BEZZEF revient avec plus d’internet crédit Et encore plus de 😍,2,2.0,augmented,1
التدفق المنخفض 😥😥😆😆,1,1.0,dataset_3,0
Ch7al Tchad 20g,0,0.0,dataset_3,0
راح يقعد. ديما ولا فترة محدودة,0,0.0,dataset_3,0
نوعية الشبكة لدى اوريدو رديءة جدا لماذا الكذب هل تعتبيرننا اغبياء الذي يريد خدمة انترنات جيدة عليه بالهجرة حتى دول افريقيا متخلفة لديها انترنات جيدة عليكم التجربة على الطريق السريع شرشال الجزاءر لتعرف الكارثة الحقيقية للانترنات عندنا كل شيء خرطي وخرطي وخرطي واتساءل اين جمعيات حماية المستهلك من كل هذا,1,1.0,dataset_3,0
نص مدينة تشتغل عادي مكالمات وانترنات ونص الاخرى انترناتى فقط,0,-1.0,dataset_1,0
الكونكسيون تاعكم الايامات الاخيرة ولات حلزونة . ترى ماهو السبب في مركز مدينة قالمة,0,-1.0,dataset_1,0
المشكل في كل شرائح موبيليس يعني سما ولا بيكس تضعف الانترنت فليل حتي وان كنت بتغطية جد جيدة هذا نداء موجه لموبيليس,1,1.0,dataset_3,0
جربتهم كلهم و لا يوجد.من ينافس اوريدو في سرعة الانترنت,2,2.0,dataset_3,0
كرف هذو تسرقو الدراهم عيناني فليكسيت 150 دج خلصت في دقيقة,0,-1.0,dataset_1,0
انا جبتها machine ومربحتش,0,-1.0,dataset_1,0
عروض رمضان مكانش هاد العام راني نستنا بله نأكتيفي.,1,0.0,dataset_2,0
.,0,-1.0,dataset_1,0
.ya 😉😉,1,0.0,dataset_1,0
حاب نشريه و ندير فيه لاسويتش,0,0.0,dataset_3,0
خويا علاش راك مطول في الفيديو <br>قبل موالف زوج دقايق خفيف ظريف <br>درك راك مطولها بزاف,0,0.0,dataset_3,0
اهلا اخي كي تفلكسي في موبيليس يدولك أكثر من 300دج علاه نحوها,1,1.0,dataset_3,0
.sadek نتا تان تقيلة عندك.بارح و ىيوم ول غي عندي؟,0,-1.0,dataset_1,0
انا وبزاف ناس راحلنا الريزو,1,1.0,dataset_3,0
مكانش منها,0,-1.0,dataset_1,0
مرحبا،تفضل بطلبك نحن في الخدمة.نسرين من جازي 🙂,1,0.0,dataset_1,0
مليح بزاف  نوصي بيه,2,2.0,augmented,0
مع HAYLA 😍 كونيكتي و كونيكتي و ابقى دايمن على الإتّصال مع حبابك 📱 #djezzy #dz #hayla,2,1.0,augmented,1
عليكم اللعنة ديرو عرض سيما جديد ترسلوا لنا رسالة قصيرة لنلقي نضرة على العرض وبمجرد لمس العرض يتم سرقة كل ما تملك من انترنات ورصيد مكالمات عليكم اللعنة يا لصوص,0,1.0,dataset_2,0
سما خدمة جيدة,2,2.0,dataset_2,0
ana dija c bn chehar hada nedawareha Mobilis,1,1.0,dataset_3,0
عياتني الكوناكسيو هاذي نتاعكم الخلاص بالشهر و الكوناكسيو بالزهر,0,-1.0,dataset_1,0
انا نلحق حتى 14 ميقا,2,2.0,augmented,0
Je suis connecté Djezzy ♥️😍,2,1.0,dataset_1,1
Lagya maxi machi hayla maxi 👎,0,-1.0,dataset_1,0
الخطرة الجاية يدير حالة 😉,1,0.0,dataset_1,0
أنا عجبني جيزي إيزي فيه يوتيوب غير محدود.. صح ثقيلة شويا بصح ..ما فيهاش إلتزام و 120 للشهر,2,2.0,dataset_3,0
nta badalete top4g l sama ??,0,0.0,dataset_3,0
الجزائر جاءت بالتضحية وجازي لماذا تسرق أموالي بلعبة instaquiz رغم اني غادرت للعبة كل يوم تأخذ من الرصيد هذه سرقة,1,0.0,dataset_1,0
خويا ديرنا فيديو علي استراد السيارات وقتاش يدخلو,0,0.0,dataset_3,0
من تفليكسي بالبطاقة الذهبية يعطوك لي بونيس زيادة ول لا؟ووينها الشريحة ل فيها؟,0,0.0,dataset_3,0
ياصحبي 🙇علاش تهدر📢 بزااف،🤷 غاضك الحال على موبيليس ، صاحبي اعطيلي جائزة 🍬شحال وانا نتبع فيك كسرتلي راسي او ما ستفدت والو، قتلتنا بالتسريبات تاعك او قناة تكنو لاول مرة جيب معلومات حصرية، نتا تصلح تخدم فالمخبارات..<br>رااك كبير او رمضان، ماتزيدش تعاود,0,0.0,dataset_3,0
بوركت,2,2.0,dataset_3,0
ما فهمتش هي sim وحدة يخدمو بها العائلة كاملة,1,0.0,dataset_1,0
"المعلومات لي قدمتها غالطة, djezzy فيها 2 مسهمين FNI 51% (دولة) و 49 % VEON (روسي - هولندي) و VEON هادي رهي حبا تخرج و تبيع أسهم في djezzy السبة هي أن djezzy نقصت الفايدة تعها من 2020 و الآن دولة راهي حبا تشري 100% تع الأسهم.",0,0.0,dataset_3,0
merci mon frère continue comme ca 🙌🙌👍👍,0,0.0,dataset_3,1
Sa coût combien ?,1,0.0,dataset_1,0
كونيكسيون راهي ثقيلة,1,1.0,dataset_3,0
عندي 2 منهم و مهوش أفضل مودام في استقبال الانترنات ناقص بزاف,1,1.0,dataset_3,0
موبيليس أكبر السراقين فالجزائر,1,1.0,dataset_3,0
طلعت حتا ل4,0,0.0,dataset_3,0
مليحة هي ولله,2,2.0,augmented,0
عرض تاع 1500da ليس له مكالمات مجانية و رسائل,1,1.0,dataset_3,0
🖕🖕😏,0,-1.0,dataset_1,0
تقدر ترجع لعروض بيكس ادا خدمت بسما ؟؟,0,0.0,dataset_3,0
جازي مكانش قاع في وهران,1,1.0,dataset_3,0
يا بن عمي وين راك رايح 200 دج بزاف يا أخي حتى لو فيها 100جيغا.<br>كون جات 1200دج صح ممكن معقولة شوي.,0,0.0,dataset_3,0
عيدكم مبارك وكل عام وانتم بخير وصحه وعافيه,1,0.0,dataset_1,0
لايوجد اي جديد,1,0.0,dataset_1,0
راح ن..بيه التيك توك تاع الشعر ناس تافهة مزال تبع فيه,0,0.0,dataset_3,0
اعطولنا انترنت وانا كرهنا زيرو,0,-1.0,dataset_1,0
شكرا جزيلا  كل شي مزيان,2,1.0,augmented,0
أرجو الرد في الخاص من فظلكم ❤️,1,0.0,dataset_1,0
"Vive la pub de Dima Ooredoo c'est jeune c'est frais, cella aucun sens avec aucun sens des filles très masculins..😣 big flop",2,1.0,augmented,0
الزوالي مكانش كيف توب 4g ام بليس,1,1.0,dataset_3,0
شكرا جزيلا صح كل شي مزيان,2,2.0,augmented,0
تعطونا60go صحا مليها,2,2.0,dataset_2,0
رمضان للأمة الإسلامي و ليس للأمة العربية و ذلك لأن الأمة العربية ليست كلها مسلمة و معظم المسلمين في الدنيا ليسوا عرب.,0,0.0,dataset_3,0
بدورنا كل جمهور الشبيبة الذي يملك شريحة عند الشركات الاخرى سنتحول لموبيليس,2,2.0,dataset_2,0
سرعة ملاحا بصح كليت ني في 18جيغا😢,0,-1.0,dataset_1,0
merci 😊😊,2,1.0,dataset_1,0
انا شريتها 10 اكتوبر هايلة❤️ على حساب كونكسيو لي راكم والتغطية تاع اوريدو,2,2.0,augmented,0
Mr6 ❤️❤️ DJEZZY,2,1.0,dataset_1,0
يعطيك الصحة,0,0.0,dataset_3,0
تجربة رائعة بصح نشكركم,2,1.0,augmented,0
واش نوع التلفاز تاعك اخي,0,0.0,dataset_3,0
.dz مزال كبداش,1,0.0,dataset_1,0
أسوأ متعامل للأنترنت اشتريتها اليوم و الله كارثة انترنت تفصل كل خمس ثواني في الليل لا يوجد انترنت حسبي الله ونعم الوكيل فيهم سراق,1,1.0,dataset_3,0
اسم شريحة اوريدو لي راك تستعمالها وشكراا,0,0.0,dataset_3,0
سويتش هل هي أحسن عرض وليميطاصيون,2,2.0,dataset_3,0
40 جيقو ماشي 40جيقا الله يذلكم بيكم بها اكبر سراقين هوما نتوما أسوأ إنترنت,0,-1.0,dataset_1,0
تنزل حتى 1.5 كثرت علينا,1,1.0,dataset_3,0
يوجد مشكل فالتغطية في شلغوم العيد ولاية ميلة منذ 3اشهر بالتحديد حي هواري بومدين معنات فالمكلمات وانعدام تام لل4g اغلبية المشتركين غيرو المتعامل للعلم وكالت جيزي شلغوم العيد تعلم بالمشكل,0,-1.0,dataset_1,0
الله لا يربحهم رجعوهالي محدودة بعدما راني مخلص 1500 دج,1,1.0,dataset_3,0
العرض متوفر على مستوى كل وكالات جازي 🙂,1,0.0,dataset_1,0
والأنترنت كيفاه حكايتها ؟,1,0.0,dataset_1,0
Bon fhmoni ida tchriha b 600 w fiha 5G,1,0.0,dataset_1,0
La gold مانقدرش نبدلها ؟؟ راني توخدت و الله,1,1.0,dataset_3,0
ريزو مكنش في قلب الولاية خاصة داخل البيوت وفي الخارج ثقيلة الانترنت,1,1.0,dataset_3,0
هذي اهانه للزبائن ، تغطيه سيئه جدا ستفقد المؤسسه مصداقيتها,0,1.0,dataset_2,0
سلام . واش من ولايات طلقو فيهم 4G+,0,0.0,dataset_3,0
علاش الكونكسيون رجعت تخلاص تم تم 🤔,0,1.0,dataset_2,0
مافهمتش,1,0.0,dataset_1,0
Salam khasnii hayalaa bbzzff nadalahaa maxii,1,0.0,dataset_1,0
كونيكسيو عيانة,0,1.0,dataset_2,0
Mobilis fort ❤❤,2,2.0,dataset_2,0
Vive top 4g ..,2,2.0,dataset_3,0
.dz Oh cool 💯🔥,2,1.0,dataset_1,1
منتوج 😂😂 جزائري,2,2.0,augmented,-1
خويا لعزيز انا عندي موبيليس 200kb متزيدش,1,1.0,dataset_3,0
"Bessah ana même avec la top 4g walou morte comment ca ,",1,1.0,dataset_3,0
Raht n téléchargih makach cnx 🤣🤣,1,1.0,dataset_3,0
انا لي انا لي نمشي دوبل بوس موبيليس شراكة ستعود بالفائدة للطرفين,2,2.0,augmented,0
احسن سيم احسن سيم مليحة,2,2.0,augmented,0
Vive mobilis,2,2.0,dataset_2,0
💯 ممتاز والله,2,1.0,augmented,1
انا عندي روعة جيزي كونكسيون نتا برك تزيد عليها,2,2.0,augmented,0
حجم التطبيق كبير وقيل,0,0.0,dataset_3,0
Rockstar games and rokstar north,1,0.0,dataset_1,0
Ana 3ndi telephone poco x3 pro w pus mobilis pix nfixi l4g tkoun mli7a,2,2.0,augmented,0
انترنت 👎👎,0,-1.0,dataset_1,0
انا عندي بيس قديمة عندي top 3g هل فيها نفس الخدمات ومقدرتش نحولها لل4g بالموقع meetmob,0,0.0,dataset_3,0
فعل عرض فايسبوك ولا يوتيوب غير محدود في موبيليس سيكون أفضل عرض على الإطلاق 🙏,2,2.0,dataset_2,0
بيس أوريدو ilimite تحكملي شهر كامل,2,2.0,dataset_3,0
عندي كثر من ثلث شهر ونا نستعمل فيه لعرض تع 150 الف فيه 300 هدرة و 40GB ولسماس هذي لي عندي جيزي عرض تع هايلة بزاف<br>بصح ضعيفة لكونيكسيو تحيا هايلة ماكسي كونيكسيو روعة واليوتيوب ميڨريش صاحبي و HD,2,2.0,dataset_3,0
كل عام واءنت بغرير يا ستونداريس هه😂😂,1,0.0,dataset_1,-1
نقدر نجدد العرض قبل لا نلحق لديلي تع الشهر ولا لا؟ جاوبني يلا هداك ربي با حبيتش نخسر لكريدي لي عندي🙂,0,0.0,dataset_3,0
وجهكم صحيح 🙄 انترنت زبل تغطية زبل و نزيدو تديرو ابليكاسيو باش نطلعوها اذا فيها 10 ميغا لازملى ساعة باش تكمل بالريزو تاعكم,0,-1.0,dataset_1,-1
حسبي الله و نعم الوكيل فيكم يا موبيليس,1,1.0,dataset_3,0
نريد تفعيل ميزة شحن العاب متل فريفاير,1,0.0,dataset_1,0
راك تهدر بزاف,0,0.0,dataset_3,0
.aicha تمشي عندي انا لباس بيها في كل الأوقات,2,1.0,augmented,0
كنت عندي جيزي نسلك 150 لشهر رحمت ربي,2,2.0,dataset_3,0
❤️ ممتاز والله,2,1.0,augmented,0
كان عندي شغل واحد فايسبوك ندخلو شغل نهز مودباس أك شايف,0,0.0,dataset_3,0
وعلاش ما خلّيتش الموسيقى الإفتتاحية السّابقة، كانت أحسن من الإفتتاحية الجديدة.,0,0.0,dataset_3,0
السرعة طير,2,2.0,dataset_2,0
والله عندك الصح 😂😂 كانت عندي لابيس رميتها رجعو فيها 6Go,1,0.0,dataset_1,-1
أنترنت زبالة مكالاه تكتيفي,1,1.0,dataset_3,0
شبكة جيزي شبكة ضعيفة جداا و خاصة في الأماكن المغلقة,0,-1.0,dataset_1,0
5 gb y5laso fi 2 jour,0,-1.0,dataset_1,0
👏👏 🇩🇿🇩🇿🇩🇿🇩🇿mahrez,2,1.0,augmented,0
اوو جيزي عايله خردة,1,1.0,dataset_3,0
شاركونا قليلا من التغطية في القرارة غرداية .. رانا بدون تغطية و تعطلت مصالحنا …,0,1.0,dataset_2,0
سرفيس مليح  برافو,2,2.0,augmented,0
صاحبي ملخر شريحة هايلا ماكسي Pour le meilleur,1,0.0,dataset_1,0
أنا رايح نودع موبيليس جيزي خير منها بزاف,2,2.0,dataset_3,0
50 go b 300 da w zid cnx 2g hh riglou cnx w mmba3d dirou les offre,0,-1.0,dataset_1,0
غي الشكيل ..زيرو ف زيرو.. و زيد رفعتوا أسعار الفواتير .. السرقة,0,-1.0,dataset_1,0
راحت عليك يا جيزي وتزيدي علينا الخرطي والكذب والسرقه يا عباد ربي 40 g ما نقظرش حتى نكومنتي كي العباد ،وهذك تع تعيطي في مسنجر ما نحكيش خير ،,0,-1.0,dataset_1,0
وداعاً جيزي خطرش خريتو تحتكم,1,1.0,dataset_3,0
جبلن شرح تجيرب سرعة الانترنت في جيزي 4G الله يحفظك,0,0.0,dataset_3,0
انا عندي مليحة في النهار تلحق حتى عشرين ميڨا و ذروك في الليل سبعة ميڨا,2,2.0,dataset_3,0
gold?,1,0.0,dataset_1,0
شقيتنى شفت الفيديو,0,0.0,dataset_3,0
كيفاش ندير عرض تاع ستينالف,0,0.0,dataset_3,0
عرض فاشل اخي,1,1.0,dataset_3,0
كل عام وانتم بألف خير❤🍯,1,0.0,dataset_1,0
khoya w machi sahbi 😂,1,0.0,dataset_1,-1
زيدو مدونا أنترنت باطل لي يسجل فيها,1,0.0,dataset_1,0
كول جد والديهم كيف كيف غير باش تشهرو رواحكم,1,1.0,dataset_3,0
موبليس قاوية,2,2.0,dataset_3,0
تغيير المتعامل مع ابقاء الرقم هو الحل الامثل لضعف الشبكة في الجزائر ، كل زبون يختار الشبكة القوية والقريبة منه,0,-1.0,dataset_1,0
ma kach mnha lol,1,0.0,dataset_1,0
أنا حاير في حاجة علاه ينقصو في التدفق نتع الإنترنت يا خوي ويلا حبيت نكملها في نهار واحد يسالوني فيها والله كرهنى بصوارك ويسالوك فيهم سبحان الله,1,1.0,dataset_3,0
حتى ميساج gratuit ولا لا علاخاتر مايعطوش فيها كريدي شريحة هذي,1,1.0,dataset_3,0
الحل هو المقاطعة يا خاوتي,1,1.0,dataset_3,0
22:55,1,0.0,dataset_1,0
مليح بزاف ❤️ نوصي بيه,2,2.0,augmented,0
والله يا خويا راني بايدوم 4جي راني نعاني والله,1,1.0,dataset_3,0
.dz علاه مخليتوهاش شهر 😁,1,0.0,dataset_1,0
الحق نقول احسن انترنات عند اوريدو,2,2.0,dataset_3,0
Ramzi Boughazi 😢قارع لساعتين تاع صباح تولي خفيفة تامنش عقلك 😢💔,1,0.0,dataset_1,0
حسبنا الله فيكم ياسرقين وفي المصلحة التقنية تاعكم,0,-1.0,dataset_1,0
._89s apres chaque mois tflixi 500da bla mtchri puss jdida!!,1,0.0,dataset_1,0
موبيليس الاحسن على الاطلاق,2,2.0,dataset_2,0
Cnx dyalkom vrai t9ila nass rahom b 5G w hna rana b 4G w ntab3o fiha 👎👎,0,-1.0,dataset_1,0
البينغ راه 100,1,0.0,dataset_1,0
انا حبيت يوتيوب برك شحال نفليكسي,1,0.0,dataset_1,0
عندي مشكلة في نمغو نتاعي كي نبغي نعيط كاش واحد تقول كاست عيط 77 نتمي رد ها ردو في خاص علينا,0,-1.0,dataset_1,0
خويا سويتش ناقصة المدة هاذي,1,1.0,dataset_3,0
سبحان الله وبحمده سبحان الله العظيم استغفر الله صل و علا محمد صلى الله عليه وسلم&quot;,0,0.0,dataset_3,0
Cnx t9ilaa normalement tkhalas drahem win tkon f dz tkonikti,0,-1.0,dataset_1,0
غدوة انشاء الله نشري بيس موبيليس 💛💚,2,2.0,dataset_2,0
نيك متكم يجيزي تع شكوبي نيك متكم,0,-1.0,dataset_1,0
تقيلة بزااف,1,1.0,dataset_3,0
slm frr hab nachri mobilis nta3 500 asem ngolam ki nrouh rad laiya merci,0,0.0,dataset_3,0
pourquoi votre site pour recharger en ligne ne fonctionne pas ? j'essaie depuis plusieurs jours .,1,0.0,dataset_1,0
اوريدو احسن شريحة انترنت فالجزائر جامي راحتلي الانترنت في كل الاوقات كاينة و سريعة <br>بصح عيبها الوحيد انترنت تخلاص ليه ليه <br>بصح اهون من دجيزي تبقالك الانترنت بصح تجيك ساعة وتروح 23ساعة<br>وبلا مانحكو علا موبيليس الي ماعندها حتا فايدة,1,1.0,dataset_3,0
".polaire7 Ne vous inquiétez pas, notre équipe vous contactera dans les plus brefs délais pour récupérer votre cadeau",1,0.0,dataset_1,0
احسن شريحة هي موبيليس .اما جيزي انترنت ضعيف مع انقطاعات متكررة.اوريدو تاخد اموالك فقط حتى وان كانت انترنت قوي,2,2.0,dataset_3,0
الله لا تربحكم اكتيفيت نتاع 100الف انترنت سما نورمامو تكمل في 30يوم كملت في 12يوم هه,0,1.0,dataset_2,0
جيزي هايلة بزاف هي أفضل,2,2.0,dataset_3,0
غلقولي بيس,1,1.0,dataset_3,0
هه خطينا منك نتا تحب تعڨب لي فيديو ولي يدفع غاية تعامله معاه غاية,0,0.0,dataset_3,0
Top 4g est aussi illimité pour 1mois,1,1.0,dataset_3,0
بوق من ابوق موبليس,0,0.0,dataset_3,0
علاش مديروش 500دج فيها 500دج 5جيغة انترنات و فيسبوك و انستغرام باطل,1,0.0,dataset_1,0
فهمت بلي ما فهمت والو 😏,0,0.0,dataset_3,0
Rien comprando,0,0.0,dataset_3,0
الله لايتربحهم كرهونا حياتنا بسواردنا نشريو في القلقة,1,1.0,dataset_3,0
التكنو عندي 2500 با تنصحني اشري هاتف. في ابو,0,0.0,dataset_3,0
❤️❤️تطبيق مليح,2,1.0,dataset_1,0
"مرحبا,نحيطكم علما أنه من أجل أخذ طلبكم بعين الإعتبار يجب التقرب لأقرب وكالة جازي مرفوقين بشكوى تتضمن أسماء ارقام و إمضائات 10 اشخاص قاطنين على الأقل في المنطقة المعنية وذلك لكي تتمكن افرقة التقنية من معاينة المنطقة و إيجاد حل لهذا الإشكال.نعتذر مرة أخرى عن هذا الإزعاجشكرا لوافائكم و ثقتكم",1,0.0,dataset_1,0
الكوناكسيون راها تمشي مع الثامنة مساءا وتولي مع منتصف الليل,0,1.0,dataset_2,0
جيزي افضل جيزي افضل 1500,2,2.0,augmented,0
Kayen izzy f BLIDA ?,1,0.0,dataset_1,0
عندي جيزي كنفور كنترول تاع 300 هي الأفضل,2,2.0,dataset_3,0
.dz l’application sur ios ne marche pas,0,-1.0,dataset_1,0
والله غير خدمة الشبكة تحت الصفر في باب الزوار وزيد تبعتلهم في المسنجر المشكل تاعك ما يجاوبوكش يعرفو يدو غير الدراهم,0,-1.0,dataset_1,0
المشكل راه في الشبكة بمعنى التدفق راه اقل من تدفق 3G,0,1.0,dataset_2,0
ا خويا راه عندي مشكل في شريحة تاعكم ريبوندي في خاص,1,0.0,dataset_1,0
.x رجعيهالم وفكينا,1,0.0,dataset_1,0
مع موبيليس كون تمدو 120 جيجا على 6 اشهر متتكونسوماش ياربي 20 جيجا منها و السبب انو مكانش الكونكسيون اصلا,0,1.0,dataset_2,0
وحتى أوريدو سراق الكريدي كلهم سواسية,1,1.0,dataset_3,0
جيزي اكبر كارثة، جربت و قارنت مع المتعاملين لخرين ، اكبر حشوة كي درت جيزي راني حاير كيفاش كانت و كيفاش ولات، و كيفاش مزال تكسيستي مع الرداءة لي راهي فيها، والله الحشوة تاعهم راهي تخلي فيا نهدر 😅 الحمد لله تهنيت منهم منهم،,1,1.0,dataset_3,-1
واشمن فايدة موبليس في غليزان معانات كبيرة,1,1.0,dataset_3,0
Rockstar games 🔥❤️🔥❤️ Rockstar games,2,1.0,augmented,0
انا عندي كونكسيون جيزي روعة نتا برك تزيد عليها,2,2.0,dataset_3,0
.benmicia besah même tekmelek yog3od insta w fb batel,1,0.0,dataset_1,0
واش تقدر. رانا في بلاصه واسمها العريشه لا كونيكسيو لا ريزو مسقم. تابعه لتلمسان,1,0.0,dataset_1,0
"Abonnez-vous à mon compte, je partage mes citations j'espère que ya3ajboukoum nchlh merci ! PARTAGEZ SVP 🤲❤",1,0.0,dataset_1,0
يا خويا جيزي انا رجعلي لوفر تاع ستين ألف ومنروحش لمنشيستر زهري ونعرفو منطلبلوش المستحيل برك رجعلي لوفر تاع ستينالف 😕,0,-1.0,dataset_1,0
Nuuùuu🖕🖕uul 😑😑🖕,0,-1.0,dataset_1,-1
هجاوبوا راني نستنىDjezzy,1,0.0,dataset_1,0
Pourquoi il nous donne pas au moin 2 méga pour le modem 4 g lte et en paye 1600da par moi comme les abonnés de Adsl ..,0,0.0,dataset_3,0
Reglolna cnx yrham babakoom 😠😠😡😡,0,1.0,dataset_2,0
منقدروش نبدلو لابيس لي عندنا كاين لي عندهوم هايلة و هايلة بزاف و حابين يخلوا نيميروا و يديرو عفايس تع ماكسي,1,0.0,dataset_1,0
T9ila bzf m yamchi wloo,0,-1.0,dataset_1,0
.dz من فضلكم يا خاوتي,1,0.0,dataset_1,0
ادي روح.ينيكوك,0,-1.0,dataset_1,0
ممكن حل لهذه المشكلة كل ما يرسلو هذا مساج ياخذولي من رصيدي😢,1,0.0,dataset_1,0
غاية شكرا🌹,2,2.0,dataset_3,0
كلامك صوب في,2,2.0,augmented,0
الله يبارك,2,1.0,dataset_1,0
لاه مبداش,1,0.0,dataset_1,0
أنا راه عاجبني,2,2.0,dataset_2,0
باش متغلطوش الزبائن ..20 جيفا الاولى مفيهاش سرعة منخفضة<br>100دج فيها 10جيغا صالحة لمدة 15 يوم فقط و مفيهاش سرعة منخفضة 512 <br>200دج فيها 30جيغا بسرعة منخفضة 512<br>400دج فيها 70جيغا <br>600دج فيها 150 جيغا<br>لكن كي تحط فيه سوايتش 2500دج لي فيها 120 جيغا تمشي طوب,1,1.0,dataset_3,0
لازم تكون ماكتيفي خمسين نلف ؟,0,0.0,dataset_3,0
سما 💪💪,2,2.0,dataset_2,0
Ki t9iss drahmak 3la publicité chakla hh w tkharajha m les employeurs 🤣🤣,0,-1.0,dataset_1,0
برافو عليكم  استمروا هكذا,2,2.0,augmented,0
يااو كرهنا تدفق انترانت ضعيف منذ يومين,0,1.0,dataset_2,0
هه ولله متصلح,1,1.0,dataset_3,0
جميل,2,2.0,dataset_2,0
كلنا موبيليس,2,2.0,dataset_2,0
والله يا موبيليس بسبب تدفق الانترنت الضعيف تاعكم رجع كل المشتركين تاعكم من ذوي الاحتياجات الخاصة,0,1.0,dataset_2,0
40 جيڨا قليلة بزااف,0,-1.0,dataset_1,0
يخي 50 الف تحويل لاه ولات ستين الف,0,0.0,dataset_3,0
إشهار شباب راك فهام 😍😍,2,1.0,dataset_1,1
Abdoun Khan khouya ana krahte nbedel mobilise wlh grave y3ayou daymen ndire 1500 après jiblek kelbek,0,-1.0,dataset_1,0
.medj dirolha j aime f comntr,1,0.0,dataset_1,0
اسوء انترنت في التاريخ,0,-1.0,dataset_1,0
مافهمتش ممكن واحد يفهمني ؟,1,0.0,dataset_1,0
واش رايكم في جيزي لي مليحه هبال ولا ماكسي,0,0.0,dataset_3,0
J&#39;ai la puce djezzy depuis plus de 15 ans je n&#39;ai pas la recharche de 600da et 800da,1,1.0,dataset_3,0
عرض رائع,2,2.0,dataset_3,0
انا في بجاية تساعدني بزاف و الكونيكسو top,2,2.0,dataset_3,0
mais 3ard youz frr takol bzzf les mega,1,1.0,dataset_3,0
سما موبيليس تاع مساكين,1,0.0,dataset_1,0
موبيليس انتاع تبلعيط,1,1.0,dataset_3,0
جيزي كيفاش نعرف بلي لابيس مكتوبة على اسمي🥺🥺,1,0.0,dataset_1,0
تقدر تبدل من Gold او نخلي gold خير؟,0,0.0,dataset_3,0
ردوا عليا بريفي,0,-1.0,dataset_1,0
لابيس راكبا نورمال غلقتوهالي بفف 2020 ومازالكم تسرقو,0,-1.0,dataset_1,0
.dz MRC ❤️😍,2,1.0,dataset_1,1
احسن شريحة موبليس 🔥👏,2,2.0,dataset_2,0
سڨموا الريزو و من بعد الكرة ساهل,0,1.0,dataset_2,0
السلام عليكم خويا عبد الجليل بارك الله فيك ربي يحفضك,0,0.0,dataset_3,0
راني نشوف فيك ب 144 أو راهي تبلوكي زعما 4G,1,1.0,dataset_3,0
"Top 4G rahi t9ila bezaf kayenne kifach taccélérer la connection fiha, merci.",1,1.0,dataset_3,0
هاذي ابليكاسيون تع جيزي لي يمدولك 10 go نقدر نديرها زوج خطرات و لا خطرة برك,1,0.0,dataset_1,0
Dir 800 da wrla 100 da,0,0.0,dataset_3,0
"مرحبا، لإضافة الجيل الرابع في خطك ، ندعوك للتوجه لوكالة جازي في ولاية 4G لتغيير شريحتك الحالية إلى شريحة USIM 4G وامضاء العقد مع الإحتفاظ بنفس رقم الهاتف. ثم ماعليك إلا ضبط اعدادات هاتفك ""Mode Réseau"" على 2G/3G/4G. نسرين من جازي 🙂",1,0.0,dataset_1,0
😂😂,1,0.0,dataset_1,-1
صاح شبكة اتصالات الجزائر هي نفسها موبيليس حبيت نشري مودم 4جي اتصالات الجزائر معلابلايش اذا كاين ريزو تاع,0,0.0,dataset_3,0
السلام عليكم<br>اخي من فضلك كيف تسديد فاتورة اوربدو سويتش,0,0.0,dataset_3,0
لي حوس يتفرج نتفلكس يتواصل معانا,1,0.0,dataset_1,0
هل يمكن التحويل من عرض هاربة لهذا العرض المسبق,1,0.0,dataset_1,0
وينها الانترنت الفضائية؟؟,1,1.0,dataset_3,0
نعيطك معلومة مستحيل تلقى كونكسيون مليحة تع موبيليس واوريدو في نفس البلاصة يعني كل زبون يخير على حساب المكان لي يسكن فيه ..راهم متقاسمين الاماكن بيناتهم,0,0.0,dataset_3,0
._.rdo .rxf 😈fantasy and rpg,1,0.0,dataset_1,0
جملة مفيدة من فضلك 🤔🤔🙄🙄,0,0.0,dataset_3,-1
سلام، الرجاء تقديم أكثر توضيح حول طلبك لنتمكن من إفادتك. زهرة من جازي,1,0.0,dataset_1,0
المشكل في التغطية بعض الأماكن ضعيفة,0,-1.0,dataset_1,0
تقيلة رهج الله يهديكم شعب هدا راضي مفهمتش,0,-1.0,dataset_1,0
ريڨلو ريزو تاعكم برك ، من لبارح وهي تقلي مكالمات الطوارئ فقط,1,1.0,dataset_3,0
صح كلامك خو انا مسلك200ألف 80جيغا ماتحبش خلاص تمشي كانت مليحة الشهرين هادوما زبالة واليوم مكانش خلاص خرجونا من ملة محمد من الصباح وحنا نكغروا نخدموا بيها تروح الله لا يسمحلهم,1,1.0,dataset_3,0
سراقين الله ينعلكم كونيكسيون تع شعر تقيلة على اتصالات الجزائر,0,-1.0,dataset_1,0
"Avec tout mes respects, je voulais dire juste que en n&#39;a pas que l&#39;internet à payer chaque mois donc 200da c&#39;est cher..en n&#39;a beaucoup de frais..le gaz ,l&#39;eau, l&#39;électricité, les médicament, les radios,les analyse,..et merci pour vôtre compréhension..",1,1.0,dataset_3,0
Djezzy لا لا الرصيد راحلي مرت بصح رجعتوه,0,-1.0,dataset_1,0
تقول و موبيليس ماتتهلاش 😏,2,2.0,augmented,0
😠😠👊👊👎👎,1,1.0,dataset_3,0
.se_ wshmn hirak nass ay tmout nta thws 3ela l hirak astena ttzgm denya oumbaad.hdouk rebi yhsbhom,1,0.0,dataset_1,0
مافهمتنا مخايتنا مش بينا هدرتك متعرف تفهم متعرف تهدر,0,0.0,dataset_3,0
تريد هاتف آيفون 11 مجانا ؟ لقدر ربحته مجانا اربحه انت ايضا ، فقط ادخل لهذا الموقع الموتق من جوجل قبل نفاد الكمية من هنا 👈 google.com/search?q=site:win.rob7ak.com,1,0.0,dataset_1,0
مليح بزاف صح نوصي بيه,2,1.0,augmented,0
تيك توك ساحة الفساق.<br>سيغير مقره الإداري إلى أمريكا بسبب كثرة الدعوات القضائية المرفوعة ضده دوليا,0,0.0,dataset_3,0
نهار في خفيفة,2,2.0,augmented,0
Rockstar gamers 🌟première gta c'est en 1990 jpns ?,1,0.0,dataset_1,1
مرحبا،الرجاء مراسلتنا على الخاص و تقديم رقمك الهاتفي لنتمكن من إفادتك.شكرا، نسرين من جازي 🙂,1,0.0,dataset_1,0
كش عروض للعيد اودي خلونا نتمتعو بشوي كوناكسيو *-*,0,-1.0,dataset_1,0
هل. الفايسبوك مجاني في عرض 100 دج سما ميكس ؟ ما ياخذش من جيغات,0,0.0,dataset_3,0
انا نوال مم العاصمة (عين بنيان ) ابحث عن عمل,1,0.0,dataset_1,0
تجربة كوندور L8كوندور ببجي شوف قناتي,0,0.0,dataset_3,0
و ads 4mo شحال فيها أبلود,0,0.0,dataset_3,0
جازي والكل يتألم..,1,1.0,dataset_3,0
بالبركة عليكم مزيد من النجاحات ان شاء الله موبليس لي زووم ربي يحفظهم,2,2.0,dataset_2,0
مكالمات مع موبيليس غير محدودة,2,2.0,dataset_2,0
اخى من فضلك اوريدو ساهلة بوكس تاع 100الف كي يكملو لجيغا يعطوك تدفق منخفض ولا لا جاوبنى من فضلك,0,0.0,dataset_3,0
شكرا جزيلا  كل شي مزيان,2,2.0,augmented,0
احبك قادة من تيارت,2,2.0,dataset_3,0
بصاح كون قلتلهم بالي ذيك 50 جيقا بالتدفق المنخفض اي 512 mb اه ياحبيبي علاش تخدعو الناس,1,1.0,dataset_3,0
خصني تليفون ومعنديش دراهم خوكم زوال كاش واحد يعاوني,0,0.0,dataset_3,0
مرحبا،ممكن أكثر توضيح من فضلك ؟زهرة من جازي :),1,0.0,dataset_1,0
آخر شهر ليا في جيزي ب1500دج وكونيكسيون زبل حاشاكم,1,1.0,dataset_3,0
cnx ki el💩💩,0,-1.0,dataset_1,0
يا أخي انا عندي تمشي 35 36. سطابل,2,2.0,dataset_3,0
عروض تافهة جدا اغبى اربع متعاملين <br>في العالم <br>بارك الله فيك خويا ربي يوفقك,1,1.0,dataset_3,0
شكرا,2,2.0,augmented,0
كونيكسيو 5gو في الميدان 2g,1,1.0,dataset_3,0
ابشع عرض هو نتاع شريحة موبيليس بيكس 4G 100الف يعطوك 13جيغا تروح في سمانة خسارة,1,1.0,dataset_3,0
Prix svp,1,0.0,dataset_1,0
اخر اشتراك مع جيزي.. و نعرف تولو تصدقو فيها باطل..ايلا عندي ذرة تاع حق امام ربي منسمحش,0,-1.0,dataset_1,0
خويا رانا فال29,0,0.0,dataset_3,0
الان هل هذا العرض دائم ام مؤقت,0,0.0,dataset_3,0
شكرا🌹,2,2.0,augmented,0
موبليس مكاش الرزو كامل ودرت شكوى ومدارو والو,1,1.0,dataset_3,0
الانترنت ضعيفة جدا,0,1.0,dataset_2,0
وش الفايدة تاع لي جيڨا والتدفق زيرو انا عندي 15G كل شهر تبقالي منها اكثر من 10G تحيا اوريدو,2,2.0,dataset_3,0
مبغاتش يطلعي العرض,1,1.0,dataset_3,0
سرفيس مليح 😍 برافو,2,2.0,augmented,1
W l7al,0,0.0,dataset_3,0
Salim Kalfa Fox تحيا موبيليس هاذو غي شكيل كي البريد الصوتي كي مصلحة الزبائن ..خرا,0,-1.0,dataset_1,0
اطلقونا الكونكسيو وساهل,0,-1.0,dataset_1,0
مهبول نتا 1 mb اسطورية انا 25 kb,1,1.0,dataset_3,0
"1Mo/s machi 10Mb, mais 8Mb<br>psk 1 Byte (octet) howa 8 bits",0,0.0,dataset_3,0
اوريدو هي اكبر شركة سراقة,1,1.0,dataset_3,0
جيزي الله يبارك <,2,2.0,dataset_3,0
المشكل لازم نبدلو الرئيس لان معندوش صوت في هذ لبلاد كون تحط وردة الشارلومنتي في بلاصتو بلاك تخلعهم ياو اك رائيس دولة اسي بدون أك ماكش معروض تتعشي في الجزائر,0,0.0,dataset_3,0
هاد العرض غير في رمضان باش ماتصوم ماتصلي سما شيطان قالهم راني رايح في رمضان ونتوما تهالو كملو خدمتي,0,1.0,dataset_2,0
Connexion nulle j’ai 100Go net mai taayi t9ila grc,0,-1.0,dataset_1,0
انشأت من طرف الاخوة دان هاورز,1,0.0,dataset_1,0
وي هكذا,1,0.0,dataset_1,0
L'3orod ghi hiya w ntouma L 4G ma 3ndkomch y'a zuuh sagmo réseau ta3kom mnb3d diro L 3orod ta3 khra,0,-1.0,dataset_1,0
اوريدو لاسويتش تحيا اوريدو لاسويتش,2,2.0,augmented,0
كونكسيو صباح ولا فاليل ثجور 👎👎,0,-1.0,dataset_1,0
سبحان الله اليوم كنت رايح لاجونس تع جيزي نسقسي لقيتك درت فيديو فيه الجواب انا من شهر الي فات وهي هكا متمشيليش وتحبسلي بزاف تروح لكونكسيون خلاص كي ندير وضع الطائرة ونحيه منبعد ترجع تخدم شوي وتعاود تحبس تبقى غير هكا يازح,0,0.0,dataset_3,0
ماهيش ثابتة وتبلوكي الكونيكسيو نتاعها وبلا مانحكيلك على السرقة,1,1.0,dataset_3,0
حول لموبيليس احسن,2,2.0,dataset_3,0
عروض امتياز احسن,2,2.0,dataset_3,0
Li rbah yji ygolna hna la sah,1,0.0,dataset_1,0
Salut Je veux savoir qu'est qu'elle la connexion Djezzy toujour je joue en 4G le ping est de 900,1,0.0,dataset_1,0
antaya li b3atli fi snap😂😂,1,0.0,dataset_1,-1
❤️❤️❤️,2,1.0,dataset_1,0
ريڨلو غير الكونكسيو راعي ثقيلة فوق لازم مكلهالنا بل جوائز,0,-1.0,dataset_1,0
مشكور عمي موبيليس,2,2.0,dataset_2,0
كلي 5 جيقا بزاف☹ انا تكمل في يومين,0,-1.0,dataset_1,0
ياخي محتاجك رد عليا في حالة إنسانية. جماعة طلعولي الكومنتار باه يشوفو صاحب القناة.,0,0.0,dataset_3,0
موبيليس في لابوبال,1,1.0,dataset_3,0
"Bonjour , s'il vous plait ma puce a été bloquer ce matin je veux vraiment la récupérer comment faire ?",1,0.0,dataset_1,0
عرض سما 100 دج خلاصت في عشرين يوم انترنيت فيس بوك غير مجاني من فضلكم رجعولي عرض بيكس كنت نكمل بيها شهر مرتاح,0,1.0,dataset_2,0
مخرجش عندي العرض سما تع 100دج,1,0.0,dataset_2,0
انا فالدار البيضاء 95.4 mbps والله كيما راني نحكي,2,2.0,dataset_3,0
مليح عرض 1500دج تاع net 60 gb<br>مع 15gb الجيش 650 دج عرض وحدة للهدرة و وحدة للأنترنت,2,2.0,augmented,0
خاوتي هذه صفحة جزائرية جديدة تنشر أمثال بالفرنسة مترجمة إلى العربية أدخلو و شوفو المحتوى إدا عجبكم ديىدرو آبوني🌹💝,1,0.0,dataset_1,0
عيتولي 413 مرفدتلهومش نتوما. 413?,1,0.0,dataset_1,0
Connexion plus que nulle,0,-1.0,dataset_1,0
خويا جليل ليوم كونيكسيو تاع اريدو سويتش ناقصة علاش,1,1.0,dataset_3,0
عرض ماشي مليح,1,1.0,dataset_3,0
3,1,0.0,dataset_1,0
الاخ جليل اوريدو احسن انترنت لكن التغطية ضعيفة وتمشي مليح في المودام فقط,0,0.0,dataset_3,0
.dz.34 بابنسبة لموبيليس راها فوور,0,-1.0,dataset_1,0
عندي 20 يوم ملي شريتهاا لا سويتش راني حاب نحبسهاا ناقصاا بزاف,1,1.0,dataset_3,0
جماعه العصابه,1,1.0,dataset_3,0
عرض جيد👍👍♥♥,2,2.0,dataset_2,1
تعرفو غير تسرقو دراهم..نفليكسيو تدوهملنا 👌,0,-1.0,dataset_1,0
رةعو علينا فالخاص. و شوفولنا النشكل تاع الانترنت,0,-1.0,dataset_1,0
ستعملتهم بين ثلاثة مشاو او مبعد حبسو,1,1.0,dataset_3,0
جيزي اكسترا واش اخبارها كي يخلاص عرضي هايلة بزاف تنحيوها عيب عليكم,1,0.0,dataset_1,0
.dz 😢😢,0,-1.0,dataset_1,0
.dz no it's okey😂,1,0.0,dataset_1,-1
متكسر راسك ما تحوس تفهم رانا في بلد العصبات والشعار ميتبدلش يتننحاو قاع يعني يتنحاو قاع.,1,1.0,dataset_3,0
Mba3er 😭😭💩💩,0,-1.0,dataset_1,0
علاش متردوش على الرسائل في الخاص,0,-1.0,dataset_1,0
عرض فيه انترنت Ooredoo switch ilimite يعطيوك فيه انترنت غير محدودة عجبتني,2,2.0,augmented,0
La swech mliha,2,2.0,dataset_3,0
LES SMS,1,0.0,dataset_1,0
Ôoredoo meilleur connexion ni djezzy ni Mobilis ni at,2,2.0,dataset_3,0
تحيا top4G من ناحية انترنات غير محدود ❤️,2,2.0,dataset_2,0
._.mh win,1,0.0,dataset_1,0
كيفاش نح نتع ال quiz 🤬🤬,0,-1.0,dataset_1,0
مازلت لا أفهم لماذا الشركات عندنا متخلفة الى هذه الدرجة و نحن في 2020 و الى متى هكذا..<br>اكبر دولة في افريقيا و ثرواتها كبيرة و مازلنا <br>في هذا المستوى المتدني ..<br>حقا لم اعد اتحمل هذه الاحوال في هذا البلد اللعين,1,1.0,dataset_3,0
هل تنصحني ب موديم ديلينك للالعاب,0,0.0,dataset_3,0
عند تعبئة الرصيد يتم سحبه مباشرة أو بالأحرى تتم سرقته,0,1.0,dataset_2,0
Ghir lbar7 chritha b 9500,1,0.0,dataset_1,0
Clash of clans,1,0.0,dataset_1,0
"C'est quoi le problème, depuis jeudi soir "" Vous n'êtes pas autorisé à effectuer cet appel""",1,0.0,dataset_1,0
الخدمة تاعكم رائعة,2,2.0,augmented,0
انا ربحت power bank من التطبيق كيفاش نديه راني هدرت معاكم ف بريفي 🙂👌,1,0.0,dataset_1,0
خويا انا عندي تع 240الف 6 شهر <br>لبارح لافيتاس وصلتلي حت 10 ميغا و فالليل عاودت ولت 200 كيلو تاستيتها بفاست <br>هذي معنية تاني 🙃,1,1.0,dataset_3,-1
الخدمة تاعكم رائعة والله,2,2.0,augmented,0
هدرلنا على 4G LTE مشي قلت راح يديرو advance و ما يبقاش التدفق المنخفض ..الخ,0,0.0,dataset_3,0
تسما مافيهاش 🙄😒,1,1.0,dataset_3,-1
موبيليس كاين بلدية لي نسكن فيها في ولاية تيبازة أنترنت شبه منعدمة <br>راني نستنا ستار لينك بالاك يديرنا سومة مليحة,1,1.0,dataset_3,0
والف دينار كاام,1,0.0,dataset_1,0
الكونيكسيو والو العرض ديالكم ديروه..,0,-1.0,dataset_1,0
واش بيها الانترنت والريزو ماكانش خلاص هاذ النهار؟,0,-1.0,dataset_1,0
Ana Rani b&#39;djezzy 1500da 40go Rani 13mb/s ou messbah ou ana Rani n&#39;connicti messbah sta3melt ouahed 2go ou ma daroulich limitation,2,2.0,dataset_3,0
Fantasy and rpg 🔥🔥 .yacine_ .unico .86 la team svp ge3 dirou jaime l commentaire ❤❤,2,1.0,dataset_1,0
Yerhaam babaak?? Cnx rahi tqilaa rahj wsh mel ihtyajat w hna serie ki nas maqdrnach nchofoha,0,-1.0,dataset_1,0
و الله يلا عيب كبير عليكم cnx راها شبه معدومة عندكم باقيلي 3 أيام و يكملي إشتراك و باقيلي 20 جيڨا غادي تروح باطل فيديو فيه 2 مينيت ما نقدش نتفرجه cnx ما تمنهاش للعدو,0,-1.0,dataset_1,0
Basah wach tbadel fiha mazal kolach kima rah🤔🤔,0,-1.0,dataset_1,0
راني داير عرض تاع 30جيقا ماحبتش تخدم..؟؟!!,0,-1.0,dataset_1,0
عندي جيزي جيزي هبال هبال ماشاء الله,2,2.0,augmented,0
ديتولي خمسلاف وين راحت,0,-1.0,dataset_1,0
سلام دجيزي صحا عيدكم محمد من مغنيه ولاية تلمسان الريزو عندنا ينقص بزاف كي يكون فى 4g الله يبارك مين ينقص 3gلهلا يشوفك مكانش خلاص معدومة تتمنى تحلو هاد المشكل بالتوفيق انشا الله سلام,1,0.0,dataset_1,0
Djezzy ردو اعليا يا سرقين اعرفو على اشكون اتردو كان مركمش غالطين بينو لينا المشكل نعرفوه,1,0.0,dataset_1,0
سما تحيا موبيليس,0,-1.0,dataset_1,0
لازم رقم جديد ولا القديم عادي 🙃؟,1,0.0,dataset_1,-1
الطارف شكوي جماعية بأكثر من 100 مشترك بمنطقة القريعات بلدية بريحان الطارف في مناسبتين دون الشكاوي الفردية دون جدوي و تسويف 5 سنوات دون جدوي 5 الحل,0,1.0,dataset_2,0
ربي يوفقك خويا وصح رمضانكم ڨاع,0,0.0,dataset_3,0
ماهي المنطقة التي هي الان مغطاة بالجيل الخامس في الجزائر,0,0.0,dataset_3,0
.farouk 😊,1,0.0,dataset_1,0
اقراو الميساج مليح <br>معندوش مامبا انترنات,1,1.0,dataset_3,0
لازم شريحة جديدة ? 🙄,1,0.0,dataset_1,-1
ياو روحو لو كان مراهوش يأذن لواحد يزرع البطاطا هنا,0,-1.0,dataset_1,0
عروض فاشلة,0,-1.0,dataset_1,0
اسوء شبكة من ناحية تدفق الإنترنت في قلب العاصمة 2G🤣,0,-1.0,dataset_1,0
انا نخدم بلويفي,0,0.0,dataset_3,0
habit tkol batal bla ma naflexiw,0,0.0,dataset_3,0
مشكور اخي,2,2.0,dataset_3,0
ديتولي ديميل يا الله ديك ديميل نا ندير بيها مشروع لي نفليكسيها تدوها 😭😭,0,-1.0,dataset_1,0
تقدر تحول gold lswitch !!,0,0.0,dataset_3,0
واش راك 💯 شكرا,2,1.0,augmented,1
مليح بزاف صح نوصي بيه,2,2.0,augmented,0
4m down 0.07 m up mobilis ouled moussa 35,2,2.0,dataset_3,0
هبلتونا كل سمانة تبدلونا الأرقام,1,0.0,dataset_1,0
واش خويا تكنو مديرتش قاع ليفيديو على mise a jour 12.5,0,0.0,dataset_3,0
كونيكسيو ثقيلة بلبزاف,0,1.0,dataset_2,0
من فضلك اخي وربي يحفظك ان شاء الله انصحني وانا في امس الحاجة لنصيحتك أنا لا استطيع اقتناء ADSL لان العلبة ممتلئة يعني مانقدرش ندخل تيليفون يعني بقالي غير الحل تاع 4G ولازظ نشري مودام 4G راني حاصلة جدا جدا فالكوناكسيو ومعرفتش واش من مودام نخير وواش من عرض انصحني ربي يجازيك,0,0.0,dataset_3,0
حظ موفق في فعاليات القادمة مزيد من نجاح وتألق إن شاء الله,2,2.0,dataset_2,0
فليكسي بواسطة البطاقة الذهبية,1,0.0,dataset_1,0
والله ما فهمنا ضربة,0,0.0,dataset_3,0
موبيليس الله يبارك تسقمت بزااف❤️ bravo,2,2.0,dataset_2,0
شكرا جزيلا 👍 كل شي مزيان,2,2.0,augmented,1
Rokstar,1,0.0,dataset_1,0
من افضل الشبكات في بطئ الأنترنت,0,-1.0,dataset_1,0
عندي راهي احسن من موبيليس، و اوريدو.. سرعة و عروض مليحة. احسن من فيكس..,1,1.0,dataset_3,0
Rani f les Maldives w nconnecté b djezzy,1,0.0,dataset_1,0
Sema Mobilis Navigui win tout cas Ooredoo tebqa :DD,2,2.0,augmented,0
اظن انه خرطي ، انترنت ظعيفة منذ شهرين تمشي في الهاتف 3g,1,1.0,dataset_3,0
مرحبا علاش الانترنت ثقیلة وواش معنتها کی یکتبولی delais de connexion depasseارجو الرد,1,0.0,dataset_1,0
هادو ماشي جدد رآهم قدم,1,1.0,dataset_3,0
بسم الله الرحمان الرحيم السلام عليكم ورحمة الله تعالى وبركاته واش راكم ليكيب ان شاء الله تكونون بالف صحة وعاافية ليكيب انا لاعب ببجي موبايل بالموبايل و نلعب العاب منوعة عمري16 سنة ندير احتراف و ضحك و ميمز ليكيب نسحق وقفتكم معايا انا وليد بلادكم 🇩🇿 اذا عجبكم المحتوى أبونيو ليكيب او تسييو تبترطاجيو الله يحفظكم و والله غير نتعب على المونتاج بزااف و ماعندي مانقللكم غير باي❤👏,0,0.0,dataset_3,0
J'invite tous les supporters de la JSK à acheter Mobilis !,2,2.0,dataset_2,0
Quelle coincidence entre deux ep d'akashic records nedkhol f insta et me voila,1,0.0,dataset_1,0
أبخص وأرذل شبكة هي أوريدو ناس راهم في 5g واحنا مزلنا في 2 g الله لا يتربحهم,1,1.0,dataset_3,0
500da Instagram berk pour 15jrs !! C n'importe quoi,0,-1.0,dataset_1,0
ير سڨموا 4G و الريزو ومن بعد ديروا العروض,0,1.0,dataset_2,0
Djezzy 120 kbps الكاليتوس الجزائر,1,1.0,dataset_3,0
Rahi disponible f tlemcen,1,0.0,dataset_1,0
كرهونا يسرقونا في دارهمنا,1,1.0,dataset_3,0
Zawech Aek والله يا خويا أوريدو في قسنطينة زبالة أعزك الله ريزو تاعها كارثة خاصة في مناطق لخارج المدينة شو مكانش فمابالك كونيكسيو,0,-1.0,dataset_1,0
خويا في الردمي 9 تمشي,0,0.0,dataset_3,0
والله درتو فينا مزية حنا ذوي الإحتياجات الخاصة,2,1.0,dataset_1,0
راضي بزاف صح الله يحفظكم,2,2.0,augmented,0
في تمنراست خدمات جازي موجودة ولكن ولكن الكونيكسيو تقدر تقول منعدمة 0,0,-1.0,dataset_1,0
كاش واحد فيكم راه فاهم ولا انا برك لي مافهمتش،,0,0.0,dataset_3,0
عندي مشكل فجازي كل منفليكسي تنحولي,1,0.0,dataset_1,0
30 دج = جوبلي قهوة - 10 دج = ساعه تفراج في اليوتوب بجوده 360 + فيسبوك باطل 😂<br>في بلادنا راه كلشي يزيد يغلى غير الانترنت راهي ترخص <br>كاش نهار نرجعو ناكلو في الكونكسيون,1,1.0,dataset_3,-1
كيفاه ندير عرض امتياز,0,0.0,dataset_3,0
سوفريت مع connexion jezzy هايلة مالا مكرا راني شريت puce اخرى خلاص ،اي ليكم,1,1.0,dataset_3,0
وشبيه الريزو تاع موبيليس ليامات هادو الكونيكسيون راهي ثقيلة خلاص؟,1,1.0,dataset_3,0
صح فطورك و سحورك عمتي موبيليس ❤️❣️🖤,2,2.0,dataset_2,0
.26 :),1,0.0,dataset_1,0
عندي لبيس جيزي عندها بزاف عندي مي دوك تبلوكات معلباليش سبب ونا راني محتاجها بزاف مقدرتش نتقرب لكاش نقطة تع جيزي بسبب عدم وجود نقل ادا كان ممكن تعطولي حل اكون فلمتناول باش نرجع لبيس في اقرب وقت وشكرا,1,0.0,dataset_1,0
Rana m3ak khoya ..w hawechthom ..lazem ndero hal,0,0.0,dataset_3,0
محتالين,1,1.0,dataset_3,0
شحال دارت كارت ميموري 256 جيغا,0,0.0,dataset_3,0
.dz 👏❤️❤️,2,1.0,dataset_1,0
التدفق الضعيف,1,1.0,dataset_3,0
المدير تاع موبيليس ماشكيتش يمشي بموبيليس العب على روحك,0,1.0,dataset_2,0
بيس مليحة من ناحية الجيقات بزااف,2,2.0,dataset_3,0
قتلتونا بالكونكسيو تاعكم تمشي 2 سوايع في النهاار و كاليتي تحشم مع انو كانت هي المخيرة فيهم السبب اهو باين العروض تاعكم الناس ولات كل شهر تشري بيس ،الكثرة و الربى,0,-1.0,dataset_1,0
غدوةونشري موبيليس موبيليس لعزيزة لعزيزة,2,2.0,augmented,0
شيختا قلي شكون قالك بلي رايحين يزيدو ل سويتش ?? رسمي ?,0,0.0,dataset_3,0
برافو عليكم والله استمروا هكذا,2,2.0,augmented,0
YouTube illimité ??! 1100da,1,0.0,dataset_1,0
J&#39;ai deja abandonné internet djezzy depuis longtemps après limitation hayla bazef ..وداعا جيزي#,1,1.0,dataset_3,0
Ooredoo 32mb Béjaïa,2,2.0,dataset_3,0
شحال من مره وانا نعيط لكم على جال الخط نتعي نهار كامل وانتم تتمسخرو بيا وتڤولولي رانا فوتناك للمصلحة التقنيه راكم حاسبني كاز ولا تركتور ولا كاميو راح ندير مراقبة تقنية,0,-1.0,dataset_1,0
أول تعليق,0,0.0,dataset_3,0
معاك 24 خدمات موبيليس فوور يكونو معاك 24 ساعة,2,2.0,augmented,0
علاجالكم راني نعاني فبوبجي كنكسيو كي ..,0,-1.0,dataset_1,0
دجيزي الله يحفظكم بعثولنا لبونيس لكونكسيو ولهدرة تاع لالين 1300دج خلاصولنا وعدوا لعيد نقارعو حتى 1فشهر؟ 0781494722,1,0.0,dataset_1,0
العرض هايل,2,2.0,dataset_3,0
خويا معليش تشرحلنا اشتراك جازي انا شريت وحدة ذرك ما نحتاجهاش لازم نوقفها و نستبدلها بوحدة عادية لي ما تتوقفش كل بداية شهر لكن عقد الاشتراك مكتوب فيه انه لايمكن توقيف الشريحة و و حتى لو قمت بايقافها فانت ملزم بدفع تكاليف 12 شهرا كاملة,0,0.0,dataset_3,0
انا عندى جزي عادي كيفاش ندير هديا,1,0.0,dataset_1,0
Slvp ne9det nebdl ma puce ta3i men hayela bezzaf l max ??,1,0.0,dataset_1,0
جيقا في نهار تكمل راكم تتوقتو بينا,1,1.0,dataset_3,0
علبنا بيك بلي تخدم مع موبيليس وتشيتلهم,0,0.0,dataset_3,0
كيفاش نقدر نفليكسي,1,0.0,dataset_1,0
"J'ai deux numéros Djezzy l'un quand je contacte ma femme me répond, l'autre numéros je n'arrive pas à la rejoindre la standardiste qui me répond.",1,0.0,dataset_1,0
مالا نقعد هك😂,1,0.0,dataset_1,-1
سلام اخي انا كانت 4g او حولتها بيكس تحوس نرجع top4g الانترنت نستفيد منها بعد فليكسي 50 ولا تبقى مكالمات بارك؟,0,0.0,dataset_3,0
نتا باين من هاذوك لي يفليكسو 100الف ب10الاف علبيها ما تنجحش سيماهم على وجوههم,0,0.0,dataset_3,0
التوقع التاعي تع المبارة صحيح ومربحت والو؟,1,0.0,dataset_1,0
موبليس ولا دجيزي كارثة سقاط,1,1.0,dataset_3,0
عندي هبال وفيها ليميتاسيو صحيح,1,1.0,dataset_3,0
السلام عليكم خويا حبيت نشري مودام4g<br>قولي وينو لميح تاع موبيليس ولا اتصالات الجزائر,0,0.0,dataset_3,0
تجربة رائعة  نشكركم,2,2.0,augmented,0
Oooh je vous aime tous 😭😭 .. Enfin ray7 neb9a b numéro wahed 😁😁 .. Bessah meme ntouma tmaskhro konto tmeddou 15 Gb b 1500 ma t9a3douch bina.. Mais bon mziya ki fhemtou rwahkom 👌👌,1,0.0,dataset_1,0
1,0,0.0,dataset_3,0
خدمة مليحة بزاف 🌟,2,2.0,augmented,1
عندي جيزي عرض مافيهاش ليميتاسيون هايلة بزاف مافيهاش ليميتاسيون,2,2.0,augmented,0
0.63 ميغا,1,1.0,dataset_3,0
وشبيها جيزي كونكسيو ثقيلا بزاف منعرف علاه,1,1.0,dataset_3,0
بتوفيق ونجاح,2,2.0,dataset_3,0
الشبكة ضعيفة حسنوها امبعد نهدرو,0,1.0,dataset_2,0
الريزو ماكانش في حاسي بحبح ولاية الجلفة..الله يهديكم..وتقولو كاين التغطية,1,1.0,dataset_3,0
ديرلنا لي كارت ڨوڨل أخي,0,0.0,dataset_3,0
.dz هذا رقم هاتف الذي توقف 0776931254,1,0.0,dataset_1,0
الخدمة تاعكم رائعة 👍,2,2.0,augmented,1
السلام عليكم..كاش عفزة باش نلغي الإشتراك في Ooredoo Switch,1,1.0,dataset_3,0
Houssem Bouflih نخلص 200لف وثقيلا رهج,1,0.0,dataset_1,0
باه ندير هذا العرض واش نشكل ممكن رد😶,1,0.0,dataset_1,0
مليح 100 ميل غالية بزاف راهي جورني 1500,1,0.0,dataset_1,0
اول دقيقتين ديسلايك و خرجت بدل شوي راك ثقيل,0,0.0,dataset_3,0
ماقدرتش ندير flexy net وعلاه,1,0.0,dataset_1,0
لا تغطية لا شبكة بوغزول المدية,0,1.0,dataset_2,0
كل مايخص اتترنت ومواقع تواصل اجتماعي,0,0.0,dataset_3,0
هو عرض دائم,1,0.0,dataset_1,0
كي يكون تكون لكنكسيوا بعدين نبرتجيو لكنكسيوا 0 وكي نعيطلطم مترفدوش ربي وكلكم,1,0.0,dataset_1,0
eba3toulna code,1,0.0,dataset_1,0
نقدر نفليكسي 2500دج في مودام 4g ومازال مخلاصش الفورفي أنترنيت؟,0,0.0,dataset_3,0
خفيفة كونيكسو ❤,2,2.0,augmented,0
سلام عليكم <br>انا عندي لا سويتش 1500 اوريدو عندي تدفق 120 كيلو بايت فقط في ال 4G !! و ال 3G تاعها ما تمشيليش اصلا!! خاصة الاسبوع لي فات,1,1.0,dataset_3,0
ما فائدة الحجم و السرعة سلحفاة 😁,0,-1.0,dataset_1,0
لاكونكسيو تعكم ميتة نشرجي 100دج في الشهر باطل اصلحو ريزو تعكم ومبعد ديرو العروض,0,-1.0,dataset_1,0
أنا خاصني #دجيزي تابعني على الأنستڨرام الله يسهل😂😂,1,0.0,dataset_1,-1
ممتاز والله,2,1.0,augmented,0
موبيليس وتحلى الحياه وتحلى الحياه,2,2.0,augmented,0
يا سراقين يا خوانا,0,-1.0,dataset_1,0
والله نفس المشكل,1,0.0,dataset_1,0
منعرف لا راهم يكلو فيها .ولى اخبو فيها حرام عليكم .كونكسيو في الجزاىر سلحفات متعيوش رواحكم .,1,1.0,dataset_3,0
والله مالڨري شوية تقيلى مي تحيا جيزي 👏👏🔥,2,1.0,dataset_1,0
يا جليل واش الحوال عندكم,0,0.0,dataset_3,0
60 kb jijel,1,1.0,dataset_3,0
أنترنت عندكم ثقيلة بزاف شوفونا حل,0,-1.0,dataset_1,0
non c pas vrai,1,0.0,dataset_1,0
علاه عدت من نفلكسي تدو دراهم هذا وين اكتفية دتهملي,0,-1.0,dataset_1,0
لم أفهم🙂,1,0.0,dataset_1,0
نتاع 1300 لازم نشري بيست جديدة ولا ببيست نورمال ناكتيفي ..راني نستنى الاجابة من فضلك..والله ايبارك فيك خويا لعزيز..<br>يعطيك الصحة على الجهد المبدول توجور مع جديد والله نقنعلك يعطيك الصحة 😘نتمناولك كل التوفيق والنجاح مشكور..,0,0.0,dataset_3,0
"Je me suis tjrs dit ohh dommage on ne peut pas transférer des volumes internet et la vous avez réglez le problème merci bcp , maos comment faire pour les transferer ??",1,0.0,dataset_1,0
الف شكر,2,2.0,dataset_2,0
30 جيقا تخلاص في 10 أيام,1,1.0,dataset_3,0
و شحال غومني هذا بنادم ما ضحك ما بكي شكلة فوق لرض,0,-1.0,dataset_1,0
مليحة سما,2,2.0,dataset_2,0
بلوكولي رقمي بلا سبب ورحت نريكلامي قالولي ما نرجعهولكش و ذوكا كي جربت عيط لرقمي لقيتكم بعتوه لشخص اخر . ولمزية كنت داير رقم خلاف مع الكونط تاع الفيسبوك التعامل معاكم خصارة في خصارة,0,-1.0,dataset_1,0
200 الف نزيدها في عمري و نشبع كرشي و مايدوهاش الجياح الي ڨاع العام يحشولنا,1,1.0,dataset_3,0
ilove you dm my,1,0.0,dataset_1,0
بصح واش من العرض لتمشي فيه,0,0.0,dataset_3,0
.amed.54379,1,0.0,dataset_1,0
شكرا جزيلا ✅ كل شي مزيان,2,2.0,augmented,1
مانيش ديك لميمة حابة نولي كيما هادوك السامطين لي وين تروح تلقاوهم😂😂 أيا دير ابوني في طريقك ربي يحفظلك ديك لميمة لعزيزة 😍😍,2,1.0,augmented,-1
عندي فكرة كيما نتاع ايزي بصح ماشي انستا وحدخرا,1,0.0,dataset_1,0
جماعة انا عندي موبيليس عادي pixx في وهران وسط المدينة وتطلعلي 4g+ وسرعة التدفق طالعة بزاف من ناحية الدونلود و الابلود و البينغ 15 يعني مليحة,2,2.0,dataset_3,0
والله يا دجزي ومومبليس سرقتو أكثر من سلال واويحي وبوشوارب والعصابة كاملة تبعو في الريح لي الشعب مكانش رقابة تسرقو في الفليكس وتسرقو في الانترنات تشري باقة بي 100الف وسرعة الانترنات تقيلة واغلب الاوقات مكانش خلاه,0,-1.0,dataset_1,0
انا راني ف top 4g بصح مقدرتش نولي لل pixx ..علاه من فضلك!؟!,0,0.0,dataset_3,0
خويا رايح نشري بيس ڨولد جديدة<br>هل العرض نتاع 40جيقا و يوتيوب باطل<br>متوفر ولا لا <br>جاوبني الله يسترك,0,0.0,dataset_3,0
"mix normalement , 2500 da appelles + 25gb internet , ca sera mieux avec 1500 da",0,0.0,dataset_3,0
fiha les offre imtiyaz qowa *44# les offre qowa b 600da 3ndk 12go ou ilimité ou 1500 da mliha comme mm kho,1,0.0,dataset_1,0
ملقيت واش نقول كونيكسيون تخرجك من رحمة ربي تقول تمدو فيها بالمعريفة ولا تقطرو فيها بالقطرة,0,1.0,dataset_2,0
خصنا تاع.50.الف.في.الشهر<br>ماشي.200.الف,0,0.0,dataset_3,0
باينة عيطولك وتفهمتو طالع قناتك على ضهر..,0,0.0,dataset_3,0
"merci bcp, je viens de me désinscrire 💪",1,0.0,dataset_1,0
quel application vous étulizer pour tester la connexion,0,0.0,dataset_3,0
كثر خيركم Abdessamad Kim,1,0.0,dataset_1,0
ربحت سمارت فون لبارح برك شحال باه يوجد !,1,0.0,dataset_1,0
رانا معاها من 2004 احسن متعامل فالجزائر,2,2.0,dataset_3,0
الشكوبي تعرفوه موبيليس كونيكسيو مقودا البيبليسيتي انتم اللولين,0,1.0,dataset_2,0
انا لي كليكيت على جام 900,0,0.0,dataset_3,0
اي اكدولنا على الموبليس,0,0.0,dataset_3,0
Bghit n activi 100 da kifach ndir?,1,0.0,dataset_1,0
Bonne annèe,0,0.0,dataset_3,0
Mon frère 🤣😂 frère 🤣😂 j'ai passé avec lui des moments inoubliables en Egypte ❤️,2,1.0,augmented,-1
😁😍,2,1.0,dataset_1,1
الله لاتربحم موبيليس ب vpn و ماكنش انترنات,1,1.0,dataset_3,0
بصح ممتاز والله,2,2.0,augmented,0
خويا جليل الكونيكسيون في موبيليس هايلة خفيفة طيارة راني مآكتيفي pixx 100 و مليميتيا فال 8 ميڨا,2,2.0,augmented,0
عندي وماتصلحش ،كونكسيو عيانة بزاف..,1,1.0,dataset_3,0
On veut des test su IPTV on est en 2021 et on peux toujours pas voir la télévision avec internet.,0,0.0,dataset_3,0
سرفيس مليح 😍 برافو,2,2.0,augmented,1
تحياتي بالتوفيق والنجاح دائما 👍 موبيليس المحبوبة الممتازة شكرا,2,2.0,dataset_2,1
منعرف يلا تستغبي فالناس ولا كيفاش ياو غير مكالاه متوصلش والله هكذا,1,1.0,dataset_3,0
بيس عادية,1,1.0,dataset_3,0
Med Ali Larabi بصح بعيد باش نروح وزاد الضروف ماسعدتنيش عيط 77 قتلهم افتحوها سمانة بك بداو يشنفو,0,-1.0,dataset_1,0
علاش مكانش كونيكسيو 😡,0,1.0,dataset_2,0
خاوتي عاونوني لازمني تيليفون 6 RAM وROM 64 وبرسيسور مليح بسومة شابة,0,0.0,dataset_3,0
30جيجاا والانترناات زيروو واش من احسن ماتتمسخرش بيناا راهي زيروو تحت الزيرروو ملياار مرة,1,1.0,dataset_3,0
Conex makach lyoum alach اتصالات الجزائر,1,1.0,dataset_3,0
😍😍🔥❤️,2,1.0,dataset_1,1
اضعف انترنت فى الجزائر 😢😢,0,-1.0,dataset_1,0
موبليس موبليس رووعة,2,2.0,dataset_2,0
عرض كارثة 🙄🙄,1,1.0,dataset_3,-1
تستاهلوا كل خير ان شاء الله دائما في,2,2.0,augmented,0
On a besoin dabor dune bone connexion . autre chose nous interesse pas . avant de parler d&#39;application de bonus ou je ne sais quoi.,1,1.0,dataset_3,0
رقم 1هي أوريدو هاربة عليهم بزاف,2,2.0,dataset_3,0
جيزي قستها البارح في قسنطينة مكانش ليميطاسيو 21 ميغا في الثانية راك تخرط برك,1,1.0,dataset_3,0
راضي بزاف  الله يحفظكم,2,2.0,augmented,0
HH CHRITHA MAN ALGER ALYOM,0,0.0,dataset_3,0
تجربة رائعة  نشكركم,2,2.0,augmented,0
Oulach réseau mobilis donc ça sert à rien,0,1.0,dataset_2,0
توب 4G<br>أفضل عرض بكثير 50 <br>الف شهر كامل انترنات,2,2.0,augmented,0
ممكن ٱكثر توضيح على الطلب من فضلك ؟نسرين من جازي,1,0.0,dataset_1,0
يوم اكتيفيت انترنت جيزي 100. dA <br>مل 11 وانا نسي نمشي يويتيوب وكلش محبش بمشي حتى الذكا باش طلقوها وزيد معا limitation,1,1.0,dataset_3,0
كيفاش نعرف بلي غلقتولي البيست,1,0.0,dataset_1,0
و تقول موبيليس ماتتهلاش 😏,2,2.0,dataset_2,0
Rabeh Roaug اا ويديروهالنا رانا فلفايدا نص دراهمنا يروحو بضحكة,1,0.0,dataset_1,0
جاي رمضان ظرك يبداو العروض المهم حاجة تلتيك على ذكر الله وخلاص,0,0.0,dataset_3,0
لكن شبكة موبيليس عيانة ماتمشيس ..<br>واش ندير ب 30جيغا ؟ مدام ماتمشيش,1,1.0,dataset_3,0
99$ per second,0,-1.0,dataset_1,0
درتو و ندمت كفاش نرجع تلفون كيما كان من قبل,0,1.0,dataset_2,0
كي تعاود تجيبهاtop 4g نورمال انا استرجعتها,0,0.0,dataset_3,0
من فضلك كاش جديد في سويتش Ooredoo,0,0.0,dataset_3,0
ياولكان يمدو 100 g تبقا ضعيفا بزااف هكدا تعودنا على موبيليس,1,1.0,dataset_3,0
Et pour l'insta ? Svp est ce que ki nzidou 600da nkhyrou bin insta wla youtube illimité wla les deux à la fois ??,1,0.0,dataset_1,0
شراء شريحة موبيليس من طرف عدد كبير من المواطنين يجعل بقية المتعاملين يعلنون عروض رائعة وخدمات مميزة لإرضاءهم,2,2.0,dataset_3,0
والله اسوء خدمات يقدمها متعامل النقال كي موبليس كي حيزي كي اوريدو,1,1.0,dataset_3,0
ياديزاد خويا شوفلنا حل نتاع لقولد اوريدو نتاع 40Go غير ب 150,0,0.0,dataset_3,0
Rak chhar nahitha mzahihom bl publicité hh bsahtk w bsahethom ana had chhar nahitha serkouni directement,2,2.0,augmented,0
Rani jay Mal9itch win nbat kayen place 9rib ta3rfih,1,0.0,dataset_1,0
نتيا راك خالص من عند اوريدو بركا ما تبوقل فالشعب,0,0.0,dataset_3,0
تحيا موبيليس تحيا الشبيبة القبائل 😍,2,2.0,dataset_2,1
موبيليس دوريجين ليميتي,1,1.0,dataset_3,0
سرااقين تروح بلخف 40 جيقا تاعكم,0,-1.0,dataset_1,0
لي فهم سفهمنا اسيدي انا مافهمت والو,0,0.0,dataset_3,0
كلامك كل صحيح,0,0.0,dataset_3,0
مافهمنا والو,0,0.0,dataset_3,0
Connexion ⤵️⬇️0️⃣,0,-1.0,dataset_1,0
بارك الله فيك أخي الكريم,2,2.0,dataset_3,0
Ce qu&#39;il nous importe le plus c&#39;est pas le volume internet plutôt le débit notamment ooredoo à boumerdes est le plus bas,1,1.0,dataset_3,0
تجربة رائعة صراحة نشكركم,2,1.0,augmented,0
مدينة أفلو لأغواط مكانش 4ج وسراقين الله لا يربحهم,1,1.0,dataset_3,0
أسواء شركات الاتصالات ه<br>في العالم هيا عدنا في الجزائر <br>تدفق زيرو,1,1.0,dataset_3,0
ياخويا عندي عام وانا متابعك اقسم بالله ماديت منك فايدة,0,0.0,dataset_3,0
مامعني ليمطصيو,0,0.0,dataset_3,0
Wach msportif ya 5ouya drahoo li 3ndhoom smartphone la nouvelle génération 3lah lazem tkoun sportif bach jib la sim,0,0.0,dataset_3,0
الحلزون,1,1.0,dataset_3,0
راضي بزاف  الله يحفظكم,2,2.0,augmented,0
مكاين والو فيديو تاعك راني نشوفه معمش 30 كيلة متفوتهاش,1,1.0,dataset_3,0
.dz اذن هو اشتراك مثل,1,0.0,dataset_1,0
ولي كادو وينتا ندوهم,1,0.0,dataset_1,0
15جيقا راها عادت مدير والو 😡,0,1.0,dataset_2,0
Andi ooredoo siwtch 50gb ktar men 3am maandich kml prblm o vitesse 9owa maandich kml,2,2.0,augmented,0
عرض افضل,2,2.0,dataset_3,0
Idoom4G فيه دخول جميع المواقع نتليشارجي عادي,0,0.0,dataset_3,0
Vpn <br>لكن عندما اعمل partage لديمو ميحبش يكونيكتي لازم حتى نغلق vpn <br>ارجو تعمل لنا شرح ربي يوفقك ❤️,0,0.0,dataset_3,0
خمسينتللف,0,0.0,dataset_3,0
برافو عليكم  استمروا هكذا,2,2.0,augmented,0
عندك الصح انا البيس تاعي عندها و16 سنة راهي عندي ومكان فيها حتى امتيازات انا نبدل راح ندير اوريدو مام ريزو ناقص فيها يرحم باباك نفلكسي120 يعطيك 30 جيقا وريزو عيان هذا الشهر راحتلي 25جيقا هكاك,0,-1.0,dataset_1,0
Réseau 0%,0,-1.0,dataset_1,0
Chrit djezzy fiha 40 Go w mnb3d raditoha 6 Go,1,0.0,dataset_1,0
ghardaia:<br>ping; 63 download:23 upload:14,2,2.0,dataset_3,0
La connexion taoila bazaf mataftah walo lazem tregliwaha,1,0.0,dataset_1,0
Chahad cnx t7sb tsd9o 3lina 😡😡,0,-1.0,dataset_1,0
نسقسيكم برك كان عندي 16 نيوم ملي فليكسيت 100 دج و اكتيفيت لاوين 650 دج درك لقيت 1 دج 350دج وين راحو ماني دايرة لا رنتي لا هم يحزنون وين راحو دراهمي,0,1.0,dataset_2,0
في هذه الحظة 23.04 نتفرج ب144p وتتقطع ومشترك في عرض جازي يوتيوب غير محدود,1,1.0,dataset_3,0
كيفاش ؟,1,0.0,dataset_1,0
انا درتها ساما من اول ليلة لكن للأسف الانترنت ضعيفة جدا جدا لا أنصح بهذا العرض الجديد ..لا حول ولا قوة الا بالله,1,1.0,dataset_3,0
ممتاز والله,2,2.0,augmented,0
يانسرين ،يازهرة عندي مشكل تعيشو رجعولي بريفي 🙄,1,0.0,dataset_1,-1
Franchement kifkom kif elhoukouma entouma fi blad wa hena fi blad!! La journée makah connexion allah yahdikom!,0,-1.0,dataset_1,0
Nchallah 😊,1,0.0,dataset_1,0
سيما ديما تقعد و لا تروح ڨاع العام,0,0.0,dataset_3,0
اخاوتي نجم نشري البيس وحدها و نستفاد من العرض ?,0,0.0,dataset_3,0
تحيا جيزي قوة في جميع الأوقات,2,2.0,dataset_3,0
.dz tsema ma fihach !,1,0.0,dataset_1,0
مرحبا ، لقد تم الرّد على رسالتك في الخاص و التي تحتوي على نفس الطلب.زهرة من جازي,1,0.0,dataset_1,0
ولله اني نستنا نكمل فلانترنات لي بقات لعاد تزدو تديو مياتلف من عندي كانت لاباس بيها وبعد ثلاث شهور تقلو نسرقو فيها غير ضرك تتسقم غير ضرك ولاكن لاحياة لمن تنادي نرجع موبليس ويرحمها ربي,0,-1.0,dataset_1,0
شريت هايلة بزاف 40 جيڨا شهرين لوالا كونيكسيو طيارة الشهر الثالث راهي زبل مكاش ڨاع علاه منيش عارف؟؟,1,1.0,dataset_3,0
وشنو هادا راهي 22:27 علاش مبداش الايف,0,-1.0,dataset_1,0
احسن بتدفق عالي شكرا,2,2.0,augmented,0
ايه رآه كارثة,1,1.0,dataset_3,0
دايمن ينقصلي الكريدي بلا ما نعيطأنس من المنزل 🙂,0,-1.0,dataset_1,0
The best player with the best service .dz 🤪❤️,2,1.0,dataset_1,0
50 min,1,0.0,dataset_1,0
وشريكم في هذه تسريبات ؟؟ شكون خير !,0,0.0,dataset_3,0
رانا كامل نعانو من نفس المشكل مع جيزي نتاع شكوبي,0,-1.0,dataset_1,0
غاول فالشرح وشكرا,0,0.0,dataset_3,0
Baralahoufik akhi !!,2,2.0,dataset_3,0
هناك خلال كبير في تدفق الأنترنات,0,1.0,dataset_2,0
L’application Djezzy sur iOS est en panne!,0,-1.0,dataset_1,0
كسرت جدها جيزي هادي.,1,1.0,dataset_3,0
هذه المرة خلاص يسمو كم سيفيني باذن الله,0,-1.0,dataset_1,0
Malek Malik 🤨,1,0.0,dataset_1,0
يا اخي هاد لافيتاس انا نشوفها غير علي 4 تاع صباح,1,1.0,dataset_3,0
سلام اخي ..<br>حاب ندير مودام 4جي لكل الشرائح تاع 6500دج من اجل موبيليس او اوريدو . قولي مليح و ولا نخير مودام خاص باحدى الشريحتين . مشكور ..,0,0.0,dataset_3,0
Gaartouna b débit yeww,1,0.0,dataset_1,0
كيفاش ن أكتيفي تاع 250 ؟,0,0.0,dataset_3,0
نتا شغل جيت تبنيط لموبليس؟؟<br>خلصوك ولا مازل !!؟؟,0,0.0,dataset_3,0
صراحة ممتاز والله,2,2.0,augmented,0
Mazel d'autres occasions 💪💪,1,0.0,dataset_1,0
سلام، ممكن أكثر توضيح حول الإشكال الذي تواجهه من فضلك ؟ زهرة من جازي,1,0.0,dataset_1,0
"3lah tkherret 3la cha3b 3la jal des views berk, alor la sur l&#39;immigration chkoun ra7 yamnek",0,0.0,dataset_3,0
"Switch khouya illimité sms, sms tkhalsso meme la Ooredoo, merci :)",2,2.0,augmented,0
نبعتولكم فالخاص ماتردوش عيطتلكم قلتولي ملفك مزال ماطلعش 17 سنة مزال ماطلعش الله يهديكم,1,0.0,dataset_1,0
جازي ..قطعت عنا النت ايام الخميس و السبت و اليوم الأربعاء لمدة 3ساعات متكررة من بعد الظهر إلى بعد العصر ..جازي لا تهتم تعود بك إلى العصر الحجري و تلفونك يرجع حطبة ..اسوء خدمة جيزي ..الله لا تربحهم ..,1,1.0,dataset_3,0
djezzy confort 1500 fiha limitation 256kb/s,1,1.0,dataset_3,0
العرض تاعكم غالي و في مناطق عدة لا توجد تغطية ولا تستطيع ان تستهلك حتا 100 ميغا من العرض,0,-1.0,dataset_1,0
Félicitation pour mahrez 🔥🇩🇿🙏❤️👏,2,1.0,dataset_1,0
حڨارين صح عروض الأنترنت أنتاع موبيليس رديئة وضعيفة جدا والله غير كلمة حق ياأخي تكنو راك بهدلتهم.,1,1.0,dataset_3,0
B9alha 10 jour w toukhlos w Aÿ likoume wkilkoume rabi cnx ki la3bad makanche,0,-1.0,dataset_1,0
هل عرض جيزي هبال فيها limitation ؟,0,0.0,dataset_3,0
الله يبارك الكونيكسيو عندك مليحة بالبزاف خيي,2,2.0,dataset_3,0
حسنو من نوعية الخدمات والباقي ساهل ووفرو التغطية اللازمة,0,1.0,dataset_2,0
افليكسي في جيزي خويا لعزيز نلقاهم داوهم فيت فيت,1,0.0,dataset_1,0
عندي جيزي هايلة 150=40go <br>مليحة و راني حالة عندي جيزي بيها,2,2.0,augmented,0
"مرحبا،يمكنك الغاء تسجيلك في لعبة Instawin من خلال الضغط على الثلاث الخطوط الموجودة أعلى شاشة هاتفك على اليمين، ثم الضغط على ""Désinscrire"" :) نسرين من جازي",1,0.0,dataset_1,0
khoti galoli moubilis we les Gb mayakamlouch balkhof,2,2.0,augmented,0
حتى انا اوريدو رجعت عندي طيارة ماراهيش كيما كانت تبدلت راهي علامة,2,2.0,dataset_3,0
كشما جديد عل تدفق الانترنت ياك هددهم تبون وقيل تبون رها غير يبول في رمل,0,0.0,dataset_3,0
offre business ta3 Ooredoo. offre offre business jdida mliha.,2,2.0,augmented,0
السلام عليك الانترنات راهي ضعيفة من 18:00الى23:00 شوفونا حل في اسرع وقت الكل راه يشكي,0,-1.0,dataset_1,0
🤔🤔 رمضان خلاص زيدوها لحانوتكم,0,-1.0,dataset_1,0
نتا قاعد تدخل لبلاصه تخرج من بلاصه حنا ما فهمنا والو ونتا ثاني تبالي ما راك فاهم والو,0,0.0,dataset_3,0
لقد تم الرّد على رسالتك في الخاص. شكرا لتواصلك بنا 🙂,1,0.0,dataset_1,0
Djezzy الانترنت ماراهيش تخدم حتى درت فيسبوك مجاني الآن باش نبعث هذا التعليق,1,0.0,dataset_1,0
Djezzy نسرين ارواحي بريفي,1,0.0,dataset_1,0
Pcq morad noob😂😂,1,0.0,dataset_1,-1
الانترنت في منطقتنا سيئة جدا وحتى من اجل المكالمات نرجو ان تنضرو الى هذه الحالة,0,-1.0,dataset_1,0
bravo à toute l'équipe,1,0.0,dataset_1,0
راك في حومتي 😊😅❤️ مرحبا بيك خو,0,0.0,dataset_3,-1
عندما أدفع 200daمقابل 60giga ولا أستفيد منها بسبب التدفق الضعيف واتصل ب 77 مرتين وأغير الشريحة وتبقى الإنترنت ضعيفة (تدفق لايتجاوز 50k) هنا يجب محاكمتكم لانها تعتبر سرقة (العصابة) ومن الاخير سوف أرجع موبيليس يا الخ..,0,-1.0,dataset_1,0
كشما واحد ربح !!,1,0.0,dataset_1,0
pas de panique elle est toujours dispo vous pouvez choisir l'offre qui vous convient entre Youtube et Fb+Insta,2,2.0,dataset_2,0
allah,2,2.0,augmented,0
انترنت ضعيفة جدا في شبكة موبيليس,0,1.0,dataset_2,0
لا بالعكس خويا تيكنو اليوم عندنا في ولاية جيجل نلاحظ بأن سرعة الانثرنيت في مودم 4g شبه منعدمة لا تتجاوز 15 كيلو بايت عكس العادة,1,1.0,dataset_3,0
وين ماكس كنترول مزالت هيا هيا نرملمو يزدونا في الانترنت مزلت 15 جيڤا من عصر الحجري,1,1.0,dataset_3,0
Mafihach limitation hadek howa sah,2,2.0,dataset_3,0
السبب الرئيسي تاع كورونا,1,1.0,dataset_3,0
W cnx tkiila 😒😒,0,-1.0,dataset_1,0
كيما رمضان قلتنا يوتيوب illimité,0,0.0,dataset_3,0
راكم كل يوم على 12.00 تع ليل تدولي 2da علاه ارجو الررد,0,-1.0,dataset_1,0
العروض هايلين,2,2.0,dataset_2,0
Ani bgratwi yzbi flixsit dawhomli djezzy ta3 zbi,0,-1.0,dataset_1,0
برافو عليكم صراحة استمروا هكذا,2,1.0,augmented,0
الاشهار الوحيد لي نقعد نسناه,2,2.0,dataset_2,0
عندي يووز عجبتني بهدو ب 70 الف تكنكتي فايس الميتي و 4 جيڨا تحب تزيد معاها اليوتوب اليميتي تزيد 200 تحب تزيدمعاها الانستا زيد 200 ..تسمى ب1100 تقدر تكنكتي ..تقدر ڨاه الميتي,2,2.0,augmented,0
نفليكسي 50 mil غي باه نشوف تيكتوك مكن لا هدرة لا ديبو شباب علاش مانديرش بيكس ونهني راسي نزيد غي 50 mil واش هد غباء,1,1.0,dataset_3,0
راك تقول تستهلك ف الشهر 33انا نخدم بيها تتفرج برك ماجابتش ليا شهر سبحان الله وبحمده ماني فاهم والو,1,1.0,dataset_3,0
عندي اوريدو 2500 مي ريزو داير كي 🤬,1,1.0,dataset_3,0
تحسب طاهر ميسوم راك يتكلم <br>منا ..و مالهيه ..و كدا ..و لاخر..<br> وضح جيداا اخي باش نفهمو مشكور على الفديو,0,0.0,dataset_3,0
ريقلو ريزو والحال ساهل,0,1.0,dataset_2,0
عندي أبيس 30 يوم انترانات ب100الف فيها2جغ+200الف نحو كل الشبكات+ملابس مجانا +الأحتفاض ب 100الف بعد الأنتهاء الشهر مع أمكانية تحويلها الى انترنت لي مدة شهر آخر كامل هه هذا احسن عرض عند موبليس,2,2.0,dataset_3,0
.dz comment on fait pour avoir insta illimité,1,0.0,dataset_1,0
عام وانا نستعمل عرض دجيزي ب150 تحشاتلي المهم شكرا علي فيديو,1,1.0,dataset_3,0
.dz j’ai un cv professionnel de football 😁⚽️,1,0.0,dataset_1,0
on peu stream avec ca au moin ?,1,0.0,dataset_1,0
.hafid jss pas kifah,1,0.0,dataset_1,0
أين سلطة الضبط لتراقب هذه الديناصورات لي استولت على شبكة الهاتف النقال في الجزائر. <br>اين هي جمعية حماية المستهلك؟ قهوة موح اشرب و روح.<br>الله لا تربحكم يا خونة,1,1.0,dataset_3,0
djezzy hbal fiha limitation 3iyana,1,1.0,dataset_3,0
رجاءا ردو عليا فالخاص 😔,1,0.0,dataset_1,0
​ محرز فيق مع عمرك,0,0.0,dataset_3,0
عرض احسن في موبيليس هو pix,2,2.0,augmented,0
عرض ضعيف,1,1.0,dataset_3,0
سرفيس مليح  برافو,2,2.0,augmented,0
Ismail Baziz انا عندي نجمة عيانة و جازي فور,2,1.0,dataset_1,0
عرض 800دج نحاوه ..,1,1.0,dataset_3,0
Tu m'as fait heureuse mobilis YouTube illimité pendant un mois Parce que pix est illimité mercii,2,2.0,dataset_2,0
J'ai un problème dans mon puce idée mon stp,1,0.0,dataset_1,0
حاج موسى موسى الحاج,0,0.0,dataset_3,0
وين راه عرض 600 و 800 يالسراقين,1,1.0,dataset_3,0
لمة حق احسن تغطية ❤️💪,2,2.0,dataset_2,0
Djezzy Salit,1,0.0,dataset_1,0
أصلحوا مشكل شبكة الأنترنت والمكالمات من فضلكم قبل أن تتحدثوا عن هذه العروض فهذه الشبكة تكاد أن تكون معدومة!,2,2.0,dataset_2,0
موبيليس مراهاش مليح 😤😤,1,1.0,dataset_3,0
Jamis madit haja w salhat,1,1.0,dataset_3,0
WOW! vraiment incroyable C'est vraiment incroyable,2,2.0,augmented,0
تجربة رائعة ❤️ نشكركم,2,2.0,augmented,0
سويش كارثة انترنت وزيد يسرق ف لي giga ي دين راب,1,1.0,dataset_3,0
سلام عليكم انا عندي شريحة هايلة من سنة 2018 ومن شهر جانفي الى غاية شهر ماي كان عندي عروض تاع 600 و800 استعملتهم ومن بعد راحو,1,1.0,dataset_3,0
سڤمو الريزو كان روعة عندو سمانة في حالة فسد خلاص نهار العيد مكانش لليوم شوي تحسن,0,-1.0,dataset_1,0
لاوين كنترول من العصر العباسي مازادو والو,1,1.0,dataset_3,0
من هذا المنبر اريد ان اهنئ إتصالات الجزائر علا الترتيب العالمي الذي كان ماقبل الأخير,1,1.0,dataset_3,0
جيزي الى مزبلة التاريخ ..راني مع اوريدوو قوة اقليمية,1,1.0,dataset_3,0
باصيتونا بهاذ لالين باغي نرجع الرقم نتاعي عادي و ايرجون,0,-1.0,dataset_1,0
مرحبا، العروض تختلف حسب نوع خطك، ننصحك بتحميل تطبيق Djezzy المتوفر على Android و iOS، يسمح لك بالإطلاع على كل العروض المتوفرة في خطك مع السعر و مدة الصلاحية 🙂 كذلك يمكنك التسجيل مباشرة فيها بطريقة سهلة و تتبع استهلاكتك كذلك 🙂 روابط التحميل هنا : يمكنك كذلك تشكيل *720# أو *707# شكرا، زهرة من جازي,1,0.0,dataset_1,0
AH7SN 3OROD,2,2.0,dataset_3,0
Chkon li jarb Djezzy Confort ?!!<br>( 50Go+200da Appels &amp; sms+ illimité vers Djezzy),0,0.0,dataset_3,0
ريڨليونا الريزو ومن بعد دبرو رسانكم,0,1.0,dataset_2,0
كيف بوجود 5g و ال3g ما تتسعاش اخي! بلادي ميكي!!,1,1.0,dataset_3,0
ما تحشيلي ما نحشيلك كل منطقة وكيفاه انا في منطقتي توب 4جي ماتليقش,1,1.0,dataset_3,0
عندي قطرة تاع ريزو مكانش جربت الشرائح كامل الله ياخد فيهم الحق,1,1.0,dataset_3,0
راو اليرزو رايح تاع الانترنت من اسبوع,0,1.0,dataset_2,0
انا نحوس علي انثرنث وحدو مافيش لا مكملة لا ولوا كين,0,0.0,dataset_3,0
واش راك 🌟 شكرا,2,2.0,augmented,1
روح لأوريدو اروع بيس في الثاريخ,2,2.0,dataset_3,0
Cnx hayla,2,2.0,dataset_2,0
وشحال تخلص باش تبرطاجي لبيس الدوزيام,0,0.0,dataset_3,0
Conixion dyalkom khorda fouha mateslah le walou 9etaltouna bel khourti ou le haf,0,-1.0,dataset_1,0
رصيد يبقى نقدر نفلكسيه إلى اريدو اخرى,0,0.0,dataset_3,0
وداعا الجزائر,1,1.0,dataset_3,0
شريتو جربتو ماشي حاجة,1,1.0,dataset_3,0
السلام عليكم كاش أخبار على فتح المطارات 🔭 🛩,0,0.0,dataset_3,0
💔😒,1,0.0,dataset_1,0
التطور ياخويا ياخويا,2,2.0,dataset_3,0
fnhar t3yiy t9ila chwya ana nshar flil tyara mthbsch ga3 chouf biha wach thb,0,-1.0,dataset_1,0
تجربة رائعة بصح نشكركم,2,2.0,augmented,0
سرفيس مليح والله برافو,2,2.0,augmented,0
ديرو حاجة عرض أسطوري تاع 100ب 30 جيغا أول مرة ديرو حاجة زينة في حياتكم 🥰🥰,2,2.0,augmented,1
صح ممتاز والله,2,1.0,augmented,0
تلحق ال10 تاع الليل تروح خلاص اليوتيوب ميتحلش,1,1.0,dataset_3,0
سرفيس مليح 💯 برافو,2,2.0,augmented,1
Merci les infos bien aimé série,2,1.0,augmented,0
3ميقا 💜💜,0,0.0,dataset_3,0
الخدمة تاعكم رائعة 🌟,2,1.0,augmented,1
ردو على الخاص,1,0.0,dataset_1,0
شكرا، لقد تم الرّد على رسالتك في الخاص كذلك,1,0.0,dataset_1,0
عرض فاشل,0,-1.0,dataset_1,0
صح رجعت 10 جيغا ولا لالا؟؟,0,0.0,dataset_3,0
دايما كاين مشكل في ping .,1,1.0,dataset_3,0
الأنترنيت راه ثقيلة بزااف ..سممطت,0,-1.0,dataset_1,0
Hayla bezzaf /~1.8mb/ 14h/alger-ouled fayet,2,2.0,dataset_3,0
زهرة أين أجد رمز التحقيق,1,0.0,dataset_1,0
ساراقين 40 G مايكفوش شهر ، صحح المعلومة تاعك,1,1.0,dataset_3,0
عرض رائع يستجيب لكل متطلبات شكراا 💚💲,2,2.0,dataset_2,0
احذرو يا اخوت الإيمان انه فخ 😂,0,-1.0,dataset_1,-1
في رمضان وتكذبو ربي يهديكم كي تروح تشري بيس كشغل فيزا🙄 عندهم ريزو قوي🤨 كي تخرج من عندهم 😡برك😬😤ريزو زيرو0,0,1.0,dataset_2,-1
mais elle est devenue mauvaise votre qualite de connexion,0,-1.0,dataset_1,0
عندي عرض في جازي تاع 1200دج انترنات وهدرة مجانية مع جازي و 2500دج مع باقي الشبكات وانا عندي بزاف ملي ندير هدو العرض وعندي عائلة في الخارج كنت نعيطلهم من قبل عادي والأن في هدا العرض الاخير تقولي دير خدمة ترانكيلو ومتحبش تفوت المكالمة نرجو منكم توضيح,1,0.0,dataset_1,0
pourquoi tu nous dérange laissé nous dormir on a encore sommeil,0,0.0,dataset_3,0
تحيا لابيس توب موبيليس 4G,2,2.0,augmented,0
منيش نقدر نلعب كونيكسيو كلخرا,0,-1.0,dataset_1,0
تم مقاطعة جيزي,1,1.0,dataset_3,0
يا خو شوفنا كاش حل كونيكسيو تاع جيزي عيانا بزاف ان شاء الله تريبوندي عليا صباح تكون مليحة مع ظهور تبدا تتقال سيرتو ping,1,1.0,dataset_3,0
Wach howa mitation,0,0.0,dataset_3,0
مواضيع غي هوما راك تعاود فيهم,0,0.0,dataset_3,0
اوريدو ستوتش فيها التزام نريد قياس سرعه علي شرائح عاديه,0,0.0,dataset_3,0
عندي علم مند حوالي شهر ونصف العام الجاي هادا تتحسن,2,2.0,dataset_3,0
فلكسية 100 لبارح ليوم قيتها 748 واين رحو معلبليش ☹️ فهمونا درك نفلكسيو باه تسرقونا 😠,0,1.0,dataset_2,0
كترولنا في عروض سما mix,2,2.0,dataset_2,0
الخدمة تاعكم رائعة 😍,2,2.0,augmented,1
انترنت منعدمة تماما,0,1.0,dataset_2,0
كونوكسيو راحتلي غاع فليكسيت لبارح,0,-1.0,dataset_1,0
لاكونيكسيو راهي ناقصه بزاف,0,-1.0,dataset_1,0
Rja3tha sama 7chawhali 😂,0,1.0,dataset_2,-1
اولدي عرض تافه نحيو ل 50 الف لولة مشي خير ؟ كل واحد يخير لي يحتاج😉,0,-1.0,dataset_1,0
Pour l&#39;instant ya rien,1,1.0,dataset_3,0
موبليس الأفضل حاليا,2,2.0,dataset_3,0
3jbokom hdou al3ibad bdloihom chuia kayn bzff 3ibad wdoukhrin:/😂,1,0.0,dataset_1,-1
p2k,1,0.0,dataset_1,0
جيزي يخدم سيريو,2,2.0,dataset_3,0
يا يما دعاويك جازي باي باي مي تساهلو 😂😂,1,0.0,dataset_1,-1
صافي بيكس دارو فيها التدفق المنخفض,1,1.0,dataset_3,0
جليل يا خو شوف لينا حل لtop 4g وكاش غكرة نطلعو الفيتاس الله يحفظك,0,0.0,dataset_3,0
انا اوريدو 35ىميغا,2,2.0,dataset_3,0
Mobilis شكرا,2,2.0,dataset_2,0
حياتي كاملة متخلاصش 90 جيغا بصح التغطية 00,0,1.0,dataset_2,0
قانون المسابقة دايرين أربع فائزين وذرك ولا واحد..!,1,0.0,dataset_1,0
نقدرو نحولو شريحة من ڨولد الى سويتش ؟,0,0.0,dataset_3,0
خويا تيكنو كشما كاين عرض موبليس,0,0.0,dataset_3,0
تجربة رائعة 😍 نشكركم,2,2.0,augmented,1
هذا موبيليس هو العيان جيزي هو الافضل,1,1.0,dataset_3,0
علاه هي كاينة انترنت حتى نبارطجيو كانت عندي 50 جيڨا نستهلك 200 ميڨا نظرا للسرعة العالية عندكم اعطيونا وجوهكم,0,-1.0,dataset_1,0
سلام أخي للتوضيح من فضلك <br>اوريدو سويتش لي تحكي عليها القديمة أم الجديدة و شكرا.,0,0.0,dataset_3,0
مرحبا بكم في صفحتنا صفحة #E_Store_Dzما متوفر حاليا شحن لعبة PUBG MOBILE و FREE FIRE باسعار تنافسية و عن طريق ID فقط,1,0.0,dataset_1,0
احنا مزال مطلڨوناش 4 جي في ولاية تلمسان,1,1.0,dataset_3,0
احسن عروض لحد الان هي عروض اوريدو,2,2.0,dataset_3,0
.dz dans le 2 ème mois ça réduit pour combien de giga octets ??,1,0.0,dataset_1,0
Ghil 0 wala cnx taekom,0,-1.0,dataset_1,0
bla mziya frr,1,0.0,dataset_1,0
والله عندي سويتش ثقيلة بزاف 3جي سيرتو في الليل ماتمشيش فيديو باليوتوب 144pوبلكشايف في بلديات تيارت,1,1.0,dataset_3,0
الخدمة تاعكم رائعة 🌟,2,2.0,augmented,1
دراهمنا نمولوا اليهود ..جيزي مولاها يهودي هاد الشي علابالكم بيه . من أجل مصالحكم مستعدين تبيعوا ارواحكم وخاوتكم ..تحيا موبيليس حماري خير من عود الناس,0,-1.0,dataset_1,0
خويا بعد 6شهور واش يكون..تحبس ولا واش,0,0.0,dataset_3,0
هل هي متوفرة حاليا,0,0.0,dataset_3,0
اوريدو سويتش نعاني راني معها,2,2.0,augmented,0
Fantasy and RPG,1,0.0,dataset_1,0
😞😞💔 لا حبيب لا نصيب شكون كيفي,1,0.0,dataset_1,0
العرض لي تلقاو كل راحتكم من فيه النواحي,2,2.0,augmented,0
khoti galoli moubilis mliha we les Gb mayakamlouch balkhof,2,2.0,dataset_3,0
Vous êtes des voleurs une connexion merdique avec un prix très cher,0,-1.0,dataset_1,0
مرحبا،الرجاء مراسلتنا على الخاص و تقديم رقمك الهاتفي مع الإسم و اللقب لنتمكن من إفادتك.نسرين من جازي 🙂,1,0.0,dataset_1,0
شخصياً 💁‍♂️🔥,2,1.0,dataset_1,0
غير بدلت لسما صرقولي الدراهم الي كانو عندي في البيس ربي يهدي ويسمون تطور,1,1.0,dataset_3,0
Djezzy ردو علينا عالخاص نستفسروا على هدية لي ربحتها في رمضان لدرك لا خبر عليها لا فيها سرقة خبرونا,0,-1.0,dataset_1,0
Facebook illimité !,1,0.0,dataset_1,0
22:43,1,0.0,dataset_1,0
تعيو 🥱🥱,0,1.0,dataset_2,0
انا نفليكسي 1500 ونظل نتفرج ونخدم بيه نهار كامل وهو يمشي ويلحق الشهر تخلص وهي مزال فيها النت,2,2.0,dataset_3,0
مليح بزاف صراحة نوصي بيه,2,2.0,augmented,0
جيزي وكل يتألم,0,-1.0,dataset_1,0
noon,1,0.0,dataset_1,0
انا قمت بتعبئة رصيدي عن طريق تطبيق جازي باستعمال البطاقة الذهبية القيمة المالية حذفت من حسابي البريدي الا اني لم اتلقى تعبئة رصيدي بحجة أن العملية لم تنجح في حين أن المبلغ المالي تم حذفه من حسابي البريدي بعثت بالاحتجاج عبر الماسينجر الا انه لحد كتابة هذه الأسطر لم يقرأ احتجاجي,1,0.0,dataset_1,0
اشتراك غالي 200دج 30 go<br>غالي بزاف هذي سعر تاعها100دج فقط,1,1.0,dataset_3,0
مافهمنا. والو.. خويا.,0,0.0,dataset_3,0
عندي أوريدو والله الحمد لله خير من جازي وموبليس,2,2.0,dataset_3,0
وي صح كاين منها,2,2.0,dataset_3,0
انا في قسنطينة اوريدو سويتش 6 كيلو بايتس في الليل مرضتني,1,1.0,dataset_3,0
كل عام وانت بخير واقرب إلي الله سبحانة وتعالي عيد سعيد عليك وعلي اسرتك.,1,0.0,dataset_1,0
مكاش كيما موبيليس pix هي المخيرة Connexion pix هي toop,2,2.0,augmented,0
احنا في غرداية جيزي ضعيفة بزاف ولوريدو يسرقوا نكونيكتي 5دقايق تلقاها اكلاتتلك بزاف,1,1.0,dataset_3,0
تك,1,0.0,dataset_1,0
Dal Queen وانتي. علاش. مزلتي.. تامني.. بالخرطي. تاعهم. انا.. كان.. يقولولي 😜.. الشمس.. تطلع. في الصباح مانصدقهمشكوني. متهنية. 😂😂يعرفو للتبلعيط,0,-1.0,dataset_1,-1
المودم تاع أوريدو نقدر نديرلو لابيس سيويتش؟,0,0.0,dataset_3,0
عندي موبيليس مليحة في الهدرة سيئة في النت وعندي أيضا اوريدو لاغولد مليحة في النت مع بعض التقطعات وسيئة جدا في الهدرة.,1,1.0,dataset_3,0
💩💩,0,-1.0,dataset_1,0
يا ردو عليا ف للخاص علاش راكم تأكتفولي ف الانترنات خسترتولي دراهمي,0,-1.0,dataset_1,0
وعليكم السلام :),1,0.0,dataset_1,0
Nik ymah l9hba li b9a ychri djezzy ynik mo ykhlas chhar nkasar tiz yemaha,0,-1.0,dataset_1,0
احسن عرض احسن عرض تع سويتش,2,2.0,augmented,0
خويا يخصنئ نيميرو تعا ني يخدم فيزا كندا,0,0.0,dataset_3,0
نشكركم على وفائكم =),1,0.0,dataset_1,0
مليحة ماشاء الله في الشارع ولكن عند للمنزل بايباي ريزو 😂,2,1.0,augmented,-1
عروض فاشلة 🤬,1,1.0,dataset_3,0
أنا عندي جيزي زيرلدة مليحا سورتو الدار من أوريدو وموبيليس رهج الريزو وما كانش إن شاء الله ماتحبش,2,2.0,augmented,0
عرض sama control واش فيه، لانو في الموقع لا يوجد محتوى العرض سوى الجوازات,1,0.0,dataset_2,0
Li rba7 f chaké mazal mamduluch cadeaux ydir j'aime,1,0.0,dataset_1,0
يعطيوك مليار جيقا والكونيكسيون مقودة,1,1.0,dataset_3,0
rockstar games🙃♠️,1,0.0,dataset_1,-1
.dz 😂😂 rakoum ga3 ma3rodhin 💃🍻,1,0.0,dataset_1,-1
كارثة عضمى، إنشاء الله ربي يهدينا أو نديرو مقاطعة. 60 سنة أو حنايا قاعدين نسناو، و الحل عندكم. ما تزيدش تشارجي. دير الهدرة برك,1,1.0,dataset_3,0
أفضل عرض في الجزائر,2,2.0,dataset_3,0
Nøüh Nøüh 😂😂,1,0.0,dataset_1,-1
تكنو كونكسيو أوريدو راهي ثقيلة ثقيلة ثقيلة فليل وتروح مترجعش هاذي مدة طويلة مكانتش كامل هاك. وزيد راني في شاموناف ليزونتان كامل قدامي كونكسيو أوريدو غير فنهار برك كاين. وش راه صاري,1,1.0,dataset_3,0
اتوسل اليك ياالله بحق اسمائك الحسنى ان ترزق صاحب اليد التي تظغط لايك واشتراك فرحة يسجد لها باكياً ورزق لاينتهي / اللهم امين يارب العالمين /..,0,0.0,dataset_3,0
سرفيس مليح صراحة برافو,2,2.0,augmented,0
احسن بيس والله ما راهي في ندامة,2,2.0,dataset_3,0
الناس لمفهمتش راه يقولكم بلي شريحة pixx ولات فيها السرعة المنخفضة عند انتهاء الجيغا,1,1.0,dataset_3,0
جربها على 8 وتشوف 500 kb,1,1.0,dataset_3,0
لا سويش عام عجبتني بزاف,2,2.0,dataset_3,0
Goodbye nsit &quot;e&quot; 😜,1,1.0,dataset_3,0
اسوء شريحة هيا جيزي,1,1.0,dataset_3,0
الأنترنت بلا مكالمات عيانة !,0,1.0,dataset_2,0
ماعندها حتى معنى بالكونكسيو 💩💩تاعكم,0,-1.0,dataset_1,0
"😂 j c pas esq 3labalki , On est les premières f la plus mauvaise cnx entre les pays arabes ,sans parler du monde entier 😫",0,-1.0,dataset_1,-1
شحاال تكثر هدرة بلا فايدة ..,0,0.0,dataset_3,0
Mrakmch tjamloo .. rkm tkhawno f 3ayn .. activation t3 ch7ar ditouha 9bal mtkml,1,0.0,dataset_1,0
في بومرداس اوريدو زيرو خدمو وين سكنو شواكرهم فديو يمشي ب144ومنحكمش مع عشية من 6الى 23وليت نرقد بكري ونعاود نوض,1,1.0,dataset_3,0
كما نتا طلعت بالكذب هه,1,1.0,dataset_3,0
3andy modem Sahla box gdah ya3touni début réduit tekno,0,0.0,dataset_3,0
"Salam, wa9tach y3awdo yefet7o les aeroports?",0,0.0,dataset_3,0
عندي مشكل ما يخرجوليش اختيارات امتياز,0,-1.0,dataset_1,0
Ga3 les puces djeezy ?,1,0.0,dataset_1,0
في دارنا مكاش تدفق عالي,0,-1.0,dataset_1,0
انا عندي PC لابتوب يعني اقدر اشغلها ام لا انا لم افهم اي شيء,0,0.0,dataset_3,0
.ghanii والله عندك حق خويا,1,0.0,dataset_1,0
ريقلونا الكونيكسيو الرحمة على والديكم,0,-1.0,dataset_1,0
"عرض عيان ,,اوريدو لاسويتش ب 400 دينار يمدلك انترنت غير محدود",1,1.0,dataset_3,0
.dz.34 هه,1,0.0,dataset_1,0
وين راهي الانترنت ياو اطلقو جدها,0,-1.0,dataset_1,0
ميخدمش مع هايلة ماكسي دجيزي,1,1.0,dataset_3,0
درك انتوما عيباد يرحم باباكم. تغلقولي لالين بلا ما تقولو ندير x710#. نلقى واجب دفع 0 دج. نعيط 77 يقولي تحويل مكالمة للندب تاع فاتورة. لي يخدمو غير من 8 ل 4. انا حاصل ف طريق باه نعيط يجو يدوني والو. الله لا تربحكم,1,0.0,dataset_1,0
معنديش جيزي نتابعكم في خاطر زهرةزهرة عيدك مبروك,1,0.0,dataset_1,0
​سلم اخي تحيا Starlink,0,0.0,dataset_3,0
La culture générale ? Et.les Termes que vous utilisez la c'est quelle langue ?,1,0.0,dataset_1,0
هيل انترنت طوول بصح انترنت حجم ميكفيش طوول لانها تستهلك بسرعه مقارنة بموبيليس 20جيقا ومتكفيكش شهر عكس موبيليس 13 جيقا بصح تكفيك شهر كامل وذلك لان جيزي غير مقيدة استهلاك مليحة,2,2.0,augmented,0
Rī Mā كوناكسيون ؟😂😂,1,0.0,dataset_1,-1
انا عندي طوب 4جي من الاول يمشيلي كلشي تيك توك كله ب512 ميغا,2,2.0,dataset_3,0
khrej?,1,0.0,dataset_1,0
شكرا جزيلا  كل شي مزيان,2,1.0,augmented,0
Khouya e la gold ?,0,0.0,dataset_3,0
قول من الأول غير اللي عندو الريزو نتاع 4G+,0,0.0,dataset_3,0
احسن عرض من احسن شركة .. شكرا جزيلا لكم,2,2.0,dataset_2,0
و اخيرا غيرت الانترو . يعطيك الصحة,0,0.0,dataset_3,0
اصبر تتحسن كنكسيو منبعد نبارطاجي,0,-1.0,dataset_1,0
اللهم صل على سيدنا محمد وعلى آل سيدنا محمد كما صليت على سيدنا إبراهيم وعلى آل سيدنا إبراهيم إنك حميد مجيد، اللهم بارك على سيدنا محمد وعلى آل سيدنا محمد كما باركت على سيدنا إبراهيم وعلى آل سيدنا إبراهيم إنك حميد مجيد.,0,0.0,dataset_3,0
والله ممتاز والله,2,2.0,augmented,0
اتشيوايوايواا 😂😂,2,1.0,dataset_1,-1
مدولنا 1g لي يسجل بيها تعيشوا,1,0.0,dataset_1,0
وصحاب توب 4g,0,0.0,dataset_3,0
B 500 da 5G bark 😑😑,1,0.0,dataset_1,-1
زادو نقصولي,1,1.0,dataset_3,0
يجب تفعيل خدمة الرجوع من عرض سما الى بيكس,1,0.0,dataset_2,0
مليح بزاف 💯 نوصي بيه,2,1.0,augmented,1
هاد ريڨلو الكونيكسيو ولا نبدلكم😂,0,-1.0,dataset_1,-1
ديطلعلك ريزو 4حي ، و التدفق مش لاحق حتى الجيل الأول 😑 ، سراقين و منافقين,1,0.0,dataset_1,-1
علاه يخلاصو لميقا بالخف 30 جيقا خلاصو في عشر ايام .هاديرونا حل,0,1.0,dataset_2,0
عندنا مشكل في زلفانة لا توجد تغطية منذ حوالي أسبوعين,2,2.0,dataset_2,0
خويا. خصني. amplificateur gsm. حجا مليحا <br>عندي. ريزو. ناقص,0,0.0,dataset_3,0
لماذا تم قطع الخط الخاص بي,1,0.0,dataset_1,0
نتوما سراقين والكونيكسيو تاعكم تكمل ديركت الله خلصت كونيكسيو تاع سيمانة قعدت نكونيكتي فايسبوك قعدت ساعة وكملتلي راكم تسرقو عيناني,0,-1.0,dataset_1,0
ارجو منكم تحسين تدفق الانترنت,0,-1.0,dataset_1,0
"Je déconseille cette merde , c&#39;est la plus mauvaise connexion en Algérie , yakhi",1,1.0,dataset_3,0
yawedi déjà ana 3andi 7 jours meli activitha déjà rahi 25G,0,-1.0,dataset_1,0
لا يمكنني الاتصال بمصلحة الزبائن وتم غلق الشريحة لا ادري لماذا ؟,1,0.0,dataset_1,0
يخلوها البيس عندهم اوريدو يسرقو اسوء متعامل نقال غير نزهين في تعامل تاعهم,1,1.0,dataset_3,0
.game .b,1,0.0,dataset_1,0
اودي قول حصك ناس دير vpn باش بيبليسيتي تكون فليفيديو تاوعك عنوان مخادع,0,0.0,dataset_3,0
Djezzy والله كانت جيزي فوور بزاف منذ شهر وذوركا ولات ثقيلا بززاف,0,-1.0,dataset_1,0
اوريدو احسن عرض,2,2.0,dataset_3,0
مزال راهي في مرحلة تجريب,0,0.0,dataset_3,0
Wllh maboni 40 gb internet mais le problem c que thgila t7yyr l cnx des fois wllh tghydni yekhlass chhar w teg3od bamantha 40 gb wana mconnecté ch3ar ..dirolna 7all twelli khfyfa lwejeh rabby,0,-1.0,dataset_1,0
لازم نغادرو جيزي كاامل,1,1.0,dataset_3,0
ديرولي جام يشوف تعليقي عندي مشكل كي نفلكيسي توصل نص ليل ينوحلي منها25 منعرف علاه كل ليلة .ومنيش مداير رنتي,0,0.0,dataset_3,0
نايس,2,2.0,dataset_3,0
صح ممتاز والله,2,2.0,augmented,0
حاجةمليحة اوفر شباب كون غير تكون صح 60 جيغا تتفرج بيها نتفلكس كاملة ويبقالك شويا صرف العب بيهم بابجي😂,2,2.0,dataset_2,-1
EL Rey Ressan عندك الحق خو إبتلاء هدو وتبعتلهم ميريبونديوش شواكر,0,-1.0,dataset_1,0
Copié et Cole.. Hhh had offre and ooredoo dork yehakmokom kima mara lifatete hh,0,-1.0,dataset_1,0
موبيليس تاني راه فيها محدودية السرعة في كل الاوقات عرض pixx,1,1.0,dataset_3,0
Lazam nch3l les données brk🙌,1,0.0,dataset_1,0
تعيفو خليتوني حتى شريت بيس جديدة و نحيت النيميرو تاعي القديم,0,-1.0,dataset_1,0
Hey~~ Y los otros como son?? Y cuan largo son?? Linda foto:),1,0.0,dataset_1,0
oui raha saryiteli ana fi kol 24heurs 3andi ghir 1GB nconnecti biha meli7a mor man consomi 1GB tet9al teweli la vitesse 40KB/s max matefotech 3andeha 2 mois o hiya haka,1,1.0,dataset_3,0
ע. ע. עבדלי تحلاب عيناني🙃😱,1,0.0,dataset_1,-1
سلام عليكم ورحمة وبركاته كيف حالك,0,0.0,dataset_3,0
Ooredo 100Da ==> 45gb 1500 da,1,0.0,dataset_1,0
كونيكسيون في وهران كاع مافيهاش .<br>كنت نخلصها باطل,1,1.0,dataset_3,0
السلام عليكم انا من متتبعين للقناة انا ارى ان اوريدوا تبقى دائما تستهزيء بالناس كل عروضها تافهة شكرا,1,1.0,dataset_3,0
Berk 😊 300DA Berk 😊,2,1.0,augmented,0
عندي 4 جيجا وتكفيني شهر كامل .. لماذا ؟ لاني لا اكونيكتي بزاف ؟ لا .. لان التدفق بطئ .. لا يكفي لاستهلاك 4 جيجا مع الاتصال المستمر .. هل احتاج 90 جيجا ؟ نعم .. هل يمكنني الاستفادة منها ؟ لا .. .,0,1.0,dataset_2,0
Weche jab lejabe ooredoo hiya el mliha li3andeh réseau,2,2.0,dataset_3,0
Djezzy illimité 😕 !,1,0.0,dataset_1,0
شارك و اخسر معانا 25 دج كل يوم هايلة اللعبة هادي 🙂,0,-1.0,dataset_1,0
تحشاتلي حولتها ل yooz,1,1.0,dataset_3,0
يا خاوتي راني داير Izzy مليحة,2,2.0,dataset_3,0
"Wlh 3andi top 4g depuis 2017, et mazalha b 33k/s 😔 yarit lokan yzidou f débireduit ta3ha. Merci et bon courage 😉",1,1.0,dataset_3,0
احسن تغطية في المنطقة 👌👌,2,2.0,dataset_2,0
N'importe qu'elle puce Djezzy wela il faut Izzy !!,1,0.0,dataset_1,0
"#تنبيه غلطة كامل نديروها 👌لما تدعي لشخص متوفي كاين ناس تغلط بالدعاء ( الله يرحمه ويغفر له و يجعل #مثواه الجنة ) ▪يا جماعة كلمة مثواه غالط ، مثواه هي بقاع جهنم مكان في جهنم وبئس المصير ، {أليس في جهنم مثوىً للمتكبرين} انما الصح إلى مفروض ندعي بيه ، الله يرحمه ويغفر له و يجعل ""#مئواه"" الجنة هذا الدعاء صح واذكركم بكتاب الله سورة النازعات ( وأما من خاف مقام ربه و نهي النفس عن الهوى فإن الجنة هي المأوى ) وليس المثوى بارك الله فيكمالله اعلى واعلم ربي يثبتنا على الحق#أنشرها_ليستفيد_غيرك #منقول#",1,0.0,dataset_1,0
لازم كي تاكتتيفي ثم ثم تزيد تاكتيفي بنص سومة ماشي كيما تحب تعاود يخي خوباثا,1,0.0,dataset_1,0
افضع شركة اتصالات بالجزائر,1,1.0,dataset_3,0
لاسويتش هبطوها ل 512,1,1.0,dataset_3,0
Avez-vous un problème de débit ?,1,0.0,dataset_1,0
Ooredoo les arnaqueurs 🙃,1,1.0,dataset_3,-1
حبيت نسقسيك وجاوبني بارك الله فيك <br>هل ooredoo la switch فيها limitation,0,0.0,dataset_3,0
اغلقتولي لبيس اتصلت بكم في الخاص ووضعت رقمي ولم تجيبو وعلاش يا سادة,0,-1.0,dataset_1,0
"Wow!! Haha, LOOK FORWARD TO MORE PHOTOS!! 👀",1,0.0,dataset_1,0
أنا دجيزي عندي لابين هلكوني كل شهر تجيني حتى ل400ألف كرهتها,1,1.0,dataset_3,0
كيفاش نرجعها من 3G الى top4G,0,0.0,dataset_3,0
سلام.خويا عندي موبليس وداوهالي مي مزال مشراهاش كاش واحد.نقدر نسترجعها ولا نطلبها منهم,0,0.0,dataset_3,0
عيد مبارك وكل عام وانتم بخير,1,0.0,dataset_1,0
"Sama, Solde 25,01DA,Sama Mix 100 9Mo valable au 06/05/2022, Bonus 1.980,00DA valable au 06/05/2022 سمانة تخلاص 😱 كاريثة",1,0.0,dataset_2,0
جيزي تسالي ميا و تلات الاف بعتوني لدار الشرع هه,1,1.0,dataset_3,0
Vive Djezzy spécial 👍🏽,2,2.0,dataset_3,1
Barkawna bla 5orti cnx ta3kom dayra kile5ra,0,-1.0,dataset_1,0
السلام عليكم ، تصحيح قراءة سرعة تدفق الإنترنت 1.0M يقرأ واحد ميقا أو واحد فاصلة صفر ميقا و ليس 10 ميقا,0,0.0,dataset_3,0
99% من المشاهدين: يتبعو موضوع عقوبات ضد جيزي موبيليس اوريدو<br>1% من المشاهدين: يتفرجوا في الطوموبيلات والبنايات في التلفزيون,0,0.0,dataset_3,0
Connexion mkhalta bel ma,0,-1.0,dataset_1,0
سلام كيفاش تولي 4g plus,0,0.0,dataset_3,0
اكبر كدابين ومونافيقين تفو مرخس,0,-1.0,dataset_1,0
يا خو هايلة لابونمون تاع 25g ؟,1,0.0,dataset_1,0
Nahder m3akoum sara7a nzide 100 dA connexion 40G :(,0,-1.0,dataset_1,0
Yousra Sousita مزال عندك مشكلة ولا تحلت,1,0.0,dataset_1,0
ريڨلونا جد لاكونكسيو زهرة من جيزي ختي علي وجه ربي ني نلعب بوبجي تتعاودلي اللقطة 175775 مرة ريڨلوها يرحم شوابين هاه,0,-1.0,dataset_1,0
شكرا لكم على هده الرعاية ولمثل هكدا برامج ، دمتم سالمين ♥️🌷🌷,2,2.0,dataset_2,0
اوريدو احسن,2,2.0,dataset_3,0
Nedjaa Ramdhne مساء الخير،عروض امتياز ترويجية و متغيرة.زهرة من جازي 🙂,1,0.0,dataset_1,0
عندي مشكلة في نمغو نتاعي كي نبغي نعيط كاش واحد يقولي مسجل صوت عيط 77,1,0.0,dataset_1,0
Chkon leklon hada,1,0.0,dataset_1,0
عندي جيزي في الطارف خير من موبليس,2,2.0,dataset_3,0
غير أعدلوا الانترنت برك ما نحتاجوا والوا عندكم وحد الكونكسيون تعيف تعيف ..,0,-1.0,dataset_1,0
L'application est disponible sur iOS mais sans l'option shake and win,1,0.0,dataset_1,0
عرض لا يصلح,1,1.0,dataset_3,0
"كيفاه عندك <a href="" دقيقه <br>والفيديو تنشر منذ ساعه واحده <br>والوقت راه 07 مساءا مفهمتش بلاك صورتو لبارح ونشرتو اليوم الله اعلم",0,0.0,dataset_3,0
هذو سور من جماعة اللغات,1,0.0,dataset_1,0
شكرا لك 🙂 صح عيدكم.,2,1.0,dataset_1,0
اخي عندي oredoo dima واش مالعرض ايجي فيها ( ما عدا ديما انتاع 100 دج,0,0.0,dataset_3,0
.dz 😍😍,2,1.0,dataset_1,1
الرجاء مراسلتنا على Messenger لمساعدتك من فضلك,1,0.0,dataset_1,0
انا كي نشوف ناس تعلق و سيد يهدر ب ثقة هك كين حجا من 2 يا انتما عندكم عرف مع هذا لي ريزو ولا راكم في بلاد وخدخر انا راني نكتب ف تعليق و ياربي يلحق برك بلا ما نشوف فيديو,0,0.0,dataset_3,0
لي فهم يفهمني,0,0.0,dataset_3,0
انا اكتفيت عرض تاع بيكس 500دج خلاصتلي لي جيغا بصح بقات كاينة انترنت بصح منخفضة كيما توب 4 جي,1,1.0,dataset_3,0
ما فهمتش كيفاه نتا يعطوك السرعة المنخفضة تاع pixx والخرين مكاش واش معنتها ولا تقولي بتدريج هه قريب امنتك 😏,1,1.0,dataset_3,0
الله يحفضك خويا🌼🌼,0,0.0,dataset_3,0
Ma3andich 3orod imtiyaz svp redou 3liya f prv,1,0.0,dataset_1,0
هه موبيليس 0.42ميغا واروريدو مكانش شون قاع,1,1.0,dataset_3,0
كونكسيو تاعها ليه ليه تكمل غير مديرش 20 ج في سمانة,0,1.0,dataset_2,0
Wch biha m7btch tmchi connexion,0,1.0,dataset_2,0
offre bonne,2,2.0,augmented,0
العرض القديم افضل بكثير من العرض الجديد,1,1.0,dataset_3,0
Ziane Djillali مرحبا،مدة صلاحية ميزة Extra تتبع نفس مدة العرض الشهري المسجل فيه.زهرة من جازي 🙂,1,0.0,dataset_1,0
Gü Neş mam ana am tjini hkdaa,1,0.0,dataset_1,0
سرفيس مليح ✅ برافو,2,1.0,augmented,1
واش بيها الكونيكسيو تاعكم,0,-1.0,dataset_1,0
أول مرة أشتري جيزي كارثة عضمى 150 راحت هكذاك وكلهم ربي,1,1.0,dataset_3,0
وتحلى الحياه,2,2.0,augmented,0
خبر خبر بزٌاف بزٌاف مفرح,2,2.0,augmented,0
.dz Ah oui dcr merci *I'm a girl btw😂,1,0.0,dataset_1,-1
cv hmdoulileh rani dayer statue mab9alich bzf w ndir station arwa7 keml stali 3andi.. Mat9be7ech brk matkhrojch 3lik ya l7alwa ta3i 😂🤣,1,0.0,dataset_1,-1
جيب حاجة شابة .. موبيليس اي تشجع عل الفساد والفسق تيك توك .. تاع مهابل,1,1.0,dataset_3,0
تجربة رائعة صراحة نشكركم,2,2.0,augmented,0
ما يمشيليش ميسنجر,1,1.0,dataset_3,0
خويا تكنو poco c3تمشي فيه 4٫5,0,0.0,dataset_3,0
سرفيس مليح  برافو,2,1.0,augmented,0
نكومونتي مليح 😂,0,0.0,dataset_3,-1
الريزو و الكونيكسيون راه يعيي 😑,0,-1.0,dataset_1,-1
هاو كيفاه السنا متفكرتوناش بميساج تاع تهنئة العيد 😒🤔 ولاتلفتوا العشرة صاي,1,0.0,dataset_1,0
Negatif,0,-1.0,dataset_1,0
كلام فارغ علاش طول اختصر,0,0.0,dataset_3,0
Nchlh yhablkom Lag bah thoso charana nhoso,1,0.0,dataset_1,0
سما=الفخ,0,1.0,dataset_2,0
مشكور على كل المجهود المبذول لكن لا تطل كثيرا اخي في الفيديو,0,0.0,dataset_3,0
عبدالقادر بديك يعطوك كي تطلع تطبيق نتعهم,1,0.0,dataset_1,0
أوريدوا تركب بوطوات تاعها غير في وسط مدينة انحائها كارثية,1,1.0,dataset_3,0
Hayla bzf khiir fiha 60 gb hadra +..,0,-1.0,dataset_1,0
Pour système iOS?,1,0.0,dataset_1,0
.9460 bsh raj3oha 100DA,1,0.0,dataset_1,0
و عليكم السلام و رحمة الله و بركاته الرجاء مراسلتنا على Messenger و تقديم رقمك الهاتفي للتأكد من نوع خطك و امكانيات التحويل المتوفرة فيه. شكرا، نسرين من جازي 🙂,1,0.0,dataset_1,0
أولا شكرا على المجهود و بالتوفيق.<br><br>لكن أخي تجي تفهم تتلفلك.<br>سورتو إذا مشيت الفيديو شوية ما تفهمش علاه دخلت الفيديو أصلا.😂<br><br>قبل ما تدير فيديو أكتب واش حبيت تقول في ورقة.👍.<br>أعطي نبذة خفيفة من بعد قصر كيما حبيت.,0,0.0,dataset_3,-1
راه عليه ضغط كبير من المستخدمين قالي عاود مبعد باه نقدر نحملو,1,1.0,dataset_3,0
تجربة رائعة 😍 نشكركم,2,2.0,augmented,1
وتدفق ثقيل,0,-1.0,dataset_1,0
سقمو الكونيكسيون تاعكم مع العلم اول مرة نأكتيفي فيها وراح تكون أخر مرة يا (كلام فاحش) وشكرا🙂,0,1.0,dataset_2,0
"mais de quoi parles tu ? welah j&#39;ai rien compris, (H = ye3ayi) c&#39;est quoi ce langage ? est ce que tu sais qu&#39;est ce que ce H veut dire au moins ? welah j&#39;ai honte a ta place, informe toi avant de faire une vidéo de 10 minutes qui n&#39;a aucune valeur ajoutée.",0,0.0,dataset_3,0
خردة جيزي,1,1.0,dataset_3,0
عندي عدة أشهر وأنا نفليكسي جيزي ومساعدتني <br>ما هيش قاوية بصح تمشي,2,2.0,dataset_3,0
عن تجربة Ooredoo top 100/100 في الانترنت بدون مجاملة خاصة haya Switch,2,2.0,dataset_3,0
تحيا جيزي ملخر احسن كونيكسيو في الجزائر جيغات يجيبولك شهر سييت كامل ليبيس ملقيتش كيفها وخاصة عروض إمتياز تاع 100الف و تاع 150 الف قوة وما فيهمش ليميتاسو وزيد الكات جي 4g حقيقيت في جيزي وليست مجرد رقم كيما موبيليس و اوريدو واهم حاجة في جيزي هيا ما تسرقش كيما لخرين وعلى كل حال ربي يحفظك خويا على مجهوداتك,2,2.0,dataset_3,0
كونيكسو خفيفة,2,2.0,dataset_3,0
صح وكاين جازي ولات تتقدم الى اسواء,1,1.0,dataset_3,0
كي نديروا ينقص الرصيد و لا لا لا ؟!,1,0.0,dataset_1,0
قاع دزاير معندهاش ريزو,1,1.0,dataset_3,0
السلام عليكم ، لا خدمات جديدة هده السنة و كان جميع المتعاملين متفاهمين,1,1.0,dataset_3,0
يا ناس ذا عرض خدعة تع سما ..لي عندو توب ولا بيكس تروحلكم ومتقدروش ترجعو اوياكم منهم عروضهم تزداد سوءا,0,1.0,dataset_2,0
tgouli 3om9 wenta tossef rouhek comme pianiste w singer fel bio te3ek 😂😭😭😂😂 hayawan,1,0.0,dataset_1,-1
راك غلط خويا تكتيفيها على العشرة تخلاص على 12 نتاع الليل موبيليس تعطيلك اكثر من 24 ساعة تعطيلك من 12 نتاع الليل ل12 نتاع الليل,1,1.0,dataset_3,0
Oredoo la swtch tni rahi zbil,1,1.0,dataset_3,0
راني غي درت بيكس كي نحول ساما نعاود ناكاتيفي,0,0.0,dataset_3,0
عميقين هه,2,1.0,dataset_1,0
اعطينا apn تع ooredoo,0,0.0,dataset_3,0
لي مافهمش يفهم لي فهم خاطرش لي فهم ماراه فاهم فيها والو,1,1.0,dataset_3,0
تجربة رائعة  نشكركم,2,2.0,augmented,0
تقدر دير فيه بيس la Switch ولا غير تاعو ؟,0,0.0,dataset_3,0
😁😁,1,0.0,dataset_1,0
موبيليس أقوى انترنت وشبكة قويا,2,2.0,dataset_3,0
Please fix your app then tell people to use it,1,0.0,dataset_1,0
ياموبيليس يرحم والديكم ريقلو ريزو نتاعكم رآه في يومين مكانش,0,1.0,dataset_2,0
اعتقد أن هذا مجرد اشهار,0,0.0,dataset_3,0
انا اول واحد في الجزائر نستهلك انترنات <br>60 جيڨا في 15 يوم,0,0.0,dataset_3,0
ما شاء الله جميل جدا بتمنى جميل جدا تواصل على هذا الدرب,2,2.0,augmented,0
عروض أنترنت مليحة مقارنة مع الأسعار,2,2.0,dataset_2,0
ما كاش منها 150 دج راحو باطل علاه هالدا تسرقوا فالناس حرام,0,-1.0,dataset_1,0
Win nal9aha ??,1,0.0,dataset_1,0
موبيليس تسرق فالزوالي عيب عليهم,1,1.0,dataset_3,0
Jwbona Ala les msgs,1,0.0,dataset_1,0
راني تفرجك معمش,0,0.0,dataset_3,0
ل شهرين تبعثولي ميساج باش تحبسولي لابيس المشكل هنا مكانش ريزو موبيليس في زموري دايما الاشارة مشطبة تع موبيليس ديرو انتان هنا الماتريال ديالكم راه هنا عندنا في الغابة من ذاك العام ماسطليتوهش وتحوسو تكوبولي لابيس,0,1.0,dataset_2,0
انا مشترك معاهم من 2011 وقت 0770 <br>2021 طلقتهم سبب انترنت,1,1.0,dataset_3,0
Trop de coupures de connexion le soir,0,-1.0,dataset_1,0
المشكل تزيدولن لازم لاوين ف الانترنت رانا نسلكو 130الف متمدولنا غير 15G قليلة لازم تزدولنا شوي,2,2.0,augmented,0
مع سما يسما فيها قرب يالزوالي,2,2.0,dataset_2,0
شرح غير مفهوم,0,0.0,dataset_3,0
كيفاش نحيها يرحم باباكم كلالتلي كامل دراهمي,1,0.0,dataset_1,0
مزالت 256 كما رهي ورهي 512رك تخرط برك,1,1.0,dataset_3,0
ونزيدك تاني في جيزي يمدولك لزنتي مع شبكات الاخرين 200دج اما اوريدو سويتش 1500دج وزيد اوريدو تسرق لي جيغا بشاهدة الجميع,1,1.0,dataset_3,0
حرام عليكم ديتولي ليزينيتي 😭😭,0,1.0,dataset_2,0
وكونيكتي شعر 🙄,0,1.0,dataset_2,-1
مليح العرض هاذا,2,2.0,dataset_2,0
عندي عرض هاربة و عندي رقم 0770 هل يمكنني نغير العرض بنفس الرقم؟,1,0.0,dataset_1,0
kho win chrit jeux de lumiere ?,0,0.0,dataset_3,0
مخلصاتك اوريدو ا جدي تديرلها في بيب,0,0.0,dataset_3,0
Flixi,1,0.0,dataset_1,0
أنا دورتها اليوم أوريدو,2,2.0,dataset_3,0
العرض المقبول هو تاع سما مكس 1500 يعطيلك 30 جيغا و 300 دج لكل شبكات وغير محدود مع موبيليس,2,2.0,dataset_2,0
لحد الساعة راهي احسن شريحة ، و الناس كامل تشكي من موبيليس و نجمة,2,2.0,dataset_3,0
واه اوريدو انترنت مليحة بصح 20 جيغا داوهالي في 10 ايام,1,1.0,dataset_3,0
Rak mzahihom bl publicité hh bsahtk w bsahtk w bsahethom ana had chhar nahitha serkouni directement,2,2.0,augmented,0
ان شاء الله كاش ننار نفهم وش راه يقول 🐸,0,-1.0,dataset_1,0
لالا ما تحشوليش غير top 4g لي ما نبدلهاش,0,1.0,dataset_2,0
عندي قديمة مبتسم2g,0,0.0,dataset_3,0
الدراهم ينقصو بعد مانفليكسي بلا ما نهدر بيهم انا لابيس تاعي عندها 16 سنة جامي سرالي هكذا ظرك راني راح نبدلها و ندير اوريدو كل يوم تروحلي 30دج بلا ما نهدر ولات سرقة عيني عينك,0,-1.0,dataset_1,0
السلام عليكم مكانش عروض في pixx,0,0.0,dataset_3,0
الأوريدو لا تصلح عندنا,1,1.0,dataset_3,0
سقسيتهم قالولي بونيس تاع شهر برك وترجع كيما كانت,0,0.0,dataset_3,0
Bonjour. Possible l'immigration vers Spécial depuis millenium ?,1,0.0,dataset_1,0
عندي 0770 حبيت نحيلها,1,1.0,dataset_3,0
Les trois arnaqueurs,1,1.0,dataset_3,0
احسن بينق اوريدوا نلعب ببينغ 50فري وفي جازي مانقدرش مامبا ندخل بينغ700,2,2.0,dataset_3,0
ديالك هه,1,0.0,dataset_1,0
بإذن الله هذي لخرا نزيد نكتيفي في الجيزي تاع شعر لي تديو في دراهمنا باطل تقول نطلبو فيكم لاكتيفازيو تخلاص في 08 ومنبعد نحرقها 😡😡,0,-1.0,dataset_1,0
جيزي راهي تحسنت البارح واليوم <br>Download 16 mb<br>apload 4mb,2,2.0,dataset_3,0
am yhrcho bina wlh 😂,1,0.0,dataset_1,-1
ماحبوش يطورها,1,1.0,dataset_3,0
Djezzy المشكل نتاعي لبيس جيزي كانت تمشي عادي ودرك ودرك كتبلي فشل الشبكة يعني متبلوكتش عندها 5 سنين 5,0,-1.0,dataset_1,0
جيزي الكبدة😍😍,2,1.0,dataset_1,1
جامي فتحت هذي المسابقة عندي,1,0.0,dataset_1,0
Wela tchriha b 300 w tflixilha!!,1,0.0,dataset_1,0
limitation في جازي عيينا منها,1,1.0,dataset_3,0
ردولنا غير الانترنيت الله يرضى عليكم الواحد راه محتاجها في القراية مالكم,0,1.0,dataset_2,0
RAjlii❤️,2,1.0,dataset_1,0
😨😨,0,-1.0,dataset_1,0
من فضلكم صلحونا مشكل الانترنيت راها ضعيفة راكم مش تمدونا فالجيغات باطل ياو رانا نخلصو يااو,0,-1.0,dataset_1,0
محتاجة صديق يجيني بريفي,1,0.0,dataset_1,0
"Bonne vidéo, continu, merci",2,2.0,dataset_3,0
5 go tbanli houma yserbouli bah njib 30 yawm,1,0.0,dataset_1,0
واش راك صراحة شكرا,2,1.0,augmented,0
خويا انا عندي جيزي الله يبارك قوة,2,2.0,dataset_3,0
واش هو الحل,0,0.0,dataset_3,0
تحيا جيزي <br>600 دج عرض شهري 12GB وهدرة وو.<br>70 دج عرض يومي 4GB <br>كونكثي يامواطن <br>عبز يسييل,2,2.0,dataset_3,0
🙂 الرجل المستقبلي,1,0.0,dataset_1,0
Code !!,1,0.0,dataset_1,0
تحية لك أخي ،أريد أن أسألك على جهاز الاستقبال ألأنترنات عبر الستيليك وين يباع وكم ثمنه وهل موجود في الجزائر مثل :ountern lentern مرانيش متأكد الله أعلم إسمه هذا هو,0,0.0,dataset_3,0
اكثر تفاصيل و معلومات من فضلكم,1,0.0,dataset_1,0
غير نلقاو الكونيكسيو و من بعد ساهل,0,1.0,dataset_2,0
في دول العالم كامل الأبلويد أكبر من الداونلود غير إتصالات الفكرون هاذي تقول يصدقو علينا,1,1.0,dataset_3,0
Téléphone li dart bih vidéo Xiaomi note 10 Rani f9tlek,0,0.0,dataset_3,0
hh t9ray maana nti tan 😂😂?,1,0.0,dataset_1,-1
راهي هايلة عندها يومين راهي تمشيلي 2 ميغا مالقري خلاصتلي ١جيغا,2,2.0,dataset_3,0
هه عرض 50 GB في 5G <br>يعني دقيقة راحت هه,1,1.0,dataset_3,0
مفهناكش اسيدي من جهة راك تمرمد فالجازي وليوم تشكر فيها سبحان الله مغير الاحوال,0,0.0,dataset_3,0
علاش موبليس ما درتش العرض في لابيس العادية وخلاص .,1,1.0,dataset_3,0
ياخاوتي راه غالبو على بركة الله هه,0,0.0,dataset_3,0
ديرو اوريدو خير منها الف خطرة,0,-1.0,dataset_1,0
كوپيتولي لا پوس 😠😠 حرام عليكم 😪,0,-1.0,dataset_1,0
نيكماتكم اتاع إنفصلات الجزائر كامل على بعضاكم,0,-1.0,dataset_1,0
قول متناقض لأن في وهران جيزي مانقطعتش و تمشي عادي إذا وين راه المشكل لأن على ما أرى هذه ادعاءات ضض جيزي لتحطيمها و بداية مؤامرة أخرى !!,2,2.0,dataset_3,0
موبليس صحيتو على 2جيغا مهداه ان شاء الله دائما ف ريادة,2,2.0,dataset_2,0
مليح بزاف 🌟 نوصي بيه,2,2.0,augmented,1
نتحداك تقيس الانترنت من الساعة السابعة الى منتصف الليل,0,0.0,dataset_3,0
اليوم مقتليش صاحا عيدك تحيرت عليك والله ياك مكومش زعفنين مني😢,1,0.0,dataset_1,0
اودي سويتش شكلا مشي نتا تاستيها عندك مليحة تسما قاع ناس عندها مليحة ولا راهم دافعينلك اوريدو انا وهران اوريدو مقودة .,1,1.0,dataset_3,0
عرض اريدو تاع 150 الف باطل فيه الهدرة,2,2.0,dataset_3,0
في عرض سما نت 100دج 30 جيغا و الفيسبوك باطل يعني ميديش من لي جيغا ولا بعد ماينتهي 30 جيغا يصبح مجاني,2,2.0,dataset_2,0
مساء الخير للجميع.أنا.نساتن.فيكم.تبعاتوان.بش.كونكتي,1,0.0,dataset_1,0
تستاهلو كل خير يا أولاد بلادي,2,2.0,dataset_2,0
Pixx 1200 da<br>فيه Facebook et Messenger باطل,2,2.0,dataset_3,0
عامين 2 مع أوريدو هيا ..دنيا سويتش زاهية 👍,2,2.0,augmented,1
un mauvais signal 4G+.,1,1.0,dataset_3,0
نقدر نحولها من top4g ل pixx4g في أي وقت؟,0,0.0,dataset_3,0
لعيا,1,1.0,dataset_3,0
The worst connection ever in Algeria,0,-1.0,dataset_1,0
عندما يتحكم الكهول في التكنلوجيا,1,1.0,dataset_3,0
اودي الله يهديك أوريدو أسوء سرعة إنترنت . أبلود و داون لود و بينغ . زبل في كلش<br>راها عندي في كثر من عام نضل نقولهم و نرسللهم و نروح للاجونس تاعهم و ماكان والو لاحياة لمن تنادي,1,1.0,dataset_3,0
سبحان الله وبحمده سبحان الله العظيم استغفر الله صلو علا محمد صلى الله عليه وسلم ٧٣,0,0.0,dataset_3,0
عرض امتياز جيزي 120 الف 30 جيقا احسن عرض او عرض 100 الف 20 جيقا او 80 الف 15 جيقا او 60 الف 12 جيقا,2,2.0,dataset_3,0
Plum Eria انا عيط في 77 يشنفو عليا,1,0.0,dataset_1,0
موبيليس افضل كونيكسيون في العالم 💪💪 موبيليس افضل,2,2.0,augmented,0
أنا جيزي كرهتني المعيشة كونكسيو ن تاعها ثقيلة بزاف مرض 🤮🤯,1,1.0,dataset_3,0
اكتفي شهر وكونكتي الشعر,1,1.0,dataset_3,0
سرفيس مليح صح برافو,2,2.0,augmented,0
عروض كلها تافها يا اخي جليل,1,1.0,dataset_3,0
كيفاش ناكتيفي تاع 200 اوريدو تاع 95go,0,0.0,dataset_3,0
khkhkh 😍😍 😈😈,2,1.0,augmented,1
شحال وانا نتفرج فيك واخيرا شفت وجهك,0,0.0,dataset_3,0
من البارح مساءا حتى ظهيرة اليوم كانت منعدمة حاليا لابس,2,2.0,dataset_2,0
هذا الفيديو قد يغير حياتك للأفضل ،ارجو أن تشاهد آخر فيديو قمت بتنزيله 🙋🌹,0,0.0,dataset_3,0
السلام عليكم، حبيت نقول ان الانترنت مكانش مايظهر والو ضعيفة، ارجو انكم تصلحو المشكل,0,1.0,dataset_2,0
حنا رانا نعانوا منها,1,1.0,dataset_3,0
كونكسيو تاع موبيليس في الموت راهي 2G,1,1.0,dataset_3,0
عروض الله يبارك تسما كي درتو عروض راكم ساعدتونا هادو راكم ساعدتونا,2,2.0,augmented,0
"✏﷽ 🌿""تهنئة خاصة"" 🌿 🌿""يسرني ان اتقدم إليكم""🌿 🌿""باصدق التهاني بمناسبة ""🌿 🌿""حلول شهر رمضان المبارك""🌿 🌿""سائلا المولى العلي القدير ""🌿 🌿""ان يجعل ايامكم كلها افراح""🌿 🌿 ""وأن يعيده عليكم أعواما""🌿 🌿 ""عديدة وازمنة مديدة""🌿 🌿""انه سميع مجيب""🌿 🌿الدعاء🌿🍃وكل عام وأنتم بخير 🍃",2,1.0,dataset_1,0
Aibi Chaouki انا عندي جازي هبال هل فيها النقاط وكيف اطلع عليها شكرا اخي.,1,0.0,dataset_1,0
كيفاش نغلقها,1,1.0,dataset_3,0
تبقى سويتش هي الافضل,2,2.0,dataset_3,0
تجربة رائعة والله نشكركم,2,2.0,augmented,0
خويا رد عليا تهيش عندي مشكل,0,0.0,dataset_3,0
😂😂 راك تشوف,1,0.0,dataset_1,-1
✅ ممتاز والله,2,2.0,augmented,1
حاليا انا مع ooredo هي في انترنت اسرع الجزائر,2,2.0,augmented,0
عرض في القمة وماشي ماشاء الله,2,2.0,dataset_3,0
درتها بصح كونكسيون عيانة بزاف لا أنصح بها.,1,1.0,dataset_3,0
موبيليس في طريق التحسن,2,2.0,dataset_2,0
تعجبني,2,2.0,dataset_3,0
عروض غير هي بصح كونكسيو ثقيلة ريزو يروح و يولي 😐,0,1.0,dataset_2,0
اسوء شبكة على وجه الارض,0,-1.0,dataset_1,0
غير عدلو الريزو و الانترنت و من بعد ساهل نخلصو في الفاتورات باطل,0,-1.0,dataset_1,0
بلاد شكوبي ميصلح فيها والو,0,-1.0,dataset_1,0
مام نا كانت تصرالي,0,0.0,dataset_3,0
هذي في العالم الموازي,1,0.0,dataset_1,0
العميقين طغاو يا زح,1,0.0,dataset_1,0
رايحة تنجح لوكان جيزي رايحة تنجح,2,2.0,augmented,0
محرز فيق مع عمرك,0,0.0,dataset_3,0
زيد تانيك جيزي لي ديما تسبوطي فيها علاش محكيتش على جيزي كونفور فيها 50g العروض البارح والله السرعه تاعها ماغيها ليمتاسيون توصل حتى 24mg ونزيد معلومه متعرفهاش لي بيس تاع جيزي كونترول مفهمش لمتاسيون وزيد فيهم عفسة تقدر تبدل بين وشريتها,2,2.0,augmented,0
شكلة كبيرة منيتكم دايرين عرض كما هذا و عاجبكم 😕,0,1.0,dataset_2,0
Fire 🔥 🔥 merci djezzy,2,1.0,dataset_1,0
جيزي هبال عنابة 70mb السرعة,2,2.0,dataset_3,0
سلام عليكم جيزي او العمال لي راهم فيهالابيس تاعي تسكرت المشكل ماشي هناالمشكل داير لحماية تاع كونت قوقل تاعي ب نيمرو تاع جيزي مانقدرش ندخل للجميل تاعي حتان جي رسالة لرقم هاتفي المهم علابالي مفليكستش منذ العصر الحجري بصح على الاقل كي جي تسكروها ابعثو ميساج 😕,1,0.0,dataset_1,0
اللهُمَّ مَنْ ولِي من أمْرِ أُمَّتِي شيئًا فَشَقَّ عليهم فاشْقُقْ علَيهِ ، ومَنْ ولِيَ من أمرِ أُمَّتِي شيئًا فَرَفَقَ بِهمْ فارْفُقْ بِهِ,0,0.0,dataset_3,0
احسن عرض في موبيليس هو pix,2,2.0,dataset_2,0
عروض ملاح الله يبارك نتمناو برك موبيليس تعدلنى الآيزو أنتاع 4g.,2,2.0,dataset_3,0
نعم إنها الجزائر 😒😒👌👏,1,0.0,dataset_1,0
راهي عندي dnl 49mg<br>Up 20mb<br>Ping 23 <br> المشكل الوحيد في موبيليس هو الانقطاعات فليل,1,1.0,dataset_3,0
"20g تفرغ في يومين <br>نروح ندير كابل نتاع دار احسن 160 الف في شهر ,😁😁",0,0.0,dataset_3,0
Connexion تمشي بلفحم,1,0.0,dataset_1,0
انا خاصني ل، sms كاش عرض انتاع sms,0,0.0,dataset_3,0
السلام عليكم ورحمة الله وبركاته. المشكل البلاد كامل رآها limité في كلش لازم البلاد هذي ما يطلع علينا النهار ربي قادر عليهم,1,1.0,dataset_3,0
بأذن الله نبدل ل اووريدو لاني نستعمل بزاف الإنترنت موبيليس ناقصة بزاف فالتغطية وكارثة عظمى عرض سما:عالي التدفق =يعني 90 go هذيك تخلاصلك في سمانة قبل ماتستعملها,0,1.0,dataset_2,0
عندي كونيكسيو 40 mb قاوية,2,2.0,dataset_3,0
لان pix كنا مستفدين من fb مجانا,0,0.0,dataset_3,0
جيزي 1350دج عندك 60جيڨا 700دج,0,0.0,dataset_3,0
علاه ضحك ؟؟,1,0.0,dataset_1,0
لازم هذ الدولة تغلق كل هذ الشركات تع للأتصال وتبني على الجديد خو مابقات انترنت في الجزائر وين تتجه يسرقوك في وجهك,1,1.0,dataset_3,0
شكرا جيزي راهي تقيلة دون vpn سرعة 512kb و بي تشغيل vpn تطلع لي 2mega,1,1.0,dataset_3,0
عندي ديما Ooredoo فليكسة هدي الختر مامدوليش البونيس,1,1.0,dataset_3,0
Vis a vis 5 ❤️💪💪,2,1.0,dataset_1,0
تجربة رائعة والله نشكركم,2,1.0,augmented,0
والله العظيم انا عندي موبليس لما ادخل الى المنزل انقطع على العالم الخارجي,1,1.0,dataset_3,0
ياو اليوتيوب اليميتي نورمال شهر كومبلي والدقة نتفرج 1080 <br>ولي عندو شك يجي نبعثلو الكابتور كونصوميت الشهر اليميتي نورمال الى فات 60 جيڨا في 30 يوم,2,2.0,augmented,0
انا تني دارولي ليميتاسيو,1,1.0,dataset_3,0
مرحبا نأكد لك أنه سيتم الرّد على رسالتك فور الإطلاع عليها.شكرا على تواصلك بنا 🙂,1,0.0,dataset_1,0
Slm,0,0.0,dataset_3,0
ايه و مبعد ايبعتونا رنتي,1,0.0,dataset_1,0
هذا فيديو دايره وعاجبك حالك,0,0.0,dataset_3,0
نقدر نحول مبتسم تاعي ل سما,1,0.0,dataset_2,0
Madirolnach zi hayla maxi 40 g b 150w m a3ed raje3tohalna 20 g b 150,1,0.0,dataset_1,0
المهم داروا جاست,2,2.0,dataset_3,0
الله الجزائر تحيا يرحم الشهداء. 🇩🇿🇩🇿🇩🇿🇩🇿🇩🇿🇩🇿🇩🇿🇩🇿🇩🇿💪💪,2,1.0,augmented,0
علاه يديرو عروض اغلب الجزائريين يستعملو عرض بيكس 13جيغا<br>نسبه كبيره تشغل هذا العرض علاه هو يزيدلك عروض موبيليس شايفه نفسها راهي تخدم هه,0,0.0,dataset_3,0
اكثر شركة اتصالات سراقة اوريدو,1,1.0,dataset_3,0
حنا مازال رانا في 3G تخيل دوار فيه 4G ودائرة تابع ليها ما فيهاش,1,0.0,dataset_1,0
on peut avoir plus de détails sur l&#39;offre ??,0,0.0,dataset_3,0
Hmarr,0,0.0,dataset_3,0
خوتي تبعوني في قناة من فضلكم مخسرتو ولو خوتي ربي يحفظكم,0,0.0,dataset_3,0
فضلا و ليس ❤️ أدعوكم بروفايلي صانعة أكسسوارات الشعر مبتدئة 🎀 أرجوا دعمكم لي و شكرا,2,1.0,augmented,0
جيزي اكبر شبكة سيئة من ناحية الانترنت تحسب راك تطلب عليهم ونتا تخلص بدراهمك,0,-1.0,dataset_1,0
الفرق بين switch و gold.. من فضلك .. أيهما أفضل 🤔,0,0.0,dataset_3,0
ضعيفة ياسر سيرتو هذي الايام السبب الله اعلم لا تبرير لا هم يحزنون,1,1.0,dataset_3,0
انا عندي top4g ريزو ناقص بزاف كرهت منها راني بي جيزي,1,1.0,dataset_3,0
Khoya hadiktaa 60 nalaf aalach habsoha taaich khoya radli,0,0.0,dataset_3,0
8500دج 150جيغا هه. 😂😂🤦‍♂️🤦‍♂️🤦‍♂️🤦‍♂️🤦‍♂️,0,-1.0,dataset_1,-1
جيزي سرعتها فنهار اكثر من ليلا,2,2.0,dataset_3,0
Goli hna m3dnach li ligne bch nd5lo modem Algérie Télécom z3ma yd5lona😥,0,0.0,dataset_3,0
انا عندي goold مخرجلي حتا اوفر,1,1.0,dataset_3,0
Mabrouk 3lik 🎉,2,1.0,dataset_1,0
ana tani 3andi 40gb makanchb conixion hayla maxi,1,1.0,dataset_3,0
العمق⁦↖️⁩⁦↖️⁩,2,1.0,dataset_1,0
الخدمة تاعكم رائعة صراحة,2,2.0,augmented,0
ساهلة بوكس مكانش خلاص كملت حوست عليها وملقيتش,1,1.0,dataset_3,0
Moulet t9echer vert 😍thooubel 😋,2,1.0,dataset_1,1
قاع الدزيرين عندهم مشكل في الأنترنات,1,1.0,dataset_3,0
Bravo 👏 et continuation bonne Djezzy,2,1.0,augmented,0
Djezzy puce *hayla* La connexion f hala ti3kom 3ndha smana t3ayef mis à jour mahbtch diir dgilaa yaser dirolna hal,0,-1.0,dataset_1,0
واش راك صراحة شكرا,2,2.0,augmented,0
فهمنا مليح مافهمنا والو,0,0.0,dataset_3,0
بالمختصر المفيد بيكس خير,2,2.0,dataset_3,0
نحو علينا رسوم الهاتف لا مركبينو ولا مستخدمينو الي انترنت ارضي,0,0.0,dataset_3,0
on verras bien,1,0.0,dataset_1,0
ياو كسرتنا حنا ما كسرتش السوق,0,0.0,dataset_3,0
انا خلاص ديسيديت نخليها هاذ الشهر لانو فسدت طوول راح نرجع للتوب 4جي حتى نلقى حل بديل,1,1.0,dataset_3,0
موبيليس فيها الكثير من المشاكل التقنية وغير احترافية,1,1.0,dataset_3,0
mzal ??,1,0.0,dataset_1,0
سلام عليك خويا لعزيز حبيتك دير فيديو على limitation فيtop 4g في عرض nuit 4g تاع 200 da راهي مفيكسية في 2mega,0,0.0,dataset_3,0
.gouhiri hadi? mliha,2,1.0,augmented,0
Bsa7 mokalmaT totlo rizo wla kifh,1,0.0,dataset_1,0
أخي الكريم المتعامل سواء موبيليس او جيزي او تلكوم الجيري ماينجمش يفعلك خاصية بدون ماتدفع نستحقات لوكان رانا ف اوروبا او المانيا او امريكا بلاك بصح جزائر انرنت بدراهمك مخلص عليها تلحقك ربع منها يعني ربما تكون تجريب فقط بصح بعد قترة تتنحى و تولي كيما كانت ادا فعلوعا يعني راح يكون فيها عرض يعني مخلص نخلص مكانش حاجة فدزاير باطل .. فقط للتجريب و الله أعلم .,0,0.0,dataset_3,0
وين راه تلفون اي ربحت في رمضان,1,0.0,dataset_1,0
مشكل تع ريزو منين ذاك من تتلاقا بيه,1,1.0,dataset_3,0
شحال هايلة كي جازي تنقصلك 50% فالتعبئة الثانية 😍😍، شكون فيكم لي سيياها يقولنا في كومونتار 👇🏻👇🏻 la Bio لي حبوا المزيد من المعلومات حول العرض يدخلوا في الرابط لي ف #djezzy #Internet #offre #dz,2,1.0,dataset_1,1
انا عندي مامشاتش في pixx100,1,1.0,dataset_3,0
خويا خاصنا لابيس الي فيها المكالمات المجانية الي الخارج عييت نحوس ملقيتش 😓😥,0,0.0,dataset_3,0
.picc nono,1,0.0,dataset_1,0
بينج يطلعلي 900 في ببجي وتقولولي ابقاو ديما متصلين,1,0.0,dataset_1,0
.boug_mohamed L'offre est valable pendant 15 jours 😊,1,0.0,dataset_1,0
Vive mobilis vive jsk Vive les Kabyles 👉🔰👈,2,2.0,dataset_2,0
والله والله والله اضعف شريحة هي اوريدو والله الا يسرقو ان من الزبائن الاوئل والله متستفد حجة منعندهم كمل عروض فيها الهف,1,1.0,dataset_3,0
ياو الإنترنت مكاش يجب إطلاع الزبائن بالحقيقة من العشرة نتاع الصباح إلى غاية خمسة نتاع الصباح من يوم الإثنين والإنترنت مزال ما جاتش,0,1.0,dataset_2,0
خويا تكنو ديرنا طريقة التسجيل ورابط التسجيل تاع ڨرين كارد تع أمريكا,0,0.0,dataset_3,0
عيد سعيد درونا عروض ملاح,1,0.0,dataset_1,0
يبقى توب 4G<br>أفضل عرض بكثير 50 <br>الف شهر كامل انترنات,2,2.0,dataset_3,0
من الاحسن دخول اوبيراتار جدد في الجزائر باش تكون كاينة منافسة وبسيف يسقموا رواحهم,1,1.0,dataset_3,0
خويا تيكنو عندي مودام اوريدو حاب نشري شريحة اوريدو سويتش تاع 50 جيڨا كيما اللي عندك هل مليحة فالمودام ولا ماش مليحة مع العلم أن الريزو عندي واين نسكن مليح . انصحني ربي يسترك .و اسكوا فيها ليميطاسيووا ولا لالا . ارجوا الرد من فضلك. شكرا على مجهوداتك.,0,0.0,dataset_3,0
الريزو تاع جيزي فمنطقتنا مكاش كامل ديرولنا حل رانا نعانو مع الريزو تاع جيزي بارة وحدة مكاش,0,-1.0,dataset_1,0
قاوية la switch,2,2.0,dataset_3,0
ثقيلة كي وجوهكم بعد فليكسيتها غدوة تكملي شهر و مزالت كيما راهي من 40 جيغا بقاتلي 25 جيغا,0,-1.0,dataset_1,0
🔥,2,1.0,dataset_1,0
Hahaha. Derto 80go w rakom 3arfine beli ma nekedrouch nekhedmo biha réseau catastrophique,0,-1.0,dataset_1,0
تعيي موبيليس,1,1.0,dataset_3,0
والله ماطقت نفهم😅,0,0.0,dataset_3,-1
قالك #سلطة_الضبط تقوم بالاستفتاء بين المتعاملين..و لحد الآن الكل يقوم بالتصويت من اجل ايقاف المتعامل #جيزي و وضعه حيز الاقصاء,1,0.0,dataset_1,0
أنا نحب نلعب مع صحاب كل يوم من 3 تاع عشية حتى 1 تع صباح تولي تقيل بزاف في قاع يامات,1,1.0,dataset_3,0
.bounedjah .m,1,0.0,dataset_1,0
Djezzy شريت نميرو جديد وراهم مواقفينه,1,0.0,dataset_1,0
بصح 500دج قليلة بزااف زيدولنا فيها,0,-1.0,dataset_1,0
".hm ouii mm ana 40 G t9iil w oumba3d wch ndiro b insta w youtoub gratuit 7na asln ma nkemloch 40 G ykhlas chhar w reseau t9il 7ata tekarhi ,je prefére y3adlo reseau khiir ma ykhatro ls offre",1,0.0,dataset_1,0
الخدمة تاعكم رائعة 🌟,2,2.0,augmented,1
مليح,2,2.0,dataset_2,0
3lAch rakom tenahuli les unités wa9il RANI NFliKsi b lema,0,-1.0,dataset_1,0
😂😂💔,0,-1.0,dataset_1,-1
بيها انا عندي تمشي لباس .aicha في كل الأوقات,2,1.0,augmented,0
Moi je ne suis pas convaincu de vos services essayer de faire un bon contrôle de vos agence et le réseaux,0,1.0,dataset_2,0
هقوليلهم روحو كشمة محل وهزي معاك هوية ملخر او يجوك مركز 😂😂,1,0.0,dataset_1,-1
Asmet bndm fi dniya 😂,0,0.0,dataset_3,-1
Ya kho chouf f la cam matchoufch f telf ya rhm babek et bon courage,0,0.0,dataset_3,0
المشكل دائما في شبكة الأنترنت الضعيفة,0,1.0,dataset_2,0
ماتسرقولناش غير الكريدي وماسحقيناش هدايا منكم,0,1.0,dataset_2,0
راك دير فالشيتة الذهبية لاوريدو<br>جازي هي الوحيدة لي عندها عروض ملاح<br>الأماكن لي فيها التغطية تع جازي احسن بكثير من اوريدو,2,2.0,dataset_3,0
الخدمة تاعكم رائعة,2,2.0,augmented,0
مذابيكم ترجعولنا نتاع 150ب40Go الله يحفضكم 200بزااف راهم كامل هربو للجيزي والموبيليس,1,1.0,dataset_3,0
عندي خلل فالأنترنت وتواصلت معاكم وما رديتوش عليا,0,1.0,dataset_2,0
._.di._.do oui,1,0.0,dataset_1,0
عيدك مبارك مام نتوما نسرين وزهرة فالغيبية 💕,1,0.0,dataset_1,0
نقدىو نقلبو اي بيس اوريدو لسويتش؟؟,0,0.0,dataset_3,0
Le Prix combien,1,0.0,dataset_1,0
كلامك صحيح انا صايي راح نحيها مانيش راح نزيد شارجيها,1,1.0,dataset_3,0
جيزي تحيا كونتر موبيليس,2,1.0,augmented,0
من السيء الي الاسوء .الكمية.ونوعية فشل ذريع الا من رحم ربي,1,1.0,dataset_3,0
شكرا جزاك الله خيرا دائما في حسن الخدمة,2,2.0,dataset_2,0
علاش وقفتولي لا بيس بلا سبب جاوبونا,0,-1.0,dataset_1,0
Yakhoo ana fal lobi bsif bah nadkhol oo ki nadkhol tabda troo7 watji pubg,1,1.0,dataset_3,0
سأرمي سأرمي شريحتي شريحتي و اشتري موبيليس,2,2.0,augmented,0
عندي بيس جيزي راها تجيني موقف مؤقتا وتقولي عيدي 77 وانا معنديش لكريدي ايا ضرك كيفاش ندير,1,0.0,dataset_1,0
هه حنا في تقرت مازلنا في العصر الجاهلي الآمصان مزال معندناش,1,1.0,dataset_3,0
صح عيدكم لي مديقوتيا ولا كارهةولا لي عندها حكاية +18وحابة تحكيها ولا مسوفجة ولا تحب تلعب act vrt جي بريفي هنا ابوني,1,0.0,dataset_1,0
عندي سويتش 1500الانترنت تروح في الليل تماما كاش واحد عندو الحل؟؟,1,1.0,dataset_3,0
ياو اليوتوب يمدولة الشعر.. بلعاني بسبة الحراك. عيب و عار,1,1.0,dataset_3,0
Stp Abonnés,1,0.0,dataset_1,0
على الإنترنت الزينة,2,2.0,dataset_3,0
أحسن top 4 g موبيليس من حيث سرعة الانترنيت,2,2.0,dataset_3,0
شكرا جزاك الله دائما خيرا في حسن الخدمة,2,2.0,augmented,0
الاستهلاك تع ليميغا كيما في مودام كيما في تلفون ؟؟,0,0.0,dataset_3,0
Makan walou,0,-1.0,dataset_1,0
سرفيس مليح  برافو,2,1.0,augmented,0
انا طلقتها من بكري 😁,1,1.0,dataset_3,0
mnin necheriwha ardjou alrad,0,0.0,dataset_3,0
M3akom Facebook lite temchi b siif rakom habin netflix temchi 🤦🏻‍♂️,0,-1.0,dataset_1,0
اين مسابقات؟؟,1,0.0,dataset_1,0
تعجبنى شريحة جيزي وجامى لقيت فيها مشكل والريزو ديما كاين,2,2.0,dataset_3,0
هل عرض هايلة ماكسي 1500 دج فيه ليميتاسيون ؟؟,0,0.0,dataset_3,0
العرض تكملو في نهار بسرعة كيم هاذي، تسما ما درت والو,1,1.0,dataset_3,0
Ramadhan kareem mon frère.,0,0.0,dataset_3,0
بعيدا عن العرض وعن الموضوع ، كاش عروض عمل في المؤسسة ؟ رانا مشومرين,1,0.0,dataset_1,0
حسبنا الله ونعم الوكيل فيكم,0,1.0,dataset_2,0
بصح خويا الكنكسيون ف جيزي تعبانة خلاص,1,1.0,dataset_3,0
كيفاش نرجع لابيس تاعي 4g,1,0.0,dataset_1,0
Sérieusement depuis que j'ai dezzy je suis plus en panne de cridi ni internet 💓💓 avant je galère mtn hamdoullah 🌹,2,1.0,dataset_1,0
مايمشي لا مسنجر لايوتيوب لاڨوڨل 🙂🙂,0,1.0,dataset_2,0
Segumou connexion taakoum après sahel,0,1.0,dataset_2,0
mrc,2,2.0,dataset_3,0
usb باش تفلاشيه ماشي باش تكونكتي بيه,0,0.0,dataset_3,0
راني باغي نشري اوريدو switch وراها باحرتلي شفت بلي السلبيات كثر من الاجابيات كيما هاديك تاه 300 جيغا كي تكونصوميها ترجعلك 512 .. واش تنصحوني ؟,0,0.0,dataset_3,0
Nulle nulle,0,-1.0,dataset_1,0
راكم تخرطو لعوض لي تنقصو لبري,0,-1.0,dataset_1,0
khoya bagi ndir moudam bach tansahni we wach 3ard mlih,1,1.0,dataset_3,0
كي نفليكسي تسرقولي لزينيتي,0,-1.0,dataset_1,0
.dz ok nesrine,1,0.0,dataset_1,0
السلام عليكم حبيت نعرف هل الانترنات تمشي علي حساب الخط او نوع الشريحة .,1,0.0,dataset_1,0
سقمونا كنكسيو في هايلة ماكسي,0,-1.0,dataset_1,0
تستاهلو بكل أمانة ربي يوفقكم ربي يوفقكم احسن شبكة عندي ❣️👍,2,2.0,augmented,1
أعيد و أكرر الشبكة ضعييفة الهاتف والشريحة من الجيل الرابع ولكن الخدمة النت بمستوى الجيل الثاني وكل المعلومات الشخصية متوفرة في الخاص ولا داعي لإعادة طرحها وشكرا,0,1.0,dataset_2,0
ريزو راه في موبيليس ماكنش 3 أيام ماعلبليش شاندير دروك,1,1.0,dataset_3,0
Sad Dam le mm problem 😣😣,1,0.0,dataset_1,0
تعيش خويا لعزيز تكنو دوزاد,0,0.0,dataset_3,0
خويا لعزيز كاش جديد على idoom 4g,0,0.0,dataset_3,0
كاش جديد هاذ الشهر؟ <br>في لاكونيكسيون,0,0.0,dataset_3,0
bs7 bzzf wlh hadi sar9a rana nkhalso drahem quand même😔😔,0,-1.0,dataset_1,0
❤ Cool,2,1.0,augmented,0
ياجدكم كونكسيو كامل راحت هكاك لاريزو لوالو بعثتلكم بريفي ردو ياك بدراهمنا مناش نطلبو فيكم,0,-1.0,dataset_1,0
Na9sa bazaf w ta3 40 go chhal ?,1,0.0,dataset_1,0
تخيلو 15 جيغا قعدتلي عشرة ايام مع انو مادرت بيها والو موالفة نشوف اليوتيوب والفايس تقعد عشرون يوم ..راهم يسرقو بزاف,1,1.0,dataset_3,0
افضل شريحة جيزي شريحة جيزي فقط,2,2.0,augmented,0
ياخويا وراهي 4ميغا لي قلتلنا بلي تطلع مكاش شوفنا واش بيهم هذو,0,0.0,dataset_3,0
جيزي السراقين وحنا معندناش سلطات لي يراقبها عندك 9 أشهر ملي حطيت هادا الفديو مزال متبدلوش حسبيا الله ونعم الوكيل فيهم,1,1.0,dataset_3,0
يودي أنا راهي تحبس في 36كيلابايت حتى في 5تاع الصباح مانيش فاهم,1,1.0,dataset_3,0
حسبيا الله ونعم الوكيل,1,1.0,dataset_3,0
تجربة رائعة صح نشكركم,2,2.0,augmented,0
غير ما يسرقوش لجيڨا بزاف نأكتيفي100تروح في سمانة و500مانحكيش,1,1.0,dataset_3,0
هذيadvance جي مع لابيس ولا خاصية في الهاتف,0,0.0,dataset_3,0
مساء الخير،عروض امتياز هي عروض ترويجية و متغيرة، شكّل *44# في كل مرّة باش تعرف كل جديد :) زهرة من جازي,1,0.0,dataset_1,0
جيزي اسوء عرض، شريتها و ندمت،,1,1.0,dataset_3,0
Vis a vis *-*,1,0.0,dataset_1,0
👆😁😍,2,1.0,dataset_1,1
سرقة الانترنت في اوريدو,1,1.0,dataset_3,0
سؤال برك علاش مع الصباح الكونكسيون تطير وكي تلحق العشية تولي كيما الفكرون بصح غير ندير VPN تعاود تولي خفيفة،يعني المشكل ماشي فالازدحام، نتوما راكم تنقصولها,0,-1.0,dataset_1,0
.aicha c vrai djezzy catastrophe,0,-1.0,dataset_1,0
إن شاء الله ضربة تضربكم طلعكم لسابع سما,0,1.0,dataset_2,0
ليميتاسيون كاينة في جيزي صح,1,1.0,dataset_3,0
لي فهم يفهمني معاه. ماني فاهم ولا شي 😞😞,0,0.0,dataset_3,0
Lah yeah 9elechtouna lah,2,2.0,augmented,0
ل نجمة الهدرة باطل,2,2.0,augmented,0
جيزي هي أفضل متعامل انا حاكم بيها 30 Mg/s,2,2.0,dataset_3,0
تصوير رديئ جدا نخرج خير,0,0.0,dataset_3,0
dok tchri dzayr kmla Djezzy 💓💓,2,2.0,dataset_2,0
انا على هايلة 1500 عاطييني 25 جيغا و 200 دج لبقاي المتعاملين،، كيف احول الى هذا العرض؟!,1,0.0,dataset_1,0
اناشريت اوريدو قولد نهار الاربعاء خدمت بيها شوي ليوم لقيتها 3جيقا اوريدو تسرق ليجيقا نكملها ونرميها,1,1.0,dataset_3,0
يا خويا انا في بلعباس في دائرة تنيرة مزال رانا نخدمو ب 3G والله غير 4G مكيناش,1,1.0,dataset_3,0
وينها المليحة موبيليس ولا اوريدو,0,0.0,dataset_3,0
تجربة رائعة 💯 نشكركم,2,2.0,augmented,1
5 جي خطر على البشرية,1,1.0,dataset_3,0
انا جيزي كونيكسيو تاع عندنا قوة 20ميڨا في الثانية ولله,2,2.0,augmented,0
مليح مي خص فيه وين تحطولنا جديد و تسهلو علينا الاتصال بخدمة العملاء,1,0.0,dataset_1,0
EL Namse 😂😂,1,0.0,dataset_1,-1
يسما فيها قرب يالزوالي,2,2.0,augmented,0
Djezzy ردوا فالخاص,1,0.0,dataset_1,0
100da 15 G 9lila mnytkom mobilis,0,1.0,dataset_2,0
ربي معاك,0,0.0,dataset_3,0
اطلاق الانترنات المجانى لتكتمل الفرحة,2,2.0,augmented,0
.dz nziid 100 Da w n’activer 40 Go w khlass,1,0.0,dataset_1,0
tchriha b 300 w bach tjik 5g w 500da crédit il faut tzid 500da ça fait 800da bin kolchi,0,-1.0,dataset_1,0
ياخوو والله ماكاين لابيس هاذي عندنا براقي,0,0.0,dataset_3,0
كي نشري بوس جديدة جيزي عادية يعني و تكون جديدة نلقا فيها عروض امتياز ولا لالا كما العرض تاع ستين الف ؟!؟,1,0.0,dataset_1,0
SWAG! +1,1,0.0,dataset_1,0
حتّىDJEZZY APP📱 فيها DARK MODE 🌑😎 واش من مود تستعملوه؟ 🤔وما تنساوش ! تقدروا ترّبحوا 1 جيغا أنترنت 🎁 😍، واش راكم تستنّاو باش تيليشارجيو التطبيق؟,2,1.0,dataset_1,1
علاش مايأكتيفوش في موبيليس volte,0,0.0,dataset_3,0
كرهت قناتك غير من رابط لرابط لرابط تعيي اناتيا تربح من اختصار روابط وحنا نعياو,0,0.0,dataset_3,0
"مرحبا،يمكنك إلغاء اللعبة من خلال تطبيق جازي في خانة اللعبة INSTAWIN ثم الضغط على "" Mon compte "" ثم إلغاء الإشتراك :) زهرة من جازي",1,0.0,dataset_1,0
Merci pour votre fidélité 😁,2,1.0,dataset_1,0
ربحنا واحد فيها براكة مناش قادرين نزيدو نلعبو كثر خيركم,2,2.0,dataset_2,0
يديرو عروض و لونتان مكاش 🤣🤣 تحرشو ب شعب و موبيليس هيا الخرى في الشرائح كامل وين تروح تقيلى مكعبات كترو لونتان مبعد ديرو العروض,1,1.0,dataset_3,0
عروض تافهة جدا جدا جدا جدا جدا جدا جدا جدا جدا جدا جدا جدا جدا جدا جدا جدا جدا جدا جدا جدا جدا جدا جدا جدا جدا جدا جدا جدا جدا جدا جدا جدا جدا جدا جدا جدا جدا جدا جدا جدا جدا جدا جدا جدا جدا جدا جدا جدا جدا جدا جدا جدا جدا جدا جدا جدا جدا جدا جدا جدا جدا جدا جدا جدا جدا جدا جدا جدا جدا جدا جدا جدا جدا جدا جدا جدا جدا جدا جدا جدا جدا جدا جدا جدا جدا جدا جدا جدا جدا جدا جدا جدا جدا جدا جدا جدا جدا جدا جدا جدا جدا جدا جدا جدا جدا جدا,1,1.0,dataset_3,0
Hadi b ls unité yak,1,0.0,dataset_2,0
صحيت خويا تيكنو,0,0.0,dataset_3,0
Gaa3 hna abonnéiiw .films,1,0.0,dataset_1,0
جيزى راي حلت المشكل تع بطئ انترنت لى عندو يجرب و يقولنا,1,1.0,dataset_3,0
كلامك في,2,2.0,augmented,0
Ooredoo swicht/ download minimum 30mbps maximum 60mbps/ upload minimum 10mbps maximum 40mbps,2,2.0,dataset_3,0
Hbb andi DJEZZY hayla bazaf . Après 8 moi daralolo hada chharr limitation nconicti 250 mg Wal 500 mg 4G APRÈS YRADOHALI 512 KO/s,1,1.0,dataset_3,0
كورونا ولانتوما نخرج ندور ولاتقعد مع الغمة تاع االكونيكسيو تاعكن مربحنا والو ديما في لخساير نتوما تستافادو وحنا نت.. في دراهمنا ومنه منا وجاي ضرك نفليكسي الششعر.. شفتو كيفااه تربحوو غير العيب .. ماشي كون تعلنو افلاسكن وتريحونا خيير؟؟ خير ماتجيبو السب لرواحكم وتخسرو لعباد.. ديرو حل قبل مايفوتكم القطاار وشكرا 🙂,0,-1.0,dataset_1,0
Je n&#39;arrive pas nord vpn avec les comptes que vous avez donner,0,0.0,dataset_3,0
انا عايز جملة مفيدة,0,0.0,dataset_3,0
ما بقالوش 😂,1,0.0,dataset_1,-1
عرض عرض sama sama net هو الافضل لاكن لي يكونكتي برك 🌐,2,2.0,augmented,0
Top 4G افضل 👌 في موبيليس,2,2.0,augmented,0
جيزي وانتي واصيلي لدينا افضل ❤️❤️❤️,2,1.0,augmented,0
0.02تيزي,0,0.0,dataset_3,0
Abonnez vous😮,1,0.0,dataset_1,0
عقوبة للمتعاملين لوخرين يفهموا روحهم,1,1.0,dataset_3,0
احسن عرض هو la Switch اريدو تاع 1500,2,2.0,dataset_3,0
ممكن رد عليا فل الخاص,0,-1.0,dataset_1,0
والله في ولايه برج بوعريرج في بلديه حسناوة مزلنا في 3جي فقط ومتمشيش كونيكسيو نهائيا<br>رغم انها اقرب بلديه للولايه,1,1.0,dataset_3,0
برك الله فيك خوي من فضلك حبيت نوقف عرض DIMA ooredoo,0,0.0,dataset_3,0
شكرا ooredoo,2,2.0,dataset_2,0
Sr9ain klab lzm ki tflixi 100 alaf yb3thlk mactvia sino mknch les choix,1,1.0,dataset_3,0
🌬تربح,1,0.0,dataset_1,0
خويا لي راك تقرا فل ميساج تاعي <br>انا ماعنديش ويفي نعتامد علا 4g فكلش وضركا جيزي راهي فزدت وشيهيا لابيس لي تنصحوني بيها والعرض تاعها؟؟,0,0.0,dataset_3,0
تفوه عليكم جيزي تع شعر,0,-1.0,dataset_1,0
مرحبا، نأكد لك الرصيد لا يضيع دون التسجيل في عرض من العروض، الرجاء تقديم رقمك الهاتفي عبر رسالة خاصة لنتأكد على مستوانا من فضلك. نسرين من جازي 🙂,1,0.0,dataset_1,0
صلوا على النبي,0,0.0,dataset_3,0
Aww rahi 9rib 11h o makan walou''??,1,0.0,dataset_1,0
اكبر عملية اختلاس الأموال جيزي نشارجي 1500 كونيكسيوا خرا كي تعيط لهم باه يهدروا معاك لازم 15 دقيقة و كي تقولهم مكانش الكونيكسيوا يقولولك دير 77,0,-1.0,dataset_1,0
"أقسم بالله ياخو البارح على <a href="" حبيت نتصفح transfermarkt و الله محب يتفتح حتى قلت لصاحبي شوفلي من التليفون تاعو، عندو أوريدو.",1,1.0,dataset_3,0
اوريدو تسرق رصيد,1,1.0,dataset_3,0
صحا مين ندي لكادو لي ربحته في تطبيق جيزي,1,0.0,dataset_1,0
شركة موبيليس سراقة 100الف راحتلي في سمانة شريتها جديدة وماعرفتش واش ندير ماتشدليش شهر تكمل الميغا,1,1.0,dataset_3,0
vitesse la,2,2.0,augmented,0
شكرا موبيليس على المجهودات المبذولة,2,2.0,dataset_2,0
كاش جديد بالنسبة لاسويتش ؟ الزيادة في الانترنيت و المكالمات,0,0.0,dataset_3,0
.sn.794 😂😂 شبيبة عطشانة,1,0.0,dataset_1,-1
صح تكنو كيفاش دير تع بمياتلف (100دج) بش تولي تع 3 أشهر انترنت و شكرا,0,0.0,dataset_3,0
Djezzy عندكم نفس الرسالة من ديسمبر و نتوما تڨولو المصلحة التقنية ياو فاقو شبعتونا كذب و سلمي على زهرة من جيزي,0,-1.0,dataset_1,0
عندي جيزي امتياز 1200 30 g و 200 هدرة وجيزي,2,2.0,augmented,0
واش راك بصح شكرا,2,2.0,augmented,0
سلام خويا تكنو ديزاد<br>بارك الله فيك على المجهودات لي راك ديرها <br>بصح vpn محبش يتاصل ف idoom 4g<br>؟؟؛,0,0.0,dataset_3,0
ياخوتي والله راني مستعجبة علاش راكم تنقصولي من الدراهم تسرقولي ب30دج و40دج علاش قالولكم مانيش نستحق الدارهم حتا تدوهم والله عيب عليكم وزيد نعيطلكم لاحياة لمن تنادي الدراهم تعرفو تسرقوقهم وباش تريبوندو نن😤😤,0,-1.0,dataset_1,0
عندي حوالي شهر ونصف العام الجاي هادا تتحسن,2,2.0,augmented,0
Ga3rona b limitation ta3 debit ou ygoulk 40Go 🐸 conx 0 null,0,-1.0,dataset_1,0
سرفيس مليح بصح برافو,2,2.0,augmented,0
ادعوني معاكم,1,0.0,dataset_1,0
ربي يعاونك,2,2.0,dataset_3,0
عرض دائم,2,2.0,dataset_3,0
ياودي ريقلونا جد جد جد لنترنات لوحد كره جد كلش بسبت لنترنات هاذي,1,0.0,dataset_1,0
وين راك عايش نتا موبيليس فوقت الذروة عندي فوق 20 ميقا و جيزي مليحة على اوريدو .. مفتاح بليدة .. اوريديو عال4 تاع صباح 5 ميقا موبيليس 60 ميقا,2,2.0,dataset_3,0
Ba9i nessena fi raid shadows legend 😂 sur mobile hada sa3a rani nel3ab ghir archero,1,0.0,dataset_1,-1
Viv Viv Ooredoo Ooredoo diimA,2,2.0,augmented,0
انا عندي djezzy نفلكسي فيها1500دج يعطوني 25Goكفاش رجعها Hayla Bezzef,1,0.0,dataset_1,0
أي أخبار حول ستار لينك ؟,0,0.0,dataset_3,0
عندي puce spécial كانت مليحة بصح ظرك راهي كارثة منذ أسبوع والله عينا او كرهنا من connexion تاع البلاد هذي,1,1.0,dataset_3,0
الحمد لله اول مرة تديرو عرض مليح كانت حاكمتني قنطة من جيهتكم,2,2.0,dataset_2,0
بيكس افظل والحمد لله اوموا تكمل شهر,2,2.0,dataset_3,0
جامي شفت ناس ياكلو الجيفا كما نتوما حسبيا الله ونعم الوكيل,0,-1.0,dataset_1,0
Les Hommes,2,2.0,dataset_2,0
هه 🤣🤣 ناس راها في8g ونتوما راكم روطار موبيليس 13جيقا 100ألف من وقت مجاهدين رانا في ثورة,0,1.0,dataset_2,0
40 Go mahich tkamli le mois 😐😐,0,-1.0,dataset_1,0
تيزي وزو كاين؟؟,0,0.0,dataset_3,0
تجربة رائعة صح نشكركم,2,2.0,augmented,0
باش تبدا تهدر فالمفيد تحكم قرن,0,0.0,dataset_3,0
الخدمة تاعكم رائعة صح,2,2.0,augmented,0
5 جيغا حشيها فزكك,0,-1.0,dataset_1,0
Mobilis 🤮🤢🤢🤮😩🤦🏻‍♂️,1,1.0,dataset_3,0
4ج اتصلات الجزائر طيار اليمات لحقتلي حتى 35mg,2,2.0,augmented,0
sah wlh mem ana ma fhmtsh 1500da nsib rohi ghir fb lite 😥,0,-1.0,dataset_1,0
واش تحب لمن تشكي القمحة الي القاضي دجاجة جماعة حماية المستهلك مريحة في البروات وتخلص هذا ماكان,1,1.0,dataset_3,0
"Vous pouvez donner votre avis mais pas inciter les gens à quitter un opérateur pour un autre ! Vous êtes indirectement en train de les orienter vers Ooredoo ! Alors qu&#39;aucun opérateur n&#39;a un réseau yesla7. Moi perso j&#39;ai une puce Djezzy men wa9t Djezzy carte c&#39;est vrai que je ne suis pas satisfait par la qualité du service mais les offres qu&#39;ils proposent me conviennent parfaitement, j&#39;ai eu aussi en parallel des puces Nedjma et Mobilis et les deux c t des ARNAQUES ! Mobilis par exemple proposait une offre illimitéé vers mobilis qui se coupe au bout d&#39;une heure de conversation !! mais ou est le concept de l&#39;illimité si on est limité par 60 minutes par jour et ça sans parler de leur réseau catastrophique !",0,0.0,dataset_3,0
انا داير تاع ست شهور اسكو يولي تيكتوك باطل؟,0,0.0,dataset_3,0
Rockstar games شكون ما يعرفش 😂😮,1,0.0,dataset_1,-1
خويا لعزيز بصراحة حتى و يكون المودام ب 2 مليون الشعب يشريه ما تخممش عليه . كلمة زوالي مجرد شعار فقط .,0,0.0,dataset_3,0
عيد سعيد وكل عام وانتم بخير 🎊🎉 معكم دائما نقطة بيع 🎈,1,0.0,dataset_1,0
كونكسيون مكانش خلاص تقول مفليكسيا بدراهم لحرام واش هادا,0,1.0,dataset_2,0
"Cet été l’offre HAYLA BEZZEF revient avec plus d’internet 😍 Et encore plus de crédit 👌Profitez de 40Go d’internet pour naviguer en toute liberté 🚀 300DA de crédit vers les autres opérateurs, mais aussi des appels et SMS gratuits en illimités vers Djezzy 🗣✉ À seulement 1500DA/Mois et à vie ! Pour en savoir plus visitez notre site web 🙏 Le lien dans la bio 👆",2,1.0,dataset_1,1
واش الفايدة وحنا مزلنا بي 3 جي <br>صح بلديه حسناوة ولايه برج بوعريريج مزالنا بي 3جي<br>رغم انو جميع بلديات البرج طلقولهم 4 جي,1,1.0,dataset_3,0
تحيا لابيس موبيليس توب 4G,2,2.0,dataset_2,0
أنا فلكسيت بالبطاقة الذهبية على الموقع تاعهم قالك خطا يرجى المحاولة بصح نحاولي 600 من الكونت اعطيني الرقم نعيطلهم,0,-1.0,dataset_1,0
Attention puce ooredoo trompeur et voleur .Attention puce ooredoo trompeur et voleur,1,1.0,dataset_3,0
جام الاول,0,0.0,dataset_3,0
علاه نقصت الانترنت تاعها,1,1.0,dataset_3,0
هي من ناحية السرعة اوريدو افضل بصح ليميڨا بلخف يروحو فا هاد الشي لي مانحبهاش,1,1.0,dataset_3,0
boom 💪🔥,1,0.0,dataset_1,0
تم,1,0.0,dataset_1,0
لقد تم الرّد,1,0.0,dataset_1,0
خويا انا اكتيفيت تع ربعين الف موبيليس عطاوني سبعة جيغا ومشات غير ثلاث جيغات وراحتلي وكي نشوف لينيتي تخرجلي بلي مزال ربعة جيغات ومزال وقتها,1,1.0,dataset_3,0
يا. موبيليس فوجه ربي سقمونا الريزو مهيش تمشيلي كونيكسيو خلاص 😭😭,0,1.0,dataset_2,0
خويا انا شريت سويتش الشهر الي فات ينتهي 14 افريل..اليوم 15 افريل نلقى 150 الف و 50 جيغا انترنت بلا منفلكسي..ممكن تفهمني??,0,0.0,dataset_3,0
Djezzy راسلتكم على الخاص مي متردوش😡,1,0.0,dataset_1,0
نت تاعكم تعيف 😋,0,-1.0,dataset_1,0
.ghanii. ana 3andi telechargement 2mb/s tres rapide,1,0.0,dataset_1,0
من جيجل .موبيليس 6.1mbs,2,2.0,dataset_3,0
و تع كونفور ماشي مليح,1,1.0,dataset_3,0
Vive jsk vive mobilis,2,2.0,dataset_2,0
Vidéo ljay dirna كيفية الحصول على زوائز من الانترنات,0,0.0,dataset_3,0
إنقطاع كبير إن لم أقل معدوم في بلديات ولاية ميلة خاصة بلدية زغاية,0,-1.0,dataset_1,0
فهمنا علاه رآك تهدر ازح,0,0.0,dataset_3,0
مبروك عليك ، سيتم الإتصال بك من طرف المصلحة المعنية في أقرب وقت.نسرين من جازي 🙂,2,1.0,dataset_1,0
نقدرو نبلاسيوها ف المودم تع الجي تيليكوم,0,0.0,dataset_3,0
خويا عاودنا كونفيقيراسيو تاع موييليس راها ناقصة بزاف خو تعيش,1,1.0,dataset_3,0
مام باطل وما نديش جيزي,0,-1.0,dataset_1,0
🇩🇿🇩🇿🇩🇿,1,0.0,dataset_1,0
خويا جليل الكونيكسيون في موبيليس راهي هايلة خفيفة و <br>انا راني مآكتيفي pixx 100 طيارة مليميتيا فال 8 ميڨا,2,2.0,augmented,0
نتا وقيلا مراكش في دزاير اخرج تأكد راك غالط في المنطقة 🤣🤣 حنا رانا نمشيو با 3g وضعيفة مكانش ڨاع ونتا تقول 4.8 🤣,1,1.0,dataset_3,0
تخلونا حتا نفكسيو 1500دج اومبعد الكنكسيو تولي تقيلة اليوم الكونيكسيو عيانة كامل والله ندمت لي فليكسيت لوكان بدلت خير ياك رانا نفليكسيو بدراهمنا اطيونا حقنا 40 جيچا تاعنا هادا ماكان اليوم ليلة العيد الكنكسيو ماكاش و الله عييتونا,0,-1.0,dataset_1,0
انا ح تكمل 40 g زدت نتاع 20g شحال تبقى اسكو شهر ولا سمانتين ولا تكمل نهار تخلاصلي 40 g,1,0.0,dataset_1,0
صحى عيدكم زيدولنا شويا فالكونكسيو,0,-1.0,dataset_1,0
موبليس عقلية البايلك و سوق الفلاح تاع البكري ، يأخذوا أموال الشعب و يخدموا بتشناف ، لماذا المؤسسات التي تعيش من ظهر الشعب دائما لا تحترم هذا الشعب ، موبيليس ، الضمان الإجتماعي ، بريد الجزائر و الكل المؤسسات التي تنهب من الشعب و الدولة ترعاها ماليا في حال أفلست,0,1.0,dataset_2,0
اطلقو لنترنات راهي ثقيلا. 😡😡😠 رني نفلكسي ومنستفيدس.. راح نقطعكم,0,-1.0,dataset_1,0
براك الله فيك اخي الكريم تكنو نتمنى زيدةفي الكريدي في سويتش,0,0.0,dataset_3,0
Habloni djezzy b limitation vidéo w mayatla3ch,1,1.0,dataset_3,0
🌙,1,0.0,dataset_1,0
what no😂,1,0.0,dataset_1,-1
😁ممكن نسقسيك <br>كفاه نتحصل عليها هدي بيس <br>انا عندي بيكس ✌️✌️,0,0.0,dataset_3,0
الكونيكسيون مكاش و كي جي تقيلة اسوء شريحة هي جيزي 👎🏻👎🏻👎🏻,0,-1.0,dataset_1,0
اوريدوا سراقين هردونا بالسريقة حسبا الله ونعم الوكيل مانسمحلهومش دنيا الاخرة من مدير ومسؤولين عن عملية سرقة و منفذون عملية مانسمحلهومش دنيا والاخرة اعتبره دين في رقبتهم من زوانت لي داوهوملي سرقهوملي,1,1.0,dataset_3,0
42ميغا في ثانية موبيليس في 6تاع صباح,2,2.0,dataset_3,0
Djezzy la meilleure ❤️😍 oued souf en,2,1.0,augmented,1
Yaw segmo 4Go ta3kom 3ndi djezzy n'activi ta3 1500DA temshili ghir fles place ouvert f dar mata7kamch kaml,0,-1.0,dataset_1,0
غير لجديد خاوتي,2,2.0,dataset_3,0
صديقي تكلمة على كلشئ بصح ماحذرتش من فلكسي اوتمتيك ؟؟,0,0.0,dataset_3,0
100 الف 2 جيغا والله سريقة مع سبق الترصد و الأسرار,1,1.0,dataset_3,0
nouveau Windows 11,0,0.0,dataset_3,0
.dz.34 Rani nahdar wach khradj 3liya ou manakhdamch 3andhom 😒😒🤔,0,-1.0,dataset_1,0
موبيليس top 4g مين تكمل ال 1 جيغا تنقص,1,1.0,dataset_3,0
خويا هادي 3g مهيش4g وآله يسرقو فينا عيناني,1,1.0,dataset_3,0
انا كي ناكل 1g في النهار تولي 0.20,1,1.0,dataset_3,0
تعليق حصلت في جدوو باه نزله هنا وتاني لناس لي تقول. اوريدو مليحه نقلك الانثرناث غير في 7 اماكن بالجزاير كامل والباقي زبل حشاك تسرق اموال الناس بالباطل الله يلعنهم واحد واحد,1,1.0,dataset_3,0
كليت 50 جيڤا في سمانتين تقاعدو بينا طلعت فيفا 16 خلاصت,1,1.0,dataset_3,0
كيما لعادا لول,0,0.0,dataset_3,0
الأنترنت في جيزي راهي مهبلتني راهي تمشي من سيء إلى أسوأ ياك قال الوزير نزيدو ذبذبات راهي تبانلي نقصوها ماشي زادوها,1,1.0,dataset_3,0
خويا نسقسيك عندي طوب 4g فيها 200 ألف كون نحولها pix يروحو صوارد ولا لالا,0,0.0,dataset_3,0
واش ملعرض تخلص 150 تدخل للمسنجر فيديو ميمشيش تدخل بنجمه يمشي نورمال جابلي ربي نحبسو ملجيزي هاذي تعيي,1,0.0,dataset_1,0
😍🔥 djezzy the best 🔥🔥,2,1.0,dataset_1,1
عيطولي بنميرو حابة نعرف اذا تاع شركتكم,1,0.0,dataset_1,0
خري خاير فري فاير 💪💪,1,0.0,dataset_1,0
التوفيق خويا,2,2.0,dataset_3,0
سلام البونيس هذا غير في الشهر الاول و لا تكمل..,0,0.0,dataset_3,0
وكيلكم. ربي الانترنت جد سيئة احشمو على رواحكم حسنو خدمتكم ومبعد احشو للغاشي بالغروض الجديدة,0,-1.0,dataset_1,0
لقد تم الرّد على رسالتك في الخاص. شكراً لتواصلك بنا 🙂,1,0.0,dataset_1,0
كونكسيو تع قريش تبا لكم,0,-1.0,dataset_1,0
واذا ما عندكش برينيوم,0,0.0,dataset_3,0
.mhd.96,1,0.0,dataset_1,0
Mais je trouve rien 🙄,1,0.0,dataset_1,-1
خو رسائل وين نلقاهم,0,0.0,dataset_3,0
مزال سرعات انترنات في ،top4 512 عرض تع 2100,0,0.0,dataset_3,0
انا درت150اكتفات وبعد نحولي امارات لمدة24ساعة سراقين,1,1.0,dataset_3,0
👏👏عرض جميل و لكن يجب أن تبقى هذه الزيادة بشكل دائم,2,1.0,dataset_1,0
Rockstar,1,0.0,dataset_1,0
كامل كيف كيف عقلية وحدة,1,1.0,dataset_3,0
اتصالات الجزائر وخاصة idoom adsl لازم يشوفو للزبائن محدودي الدخل.. كيفاش هذا لازم فوق 200 دج باش يمدولك,1,1.0,dataset_3,0
تجربة رائعة 👍 نشكركم,2,2.0,augmented,1
كنت نفم شوية زدت بلعتنى بالشرح تاعك,0,0.0,dataset_3,0
الريح لى يجي يديك خطرا تعاير فيهم وخطرا تشكر فيهم على حساب الخلصة لى يعطوهالك,0,0.0,dataset_3,0
يتمسخرو بنا,1,1.0,dataset_3,0
And yet your internet sucks,1,0.0,dataset_1,0
خويا العزيز بما أنك راك شاعل عندك الويفي و ال 4g في نفس الوقت سافيك راك تخدم بالويفي + راك تقيس فالسرعة تع المودام التاعك مشي تع ال 4g و زيد تأكد من كلامي,0,0.0,dataset_3,0
خويا انا شريتها لبارح من وهران خدمت بيها لبارح اليوم مين دخلت باش نخدم قالولي cnx كملت وشنو لحل,0,0.0,dataset_3,0
ماتحكو قبل درتها عليها 😂😂,2,2.0,augmented,-1
والله ماعجبنا لا الفيديو ولا العروض,1,1.0,dataset_3,0
العرض تع اليوز اليوتيوب فيه يستهلك من الانترنت وبعد نفاذ الانترنت يصبح مجاني يعني حشوة كبيرة من اوريدو,1,1.0,dataset_3,0
جيزي هايلا ماكسي فوور بزااف لديها سرعة هائلة بدون تقطع.. اما نجمة اسرع ولكن محتالة و مستغلة لشعب جزائري اوريدو تتميز بالسرقة مباشرة عيني عينك,2,2.0,dataset_3,0
A première vue ça l air la Meilleure offre sur le marché algerien Reste a la qualité de ce service Bonne continuation,2,2.0,augmented,0
هه 90 جيڨا شكرا موبيليس ملي شريتك ولا واحد ما يحكمني نهار كامل وانا مفورصي 4G,0,1.0,dataset_2,0
"Cet été l’offre HAYLA BEZZEF revient avec plus 😍 encore de crédit 👌Profitez de 40Go pour naviguer en toute liberté 🚀 300DA de vers les autres opérateurs, mais aussi des appels et SMS gratuits en vers Djezzy 🗣✉ À seulement 1500DA/Mois et vie ! Pour en savoir plus visitez site 🙏 Le lien la bio 👆",2,1.0,augmented,1
يبان مليح 🇩🇿,2,2.0,dataset_2,0
اجمل خبر اليوم ⁦✌️⁩👌⁦🗣️⁩,0,0.0,dataset_3,0
زبالة تتكوبا,1,1.0,dataset_3,0
Houssem Bouflih كرهتها راح ندير. موبليس,0,-1.0,dataset_1,0
Cnx 3ayana t9ila bzf dija krahnaa,0,-1.0,dataset_1,0
جايبينها جايبينها بهايلة بززاف ومبعد قرعتوها ..بهذي التبهديلة تاع بيناتنا 💩💩.الانترنت راحت كامل .من نهار العيد الى يومنا هذا ولا كي درتو العرض الجديد راح العرض تاع 150 في ذاك الشيئ ياو فاقو ..والله ويبقى هكذا غير ترجعو كما كنتو من قبل واحد ما يستعمل جيزي ..,0,-1.0,dataset_1,0
الارضية الرقمية بأنترنت رديئة,1,1.0,dataset_3,0
اليوم راهي مليحة لحقت ل 24.8 فالتحميل و ابلود راه 2.3,2,2.0,dataset_3,0
غي ريقلونا ريزو برك,0,1.0,dataset_2,0
حجا نسيتها كي تاكتيفي هاد العرض متقدرش تلغيه هادي قولها فيديو الجاي,0,0.0,dataset_3,0
حنا لاوين و كلمتين ترودوهالنا ب مئة ألف,0,1.0,dataset_2,0
يخلاص الشهر ويبقاولي لي جيڨا بزاف هل كاين عفسة نقدر نحكم هذوك لي جيڨا ونقدر نستعلهم من بعد ما يخلاص الشهر؟؟,0,0.0,dataset_3,0
مشكور على المعلومات القيمة و المقدمة.. وشكرا🇩🇿🇩🇿🇩🇿🇩🇿,2,2.0,dataset_3,0
والله يا خويا غير الشعب هو لي افلس والشركات هادو دارو دراهم كبار على ظهرنا والحقيقة المره انهم اجانب وفيهم حتى ليهود,1,1.0,dataset_3,0
Win n9dr nl9ahom ?,1,0.0,dataset_1,0
ديرنا تطبيق موبي كورة,0,0.0,dataset_3,0
اوريدو سراقين وكذابين,1,1.0,dataset_3,0
الكذب حرام,0,-1.0,dataset_1,0
واش راك 😍 شكرا,2,2.0,augmented,1
دجيزي تمشي عندي لاباس في عنابة .,2,2.0,dataset_3,0
مكانش بونيس 1G,1,0.0,dataset_1,0
علاه الأنترنيت من ليلة العيد مكاش !!,1,1.0,dataset_3,0
عجبني هاد العرض بزاف ربي يوفقكم,2,2.0,dataset_2,0
كيف الغي عروض سما وترجعلي موبليس فقط,0,0.0,dataset_3,0
السلام عليكم <br>جوجل كروم محبش يتحدث من بلاي ستور <br>عندي ريدمي 9 جلوبال,0,0.0,dataset_3,0
راهي تقيلة بزاف احشمو شويا و ردوها كيما كانت على الأقل,0,-1.0,dataset_1,0
عندي مشكل ردو,1,0.0,dataset_1,0
نسقسيك مبليس pix100 <br>فيها فايسبوك باطل بيه بلي فيديو و متاكلش من 13 جيجا ولا كي يكملولك لي جيجا يعطوك فايسبوك باطل,0,0.0,dataset_3,0
رائعةDjezzy جودة و إمتيازات سعر، CONFORT 😎😍😉,2,2.0,augmented,1
Cnx fi hala,0,-1.0,dataset_1,0
وين راه الفيديوا تع go talk نحيتوا علاش؟؟,0,0.0,dataset_3,0
التدفق بعد الباك نقص بزاف ڨولولنا وعلاه,1,1.0,dataset_3,0
أخي من فضلك شحال يعطونا من جيقا,0,0.0,dataset_3,0
كل خطرة واش تقول منذاك جيزي منذاك اوريدو ياخي اخي فاهم روحك شفت فيديو تاعك بالي طلقت اوريدو بثلاث,0,0.0,dataset_3,0
"Bonjour,Nous vous prions de nous excuser pour la gêne occasionnée. Avez-vous un problème de débit?Merci Abdel Moumen.K de Djezzy",1,0.0,dataset_1,0
اوريدو gold فيها limite,1,1.0,dataset_3,0
سما,2,2.0,augmented,0
جيزي رجعولي بريفي قولتولي ابعثلنا المعلومات تاوعك مبانش خباركم,0,-1.0,dataset_1,0
هل كاين 4+ في idiom 4g؟,0,0.0,dataset_3,0
c'était très serré la prochaine fois nchalah 💪🎉,1,0.0,dataset_1,0
La connx rehi t3ayii,0,-1.0,dataset_1,0
3G ما تشدش حتى نهار اخي,1,1.0,dataset_3,0
صحييت خويا لعزيز بارك الله فيك اخي,0,0.0,dataset_3,0
والله تقريب من وانا تع الليل حتى لتقريب 8 صباح 10 نتفرج في اليوتيوب نقصتلي غير 1 ونص جيق,2,2.0,augmented,0
المشكل في الشبكة ضعيفة جدا جدا جدا,0,1.0,dataset_2,0
شكرا جزيلا  كل شي مزيان,2,2.0,augmented,0
كيفاه نعرف رقم الشريحة مودام 4g موبيليس,0,0.0,dataset_3,0
مليح بزاف 👍 نوصي بيه,2,2.0,augmented,1
الناس كلها تشتكي ومن سوء عرض سما وتقول انها تريد الرجوع الى عرض بيكس,0,1.0,dataset_2,0
عندي 5 ايام فليكسيت عرض 500da وفضتلي 5 GB وفيسبوك وماحبش يتمشى يخي راكم تقولو غير محدود,0,1.0,dataset_2,0
Khalwii réseau ga3 mknch,0,-1.0,dataset_1,0
السلام عليكم ادعونا بالرزق اخواننا,0,0.0,dataset_3,0
Non 😊,1,0.0,dataset_1,0
تجربة رائعة صراحة نشكركم,2,2.0,augmented,0
سمعت بلي راكم خارجين من الجزائر علاببها راكم تزكرو فينا لا كونيكسو لا ريزو وحنا واش سبتنا,0,-1.0,dataset_1,0
"YAW DIROU LBATEL, DIROU HADDA FI HYATKOUM YZEH BAH NRIY7OU FI DYARNA TRANQUILLE",0,-1.0,dataset_1,0
عندي 40 mb قاوية,2,2.0,augmented,0
Ablmo..!,0,0.0,dataset_3,0
للاسف نحن بعيدين جدا عن اصلاح اعطال الانترنت وللعلم جيزي لم تعد موجودة بدائرة اولف ولاية ادرار. واو ريدو بقي منها 2G فقط حتى يوم امس واليوم مقطوعة تماما وموبيليس تعمل بشكل ضعيف وهزيل 3G يعني. لا اصلاح ما والو. العنوان هو متعاملين الهاتف النقال يواصلون هوايتهم المفضلة وهي سرقة جيوب المواطنين في الجنوب على الاقل,1,1.0,dataset_3,0
Ana drt العرض تاع 1300DAمليح بلبزاف,2,2.0,dataset_3,0
.cvctus emba3d?,1,0.0,dataset_1,0
Internet nta3kom suck,1,0.0,dataset_1,0
وانا ماكتيفي. علاش هذ التقطعات في النت,0,1.0,dataset_2,0
الله يعطيك الصحة,2,2.0,dataset_3,0
موبيليس يهديك ربي..,1,1.0,dataset_3,0
تحيا شركة اوريدو انا عندي بيس هادي وجامي نقصولي ولا داولي دراهم,2,2.0,dataset_3,0
نتا مش تع جيل خامس علاه هما خير منا,1,1.0,dataset_3,0
شكرا ا,2,2.0,dataset_3,0
mazzel,1,0.0,dataset_1,0
جيزي في واد سوف رائعة وعروضها رائعة أيضا,2,2.0,dataset_3,0
والمسابقة وراهي حبيبنا ؟!!,0,0.0,dataset_3,0
il t’ont pas obligé a le faire,1,0.0,dataset_1,0
Ooredoo felil tel7a9li 50mg switch 3500,2,2.0,dataset_3,0
تزرزق ماشي تدفق,0,-1.0,dataset_1,0
كلش بيريمي في هذا لبلاد عيينامن هذ المنكر يسرقو في دراهم الناس عيناني,1,1.0,dataset_3,0
خدمة مليحة بزاف 🌟,2,1.0,augmented,1
خويا د رلنا فيديو على جيزي ولات تقيلا بزاف والله مفهمناش غاع واش راه صاير,1,1.0,dataset_3,0
Algérie telecom sabote djezzy beyna,1,1.0,dataset_3,0
اتوسل إليك يا الله بحق اسمك الاعظم ان ترزق صاحب اليد التي تضغط لايك واشتراك فرحة يسجد لها باكياً ورزق لاينتهي] اللهم امين يارب العالمين. .. .,0,0.0,dataset_3,0
Djezzy مصلحة الزبائن راهم ميردوش علاه,1,0.0,dataset_1,0
شكرا لك اخي الكريم على هذا الموضوع المفيد,0,0.0,dataset_3,0
Mazal rahi 22:39,1,0.0,dataset_1,0
مين قلت تنجم تليشارجي 1g في ثانية حسيتك راك كاره حياتك 😂😂,1,1.0,dataset_3,-1
راك داير المكياج لشواربك,0,0.0,dataset_3,0
كفاش هاذي كل شرائح ولا لازم نشري ابيس خاصة بيها,0,0.0,dataset_3,0
صرحة انا جيزي نحبها او او كانت نفلكسي 1200 يعطيوني 300 هدرا عوروضها 40gb او خفيفة او تشدلي شهر نورمال,2,2.0,augmented,0
Za3ma 7ta 😂😂 wlh m3a lowel 7sbali d hadok ta3 sa3ohom ya mo7sinin😂😂 makhdomin ki tlalba😂,1,0.0,dataset_1,-1
مليح بزاف 🌟 نوصي بيه,2,2.0,augmented,1
يجب التعويض,1,1.0,dataset_3,0
تحياتي خويا,2,2.0,dataset_3,0
درو شريحة ب 500 دج فيها Facebook et Instagram wattsap,1,0.0,dataset_1,0
زهرة ديري لافار وزوجي في وقت الكورونا ما تخسري لا دراهم لا قاطوا و دراهم العرس ديروا بيهم فواياج 😁,1,0.0,dataset_1,0
A3dlou le réseau mb3d yer7mha rabbi 😉,0,-1.0,dataset_1,0
Mfhmtich fahamni fiha hadi puce special 3ndi whda wch zitolha??,1,0.0,dataset_1,0
طنظحتظتزختةزك,1,0.0,dataset_1,0
العرض تع سما راه في وهران وخلاص ومبعد يتعمم,1,1.0,dataset_3,0
.edits هه او. حكمو شوك 😂😂,1,0.0,dataset_1,-1
خويا انا مانيش فاهم حاجة :انا عندي بيس يوز او فليكسيتلها 150 تع شهر اوعتاوني 150 دقيقة تتسما 150 دينار مع الريزوات لخرين او 150 هادي تكفيني ولا نو ،لي كشما يعرف يبان هنا,0,0.0,dataset_3,0
120 klb موبليس,1,1.0,dataset_3,0
شكرا موبيليس هاذا عرض سما نت تاع 1500 دج راه موالمني راني نتفرج بيه كامل افلامي ونلعب بيه اونلين صح رمضانكم,2,2.0,dataset_2,0
.bjm l bigos 😂😂,1,0.0,dataset_1,-1
شكرا المجهودات على,2,2.0,augmented,0
ضيفني اضيفك,0,0.0,dataset_3,0
100,0,0.0,dataset_3,0
جيزي راهي مليحة هذو ليمات,2,2.0,dataset_3,0
أعتقد عرض فيه نوع من الحيلة كنفس العروض السابقة يعني مثلا عرض الأنترنت 100 دج فيها 30 جيڨا و في نفس الوقت مفيهش هدرة تسما يا إما نفليكسي باش نهدر و هنا تزيد التكلفة أو ندير العرض mix نلقى روحي في نفس العروض مثل pixx,1,1.0,dataset_3,0
وين راهم إشهارات جيزي القديمة دك راهم غير يخلطوا فوضى و رداءة يدفع عليها المال,1,0.0,dataset_1,0
موبيليس و كل يعاني.,1,1.0,dataset_3,0
مشروع فاشل,0,1.0,dataset_2,0
🌟 ممتاز والله,2,2.0,augmented,1
موبيليس تحسين الشبكة .وبعدين كثروا العروض,0,1.0,dataset_2,0
حجم التطبيق بالبريميوم 51 ميقا و في بلاي ستور 21 ميقا ..الفرق راهو كبير بزاف !!؟ حملتو و ماحبيتش نثبتو .. خفت,0,0.0,dataset_3,0
عجبتني 1Go باطل,2,1.0,dataset_1,0
شكرا جزيلا  كل شي مزيان,2,2.0,augmented,0
والله مالڨري تقيلى 👏👏🔥,2,1.0,augmented,0
احسن عرض توب كات جي موبيليس انترنت غير منتهيةويزيدولك مئة دراهم الف وخمسون في شهر كامل,2,2.0,augmented,0
Djezzy w Mila 1.6 mb,0,0.0,dataset_3,0
"Cet été l’offre HAYLA BEZZEF revient avec plus d’internet 😍 Et encore plus de crédit 👌Profitez de 40Go naviguer pour d’internet en toute liberté 🚀 300DA de crédit vers les autres opérateurs, mais aussi des appels et SMS gratuits en illimités vers Djezzy 🗣✉ À seulement 1500DA/Mois et à vie ! Pour en savoir plus visitez notre site web 🙏 Le lien dans la bio 👆",2,1.0,augmented,1
جيزي تبهديل,1,1.0,dataset_3,0
احسن عرض جيزي ايزي 1200,2,2.0,dataset_3,0
تسمى الشهر يطلعلك ب 300دج هذي خدعة,0,1.0,dataset_2,0
نجمة وملابس وجزي ف3 وريزو بدون كهرباء بدون شبك,1,1.0,dataset_3,0
لحد الان عروضهم فاشلة اوريدو شوية الله يجيبن خير منهم,1,1.0,dataset_3,0
و جيزي كاش جديد ؟,0,0.0,dataset_3,0
حاليا انا مع ooredo هي اسرع انترنت في الجزائر,2,2.0,dataset_3,0
راهي تدير 900دج,0,0.0,dataset_3,0
اكتيفاسيو تع 100دج خير 13جيغا منيش نخسرهم غير للواتساب اما الفايسبوك مجاني وكنكسيو الحمدلله تمشيلي مليحة,2,2.0,dataset_2,0
قلييع قلبي على نسرين من جازي وانا حميدة من تيغنيف🙋‍♂️,1,0.0,dataset_1,0
في موبيليس خدمة الزبائن دايرين واحد سموه فلة يرد على الزبائن 😁,1,1.0,dataset_3,0
وي خويا والله نعزوك و نعزو قناتك بصح كونكسيو نتع جزائر كل خرطة رانا نعانيو رني معمر موبليس و جيزي بقي غير اوريدو ماسيتهاش يعيو,1,1.0,dataset_3,0
الرداءة وين راهي الجودة حمبوك؟,0,-1.0,dataset_1,0
Wallah w diroha b 15 dinars w ma nechrihach 3la connection chabba li 3andom,0,-1.0,dataset_1,0
جزاك الله عنا خير الجزاء,0,0.0,dataset_3,0
عييت نفهم مفهمتش,0,0.0,dataset_3,0
صفحة مكسرات 😍❤️ صفحة جزائرية جميلة ءات محتوى ثقافي و ديني 💚🙏 موضوعاتها متجددة و حصرية 💙🙏 تهدف لارساء ثقافة المطالعة في شباب اليوم 😍 تفضل و ضع متابعة ستفيدك حتما ❤️,2,1.0,dataset_1,1
نحن سكان بلدية (( عشعاشة مركز )) دائرة عشعاشة بولاية مستغانم و التي يبلغ تعداد ساكنها أكثر من 70ألف نسمة . حيث نعاني من نقص وفي بعض الأحيان إنعدام التغطية لشبكة جيزيللتذكير أننا نعاني من تذبذب في تغطية شبكة جيزي منذ أكثر من 10أيام حيث لا نستفيد من أدنى الخدمات مثل المكالمات العادية ناهيك عن سوء خدمات الإنترنتلذا نحن نطالب بصليح الخطأ في اقرب وقت ممكنلأن الوضع كارثي بكل المقاييس__,0,-1.0,dataset_1,0
هذا سامي ميكوب أرتيست تاع لالجيري واو أصبح ستار رغم سنه يبهر في موهبته,1,0.0,dataset_1,0
شكرا لكم خدمة في القمة 💚💙😍#موبيليس,2,2.0,dataset_2,1
خاوتي هايلة بزاف فيها التزام ولا لا,0,0.0,dataset_3,0
حيلة جديدة للسرقة,1,1.0,dataset_3,0
سرعة عندي راهي في 35 ميغا,2,2.0,dataset_3,0
._.1y8._.d سلام، شريحة IZZY متوفرة في كل محلاتنا بسعر 300 دج، وعرض IZZY500 متوفر فيها بتشكيل *720# زهرة من جازي :),1,0.0,dataset_1,0
4g ma 3adnech f algeria يا خماج,0,-1.0,dataset_1,0
احسن شبكة 😍💗,2,1.0,augmented,1
نشاله بربي,0,0.0,dataset_3,0
69: im back🤪,1,0.0,dataset_1,0
الله يحفضك ديما مع الجديد💪💪😉😉,2,2.0,dataset_3,0
Les meilleurs offres viennent de Djezzy mais la plus mauvaise des connexions en Algérie c'est Djezzy .,1,0.0,dataset_1,0
VOUS ÊTES NUULLE,0,-1.0,dataset_1,0
Ooredoo 👍👍☝☝,2,2.0,dataset_3,1
تحيا منتوج بلادي,2,2.0,dataset_2,0
ربي وكيلكم,0,-1.0,dataset_1,0
لعشية اليوم باش تحسنت شوي,2,2.0,augmented,0
انا عندي شريحة جيزي الله يبارك كونيكسيو مشاء الله خير من موبيليس خطرات توصل الانترنت حتى 12 ميغا,2,2.0,dataset_3,0
شكرا على مجهود,2,2.0,dataset_3,0
نورمالمو يسموها سرقة بزااف مشي هايلة بزااف 😂<br>والحل تع المشاكل هذي وكل المشاكل هو رجوع الحراك الشعبي سينو والله متتحركها غير مريحة فل 1m,1,1.0,dataset_3,-1
جيزي هبال مفيهاش خفيفة,2,2.0,dataset_3,0
Yaaw chkoun hadiik li tgoli غير كافي ani 7alaf fiha,1,0.0,dataset_1,0
الانترنت راها تقيلة وش بيها,0,1.0,dataset_2,0
Moobbiilliiss nrouma foort💚💚,2,2.0,dataset_2,0
الرابط محدوف,1,1.0,dataset_3,0
ياريت تحسين الشبكة والتغطية بالجيل الرابع خاصة على مستوى المناطق النائية,0,1.0,dataset_2,0
W te9der dir offre ta3 un mois b 1200da ya3ni hadik 200da 3laah 3laah,1,0.0,dataset_1,0
عيانة فالأنترنات ثقيلة بزاف <br>اخطوكم 🧐🏃🏃,1,1.0,dataset_3,0
السلام عليكم أحسن عقوبة للمتعاملين كلهم إضافة منافس اجنبي مستقل مثل orange🌐🎉,1,1.0,dataset_3,0
موبيليس اذا مزالت ثقيلة ، <br>vive Djezzy Confort,2,2.0,augmented,0
مع حشية متخدمش خلاص,0,0.0,dataset_3,0
جيزي و لا موبيليس و لا اوريدو خردة,1,1.0,dataset_3,0
رزو موبيليس كارثة دير القلب ولاطنسيون,1,1.0,dataset_3,0
سلام عليكم بارك الله فيك يا خويا لوكان تزيد تهدرلنا على موبليس العرض نتاع top4g رآه نقصت بزاف وشكرا,1,1.0,dataset_3,0
عيانة خلاص عندي,1,1.0,dataset_3,0
A vie ou bien chaque mois 🤦🏻‍♀️🤦🏻‍♀️🤦🏻‍♀️,1,0.0,dataset_1,0
اذا ممكن مانقدرش نفليكسي من عندي لشخص آخر جربت 770 و والو زعما وينو المشكل تخرجلي كود MMI غير صحيح,1,0.0,dataset_1,0
الريزو تاعكم مكاش أصلا,1,1.0,dataset_3,0
عيد سعيد مبارك، الشبكة 4G في الشهرين الأولين مليحة ولكن هذا الشهر فيه تذبذب!؟.,0,-1.0,dataset_1,0
خويا وما فيهاش السرعة المخفضة ؟؟,0,0.0,dataset_3,0
يخصنا عرض لأنترنت غير محدودة,1,0.0,dataset_1,0
سلام عليكم خويا هايلة بزاف شحال تفليكسي 100 و لا 1500 و هل تضاعف الأنترنت خلال الثلاث الأشهر الأولى فقط؟,0,0.0,dataset_3,0
.__.ms.__.ou__t وي 😅,1,0.0,dataset_1,-1
رجعتنا مدمنين . les mutauions جايين من بعد,1,1.0,dataset_3,0
Win rahi tatba3 f alg ma l9ithach !,0,0.0,dataset_3,0
Votre explication n&#39;est pas claire,0,0.0,dataset_3,0
شكرا جيزي,2,2.0,dataset_3,0
ياو اوريدوا ياجماعة الخير خردة كل العروض نتاعها فيها الحيلة يعرفو غير كيفاش يسرقو بطرق مققنة,1,1.0,dataset_3,0
ياخو صح كاين عرض تع جيزي 40جيغا ب 1250,0,0.0,dataset_3,0
Salam la switch fiha les sms gratuit ver ooredoo? Parceque seyaha sahbi kedami les sms machi batél lel ooredoo !! Kache wahed yzide yfidna 3la hadi sahito,0,0.0,dataset_3,0
لكادو تاع رمضان مبانش خبرو راه قريب ثلث شهور,1,0.0,dataset_1,0
اسوأ تغطية انترنت فالجزائر جربت اوريدو حسيت بفرق شاسع لا مجال للمفارنة,0,-1.0,dataset_1,0
المشكل لي حيرني ان في رمضان جيزي هايلة ماكسي مكانش فيها ليميتاسيو و سرعت الانترنت كانت طيارة video 1080p كنت نشوفو نورمال,2,2.0,dataset_3,0
💪😎,2,1.0,dataset_1,0
أوريدو كارتة اليوم نهار كومبلي هبلتني ديرها في المودام محبتش تحكم وكي عيتلهم قلولي عندنا مشكل,1,1.0,dataset_3,0
Faite une application pour les iPhone 🙂,0,-1.0,dataset_1,0
وشبيكم تكتبو فرنسي يا شركة اسرائيل والخونة لمزية بدلت اوريدو افضل منكم 100مرة,1,0.0,dataset_1,0
لا يوجد4 جى مجرد اقاويل النت ثقيلة اقل من2جى,1,1.0,dataset_3,0
شكرا موبيليس فوور 🌹,0,1.0,dataset_2,0
Rilizane miyta,1,1.0,dataset_3,0
كيفاش نبدل شريحة لاوين لعرض 200نت من فضلك ،مشكور على المعلومات ،بالتوفيق .,0,0.0,dataset_3,0
سلام عليكم خويا عندي honor magic e شحال فيه fps,0,0.0,dataset_3,0
نفليكسي علاجال الكونكسيون تاع الخرا لي عندكم أنا قررت أنو كون ما تسقموش الريزو تاعكم قبل 15 أفريل ندورها نجمة ولا موبيليس . كونيكسيون دجيزي في قالمة ولات خراا,0,-1.0,dataset_1,0
راني بجيزي الوحيد اللي يحكملي في وسط المدينة راهم كلهم كيفكيف عندي موبيليس يحكم غير في الثلث الاخير من الليل😇?واوريدو لازم تطل من النافذة عندو الضيقة 😁,2,2.0,dataset_3,0
بارك الله فيكم. تطور ملحوظ ودمتم لنا.,2,2.0,dataset_2,0
عندك انترو عياان,0,0.0,dataset_3,0
عندي top 4g ونزيد نشري سما نات 1500ونولي فالفايدة 😁😁,2,2.0,dataset_3,0
Salam aleykoum 512 switch Bouira rahi melitta,1,1.0,dataset_3,0
3lsh nahitoli l3ard te3 600 da 😔🤦,0,-1.0,dataset_1,0
سرعة النترنت فيها مليحة,2,2.0,dataset_3,0
الخدمة تاعكم رائعة صراحة,2,1.0,augmented,0
إن عندي ping 250,0,0.0,dataset_3,0
وبعد شهر هل يبقى العرض تخلص كل شهر 100دج أم تولي عادية نرجوا الرد,0,0.0,dataset_3,0
barak allahoufik,2,2.0,dataset_3,0
ليوم برك يا موبيليس راني راضي عليكم يا موبيليس ، نقلكم صح فطوركم,2,2.0,augmented,0
رجعولنا العرض تاع امتياز100,1,0.0,dataset_1,0
Ki neflexi 2100 da ya3toni hadra plus internet ou que internet ?,0,0.0,dataset_3,0
Mafihach limitation ani ktar men Mafihach limitation 3am m li kasbha 9owa,2,2.0,augmented,0
J'aime beaucoup le offre de djezzy Mes La Connexion is Bad,0,-1.0,dataset_1,0
صح رمضانكم 🌹,2,2.0,dataset_2,0
هل من جديد مودام 4g اتصلات الجزائر,0,0.0,dataset_3,0
voila 😂 yhabou yzidou 3liha 😂😂,1,0.0,dataset_1,-1
J&#39;ai rien reçu je suis de bejaia rien reçu par Djezzy et Mobilis je reçois juste de Ooredoo chaque jour 30 minutes ver tout les réseaux,1,1.0,dataset_3,0
موبيليس لوكان يديرولها 7 G تبقى زيرو ..,1,1.0,dataset_3,0
علاه انترنت ضعيفة جدا في شبكة موبيليس,0,1.0,dataset_2,0
آلاف شكرا جيزي على هذا الإنجاز العضيم,2,1.0,dataset_1,0
كمل هكذا وقول وداعا لمصداقيتك,1,1.0,dataset_3,0
Ymutu 3la tkhnat,0,-1.0,dataset_1,0
دير فيديوا على ردمي 8 برو كيف اختار النسخة الجيدة,0,0.0,dataset_3,0
1500 da,1,0.0,dataset_1,0
rohat f constantine mazaal majabnahaach tjibohaa mobilis 😍,2,2.0,augmented,1
او نتوم ثاني حابسين برك على رواحكم ببساطة النمي روحو ديرو رب الموديم و الويفي تاع adsl و هنيونا لاه ظال تتستو لجيزي هاكذ ؟,0,-1.0,dataset_1,0
راضي بزاف 😍 الله يحفظكم,2,2.0,augmented,1
لي فهم يفهمني!!,0,0.0,dataset_3,0
نجمة كل مانفليكسي يسرقولي الرصيد,1,1.0,dataset_3,0
للأسف جميع العروض الجديدة دون المستوى,1,1.0,dataset_3,0
سقمو الريزو ومنبعد قولو صحا عيدكم,0,-1.0,dataset_1,0
زيد تانيك جيزي لي ديما تسبوطي فيها علاش محكيتش على جيزي كونفور فيها 50g وشريتها البارح والله السرعه تاعها ماغيها ليمتاسيون توصل حتى 24mg ونزيد معلومه متعرفهاش لي بيس تاع جيزي كونترول مفهمش لمتاسيون وزيد فيهم عفسة تقدر تبدل بين العروض,2,2.0,dataset_3,0
YouTube brk!!,1,0.0,dataset_1,0
Djezzy للاسف ما نقدرش ندخل للصفحة لانو ماعنديش انترنتلهاذا حبيت نحول رصيد من البطاقة الذهبية و ناكتيفي انترنت,1,0.0,dataset_1,0
فليكسيت غلطة صوميل دولي<br>واش نقدر ندير بيها واش هي العروض ماعدا مكالمات دولية لي ما نحتاجهاشش,0,0.0,dataset_3,0
ياتيكنو تيليفون لي عندك قرعة خخ,0,0.0,dataset_3,0
السلام عليكم حبيت نسقسيك خويا عرض تاع 150 هايلة بزاف يبقا ديما ولا يتبدل بعد 3 اشهر كي لبيسات لوخرا ؟؟,0,0.0,dataset_3,0
نفس شي مع la win تقولو فيسبوك مجاني ..بصح غير يخلاصو لجيغا متقدرش تتفرج فيديوهات,0,1.0,dataset_2,0
تسلك با الشهر وتكونكتي با الزهر معكوم انتوما كلام فاحش 😡,0,-1.0,dataset_1,0
باجة فيها 4 ملاين تفاعل 60حسنو انترنت ثقيلة جدا😠,0,-1.0,dataset_1,0
يخرطو ماكان والو,1,1.0,dataset_3,0
Oudia w rifka les hommes 🌏💪🏼,1,0.0,dataset_1,0
موبليس_في_تبسة_يوتيوب_ميمشيلكش,0,1.0,dataset_2,0
موبيليس وكل يكونكتي ..❤️❤️,2,2.0,dataset_2,0
نتوما دزيرية علاه تزيدو عليها بزاف !!<br><br>احكي نورمال ول روح تلعب.,0,0.0,dataset_3,0
Merci techno.,0,0.0,dataset_3,0
مشكور👍🏻,0,0.0,dataset_3,1
Si il vous plaît j'ai pas compris comment en transférer les unités avec cette application,1,0.0,dataset_1,0
👏🔥🔥 20da +1gb,2,1.0,dataset_1,0
Habit 5G +youtube illimité mais ch7al y3toni hadra,1,0.0,dataset_1,0
لكل أعضاء شبكة موبيليس,2,2.0,augmented,0
شكون خير ديما ولا سويتش,0,0.0,dataset_3,0
راني نسكن في منطقة فيها 3g خويا تصلحلي هذي تاع top 4g,0,0.0,dataset_3,0
شحال صاامط,1,1.0,dataset_3,0
انا قررت مغادرة شريحة جيزي.كتبت لهم عدة مرات و لم يقنعون بما طرحته لهم,1,1.0,dataset_3,0
Les meilleurs 💪😍,2,1.0,dataset_1,1
وهران .هايلة بزاف جازي<br>Dowloand 50 Mb<br>Upload 10Mbs,2,2.0,dataset_3,0
.hm Lala nti khiyri wesh isa3dek. Ila habiti 5go + fb insta illimité c'est 1100da. Ila habiti 5go + youtube illimité c'est 1100da. W'ila habitihom gee3 : 5go + fb insta youtube illimité c'est 1700da 😊,1,0.0,dataset_1,0
تحيا اوريدو 1500 دينار يعطوك 50 دينار يعطوك جيڨا ❤️😎,2,2.0,augmented,0
بعدو على جيزي,1,1.0,dataset_3,0
ما ف ه م ت و ا ل و 😔,0,0.0,dataset_3,0
احسن عروض احسن عروض روعة,2,2.0,augmented,0
زهرة جامي ربحت تربحوني ليوم الى بغيتي زعمة 🙄,1,0.0,dataset_1,-1
Yaw réseau wchbihh!!??!!,1,0.0,dataset_1,0
ياخويا تحيا جيزي وبركا ماتخرط عليناو,2,2.0,dataset_3,0
ياريث جيزي ديري عروض مثل موبليس ونجمة,0,-1.0,dataset_1,0
"مماطالات جازي1.العفو ، نحن في الخدمة .2.سنقوم بتحويل هدا الاشكال إلى المصالح المختصة لكي يتم تصليحه في أقرب وقت3.مرحبا،نعتذر عن الإزعاج و لكي يتم توجيه طلبك الى المصالح المختصة للمعالجة يرجى تقديم :- العنوان بالكامل '' الولاية/ البلدية/ الدائرة/ الحي (رقم العمارة / رقم المنزل)'' مع تحديد معلم قريب من الحي (مدرسة/مسجد..) من فضلك.شكراً،نسرين من جازي.لكن العمل ولا النتيجة غير ملموسة، أين الخلل، نسرين زهرة أو حمادي!؟ 🤔حلونا مشكل التدفق 3g, رانا سامح في 4g",0,-1.0,dataset_1,0
افضل شريحة جيزي فقط,2,2.0,dataset_3,0
انا عندي جازي كارثة كونيكسيو ضعيفة بصح اوريدو فور عليها بزاف,1,1.0,dataset_3,0
احسن عرض في الجزائر,2,2.0,dataset_3,0
اولا سلام عليكم تانيا اسمط متعامل هو موبليس مخك يفريني هي انفصلات الجزائر,1,1.0,dataset_3,0
موبليس الى العصر الحجرى,1,1.0,dataset_3,0
Chkour,2,1.0,dataset_1,0
لو عندي مليون و مانشريهاش,1,1.0,dataset_3,0
30 min retadrd ? نطالب بالتعويض 😟,0,-1.0,dataset_1,0
واش هاد البداية هه طز طز هه,0,0.0,dataset_3,0
Répond à nous svp.,1,0.0,dataset_1,0
خويا راك خرجت عن الموضوع بزاف ومفهمناش واش قلت كامل,0,0.0,dataset_3,0
🌟 ممتاز والله,2,2.0,augmented,1
ربي وكيلهم درتو شدلي 9 أيام وراحلي,1,1.0,dataset_3,0
6mega dawnload w 3mega applawd,2,2.0,dataset_3,0
جيزي تمشي مليحا غير فاليوتيوب أما الباقي رهج,1,1.0,dataset_3,0
كيف اعرف الرصيد في عرض yooz,0,0.0,dataset_3,0
برافو عليكم 💯 استمروا هكذا,2,2.0,augmented,1
بكري كانت في مودام 4 جي كي تخلص تولي. 512 ودارو علينا من نهار نحيتها صاي منزيدش نرجع ضاعت الثقة بين الزبون وإتصلات الجزائر,1,1.0,dataset_3,0
سلام عليكم نريد طلب المساعدة للإشهار للصيام و الدعاء يوم الخميس ، لرفع البلاء على أمة محمد صلى الله عليه و سلم. الإبتلاء من الله فلا ملجأ ولا منجى الا الله ،دعاء الصائم لا يرد لعلى و عسى ان ينظر الله الينا برحمته و ليس لاعمالنا.,1,0.0,dataset_1,0
6500 kb تيبازة<br>اوريدو,1,1.0,dataset_3,0
راها ثقيلة بزاف 😓,0,-1.0,dataset_1,0
واش اسم تطبيق من فضلك,0,0.0,dataset_3,0
لا صحا عيدكم لا والو ريڨلو الكنكسيو راها تعيي كما نتوما و من بعد نقولولكم صحا عيدكم,0,-1.0,dataset_1,0
شكرا جزيلا ❤️ كل شي مزيان,2,2.0,augmented,0
انا ملي سمعت المالك تاع جيزي يدعم في اسرائيل منزيدش نديرها وتعود الكونيكسيو باطل بعد..,0,-1.0,dataset_1,0
جازي نتاع خرا,1,1.0,dataset_3,0
سلام عليكم ..خدمات جيزي عندي مشكل ما ريبونديتو عليا ..,0,-1.0,dataset_1,0
ÇUKUR 😍🔥 Avec DjeZzY ❤️❤️,2,1.0,dataset_1,1
جيزي هي أفضل متعامل نقال في الجزائر,2,2.0,augmented,0
عرض سخي,2,2.0,dataset_2,0
الشبكة ضعييفة,1,1.0,dataset_3,0
المناطق الحدودية لا توجد تغطية ما المشكل ؟!,0,1.0,dataset_2,0
.uz wsh mn ma puce khoya yarham waldik,1,0.0,dataset_1,0
يا اخي مشاء الله عليك,2,2.0,dataset_3,0
Merci mobilis vive JSK,2,2.0,dataset_2,0
متفامين بيناتهم في 3 <br>كل خطرة شكون لي مليحة والفيلم تعرفوه,1,1.0,dataset_3,0
خويا وين راهي تخفيضات تع الهواتف لي قلت في شهر أفريل ؟!!,0,0.0,dataset_3,0
أريد تغير عايلة بزاف الى بيس كارد,1,0.0,dataset_1,0
Mli hbast l djezzy wana fi ni3ma🙏,0,-1.0,dataset_1,0
كونيكسيوو في الجزائر من قالو نطلعو في تدفق راحت كونيكسيو,1,1.0,dataset_3,0
Rh Abderhmane ختي ربحت في رمضان بصح قالولي كاين وقت لي نلعبو فيه,1,0.0,dataset_1,0
صحيت..تكنو,0,0.0,dataset_3,0
شكرا جزيلا على التوجهات اللتي تقدمها سبق لك و قلت وداعا أوريدو وأليوم وداعا جيزى ماالافضل بينهم .,1,1.0,dataset_3,0
نظن قصدو هدي العفسة موجودة غير ف pix لي يقدر يحولها ل top 4g برك يعني صحاب pixx لجديدة يا قادرة تكون ياماقادرش تكون,0,0.0,dataset_3,0
عرض جيد لو كانت فيها 40 جيغا لكانت افضل. في وقتنا الحالي الناس ما ولاتش تحوس على الهدرة بزاف. كلهم يحوسوا على الانترنت,1,0.0,dataset_1,0
Cnx khra,0,-1.0,dataset_1,0
شكرا جزيلا  كل شي مزيان,2,2.0,augmented,0
Tahya djezzy,2,2.0,dataset_3,0
khkhkh,2,1.0,augmented,0
جيبنا تروكلر بريميوم خويا,0,0.0,dataset_3,0
لازم نتفاهمو كاع و نفوتهم قضائيا,1,1.0,dataset_3,0
عندي هايلا ماكسي نقدر ندير هذا العرض,1,0.0,dataset_1,0
عندي ooredoo dima كيفاش نقدر نخرج منها,1,1.0,dataset_3,0
زاد ثقل الأنترنت,1,1.0,dataset_3,0
يا خويا ربي يهديك ما طمعش الناس..<br>ماكانش عفسة فالدنيا وسمها &quot;تسريع للانترنت&quot; سورتو 4G.<br>السرعة لي يسرحوهالك هي لي تقدر تستعملها و لا نقاش في ذلك.<br>يزيد يرهجها الvpn لا اكثر,0,0.0,dataset_3,0
Merci bcp,2,2.0,dataset_3,0
أخيب أنترنت في العالم هي موبيلسي,1,1.0,dataset_3,0
الكونيكسيون تاعكم ولات الخرى خير منها,0,-1.0,dataset_1,0
بمناسبة عيد الاستقلال نطلب منكم تطوير شبكة الإنترنت التي لا تصلح نهائيا للأسف 😥😥,0,-1.0,dataset_1,0
سييتو زادت حبست. ufo vpn خير منو,0,0.0,dataset_3,0
Chaque fois neflexi 200 da ymadouli 60g wach lazam pour avoir 80g ??!!,1,0.0,dataset_1,0
Best commercial ever 😂,1,0.0,dataset_1,-1
زعما صح,1,0.0,dataset_1,0
😑,1,0.0,dataset_1,-1
خبر رائع نهار لي نكونو كي رجال abonnement illimité,2,2.0,dataset_3,0
نطيحو على راصنا,1,1.0,dataset_3,0
انترنيت رديئة جدا ، رغم انني في العاصمة ، واش يقول لي يسكن برا,0,-1.0,dataset_1,0
شكرا لكم,2,2.0,dataset_2,0
This is This is awesome ..,2,1.0,augmented,0
djezzy by by mobile ooredoo algerietelecom tal3o niveau,1,1.0,dataset_3,0
Djezzy prv prv,1,0.0,dataset_1,0
خويا عندي اوريدو لاقولد باغيا نحولها سويتش نقدر ولا لا<br>يلا نقدر كيفاش شاهو لكود لي نديرو,0,0.0,dataset_3,0
Comment activer cette magnifique offre ?,2,1.0,dataset_1,0
هذا الفيديو حق ولكن يراد به باطل كيف ذلك؟<br>راك بينت رقم هاتفك باش يتصلو بيك مسؤولو جيزي ويتفاهمو معاك كيما جرت العادة<br>بمعنى آخر حبيت تبردعنا<br>معلومة مؤكدة للجميع ان الانترنت في الجزائر مازال طفل لم يبلغ.<br>وأخيرا نقولك ربي يهديك.,0,0.0,dataset_3,0
اخي أنا من متابعيك حبيت نسقسيك هل يوجد شريحتين اوريدو قولد 100 و قولد 200 ام شريحة واحد فقط وتحتوي على عروض,0,0.0,dataset_3,0
شكرا جزيلا 💯 كل شي مزيان,2,2.0,augmented,1
L’application marche pas sur iPhone 😏,0,-1.0,dataset_1,0
علاش نحيتولي تاع امتياز,1,0.0,dataset_1,0
.dz wch hada tabhediil au moins jabto star rak fahm,1,0.0,dataset_1,0
والله العظيم شكر على العروض احسن شريحة موبليس في العالم هك نبغوكما 🥰😍😍,2,2.0,dataset_2,1
مشكل انقطاع الانترنت مع الساعة 9 مساءا,1,1.0,dataset_3,0
تعيينا,1,1.0,dataset_3,0
"Oui, j'accepte la meilleure couverture mobile",2,2.0,dataset_2,0
شكرا جزيلا ✅ كل شي مزيان,2,2.0,augmented,1
اليوم ذهبت عند موبيليس باش نشري بيس قعدت 3سوايع وانا نقارع ومبعد قالولي منبيعوش برخسة سياقة املا خليتهالكم,0,1.0,dataset_2,0
Conx ta3kom kolyoum hagda??!! Rani abonné jdid,1,0.0,dataset_1,0
عندي اوريدو سويتش اوريدو سويتش روعة,2,2.0,augmented,0
انا ودعتها من ثلاث شهر وراني بموبيليس بيكسي مليحة,1,1.0,dataset_3,0
عرض تاع 100 دج علاش رجعتوه 1200 دج دون اعلامنا,0,-1.0,dataset_1,0
الجماعة لي تلعب ببجي كيفاش راه عندكم بنق أنا هذو ليام راه 300 و 400 و خاصة فالليل,0,0.0,dataset_3,0
كثرو من العروض ودارو ليميتاسيو الله لايربحهم المقاطعة هي الحل,1,1.0,dataset_3,0
العروض الفاشلة,1,1.0,dataset_3,0
En Conte Baucoup Sur Vous Merçi Mobilis .,2,2.0,dataset_2,0
مدرتها وندمت معرفتش نرجعها pix,0,1.0,dataset_2,0
اسوا كونيكسيو ف دزاير هي دجيزي ..كرهوني ب ليميتاسيو 😤,1,1.0,dataset_3,0
Ya kho naskoune f hdey f lacity amirouche andi djezzy hayla bazzaf cnx bara andi mais f dar 0.5 dowlond ou 1 upload kach 7el hbb ?,1,1.0,dataset_3,0
رجعولي امتياز تاع 100 دج,1,0.0,dataset_1,0
سلام خويا هادي بيس شرتها جديدة معرفتش ونتا تكملي اكتفي وين نشوف لدات,0,0.0,dataset_3,0
ورقلة 4g والكونيكسيو 00,0,1.0,dataset_2,0
هناك عرض في ساهلة بوكس الاتفقيات مع بعض القطاعات .<br>مثل قطاع التعليم العالم أنأ أستاذ جامعي جبت واحد خلصت 300 دج .,0,0.0,dataset_3,0
درت العرض هذا ملحقتش 15.يوم خلاصت 30 جيغا اني ندمت ذرك,0,1.0,dataset_2,0
دارتها بلعاني باش في 2021 تولي كيما كانت علي حساب ضني والله اعلم,0,0.0,dataset_3,0
Slm عندي ويفي ايدوم تقيلة بزاف واش ندير باش تولي خفيفة,1,1.0,dataset_3,0
M31.redmi.note.8.wach.rayek,0,0.0,dataset_3,0
حمة إليٱس ڤاع خويا تا انا حلفت تكملي هاد لخطرا قيس والديها ونجيب اوريدو,0,-1.0,dataset_1,0
واش راك صح شكرا,2,1.0,augmented,0
Follow,1,0.0,dataset_1,0
"ana 3endi la gold , makash limitations, dork dert test 16m upload et 3 mega down",2,2.0,dataset_3,0
فسد الريزو تاعكم,0,-1.0,dataset_1,0
سرفيس مليح صح برافو,2,1.0,augmented,0
متفاعل شوف ستوري,1,0.0,dataset_1,0
Hna habine Djezzy toueli andha 20 méga de cennect wela dirou box,1,0.0,dataset_1,0
كامل كيف كيف، حتى ooredoo أسوأ، كارثة كيما راهم، الخليج راهم في5g وحنا مازالنا نعانيو. ربنا إنا جزائريون وانت أرحم الراحمين,1,1.0,dataset_3,0
أنا مافهمتش غير كيفاش نص ليشافوا الفيديو مافهموش,0,0.0,dataset_3,0
انا عندي مليحة و النهار تلحق حتى عشرين ميڨا في ذروك في الليل سبعة ميڨا,2,2.0,augmented,0
مبروك راكم عليكم 10ميقا,2,2.0,augmented,0
موبليس اضعف شبكة خو انترنات كارته في كل عروض00,1,1.0,dataset_3,0
موبليس الريزو ڨاع يمشي عندي في تلمسان,2,2.0,dataset_3,0
ام بليس ماشي موبيليس,0,0.0,dataset_3,0
مكاش انترنت في موبيليس غير خلايع,1,1.0,dataset_3,0
في سطيف لا اوريدو ولا موبيليس تقدم هذه الخدمات مع ان سطيف ولاية كبرى و ثاني اعلى كثافة سكانية ..,1,1.0,dataset_3,0
ياخو راهي عندي ولكونيكسيون في بوبجي تجي وتروح,1,1.0,dataset_3,0
فالاول كانت هايلة كي 🚅 مي دوكا ولات كي 🚋,0,-1.0,dataset_1,0
مكاش عروض في جيزي,1,1.0,dataset_3,0
الانترنت عيانة ولات في سمانة خلاصت سمحولي رجعولنا لقديمة هادي عيانة,0,1.0,dataset_2,0
Publication hayela,2,1.0,dataset_1,0
والله روعة ..,2,2.0,dataset_3,0
قريبا 200k مشترك,0,0.0,dataset_3,0
بااي بااي جازي,1,1.0,dataset_3,0
أخبث كونيكسيون موبيليس تقول حاكمها بليس،وهاذو المسؤولين نتاوع شركات الإتصال ڨاع يكرهو الشعب ومتفاهمين علينا باش ياكلونا ويكرهونا حياتنا ( ولاد فرانسا ).,1,1.0,dataset_3,0
Sagmou reseau,0,1.0,dataset_2,0
Ana la puce Djezzy 9dima mafihach imtiyaz,1,1.0,dataset_3,0
.w.d 💪😍🙏,2,1.0,dataset_1,1
شبعتنا خروطو,1,1.0,dataset_3,0
"Kona nestenaw 7aja ma khir lazem tekhdm FB + insta + YouTube , donc lazem t5alas 1700 Bach ywali ghi homa illimité bzf ta3 bzf ta3 bzf djezzy hbal khiir",1,0.0,dataset_1,0
مع علم كاين بلايص مفهمش ريزوا كامل تجيبه وتقعد تعاني معاه هذا مودام .,1,1.0,dataset_3,0
ابلود مقدس عند اتصالات الجزاىر هه,1,1.0,dataset_3,0
دمك ثقيل حبيبنا,0,0.0,dataset_3,0
جيزي فالزبالة,1,1.0,dataset_3,0
J&#39;ai une question svp es ce que je peux annuler la win contrôle et mon numéro?,0,0.0,dataset_3,0
Oui 512 mliha fe modem ooredoo,0,0.0,dataset_3,0
تخلاص يخلاص كل شي,1,0.0,dataset_1,0
كي تطلقو ريزو ساهل,0,1.0,dataset_2,0
Conx ta3kom t3ayii,0,-1.0,dataset_1,0
رحتلهم حتى لاجونص قالولي الحل الوحيد نعاودولك بيس ونفس المشكل والله ماعندها حل الحلول كامل درتهم راك في دزاير كلش معوج ربي يصلح لبلاد والعباد,0,1.0,dataset_2,0
😂😂 استغفر الله,1,0.0,dataset_1,-1
شركة الديناصورات 🤣🤣,1,1.0,dataset_3,0
"⁦✍️⁩ الشيخ العربي التبسي -رحمه الله :"" من عاش منكم فليعش بعداوة فرنسا ،ومن مات فليحمل معه هذه العداوة للقبر "" علموها لأبنائكم",1,0.0,dataset_1,0
انشاء الله ونحوهم قاع .,1,1.0,dataset_3,0
مبيليس كى شغل لونتيل تاع بكرى،,1,1.0,dataset_3,0
ياو فاقو يا لبلاعطي هه,1,1.0,dataset_3,0
مرحبا كريم،البلدان التي يمكنك الإتصال بها عند تشغيل 1200 هي كالتالي : فرنسا، المملكة العربية السعودية، تونس، المغرب، إسبانيا، النمسا، الصين، تركيا، كندا، بلجيكا.زهرة من جازي,1,0.0,dataset_1,0
هه ضحكت من قلبي على اتصالات الجزائر يعطيك الصحة,1,1.0,dataset_3,0
سوتش غير محدود احسن عرض واحسن واسرع من اتصلات الجزائر واحسن عرض لي حد الان,2,2.0,dataset_3,0
لي يستخدم جيزي نقلك حبسها و أنا كي يخلص الشهر هذا خلاص منعودش نستعملها لي معي يحط لايك,1,1.0,dataset_3,0
عادت تسرق دراهم مرڨتها..,1,1.0,dataset_3,0
خوتي جاوبوني يرحم والديكم <br>اللي داير عرض تاع موبيليس تاع 2400 6 شهر ايليميتي مليح ول ماكالاه,0,0.0,dataset_3,0
La connexion est grave faible,0,-1.0,dataset_1,0
خدمة مليحة بزاف بصح,2,2.0,augmented,0
السلاك عليكم اذا قدرتو تردو على الميساج في أسرع وقت متبخلوناش الشريحة تاعي قفلتها بالخطأ و معرفتش كي نجب code puk تاعها باه فنتحها و الوصل ما لقيتهش .. رسلت لكم في الخاص نيميرو تاعي,1,0.0,dataset_1,0
منذ اكثر من 4 اشهر قلت لنا انتظروا عروض جديدة من موبيليس حسب تسريباتي و مصادري الخاصة انتظرنا لكن لا جديد الى الآن,0,0.0,dataset_3,0
I'm the next feature marki 3ndek,2,1.0,augmented,0
9owa ننصحكم ب oredoo Switch خاوتي,2,2.0,augmented,0
ياولدي دير فيديو وقت ذروة ماشي صباح و لى نص نهار مثلا ثامنة مساء ذاك وقت يبان خيط الابيض من اسود,0,0.0,dataset_3,0
المشكل مشي في ثقيلا ولا خفيفة والفتها حبست على جتلها البوببجي فهموني غير انا يا ربي 20 يوم تخلاص ياك شهر علاش ديرونا كما هاك واش حبيتو,0,-1.0,dataset_1,0
هه كلو برطجي مع عيلتك هه اوو القونكسيو 10ياام وهيا حبا وشبيك جازي راكي بيا من راسك,1,0.0,dataset_1,0
انا كي نشوف واش عندي تخرجلي <br>mobtasim pixx 4g<br>ويخرجلي صوالح لي عندي.. زعما الانترنت هاذي لي راك تهضر عليها كون تخلاصلي 13 جيغا تبقى تمشي بالتدفق الضعيف 250k ول لاا,0,0.0,dataset_3,0
Mliha ki tog3od 30jours berk sinon 5Go qlila .m,1,0.0,dataset_1,0
انا رأيي في انترنت ديما أوردو <br>فعلت عرض 200 صح كملتلي الشهر<br>لكن حسيت ان les Mo يخلاصو بلخف<br>وفي الشهر التالي ينحولك البونيس<br>ماكان ماكان,1,1.0,dataset_3,0
يا اخي راها شاعلتلي غير لباور راح كلش,0,0.0,dataset_3,0
جيزي تاع الشعر بارتي تاع بوبجي كي الناس ماتقدش تدخلها سرقتوا الشعب الله لا يربحكم,1,0.0,dataset_1,0
ياا اليهوود اخخ تفو,0,-1.0,dataset_1,0
عرض مليح لوكان للشهر ترجعوه ماشي 15 يوم,2,2.0,augmented,0
Merhba bikom chez nous des compte netflix originales,1,0.0,dataset_1,0
🎉👍👍,2,2.0,dataset_3,1
😍🇩🇿,2,1.0,dataset_1,1
و هاذا عرض محدود بمدة ولا دائم..<br>هاذي العفسة نديروها ب pix 100da??,0,0.0,dataset_3,0
Rockstar Games,1,0.0,dataset_1,0
.dz wach mn agence fi alger rahoum mftouhin ?,1,0.0,dataset_1,0
بصح مبليز معندهاش ريزو,1,1.0,dataset_3,0
ولاية الجلفة الأنترنت مقطوعة منذو ساعة 13 إلى حد الأن ما الذي يحدث,0,-1.0,dataset_1,0
المسابقات شاركنا بصح الهدايا حاجة ماوصلت ، راني من رمضان من مسابقة شايكي واربح ، لليوم مالحقتنيش الهدية لي ربحتها 😏,1,0.0,dataset_1,0
"السلام عليكم،<br>راهي كثر من أسبوع، كي نحب نفليكسي من top 4g بعد تحويلها الى mobtasim تقولي :<br>&quot; Le transfert a échoué, le montant du transfert a dépassé le maximum transfer mensuel. &quot;<br>ما هي القواعد الجديدة لي خدمة &quot;سلكني&quot;<br>(من قبل يمكن إرسال 200دج خمسة مرات في اليوم)",0,0.0,dataset_3,0
خدمة مليحة بزاف,2,1.0,augmented,0
illimité vers la même puce,1,0.0,dataset_1,0
ْعلُاش يالجيزي نحيتولي العرض نتاع الف دينار لي راه مع العروض نتاع امتياز *44# عاد مافيها والو هذي بيس,1,0.0,dataset_1,0
Yaw rahi la cnx fi trig bir snab 💩💩,0,-1.0,dataset_1,0
ping عيان<br>انا ڨلعتها من 5 اشهر,1,1.0,dataset_3,0
الريزو راها ضعيفة هذه الايامات 🤔🤔,0,1.0,dataset_2,0
ممكن عرض 40 جيغا لاوريدو بأقل من مية الف,0,0.0,dataset_3,0
موبيليس الأفضل في الجزائر أصحاب التعليقات برك تبغوا تنتقدو من أجل الانتقاد فقط.,2,2.0,dataset_2,0
يبارك الله فيكم,2,2.0,augmented,0
Barak allah fik,2,2.0,dataset_3,0
الانترنت راهي ناقصة,0,-1.0,dataset_1,0
شبيبة القبائل ترحب بموبيليس كلنا موبيليس,2,2.0,dataset_2,0
"أجمل شريحة هي. top ,4g",2,2.0,dataset_3,0
.benblal 🤣🤣,1,0.0,dataset_1,0
شكرا للمعلومة,2,2.0,dataset_3,0
ديرلنا جيزي ربي يحفظك ❤️,2,2.0,dataset_3,0
واش راك  شكرا,2,1.0,augmented,0
عندهم غير الخرطي,1,1.0,dataset_3,0
ريزو حالة الله يهديكم يا موبليس,0,1.0,dataset_2,0
.w.d حرام لا يجوز شرعا سرقة لاكونيكسيون 😒,1,0.0,dataset_1,0
لله,2,2.0,augmented,0
ما فائدة 80 جيجا و سرعة تدفق الأنترنت جد ضعيفة في قلب مركز ولاية بومرداس. ما الذي تفعله فرقكم التقنية ؟! بلغت عن هذا المشكل عدة مرات و لكن لا حياة لمن تنادي.,0,-1.0,dataset_1,0
راضي بزاف  الله يحفظكم,2,2.0,augmented,0
جيزي راهي قوة..احسن من موبليس. من موبليس.,2,2.0,augmented,0
دجيزي تقريبا مكاش في تيارت منذ اكثر من اسبوع,1,1.0,dataset_3,0
شكرا براك الله فيك,0,0.0,dataset_3,0
اسمها سما مش تسما يخي معليش؟,0,0.0,dataset_3,0
لازم تريڨلو تدفق الانترنت راه ضعيف على مستوى ليونال ميسي مع لبياسجي 🙃,0,1.0,dataset_2,-1
Le resaux djezzy nakes bezzaf fi blayas jsp pourquoi,1,0.0,dataset_1,0
عدها سمانة ملي خرجت راهي عندي فور,0,0.0,dataset_3,0
سما خدمة سما خدمة جيدة,2,2.0,augmented,0
السلام عليكم خويا لا نلقاها في الحراش كم عمر الشخص الذي يستطيع ان يقتني <br>هذه لا بيس,0,0.0,dataset_3,0
اوريدو بالتجربه هي الافضل<br>مشكل تاع اوريدو بلايص ريزو عيان,2,2.0,dataset_3,0
شكرا جزيلاا بتوفيق ان شاء الله,2,2.0,dataset_3,0
يادرا كاش ما بان على ستارلينك 😂😂,0,0.0,dataset_3,-1
باقي متأخرين في الأنترنت.,1,1.0,dataset_3,0
حتى top 4g قرعة،،,1,1.0,dataset_3,0
خدعتنا,1,1.0,dataset_3,0
Hello every body,0,0.0,dataset_3,0
كونكسيون تحت الصفر,0,-1.0,dataset_1,0
واش من فايدة كي تعطيني 40Gوالكنيكسيون فرشة والله اكبر غلطة درتها هيا جيزي,1,0.0,dataset_1,0
Samya AlimRina ماتلعبيش وماتجاوبيش 😁,1,0.0,dataset_1,0
انترنات ومكالمات الله يبارك مشاء الله.,2,2.0,dataset_2,0
كرهنا منهم والله تقوشي راهم يصدقو علينا,1,1.0,dataset_3,0
التضييق على المواطن الجزائري دائما في تزايد.,1,1.0,dataset_3,0
👍🇩🇿❤💚,2,2.0,dataset_3,1
L&#39;essentiel la qualité pas les offres ! Les investissements doivent être mis dans la qualité !!,1,1.0,dataset_3,0
زعما راهي الانترنات كاينه خصنا غير نبرتاجيوا هلكتونا قاعدين نخلصوا غير في الدراهم والكنكسيون يجيب ربي😖😖,0,-1.0,dataset_1,0
كنت ماتديرش وجهك..كي علقلك واحد قالك وريلنا وجهك..عشيت كل فيديو وجهك يدي 90% من الشاشة..<br>ياريت تعاود تنحي وجهك 🙏🧐,0,0.0,dataset_3,0
السلام عليكم ورحمة الله درت مليح كي نحيت الموسيقى بارك الله فيك,0,0.0,dataset_3,0
اوريدو الافضل <br>و جازي في مهب الريح <br>و موبيليس معندها حتى جديد,2,2.0,dataset_3,0
ذهبيةGOLD شريحة تحيا 150.00,2,2.0,augmented,0
Ana 3ndi la Switch,0,0.0,dataset_3,0
كل العروض في الجزائر ليست في المستوا,1,1.0,dataset_3,0
سرفيس مليح ✅ برافو,2,2.0,augmented,1
راهي تمشي,2,2.0,dataset_3,0
Connexion t3aayi nul 👎 😒,0,-1.0,dataset_1,0
Cĥặříɱ ɱŏuśặặß فواش شرحتهم احسن من الباقي,1,0.0,dataset_1,0
مزال 5 ايام مع جازي ، يخلاص لابونمو تاع شهر هذا منزيدش ضربة ، نخلص 100 دج في الشهر ، 5 خطوط ، باش تتصل تحاول 5 مرات ، انقطاع في المكالمات ، انترنت جد بطيئة او منعدمة ، مثال بسيط شهر راح يخلاص استهلكت 2.5 جيغا من اصل 25 جيغا ، تبهدلو ، تبارطاجو لحزاڨ بيناتكم ماشي انترنت,0,-1.0,dataset_1,0
كي يتريقل الجيل الاول نهدرو على الجيل الخامس,1,1.0,dataset_3,0
كتيفيت 100دج وخلاصولي لي جيڨا قبل لوقت كيفاش نعاود نأكتيفي,1,0.0,dataset_2,0
السلام عليكم <br>الانترنات كامل مكانش غير اليوتوب وقوقل لي يطلعو <br>حتي adsl مكانش <br>بلاد ميكي,1,1.0,dataset_3,0
lhadra sans arrêt avec asma mdrr😍😂👌,2,1.0,dataset_1,-1
أن عندي إنترنت اوريدو سويتش طيارة,2,2.0,dataset_3,0
يا أخي بعد التحديث اصبح رادمي نوت 8برو الله من ناحية البطارية ما الحل,0,0.0,dataset_3,0
نحتاج إلى تغطية قبل العروض ،طرحنا انشغالنا ولازلنا ولكن دون جدوى,0,1.0,dataset_2,0
Yzh konictoin ta3km 3mla ki chkopi yarbk sagmoha wla 5lino nachro orido,0,-1.0,dataset_1,0
وقتاش آخر أجل plzz 🙏🏻🙏🏻,1,0.0,dataset_1,0
راه تحايل كبير على شعب لازم يغلقو هذو شريكات تاع الهم.. لازم يدخل وزير اتصالات..,1,1.0,dataset_3,0
Si vous voulez la prochaine fois zidoulna appel illimité vers djezzy et mercii,1,0.0,dataset_1,0
راني امحمل من زمان وراه يتمشى عادي,2,2.0,dataset_3,0
نحي لموسيقى رانا صايمين,0,0.0,dataset_3,0
Yaaw redj3olna ta3 100da😑😤,0,-1.0,dataset_1,-1
ادخل شوف الستوري متراطيش تشبع ضحك 😂😂 و أبوني باش يلحقك غير جديد 🔥 🔥 🔥 🔥,2,1.0,dataset_1,-1
اوكي معليش ريبوندي فالبريفي خي شيعتكم نحن في خدمتكم وباه ترببونديو نن,1,0.0,dataset_1,0
سلام عليكم ورحمة الله وبركاته ماذا حدث جيزي,1,1.0,dataset_3,0
متخلصش مناه درتولها ليميطاسيون يا وجوه الشر,0,-1.0,dataset_1,0
تعيشو كرهت اطلقونا انترنات,0,-1.0,dataset_1,0
المشكل ان الإنقطاعات لا تتم ملاحظتها الا اذا حدثت في العاصمة .اغلبية متعاملي الهاتف النقال حيث في باقي الوطن خدمات سيئة وانقطاعات على طول العام وبعض المدن نصفها مغطى ونصفها لا .وخدمة اقل من 3g ولكن لا تحدث ضجة الا في العاصمة,1,1.0,dataset_3,0
"صباح الخير ؛ لإضافة الجيل الرابع في خطك ، ندعوك للتوجه لوكالة جازي في ولاية 4G لتغيير شريحتك الحالية إلى شريحة USIM 4G وامضاء العقد مع الإحتفاظ بنفس رقم الهاتف. ثم ماعليك إلا ضبط اعدادات هاتفك ""Mode Réseau"" على 2G/3G/4G. شكراً، نسرين.ب من جازي 🙂",1,0.0,dataset_1,0
صفحتنا متخصصة بالكتب و المقالات التي كلها إفادة، دير أبوني ستستفيد، و ستجد كل ما له علاقة ببناء شخصية قوية و التغلب على سلبياتك، شجعو المحتوى الهادف❤️,1,0.0,dataset_1,0
عندي إنشغال يرجى الرد في الخاص,1,0.0,dataset_1,0
ممكن يكون مشكل تقني، مثل الأسابيع الماضية راحت خاصية فيس بوك المجاني من عروض بيكس وأوضحت منظمة حماية المستهلك أمس أنها راسلت موبيليس وتم تصحيح المشكل وأنه تقني,1,1.0,dataset_3,0
خويا حطنا رابط نتع الابليكاسيو PUBG MO <br>كيما حوست عليه ملقيتهاش,0,0.0,dataset_3,0
Rockstar game,1,0.0,dataset_1,0
متفهمش غيا صحابي حطنا تطبيق,0,0.0,dataset_3,0
الحل لن يكون إلا مع إلون ماسك و ستار لينك.,0,0.0,dataset_3,0
غدوة 😁 شريحة موبيليس نشري,2,2.0,augmented,0
ياودي خساؤة الدراهم الانترنت في الجزاير من 9 تع ليل تولي حالية upload 0 و download 0.1 هه 4g fix ربي وكيلهم 200جيغا و ماتكونكتيش لازم تسهر من 2 تع ليل,1,1.0,dataset_3,0
خدمونا ل 4 جي في جيجل برك,1,0.0,dataset_1,0
المهم سرعة تدفق الانترنيت ثقيلة بزاف بالرغم من انها 4G,0,-1.0,dataset_1,0
وسويتش كاش جديد,0,0.0,dataset_3,0
تهدر برديل ا حبيبي,0,0.0,dataset_3,0
انا جيزي في الدار مكانش قاع الريزو,1,1.0,dataset_3,0
Nzid 700 da ywlo andi 30 gb,0,-1.0,dataset_1,0
أحييك على إستبدال الجنريك,0,0.0,dataset_3,0
رحت عند نجمة نشكي بطء الانترنت!!؟؟ قالولي على جال الحراك بطءو ها!!؟؟ <br>النتيجة كيف كيف كي حمو كي ولاد امو!!,1,1.0,dataset_3,0
مكانش منها يوتيوب باطل قع,1,1.0,dataset_3,0
أنا يوتوب راه يطلعلي ب240 pp ونستناه حتي يشارجي <br>الموقع ديدوش موراد في قلب العاصمة تحير ياخوي,1,1.0,dataset_3,0
خويا انا فليكسيت 200 جاتني 30g برك,1,1.0,dataset_3,0
عرض تافه 👎,1,1.0,dataset_3,0
الى متى يطورون في شبكات مازلنا فقط بي انطنات تاع بكري الان المدن الصغيرة اصبحت كبيرة نمشيو شبكات قديمة لهذا في قوة الريزو ضعيفة في بعض الاحياء,1,1.0,dataset_3,0
أفضل متعامل علي وجه ارض,2,2.0,dataset_2,0
هايلة ماكسي الان السرعة 14 ميقة وهذا جيد,2,2.0,dataset_3,0
شغل نقعدو غير زيد تشريها بثلاثين تزيد خمسين زيد ستين زيد ستين كفير كاين فايبر ولا هدرة باطل اذاا لااه اذا لزااف نقعدو نخدمو غير علا زيد زيد باطل ربي أو نزيد نفليكسي من الفوق كون نحتاج نهدر,0,-1.0,dataset_1,0
Win rahi la vitesse ya t7a7na 😒,0,-1.0,dataset_1,0
جيزي حسنو من الخدمة يرحم والديكم راهي موبيليس احسن من ناحية كونكسيو ماتخليوناش نبدلو .,0,-1.0,dataset_1,0
.ssa_ma deep,1,0.0,dataset_1,0
حابين يسرقو بطريقة غير مباشرة اخي,1,1.0,dataset_3,0
سرفيس مليح صراحة برافو,2,1.0,augmented,0
الله يفتح عليك ان شاءالله,0,0.0,dataset_3,0
ooredoo yooz ymado mlih 4G w 50 mn,2,2.0,augmented,0
تحيا موبليس زكارة في لي يقولك ريزو عيان ومكانش كونيكسو هذو اعداء نجاح,2,2.0,dataset_2,0
الله يرحمنا ويرحم جميع المسلمين,0,0.0,dataset_3,0
Che3al prix,1,0.0,dataset_1,0
هذا عرض بيكس من غروض افضل,2,2.0,augmented,0
Djezzy حسنا راني بعثتلكم المشكلة نتاعي في الخاص جاوبوني برك راه الميساج لي بعثتو عندو عام ومرديتوش,0,-1.0,dataset_1,0
تيكنو وناس زينين,0,0.0,dataset_3,0
سويتش عندكم في الجي هنا ف تيارت ميتة طوول تحسب 2جي,1,1.0,dataset_3,0
بينوا رواحكم عندي هدرة معكم ومكالاه تريبونديو عليا بالروبوت,1,0.0,dataset_1,0
Asm3 golhoom ytlgona chwi konx fliil g3rtona s7bi fb lite ma7bch ymchili,0,-1.0,dataset_1,0
عندي مبتسم 3g كيفاه نحولها 4g..?,0,0.0,dataset_3,0
ديما ماشي بدجيزي ، جامي مالقيت مشكل ،,2,2.0,dataset_3,0
Repondè svp au privè j'ai envoyè un msg,0,-1.0,dataset_1,0
غير لخرطي اكتيفيت 50 الف ساما نات يمشيلي غير لفيسبوك,0,1.0,dataset_2,0
👎👎,0,-1.0,dataset_1,0
القمة 💚💙😍#موبيليس شكرا لكم خدمة في القمة 💚💙😍#موبيليس,2,2.0,augmented,1
.dz ردو عليا,1,0.0,dataset_1,0
Hakim Bouderah هه عندك الحق 😏😏,1,0.0,dataset_1,0
المشكل مكانش الريزو راني فلكسيت بصح متمشيليش دورتها لجيزي قراتوي,0,1.0,dataset_2,0
خويا انا كي ندير *44# تخرجلي غير امتياز و العروض ميخرجوليش وانا بيس تاعي هايلة بزاف,1,1.0,dataset_3,0
Ch7al prix ta3 la puce??,1,0.0,dataset_1,0
جيزي هي أفضل متعامل للهاتف نقال في الجزائر,2,2.0,dataset_3,0
😫😫ااه مووه,0,0.0,dataset_3,0
.azou Ouii 😁,1,0.0,dataset_1,0
انا موبيليس في الدار الميساج في المسنجر ميفوتش بربكم هاذه كونيكسون انا نقول لموبليس دعمو الشعب ديرولهوم الريزو,1,1.0,dataset_3,0
لالا يا أخي احسن متعامل نقال في عنابة هي دجيزي,2,2.0,dataset_3,0
صح قولي اذا نقدر نبرطاجي بيها فديمو ولالا,0,0.0,dataset_3,0
Rockstar North et rockstar GAMES normalement,1,0.0,dataset_1,0
Win nsibha,0,0.0,dataset_3,0
كي تولي تمشي مبعد ساهل 😑😑 ناكتيفيو مية و خمسين الف مبعد ما تمشيش وش فالمفايدة !!؟,0,-1.0,dataset_1,-1
.dz pff n'importe quoi mafhamtch l3a9liya ta3kom hadi kol khatra puce jdida mala ray likom,0,-1.0,dataset_1,0
aktivi 4G fi tilifon tamchi mlih,1,0.0,dataset_1,0
و موبيليس غير محدود .. عرض فاشل غلطت درتو مرة اولى و منزيدش نديروو خسترة الدراهم كنت حاسبة مكالمات نخو موبيليس غيؤ محدود خاطر من مفرووض بااينه هذه اي اكتيفايصيون تاع 100 و 1500 من مفروض باينه,0,1.0,dataset_2,0
صح رمضانكم,0,0.0,dataset_3,0
هو بعد,1,0.0,dataset_1,0
bravo alik machalah channel fort &lt;3,0,0.0,dataset_3,0
اخي عندي سؤال شريحة اوريدو abonnement هل يمكن توقيفها شكرا اخي,0,0.0,dataset_3,0
merci mobilis❤️ c'est gentil,2,2.0,dataset_2,0
خويا العزيز معليش نسقسيك على العرض تاع أوريدو 100 دج ليعطوك 30gb اليوتوب غير محدود . بعد ما تفض الأنترنت اليوتوب السرعة تاعو شحال من فضلك أرجو تجاوبني راني من المتابعين تاعك وشكرا,0,0.0,dataset_3,0
Et le consommateur qui va le dédommager??,1,1.0,dataset_3,0
Mobilis نحن ننتظر في عروض رمضان هل هناك عروض هذه السنة؟,1,0.0,dataset_2,0
هاذيك جيغا او تيرا ما رانيش نشوف مليح,1,0.0,dataset_1,0
سرفيس مليح ❤️ برافو,2,2.0,augmented,0
🙏🙏,1,0.0,dataset_1,0
جيزي نقصت فالكنكسيو راه ضعيف خلاص,1,1.0,dataset_3,0
😂😂 ضفاك,1,0.0,dataset_1,-1
"La top 4g, je l&#39;ai jamais vu dépassé les 50,kb chez moi sauf pendant ce triste 1giga ça marche mais au dela waalou..",1,1.0,dataset_3,0
تطبيق رائع مشكور أخي واصل,2,2.0,dataset_3,0
مزالت صراتلي ليوم برك لدرك مزالت,1,0.0,dataset_1,0
la switch 9owa,2,2.0,augmented,0
السلام، عندي مشكل ف الرسائل النصية (موبيليس),1,1.0,dataset_3,0
تطبيق الله يبارك مليح عجبني بزااف وزيد كي تنزلو عندك 1G انترنيت باطل صالحة لمدة اسبوع 😍😍😜,2,1.0,dataset_1,1
خاوتي راح نشري سويتش تاع 150 الف اوريدو اشتراك عام بواش تنصحوني,0,0.0,dataset_3,0
Vive switch,2,2.0,dataset_3,0
.dz la puce dir 500 da wach men offre fiha ba3d el ch7ar lawel 🤔🤔,1,0.0,dataset_1,0
هه كاين لي طلق لخبر قبلك بركا متعرض,0,0.0,dataset_3,0
كيفاه نحوه نرجعو لقديم,0,0.0,dataset_3,0
mobilis karita,1,1.0,dataset_3,0
تجربة رائعة صراحة نشكركم,2,1.0,augmented,0
كيفاش نحول شريحه جازي من 3G الى 4G,1,0.0,dataset_1,0
J6+فيه.ولىخويا.لالا,0,0.0,dataset_3,0
Vive oredoo la Switch,2,2.0,dataset_2,0
انا,1,0.0,dataset_1,0
مزال ملقيتش عرض مليح راني نديباني ب هايلة بزاف,1,1.0,dataset_3,0
عندي جيزي امتياز 1200 يمدولي 30 g و 200 هدرة وجيزي باطل,2,2.0,dataset_3,0
15jours,1,0.0,dataset_1,0
في شريحة لا سويتش ، هل ينقص العرض بعد سنة (مثل لاغولد) أم يبقى كما هو .<br>أرجوا الإجابة على هذا السؤال..,0,0.0,dataset_3,0
600😒,0,-1.0,dataset_1,0
هه الفيديو ماحبش يمشيلو في اليوتيوب,1,1.0,dataset_3,0
عرض فاشل يستهلك الإنترنيت بشكل رهيب سرقة عيني عينك,0,1.0,dataset_2,0
خويا ربي يعيشك لكان راك تقرى في الكمونتار تاعي حم بوك ماتزربش في الهدرة غي بسياسة مانا قابضين والو غير بعقلك وفهمنا وحدة وحدة دنيا ماهيش هاربة,1,0.0,dataset_1,0
مرحبا، للتأكد على مستوانا، ندعوك لتقديم رقم الهاتف على الخاص من فضلك.زهرة من جازي :),1,0.0,dataset_1,0
النعمة,2,2.0,augmented,0
Charkt mn b3d nahit l'application ms koul mnflixi nlgahm na9sin wyjini msj mn lo3ba,1,0.0,dataset_1,0
ممكن تثبيت تعليقي بليزز اريد اوصل الف فدوةة 😊😊❤,0,0.0,dataset_3,0
Est ce que je peux migrer de ma puce haya bzf vers izzy ?,1,0.0,dataset_1,0
تكمل في سمانة,1,1.0,dataset_3,0
شبكة سلحفاة من 6:00. 00:00,0,-1.0,dataset_1,0
😂😂 cnx taa mozembi9 kheir ma ta3kom,0,-1.0,dataset_1,-1
problème de réseau,1,1.0,dataset_3,0
أنا عندي نجمة قولد مليحا غي فليل تتقال شويا وتبقا أفضل من جيزي لي كنت نسوفري منها ولكن نجمة قولد تكل لي ميغا بزاف وتكمل قبل الشهر هذا هوا لافوت لي فيها,2,2.0,dataset_3,0
نلت عندنا 0,0,-1.0,dataset_1,0
Slm frr hawast 3la vidéo ta3 configuration makch ( top 4G ),0,0.0,dataset_3,0
الانترنت ضعيفة منعدمة,0,1.0,dataset_2,0
zama sah mayeserkouche les megas,0,0.0,dataset_3,0
Bach nactiviha wach ndir psk makherdjatlich f l'application djezzy,1,0.0,dataset_1,0
3lach ta3 100 da raditoiha 1200 ??,1,0.0,dataset_1,0
نرجوا ان تهتم بالحواسيب لكي نستفيد جميعا وشكرا على مجهوداتك,0,0.0,dataset_3,0
B 2500 da 3and ooredoo ta3tik 120 gb,0,-1.0,dataset_1,0
cnx t9ila flil,0,-1.0,dataset_1,0
C quoi flexy net gratuit?,1,0.0,dataset_1,0
.__.ou._.chouchou هاذي لي باغي نفهمها 😅😅,1,0.0,dataset_1,-1
زوج دقايق و نص هدرة باطل 😐,0,0.0,dataset_3,0
شبكة الانترنيت في جازي راهي رديئة جدا مليتها وكرهت لوقتاش هذا المشكل,0,-1.0,dataset_1,0
انا عندي موبيليس جامي طلعتلي فوق 100kb وعندي اكتر من عام مخدمتش بيها منيش فاهم اسكو نديرها ولا لا ولا ليجيقا تعها يخلاصو فيسع ولا ولا يكملو شهر منيش فاهم المهم عندي جيزي تعبتني وش تنصحوني🎀,0,0.0,dataset_3,0
عندي شريحة لا سويتش بين 8-12 ليلا كارثة,1,1.0,dataset_3,0
Ml 9wt la cnx t9illa m9derttch nchof la pub💔😐,0,-1.0,dataset_1,0
لفهم عليه يفهمنا ؟,0,0.0,dataset_3,0
10:46 mazla 😢😢,1,0.0,dataset_1,0
انا رحت دومونديتها ملا ديريكسيون حجا فوور ❤❤,2,2.0,dataset_2,0
3G <br> مراهيش تمشيلي,1,1.0,dataset_3,0
Et les appels vers nes réseaux djezzy sont illimités aussi ?,1,0.0,dataset_1,0
اليوتيوب الغير محدود في موبيليس مليحة,2,2.0,dataset_3,0
شرح عيان😤😤,0,0.0,dataset_3,0
الانترنت مازالت ضعيفة 😡😏🙄,0,-1.0,dataset_1,-1
Nta daymen heka ودع ودع ودع ماجبتنا حتى عفسة تصلح,0,0.0,dataset_3,0
علاه سكرتولي البيس تاعي مالقري مزالت جديدة ماعندهاش شهرين وديما نفليكسيلها 🙄🙄,0,-1.0,dataset_1,-1
Youcef Bénaboura راك تشوف راهم يعيو,1,0.0,dataset_1,0
cnx t9ila bzf pff🙄😒,0,-1.0,dataset_1,-1
Un Internet plus le ping 20ms c non no,1,1.0,dataset_3,0
صحراء وكتاش,0,0.0,dataset_3,0
نفاذ 4جي خير .بعد ايدوم الجيڨات تتفرج يوتيوب 720 p,2,2.0,augmented,0
برافو عليكم ❤️ استمروا هكذا,2,2.0,augmented,0
سلام خوى ممكن تشرح لنا تطبيق جديد اسم (تم تم وان),0,0.0,dataset_3,0
مع موبيليس مع تهدر ما تكوناكتي,1,1.0,dataset_3,0
oui c'est valable 30 jours 😊,1,0.0,dataset_1,0
تم الرّد,1,0.0,dataset_1,0
وريدو راهي خير منهم كامل,2,2.0,dataset_3,0
700 da / mois pour 15 Go ..c'est gratuit..😅 merci Djezzy,0,-1.0,dataset_1,-1
Qsq je doit faire pour avoir cette option ?,1,0.0,dataset_1,0
أنا مشاولي في 30 ألف,0,0.0,dataset_3,0
انا موبيلس عندي خرا اكتفيت 100الف فيسبوك ومتقدرش تستعملو ريزو خراا,1,1.0,dataset_3,0
هل هو عرض متوفر على *44# من فضلك ؟,1,0.0,dataset_1,0
It's soo perfect!,2,1.0,dataset_1,0
وريزو زبل حشكم,1,1.0,dataset_3,0
يا خوا انا نسكن على برا انصحوني بمودام,0,0.0,dataset_3,0
لقد تم الرّد :),1,0.0,dataset_1,0
الله يحفضك خويا كلام صواب,0,0.0,dataset_3,0
Conx ta3koum dayra ki lhaam w say,0,-1.0,dataset_1,0
جيزي ف ليميتاسيون ليراهم دايرينها تحبس قاع ماشي156 kb . أنا كانت عندي رميتها والله,1,1.0,dataset_3,0
خويا عبد الجليل و اوريدو كاش جديد,0,0.0,dataset_3,0
موبيليس كاارثة &quot;ورااكي&quot;,1,1.0,dataset_3,0
راني نشوف بجيزي 720p50.. لفيديو تاعك بجيزي 720p50.. بركى ماتخرط,2,2.0,augmented,0
"Sai Chaima مرحبا،يمكنك إلغاء اللعبة من خلال تطبيق جازي في خانة اللعبة INSTAWIN ثم الضغط على "" Mon compte "" ثم إلغاء الإشتراك :) زهرة من جازي",1,0.0,dataset_1,0
محتوى رياضي💕,0,0.0,dataset_3,0
دائما في شكرا جزاك الله خيرا دائما في حسن الخدمة,2,2.0,augmented,0
خدماتي معاكم راه عندها عمر من سنة 2006 برقمي هذا 0771423.. ربحونا معاكم راني خاسة بزاف دراهم عندكم هه رجعونا شوي,0,-1.0,dataset_1,0
تجربة رائعة صح نشكركم,2,2.0,augmented,0
عندي جيزي في الطارف الحمد لله عرض هايلة ماكس كبيرة,2,2.0,dataset_3,0
موبيليس صامط بالميساج نغماتي اوف اوف 🤒😬,1,1.0,dataset_3,0
ريزو يعيي بفف🐌🐌,0,-1.0,dataset_1,0
علاش مدروش با 600دج Facebook Instagram wattsap,1,0.0,dataset_1,0
Lokan tsagmo réseaux mchi khir?🤦🏻‍♂️,0,-1.0,dataset_1,0
لبنات في🙋🏻 صفحتنا تلقاو صوالح تاع لبنات🌸👑 (وصفات 💄، نصائح👝 ، تدابير 👒، ضحك 😹، حلول لأغلب مشاكل البشرة💅🏻 و جسم💎..) مرحبا بكم 😚💎💖,1,0.0,dataset_1,0
الاضعف و الاقوى في سرقة رب يهديهم,1,1.0,dataset_3,0
حبيت ندير الغاء كلاتلي كامل كريدي,0,-1.0,dataset_1,0
Djezzy spicial mafihach limtasion rebi,2,2.0,dataset_3,0
لكونيكسيو علاه راكم تقطعوها فليل,0,1.0,dataset_2,0
سيما جاية من السمات مميزات مواصفات ..،,0,0.0,dataset_3,0
"Qu&#39;est-ce qui se passe sur ce maudit mobilis jolie vue 2 kouba ,a chaque que je branche ma top 4g elle descend a 3g ou h+ ?",1,1.0,dataset_3,0
مبغاتش توليلي,1,1.0,dataset_3,0
اوريدو طلعو فالبري,1,1.0,dataset_3,0
يا ودي الله يدلهم كامل سراقين جيزي ندير تاع 150 والو ميت ديراكت اوريدو يوز كدبة كبيرة موبيليس عجوزة م بكري متبدلتش,1,1.0,dataset_3,0
ضواحي برج بوعريريج، السرعة تفوق سرعة السلحفاة بجزء من الثانية.,1,1.0,dataset_3,0
.7 .7,1,0.0,dataset_1,0
.dz وقتاه ترجعو الكونكسيون كيما كانت؟,1,0.0,dataset_1,0
معاك جمال جمال,0,0.0,dataset_3,0
comment ça ? 600da 40go?,1,0.0,dataset_1,0
تجربة رائعة صراحة نشكركم,2,2.0,augmented,0
راضي بزاف  الله يحفظكم,2,2.0,augmented,0
W hedi ta3 500da whdha esq djeezy illimité 1 mois ?,1,0.0,dataset_1,0
Lmohim khoya kach jdid derelna vidéo t3ich,0,0.0,dataset_3,0
المهم سرعة التدفق ما شي ( لحنش إيدور ونا نستنا),1,1.0,dataset_3,0
😍 ممتاز والله,2,2.0,augmented,1
برافو عليكم 🌟 استمروا هكذا,2,1.0,augmented,1
عرض تافه جيزي دارت عرض 500 <br>45 جڤا و200 اتصال معا كامل المتعاملين,1,1.0,dataset_3,0
عروض و كونيكسيون عيانة علاه,1,1.0,dataset_3,0
Ripondiw prvi 3alh ma tahtmoch ba zbon,0,-1.0,dataset_1,0
ياا و جاوبونا فلخاص,0,-1.0,dataset_1,0
مافهمت والو خالوطة شوية,0,0.0,dataset_3,0
للأسف نحن هنا في مشرية ولاية النعامة مزالنا +H الناس راها قريب 5 جي و حنا منطقة الظل نتمنو غي 3 جي تتأفيشا في موبيل تاعنا,0,-1.0,dataset_1,0
C'est dispo dans tous nos points de vente 😊,1,0.0,dataset_1,0
Mobilis pix mliha,2,2.0,dataset_3,0
جاوب فالخاص من فضلك,1,0.0,dataset_1,0
سڨمو الريزو وريبونديو كي نعيطولكوم ومبعد ساهل,0,-1.0,dataset_1,0
الله يحفظكم ويسعدكم ان شاء الله موبليس فريق ♥,2,2.0,dataset_2,0
أخي كتمان موجدين في ولاية سعيدة وشكرا,0,0.0,dataset_3,0
يا خويا غلطت باه نكتيفي pixx اكتيفيت semaكيفاش نرجعو,0,0.0,dataset_3,0
Avec 1500DA ailleurs ya mieux que votre option sur tous les domaines services et qualités..tous mes respects ..tous mes excuses,1,0.0,dataset_1,0
الحل برك كفه ؟!!,0,0.0,dataset_3,0
.dz merci à vous on aimerait que ça soit opérationnel 🙂,2,1.0,dataset_1,0
3awdouha f Manchester 😂,1,0.0,dataset_1,-1
افضل عرض هو تع la switch,2,2.0,dataset_3,0
شكون المجنون لي يدير pus هاذي <br>كاينة 250 ooredoo <br>يعطيك 120 جيڨا . و 200 هدرة معا تو ليريزو <br>وهدرة معا اوريدو بلاش <br>و30 دقيقة للخارج <br>La switch احسن طبعا,1,1.0,dataset_3,0
هخهه انا حمد الله كملت قرايتي 19عام كامله 😂😂,1,0.0,dataset_1,-1
Esq il y a un offre pour 30jrs!!,1,0.0,dataset_1,0
اول مرة نلقا واحد في يوتوب يفهم وميكترش لهدرا لمعندها حتي معنا مع محتوى الله يعطيك صحا اخي ✋بارب الله فيك,0,0.0,dataset_3,0
تحيا اوريدو السويتش,2,2.0,augmented,0
يا خاوتنا ديرو جام بش يطلع الفيديو وخلي كومونتار مليحا لينا ت,0,0.0,dataset_3,0
للاسف الانترنت تصبح غير مستقرة في شبكة موبيليس اثناء الفترة الممتدة من المساء الي غاية منتصف الليل حتي مع وجود تغطية جد جيدة يبقي المشكل عويص,0,1.0,dataset_2,0
سلحفاة و بغات تجري زعما 😂,0,-1.0,dataset_1,-1
.bouch.ra_ Oui 😊,1,0.0,dataset_1,0
نصائح طبية ، جمال و موضة و طاقة ايجابية 😍😍 بكم مرحبا,2,1.0,augmented,1
عندي جيزي 3g قبل كنت نفلكسي 100 تالف تقعد شهر بصح قبل 3 شهر فلكسيت 100 تالف سمانة خلاصت من تم حبستها خليتها غير للمكالمات,1,1.0,dataset_3,0
شكرا جزيلا ✅ كل شي مزيان,2,1.0,augmented,1
عرض pixx وينتا يطلقوه,0,0.0,dataset_3,0
Lokan t3toni compte Netflix machi khir,1,0.0,dataset_1,0
الفايسبوك يشتغل عادي,2,2.0,dataset_3,0
شكرا جيزي لقد استلمت هدية,1,0.0,dataset_1,0
كفاه نرجع من عرض جيزي ايزي لعرض هايلة بزاف,0,0.0,dataset_3,0
سقمو كنكسيو ريزو ناقص بزاف 2020مزلنا نشكو من ريزو كنكسيو والله بروتو رنا في عاصمة حراش,0,-1.0,dataset_1,0
شهر ول*-*,1,0.0,dataset_1,0
رجعوهاا100,1,0.0,dataset_1,0
انترنات في الجزائر من سيئ الا الاسوء بثلاث خطوط و المشكل لا يوجد اعتدار أو تعويض الزبائن و لا حديث في قنواة العار الجزائرية على سبب انقطاع انترنت و يقول لك الجزائر الجديدة حسبونا الله و نعم الوكيل فيكم تهدر على حقك ⁦⛓️⁩⁦⛓️⁩⁦⛓️⁩ خدماتكم هكدا 👌👌مستوى صفر,1,1.0,dataset_3,0
Merci infiniment pour vos efforts l'équipe de mobilis,2,2.0,dataset_2,0
ولا نقلكم ديرونا ديك لعفسة تاع كي تفليكسي ويخلاصولك جيغات يمشي لفب حتان وقت لي يخلاص شهر فيه وش قلتو,1,0.0,dataset_1,0
.ine .phone ._.sam._.ly,1,0.0,dataset_1,0
رانا أنعانيو من قسام تاعهم,1,1.0,dataset_3,0
kon ghir les donnés yamcho nrml,1,0.0,dataset_1,0
🖕 تبلع بزاف في نهار تلقى روحك مخلص 10Go كي والو وزيد التدفق ضعيف,0,-1.0,dataset_1,0
انقطاع في المكالمات كل الوقت الى متى؟ الزبون يخلّص و انتم لا توفرون الخدمة,0,-1.0,dataset_1,0
Mais hadou lyamat connexion grave d3ifa 💔💔,0,-1.0,dataset_1,0
بالتوفيق موبليس,2,2.0,dataset_2,0
وراه التلفون نتاعي اللي ربحتو قبل ونرعد نتفاهمو,1,0.0,dataset_1,0
امتياز علاش مرجعتوش تاع 80الف 😑,0,-1.0,dataset_1,-1
مرانيش مأمن.. أما بلاد نتوما,0,-1.0,dataset_1,0
الخدمة تاعكم رائعة 👍,2,2.0,augmented,1
جيزي هاربة خير ولا جيزي سبيسيال ولاكونكسيون فور والله,1,0.0,dataset_1,0
تقول عليك مهبول تخربط فالهدرة ما فهمت والو عليك تدخل حكاية في حكاية هه توب 4g و مبعد تيك توك يا ولدي ارتفي,0,0.0,dataset_3,0
"التكنولوجيا الجديدة تعتمد اللغة الانجليزية ، ديرو روبورتاج كامل بالعربية ولا المصطلحات الأصلية الإنجليزية، مافهمتش لاه ترجموا كلش للغة الفرنسية الميتة . 3D Printer, GPS Global Positioning System, AI Artificial intelligence..",1,0.0,dataset_1,0
اتعيي موبيليس,1,1.0,dataset_3,0
.algeriens.official اقرا على روحك يودي,1,0.0,dataset_1,0
Il faut changé la puce?? J'ai une hayla maxi,1,0.0,dataset_1,0
ما عندها حتى معنى عندهم الدراهم على ظهر الشعب، يقدرو يخلصوها كل شهر.,1,1.0,dataset_3,0
تجربة رائعة 🌟 نشكركم,2,2.0,augmented,1
خمسينلف وش يعطولي في اوريدو؟؟ جاوبوني متغمروش بيا,0,0.0,dataset_3,0
اشهار يبان تاع ريحا و زيد سرعة تاعكم 🐢,0,-1.0,dataset_1,0
هل استطيع تحويل اوريدو غولد الى يوز,0,0.0,dataset_3,0
عندي جيزي و الانترنات افصل بكثير من المتعاملين الآخرين,2,2.0,dataset_3,0
Wach Kho kifache El iltizam,0,0.0,dataset_3,0
موبيليس مليحا,2,2.0,dataset_3,0
هل هو جيد في ببجي عندي مودام 4g ltu حبيت نبدلو و شكون خير,0,0.0,dataset_3,0
تحيا جيزي وبركا ماتخرط عليناو,2,2.0,augmented,0
كي نقولوا هولندا نقولوا ي8ود ، غير كيما شريت شريحة جيزي و إذا صح واش راهم يقولوا نرميها في المزبلة,1,1.0,dataset_3,0
رسلتلكم ومجاوبتوش,1,0.0,dataset_1,0
"أنا قبل ما ندير العرض تأثرت بتعليقات الناس لكن قلت نجرب باش نحكم وفعلا جربت ولقيتو أحسن حاجة دارتها موبيليس"" 🌺",2,2.0,dataset_2,0
🌹🎊🎉🎈🎈🎆🎆العالمية مع موبليس,2,2.0,dataset_2,0
المشكل؟ انا يشتغل عندي فقط اليوتيوب ؟ وقوقل والفايسبوك والتطبيقات الاخرى لا,1,1.0,dataset_3,0
Mauvaise connexion à l'est de m'sila est son environnements..🤮,0,1.0,dataset_2,0
"4 g zéro de chez zéro, ghir el Khorti, mobilis et compagnie c&#39;est des voleurs et des menteurs !! Vivement la concurrence wallah ghir rani soufri ma3a connexion Internet adsl",1,1.0,dataset_3,0
وتربح 1go,1,0.0,dataset_1,0
للأسف الشديد حتى لو كانت 100جيقا بقيمة 100دج ما الفائدة ونحن نعاني من الخدمات ولاكوناكسيو تحت الصفر، حسنوا الخدمات ومن بعد العروض مواطن من ولاية سكيكدة دائرة عزابة,0,1.0,dataset_2,0
شكون عندو جيزي نلعب فري فاير لبينغ 500,0,0.0,dataset_3,0
Nadir Gemes ايه تروح لجيغا بزاف,1,0.0,dataset_1,0
mdr 4G++ = 2G+ EDGE !!,1,1.0,dataset_3,0
Hhh 😂,1,0.0,dataset_1,-1
خويا ديزاد كي تكمل 20g وسرعة المنخفضة 512 تقدر تلعب بيها ببجي,0,0.0,dataset_3,0
كي يكون عندنا رصيد 30G و تروح غير ف لحنش يدور مانزيدش نكتيفي,0,-1.0,dataset_1,0
عجبتني تاع سوف اشطبها مليستا هه,0,0.0,dataset_3,0
Chofalna starlink wine rahi la79a,0,0.0,dataset_3,0
سرعة منخفضة على الأقل 1 ميجا في كامل العروض,1,1.0,dataset_3,0
Mazal lwa9t ta9der techri 😁,1,0.0,dataset_1,0
الجهوي حتي في لبيس الجزائر فيه 58 ولاية مشي غير الجزائر العاصمة و وهران و ورڨل,1,1.0,dataset_3,0
مازلتم تكذبون يا شمايت الله يلعنكم و يخزكم تحتالو على الشعب ونقلكم والله والله والله يا 4g ماهي موجوده في الجزائر كلاب النار,0,-1.0,dataset_1,0
شكرا جزيلا  كل شي مزيان,2,1.0,augmented,0
وش رايك في جيزي كونفور واوريدو لاسويتس من ناحية الليمياسيو؟,0,0.0,dataset_3,0
💪🔥,2,1.0,dataset_1,0
درت عرض سما معجبنيش,0,1.0,dataset_2,0
ياك عرض توب تستعمل بيه كل شئ علاش غير ليوم وين تقدر تستعمل بيه تيك توك,0,0.0,dataset_3,0
صحة رمضانكم يا جماعة الخير <br>من فظلكم أنصحوني في ما يخص مودام أوريدو هل الواي فاي قوي خير من موبليس نعم لا شكرا,0,0.0,dataset_3,0
Djezzy من رمضان و نتو تقولو هاذ الكلمة,1,0.0,dataset_1,0
.dz yak 600=1moi,1,0.0,dataset_1,0
انا مين نفليكسي يسرقولي الدراهم و الشهر يخلاص ليه ليه مرة درت شهر قعدتلي 12 يوم و مبعد نحيت عزرينها خلاص,0,-1.0,dataset_1,0
😭😭 انا درت *500# وجاتني غي 30,0,0.0,dataset_3,0
اذا كنت كل مرة تسكرولي لبيس بلا سبب نبطلها قع,0,1.0,dataset_2,0
تدفق ضعيف جدا,1,1.0,dataset_3,0
عروض هايلة موبليس يعطيك الصحة,2,2.0,dataset_2,0
Site mabgach yetle3 🤔,1,0.0,dataset_1,0
جيزي تحتاج لثورة حقيقية للقضاء على الخلل في الإنترنت خاصة الجيل الثالث و الرابع عبر تخصيص إمكانيات ضخمة وعمال محترفين للنهوض الشامل بالشركة.غير هذا تبقى نفس المشاكل.,0,-1.0,dataset_1,0
راهي السرعة 17 م بايت راهي هايلة,2,2.0,dataset_3,0
Remila Kenzo صاحبي واش هم العروض تع اوريدو سويتش,1,0.0,dataset_1,0
Ya Quoi comme offre 4g pour 100da,1,0.0,dataset_1,0
عاود ديرلنا فيديو آخر خطراش مافهمنا والو,0,0.0,dataset_3,0
عرض توب 4G طلعولوا محدودية 1ميغا على اقل,0,1.0,dataset_2,0
في العنوان كتبت عروض إتصالات الجزائر و لكنك لم تتحدث عنها !! لماذا أخي الفاضل .؟,0,0.0,dataset_3,0
؟؟,1,0.0,dataset_1,0
شريحة مليحة .,2,2.0,dataset_3,0
اخي كش جديد على بيس تع لوين كنترول تع 130,0,0.0,dataset_3,0
تقدر تيليشارجي بيه حتى ويلا خلاصت كنكسيو واللا متقدرش,0,0.0,dataset_3,0
هل سيتوفر الشحن جواهر فري فاير من شركتم اتمنا الرد,1,0.0,dataset_1,0
حنا مازلنا مع ADSL ..المتخلفه..تقطع انترنت يوميا ..عيت..نشتكي ..دون جدوى ..اتصلات الجزائر ..شركه متحايله .. escroquerie tout cours,1,1.0,dataset_3,0
في بلاي ستور اكتبي Djezzy برك الأول هذاك هو,1,0.0,dataset_1,0
سرفيس مليح  برافو,2,2.0,augmented,0
Rpd à.mn message,1,0.0,dataset_1,0
games 🔥❤️🔥❤️,2,1.0,augmented,0
كفاه نحي كويز هذا كل يوم تدولي دراهم 😑,0,-1.0,dataset_1,-1
Djezzy شكرا شكرا ☺️ ☺️,2,1.0,augmented,0
سڨموا الربزو من بعد شاركوا 😏,0,1.0,dataset_2,0
وشا لحبيبا😂 جيت نسقسي دوكا كان نكتيفي نتاع هايلا بزاف نتاع 1500 اسكو كي يخلصو لي جيقا كاين نتاع 300 و يزيدولي لي جيقا؟,1,0.0,dataset_1,-1
كل العروض سيئة ما زالو يسرقو فينا و مزالنا متخلفين في عالم الاتصالات .,1,1.0,dataset_3,0
Mozambique cnx ta3hom khfifa 3la la notre 😂😥,0,-1.0,dataset_1,-1
انا عندها شهرين ومازالت نورمال,0,0.0,dataset_3,0
الناس تحوس على عروض 100دج تكون فيها كمية بيرة ماتهدرليش على 200 ناس متفليكسيش هذ المبلغ جامي,0,1.0,dataset_2,0
ضعيف جدا هذا الإشهار.. خاصة من ناحية التمثيل .. الناس لي راهم يديروا فيه يهدرو بسرعة كبيرة وفي هذا الحالة ما يفهمكش الشعب و الممثلين هذوا راهم بانو بلي يديروا في اشهار .. اتصلوا بخاوتكم التوانسة عندهم نقاط اتصالات واشهارات بأقل تكلفة و أفكار جد راقية و تخلي المشاهد يهتم بالعرض,0,-1.0,dataset_1,0
flw me 😂😍,2,1.0,dataset_1,-1
وكي تحسو الانترنت ساع كل يوم شريحة و عروض بلا فائد تقدرو ديرو عرض واحدة لكل الجزائرين و تطورينه بلا مانشري انا بيس وهيا نفسها الدولة الاخرى لديهم متعاملين لديهم متعاملين و يتنافسون بعرض واحد يحتوي كل مجالاتهم و انتم كل شهر مع ايزي تروح ل تيزي ولا إليزي جيك موبيليس مع بيكس كلش ميكس وهيا رايحة .. والله هرمتونا و كرهتونا,0,-1.0,dataset_1,0
قلتلي عفسة..بس انا مافهمت لاعفسة ولاغيرها..,0,0.0,dataset_3,0
عيد اضحى مبارك,1,0.0,dataset_1,0
Bch ykon 3ndi fb insta YouTube gratuit lzm nflixi 1100 wla juste 600,1,0.0,dataset_1,0
للرداءة عنوان و جيزي اكبر دليل,1,1.0,dataset_3,0
للوقاية من فيروس كورونا ساهمو في زيادة تدفق الانترنات لانه معظم المواطنين يمكتون في بيوتهم فساهمو في ترفيه عن المواطن لا تجعلوه يفكر في الكورنا ويعاني من الانترنات,0,-1.0,dataset_1,0
انا مفهمتش حاجة نكونكتي شوي في فايسبوك نلقى روحي كليت بزاف les donnes Pourtant فايسبوك ما ياكلش بزاف الانترنت Bizzare,0,-1.0,dataset_1,0
شحال قيمة هذا العرض,1,0.0,dataset_1,0
عندي جيزي مفيهاش كنكسيو خلاص فهمونا,1,0.0,dataset_1,0
Ooredoo wilaya djelfa Ain Oussara Download 42M Upload 8M mais sar9ouli 10 G internet mrakabha fi modem djezzy fi modem total 22 G wklatli 32 G,1,1.0,dataset_3,0
مرحبا،يمكنك ذلك أيضا من خلال البطاقة البنكية CIB.زهرة من جازي,1,0.0,dataset_1,0
ياخو أحكينا أعلى أوريدو لاسويتش ماشي أعلى هادي,0,0.0,dataset_3,0
السلام عليكم هل ممكن تحويل شريحة جازي هايلة بزاف الى جازي كونفور,1,0.0,dataset_1,0
كونيكسيون هايلة بزاف وفي هاد العرض مفهمتش هايلة بزاف وعلاش ما عجبتهمش,2,2.0,augmented,0
mlk 😂😂,1,0.0,dataset_1,-1
كيفاه نبدلها من pixX le sama 🤨,0,0.0,dataset_3,0
نتمني إنكم توفرونا خدمة ال3G 4G في ضواحي بسكرة حتى نتمكن من الإستمتاع معكم,1,0.0,dataset_1,0
سرفيس مليح ❤️ برافو,2,2.0,augmented,0
حتى نكونكتي أنا ونزيد نبرطاجيها بتقولي ميساج ودنا يومين حبستولي لابيس,0,-1.0,dataset_1,0
بعثتلكم ختي جاوبيني,1,0.0,dataset_1,0
Oui hayla rani mdayratha ❤️😍,2,1.0,dataset_1,1
"كاين عرض تع 7جيڨا ب 400,دج بليز الرد كم مدتها وفيها الهدرة ولا لالا",0,0.0,dataset_3,0
من الاربعاء للامس اسهلكت خمسة جيڨا مدخلت لليوتيب ومدخلت لحتى حاجة.,0,1.0,dataset_2,0
وفرو الريزو برك ومن بعد زيدو القدام,0,1.0,dataset_2,0
انا بحت ecouteur كيفاش نستلم الهدية,1,0.0,dataset_1,0
هه عنوان في جهة والموضوع في جهة اخرى,0,0.0,dataset_3,0
علاش أنترنت في جازي ثقيلة بزاف حتى مولينش نقدرو نستعملو الأنترنت,0,-1.0,dataset_1,0
جامي تفرجت فيديو من فيديواتك و استفدت غير الخرطي لا محتوى لا شكوبي غير البلعيط ..,0,0.0,dataset_3,0
تكنو ديزاد هذا. رجع. وكيل اشهارات لشركات السلاحف اربعة. موبليس اوريدو دجيزي و مصدر ام تاعهم انفصالات جزائر في ميزكم هذا بيس لي تخرج يشريها و مودام لي يخرج يشريه جميع هذي عروض باهضة ثمن مع خدمة اقل من سيئة وبينق مزبلة راك بعتها يا تكنو ديزاد. مفروض متحكيش على هذي عروض و تعارض اثمان باهضة لانو تغطية سيئة على مستوى وطن االا بعض مناطق لي موفريلها تدفق خاطرش فيها ناس يستاهلو. وباقي خلص ومتكونكتيش,0,0.0,dataset_3,0
3ambali chmini ta essah hh,0,0.0,dataset_3,0
بدراهمنا وتمشيش لنترنت ومحسبناكمش واليمات راحو بلا كونكسيو وانتوما فيسبوك مجاني ستخسرتوه فينا انا تبانلي نبدل لابوس قريب الشهر وحنا مرمدين معاكم لابوس ديالي 2016,0,1.0,dataset_2,0
فهمونا فالخىطي هذا خطرش نتوما تعرفو غي تقطعو الكونيكسيو كيكمل لابونمو لاهاك جسقا لازوج هذا عيد وعواشير,1,0.0,dataset_1,0
كون جات الفيسبوك باطل وليس بعد إنتهاء حجم الأنترنت نفضل pixe 100 أرحم 30go مع إحتساب الفايسبوك تكملها في سمانة,1,0.0,dataset_2,0
"""Fantasy and Rpg""",1,0.0,dataset_1,0
".dz votre slogan publicitaire j'ai choisi la fiabilité mais en vérité j'ai choisis le ralenti 🐢🐢🐌🐌 votre connexion est devenue trop lente , veuillez améliorer votre connexion svp",0,-1.0,dataset_1,0
الناس لي تلعب بوبجي غداه بينغ في هاد لابوس,0,0.0,dataset_3,0
السلام عليكم اخي اريد التفاصيل السرية لسهلة بوكس وشكرا,0,0.0,dataset_3,0
أسعار مبالغ فيها كثيرا,0,-1.0,dataset_1,0
La gold 100 da tani fiha hadi promo,0,0.0,dataset_3,0
ارفدو حفناتكم معايا - - موبيليس الله لا تربحها - - - - - فليكسيت 1500 بقاتلي 1200 بلا مدرت حاجة اكتيفيت منها 100 باش ميسرقوهاش عطاوني 10 جيجا ونحولي من 3.6 جيجا وبعد حوالي اسبوع نحولي كامل الجيجات مع العلم نستعمل في الغيسبوك lite فقط,1,1.0,dataset_3,0
راهي تنحات 1200,1,1.0,dataset_3,0
برافو عليكم صح استمروا هكذا,2,2.0,augmented,0
رائع 😎,2,2.0,dataset_2,0
سرفيس مليح 😍 برافو,2,2.0,augmented,1
ولات ما تكفينيش 50 جيغا اوريدو سويتش,1,1.0,dataset_3,0
>طير سرعة الانترنت لحقت 10 gb في الثانية,2,2.0,dataset_3,0
يا وحبسوا رناتي لي راكم ديروها لناس بلاةلعلم نتاعها بابا كبير من نعيطله نلفا سولكينغ يغني وانا بابا انسان مدين ما يحبش الغناء واش هاد الخدمة 😒😒,0,-1.0,dataset_1,0
Walat jiga troh tem tem blama nodkhol youtube wla natfraj les video w mnich nconnecter bzf mlfa tched 25 jiga hten yado menha w dok tayra whedha😲,0,-1.0,dataset_1,0
نوكل ربي💔😂,0,-1.0,dataset_1,-1
Ça fait 5 jours que je ne peux plus me connecter à internet à cause d'une baisse de débit. Débit actuel : 0.10 MapsDébit habituel : +15 MapsÇa ne touche que moi cette baisse de débit. Tous les autres ont des débits normaux.Donc donnez moi une réponse ou aidez moi à régler ce problème. Sinon je vais être obligée de changer d'opérateur.Ce n'est plus possible cette situation ! PS : Après minuit le débit revient à la normal pendant 1 heure puis il redescend à 0.10 Mbps.Et répondez à mon message privé. Il me faut des réponses. C'est la moindre des choses.merci !!,1,0.0,dataset_1,0
الريزو 00,0,1.0,dataset_2,0
راضي بزاف  الله يحفظكم,2,1.0,augmented,0
ooredoo yooz mlih ymado 4G w 50 mn,2,2.0,dataset_3,0
Chritha b 95 alf zadtoulha ??,1,0.0,dataset_1,0
دجيزي كونيكسيو عيانة😡😡,1,1.0,dataset_3,0
حسنو الشبكة تاعكم وامبعد اهدرو على العروض,0,1.0,dataset_2,0
موبيليس رهج رهج رهج,1,1.0,dataset_3,0
"ألف 200, شحال فيها من gيجا",0,0.0,dataset_3,0
Ooredoo switch khir nflixi 1500. Ya3tiwli 1500 w ooredoo batl w ooredoo batl 50GB,2,2.0,augmented,0
خويا باغي نسقسيك mobtasim bixX 4G هيي TOOP 4G,0,0.0,dataset_3,0
3endi la switch illimité ca fait 15 mois wella plus khelwia felil telhakli heta 50mg,2,2.0,dataset_3,0
العروض تاع امتياز..800دج .و100دج.وعلاش وقفتوهم..بدون سابق انذار..والريزو اصبح كارثة..راكم تحاوزو في الغاشي..الخدمة رديءة جدا..واس بيكم كنت ملاح اوبعد هميتوها..حافظو على الزباءن..كارثة..؟؟,0,-1.0,dataset_1,0
نصيحة للاخوة.. جيزي من غير عرض هبال تاع 100 الف اخطيك من الباقي راهم غير يحشو للناس.. شركات نهب وسرقة.. في وسط غياب كامل للرقابة,1,1.0,dataset_3,0
"fibre optique ma3ndnach, ntoucma 3aychin fi 3alem w 7na fi 3alm wa7d oukher",1,1.0,dataset_3,0
هل مناك اخبار عن الشريحة الالكترونية و ربي يعاونك,0,0.0,dataset_3,0
مرحبا،يرجى التواصل بنا على الخاص و تقديم رقمك الهاتفي مع الإسم و اللقب لنتمكن من التأكد على مستوانا من فضلك.نسرين من جازي 🙂,1,0.0,dataset_1,0
ختي و لا خويا حبيت نسلف كريدي كينفليكسي تنحيهوملي كاينا ولا لا لا ?,1,0.0,dataset_1,0
DJEZZY te permet d'activer 6 Go avec 500DA à la première recharge 📱 et de bénéficier du même forfait à moitié prix à la 2ème recharge ! 😍Découvrez nos offres en bio,2,1.0,dataset_1,1
خويا تيكنو واش رايك في عرض سويتش إليميتي تاع 400 دج اسكو إليميتي صح!,0,0.0,dataset_3,0
بزاف صحبي 700 رها 8 ميغا في اللجري تلكوم 260 شهر كامل وكي تبغي تخلص كما تبغي 50 الف 100 الف مشي شرط 200 الف ادا انترنت Alg telcom تولي سطابل وكان تلحقك 6 ميغا من 8 راك فلفايدة خير من 6 ميغا محدودة دروك ناس رها تعرف مشي تقولها مودام و20 جيجا ب 700 تشري راه 4 g تاع اجري تلكوم 400 وفيه نفس خصائص علاه تزيد على روحك,1,1.0,dataset_3,0
😋😋كيف نسجل ف سمانة انترنت مهدات,1,0.0,dataset_1,0
Kich njmo nrbho !!,1,0.0,dataset_1,0
Bwach rak tswer khouya,0,0.0,dataset_3,0
Même ooredoo 3andha 4 j ni connexion ni hadra grave,1,1.0,dataset_3,0
Cnx 3iyana,0,-1.0,dataset_1,0
ممكن نساعدة؟انت راني دايرا عرض نتاع 800دج ومزالي ميغا مي خلاصولي رصيد نتاع البونيس نتاع العرض لو انا فعلا عرض اخر بغرض. المكالمات العرض الأول يتنحا ولا يبقا ساري؟,1,0.0,dataset_1,0
راني نواجه مشكل فالانترنت تاعكم .. تصلحوه ولا نح لابيست ؟,1,0.0,dataset_1,0
Badlate bakri yakhouya ana 3andi 3ame fort,2,2.0,dataset_3,0
إذا أنت من محبي المطالعة و المقالات الثقافية، إرمي بنفسك معنا,1,0.0,dataset_1,0
._.youyou._.x_om,1,0.0,dataset_1,0
ملخر جيزي فيهم المليحة للكونيكسيون,2,2.0,dataset_3,0
عرض اكثر من رائع,2,2.0,dataset_2,0
كيفاش يركب,0,0.0,dataset_3,0
عرض مليح من موبيليس,2,2.0,dataset_2,0
Khouya win nalkaha had puce hwanat ma3andhoumch ou mobilis kalouli makanch manha wahran,0,0.0,dataset_3,0
للاسف كل يوم يفقدون الثيقة من الزبائن ،بهدا العقلية ، نحن نرسلكم عبر الخاص.,0,-1.0,dataset_1,0
مرسي,2,2.0,dataset_3,0
كيف غير محدود تقصد بدون GB 😱😱,0,0.0,dataset_3,0
خويا كيفاش نرجعها كما كانت من قبل من يوز الى هيا,0,0.0,dataset_3,0
Tunisie Telecom 👌👌,1,0.0,dataset_1,0
نحلولنا هاد العرض يرحم باباكم,0,1.0,dataset_2,0
Speed test شحال جاتك خو ؟؟,0,0.0,dataset_3,0
4g+ كاينة فالجزائر كامل ولا بلايص برك انا في قسنطينة متطلعليش,0,0.0,dataset_3,0
الخدمة تاعكم رائعة ❤️,2,2.0,augmented,0
سرفيس مليح  برافو,2,2.0,augmented,0
سيتب تاعك شباب 😂😂,0,0.0,dataset_3,-1
Salut<br>Es test ADSL de Google est fiable pour tester le débit et applowd.<br>Merci,1,1.0,dataset_3,0
يااخي العزيز جربها على 9 تع الليل تم تبان ولا مليحة ولا لا. كسبتها في وقتها تفرح فالنهار .فالليل سمحلي.شكرا على كل المعلومات قيمة تع صح.,1,1.0,dataset_3,0
خاصتا عرض 100 دج فلفل,0,0.0,dataset_3,0
3ajbtni,2,1.0,dataset_1,0
ردوا على الخاص,1,0.0,dataset_1,0
أقوى أنترنات عند أوريدو والله أريدو رائعة .أفضل من موبيليس وجيزي بكثير,2,2.0,dataset_3,0
سلام خويا جليل شرفنا طريقة تشغيل شويحة ساهلة بوكس في الهاتف وشكرا,0,0.0,dataset_3,0
عندي سويتش و ما تخرجليش 4+ علاش ؟!,0,0.0,dataset_3,0
راك كبير تخرط على غاشي,0,0.0,dataset_3,0
خاص إصلاح تدفق الإنترنت الذي لا يزال جد ضعيف منذ اكثر من ٣ اشهر بولاية تيارت رغم تعدد الشكوى التي يتقدم بها زبائنكم بدون جدوى ولا حلول.,0,-1.0,dataset_1,0
ريزو 0 و الانترنت تقيلة بزاف 😏😕,0,-1.0,dataset_1,0
المقاطعة الى الزبالة,1,1.0,dataset_3,0
نحن سكان بلدية عشعاشة دائرة عشعاشة بولاية مستغانم و التي يبلغ تعداد ساكنها أكثر من 70ألف نسمة . حيث نعاني من نقص وفي بعض الأحيان إنعدام التغطية لشبكة جيزيللتذكير أننا نعاني من تذبذب في تغطية شبكة جيزي منذ أكثر من 10أيام حيث لا نستفيد من أدنى الخدمات مثل المكالمات العادية ناهيك عن سوء خدمات الإنترنتلذا نحن نطالب بصليح الخطأ في اقرب وقت ممكنلأن الوضع كارثي بكل المقاييس,0,-1.0,dataset_1,0
ooredoo,2,2.0,augmented,0
You have some great shots in your gallery! I mean I liked them😊 🇩🇿🇩🇿 are you interested in sports take a look at my account and tell me your opinion 🇩🇿🇩🇿💪 please I needs encouragement to continue,2,1.0,dataset_1,0
السلام عليكم.. اريد اقتراح تعديل في التطبيق وهو اضافة خاصية حذف سجلات الشحن وتحويل الرصيد والانترنت.. لانني جربت فعل هذا ولم اقدر.. وشكرا,1,0.0,dataset_1,0
.mlk99,1,0.0,dataset_1,0
تحيا أريدوا,2,2.0,dataset_3,0
.dz mais est que cette operation disponibl avec tout les profil de djezzy Hayla mxi ou Hdra U b1 habl merci d avance,2,1.0,dataset_1,0
مساء الخير،تقدر تغيّر اللغة للعربية من خلال الضغط على الثلاث الخطوط الموجودة أعلى شاشة هاتفك على اليمين :) زهرة من جازي,1,0.0,dataset_1,0
ابشع مودام ب 200 الف يمدلك 30 جيقا تفضلك في سمانة <br>و تبقا تكونكتي بانترنت كارثية انتسغرام والو لاسناب مدير والو تبعت غير ميساج ولا فيسبوك لايت,1,1.0,dataset_3,0
راني غير نفليكسي تدوهالي علاه منكر,1,1.0,dataset_3,0
مكانش عروض في امتياز هايلة بزاف,1,1.0,dataset_3,0
Na7olna hadra w zidohalna f les gigas tant mieux par exemple jai offre de 25G b 1500da w 200da hadra na7olna hadra w zidohalna f connexion raj3ohalna 45G b 1500da à vie plz,1,0.0,dataset_1,0
أنا درتها والجيغات راهم ينقصو,1,1.0,dataset_3,0
نتاع 200 الف يبقى شهر لباس,2,2.0,dataset_3,0
Cnct d3ifa bezaf,0,-1.0,dataset_1,0
خصني فليكسي 100da,1,0.0,dataset_1,0
"na99o3do ghiir nzido ! aya roh takhra , 100 naflixihaa HAYLA tmedouli 20Go w tab9alii 100 . مشروع فاشل",0,-1.0,dataset_1,0
هل استطيع تحويل شريحة موبتسم3G الى 4G بدون الذهاب الى مركز موبليس،،؟؟<br>يعني قصدي من الهاتف فقط,0,0.0,dataset_3,0
سلام،هذه الخدمة مجانية، الرجاء تقديم أكثر توضيحات حول التحويل الذي قمت بتشغيله من فضلك ؟ زهرة من جازي,1,0.0,dataset_1,0
أنا ولد المخرز,0,0.0,dataset_3,0
مشالي كلش عادي اليوم راني فالعاصمة,2,2.0,augmented,0
🐐🐐 cnx t3 diq khtra khra,0,-1.0,dataset_1,0
جيزي اعلنت عن جيزي سبيسيال ب 40go انترنت و مكالمات غير محدودة مع جميع الشبكات,2,2.0,dataset_3,0
عيدكم مبارك تقبل الله منا ومنكم صالح الأعمال وكل عام وانتم بخير اعاده الله علينا وعليكم بالخير واليمن والبركات,2,1.0,dataset_1,0
انا عندي جيزي هي المخيرة وخير من موبليس بالبزاف راني نمشي بيها من 2004 فيها عروض متنوعة ومناسبة وخير من واحد المتعامل لي راه يدي من الرصيد وكل واحد على كل حال واش خرج عليه وهذا ماهو الا رأيي الخاص وفقط,2,2.0,dataset_3,0
شهر واحد ولا تبقى؟؟,1,0.0,dataset_1,0
makanch reseau,0,-1.0,dataset_1,0
لاسوتس هي مليحة,2,2.0,dataset_3,0
خويا ماعندكش جواب على سؤالي ؟؟,0,0.0,dataset_3,0
سبحان الله راكم تحكيو على الأجيال و احنا الريزو ما يسعاش يا خو!,1,1.0,dataset_3,0
سرفيس مليح والله برافو,2,2.0,augmented,0
ak dayer ki zebi,0,0.0,dataset_3,0
ياو اعدلو كونكسيو تاعكم في ليل ترووح😢,0,-1.0,dataset_1,0
السلام عليكم خويا عبد بارك الجليل الله فيك ،ما دابيناتتسڨم.,2,2.0,augmented,0
لازم نتحدو ونرفعو دعوة قضائية,1,1.0,dataset_3,0
والله حياتي كامل جيزي بصح قررت نتخلى عليها، ولات كارثة منذ سنة في الجزائر كامل,1,1.0,dataset_3,0
اخي مودام اتصالات تان تكونكتي كل المواقع ب 100دج بسرعة 512kb بعد نفاذ 20 جيقا,0,0.0,dataset_3,0
kyn pus mobiles 2500da 6 mois ilimiti colch cnx me mfihach hadra ou t9iLa chwiya,1,1.0,dataset_3,0
كل شهر يديو 150 ومنيش نستفاد منها النت ضعيف بزااف,0,-1.0,dataset_1,0
"مساء الخير،يمكنك إلغاء اللعبة من خلال الضغط على الثلاث الخطوط الموجودة أعلى شاشة هاتفك على اليمين ثم الضغط على "" Désinscrire"" :) زهرة من جازي",1,0.0,dataset_1,0
Ch7al la puce svp je veut dire ki tachriha ?,1,0.0,dataset_1,0
حسن عروض لشهر ديسمبر 2020 هي النصائح و الجديد تاعك بارك الله فيك,2,2.0,dataset_3,0
بركاو متكذبو عل ناس,0,-1.0,dataset_1,0
Djezzy abonnement mliha,2,2.0,dataset_3,0
دايما ينقص كريدي 250دج واش هو السبب,0,-1.0,dataset_1,0
اليوتوب ومواقع اتصال الاجتماعي باطل,2,2.0,dataset_3,0
السلام عليكم . رانا نعانيو من الشبكات في القطب الحضري الجديد بربيح بالجلفة . التغطية ناقصة و الغاشي بزاف خاصة جيزي و بعدها موبيليس اما بالنسبة لاوريدو حجم الانترنيت 8 جيغا في لاقولد 100 دج,1,1.0,dataset_3,0
عبدالله عبدالرؤوف العرض الدوزيام مليحلك,2,2.0,dataset_2,0
👎👎⛔⛔,0,-1.0,dataset_1,0
راضي بزاف  الله يحفظكم,2,2.0,augmented,0
مزلت حي,1,0.0,dataset_1,0
.dz bla bla bla art 200Da 25Go pff ci des bricol,1,0.0,dataset_1,0
خدمة امتياز متوقفة منذ اكثر من 15 يوم .. اين الخلل؟؟ ومتى يتم اصلاحه؟؟,1,0.0,dataset_1,0
سلام خويا خصني كود باه رجع لابوس موبليس عندي top4g ورجعتا pixx حب ردها كيما كنت,0,0.0,dataset_3,0
mm moi,1,0.0,dataset_1,0
Beaucoup de succès et de réussité Inch Allah,2,2.0,dataset_2,0
👏👏🙌🙌,2,1.0,dataset_1,0
اا خويا تيكنو نشالله ترد عليا بريفي راه هبلني كاش عفسة نقدر نجبدو بيها الله يسترك,0,0.0,dataset_3,0
.a.r.a.h.i.m sur tfarjo serie ta3 cassa de papel,1,0.0,dataset_1,0
kifah limitation mafhmtch debit reduit hadi ki ykhlaso les Gb wla kifh ?,0,0.0,dataset_3,0
حسنو الشبكة الاول,0,-1.0,dataset_1,0
العرض لي تلقاو فيه العرض لي راحتكم من كل النواحي,2,2.0,augmented,0
.nes جربتيها؟,1,0.0,dataset_1,0
كيفاش نلغيها,0,0.0,dataset_3,0
جيزي راهي خردة هذي الايام,1,1.0,dataset_3,0
"Bonjour, Avec la nouvelle fonctionnalité « FLEXYNET » vous pouvez dépanner un ami ou un proche en lui transférant des volumes internet sur sa ligne Djezzy à tout moment 😍Disponible pour tous nos clients Djezzy en trois paliers 100Mo, 200Mo et 500MoPour en profiter en toute simplicité, téléchargez l’application Djezzy disponible sur Play store et App store et laissez-vous guider ! Vous pouvez aussi l’utiliser via *707#. Et pour plus de détails sur l’offre cliquez ici : de Djezzy :)",2,1.0,dataset_1,1
منين شريتيها,1,0.0,dataset_1,0
واش راك والله شكرا,2,2.0,augmented,0
Hab nafhem kifch tamchi 2 puce te3 la switch ?,0,0.0,dataset_3,0
اخي الله يخليك كيفاش نلغي activation Mobilis قديمة باسك كملتلي الانترنت قبل وقتها,0,0.0,dataset_3,0
تطبيق رائع,2,2.0,dataset_3,0
"Réseau instable et connexion très mauvaise !!, veuillez résoudre le problème de votre réseau après on va parlé sur les offres et les promotions",0,1.0,dataset_2,0
يحطوها في ترمتهم هاد الشريحة,1,1.0,dataset_3,0
الي فلشتو تمشي. تمشي لبيس جيزي,0,0.0,dataset_3,0
ما معني الإلتزام يا أخي لعزيز من فضلك ؟,0,0.0,dataset_3,0
واش راك صراحة شكرا,2,2.0,augmented,0
3lash matrepondolnach ni fb ni insta ni prive 3lah hka 3laah Ya3ni 😡😡,0,-1.0,dataset_1,0
برافو عليكم ❤️ استمروا هكذا,2,1.0,augmented,0
عندي جيزي هايلة ماكسي ناكتيفي العرض 1500 دج وسرعة راهي 200 كيلوبايت ياو والله متربحو,1,1.0,dataset_3,0
ياو ريزو مكانش ڨاع,0,1.0,dataset_2,0
موبيليس زادو في سرعة تدفق الإنترنت زادو في ..!! ممكن حتى انا لاحظتها بالأمس,2,2.0,augmented,0
حبيت نعرف واش من عروض جديده جتها هذي العروض كلها قديمة اتقي الله راك بديت تنحرف,0,0.0,dataset_3,0
جيزي كذابة تشكيلهم يقولولك دير لابيس تاعك في ال un و كي تقوللهم ديجا راهي في ال un يقولولك دوك نرسلولك configuration . ياو فاقو djezzy اطلقو الكونيكسيو راكم تسرقو فينا . انتوما تاني عصابة,0,-1.0,dataset_1,0
خاوتي عرض هايل متديروش على لي يقولو العكس,2,2.0,dataset_2,0
سقمو الكونيكسيون في بني مراد راهي تعيي,0,-1.0,dataset_1,0
انا شريتها ليوم صباح ريزو مكانش,1,1.0,dataset_3,0
عجبتني gold,2,2.0,augmented,0
Ameliorez votre connexion et réseau puis pensez aux offres. Facts be told,0,-1.0,dataset_1,0
اوريدو سريقة دايرة حالة <br>جيزي قتلونا بليمينيطاسون <br>موبيليس ثقيلة بزاف <br>القطاعات الجزائر متحكيش خير,1,1.0,dataset_3,0
السلام عليكم ورحمة الله وبركاته مبروك عيدكم عندي شكوى الريزو كي ينقص من 4g ويهود ل 3g لانتارنات شبه معدومة وليله سعيدة محمد من مدينة مغنيه ولاية تلمسان,0,-1.0,dataset_1,0
🙋‍♂️ The witcher ever The best series I've 💜🖤 seen,2,1.0,augmented,0
شكرا اخي حتى انا موافق معاك vive ooredoo,2,2.0,dataset_3,0
Makanch ta3 youtube illimités?,1,0.0,dataset_1,0
voilà 🤣 ya7chouh l nes,0,-1.0,dataset_1,0
اللهم اسالك باسمك الاعظم ان ترزق صاحب اليد التي ستدعمني فرحة يسجد لك باكيا من شدتها ورزقا من حيت لا يدري انشاء الله😭🇩🇿🇩🇿🇩🇿🇩🇿🇩🇿🇩🇿🇩🇿,0,0.0,dataset_3,0
ريقلونا سرعه تدفق انترنت راهي زيرو عييتونا,0,-1.0,dataset_1,0
اخي فهمنا واش هي الابلود ودنولود,0,0.0,dataset_3,0
9rib amantkom cnx t9ila katarmani chaba3touna khorti,0,-1.0,dataset_1,0
السرعة المنخفضة في هاذه الجوازات,1,1.0,dataset_3,0
ريڨلونا connexion بارك الله فليكم حنا أو نسوفريو رانا مسلكين بالدراهم ماكمش تصدقو علينا,1,0.0,dataset_1,0
راك تشوف خويا الخدع عيناني,1,1.0,dataset_3,0
اوريدو غولد وين نسكن انا دلس بومرداس تلحق ل 21 ميقا <br>بصح كي خفيفة تخلاص رابيد,1,1.0,dataset_3,0
ديرو جام فلاباج,1,0.0,dataset_1,0
Rockstar North,1,0.0,dataset_1,0
ريزو نقص عندي فدار تاعها ملي بدا رمصان,1,1.0,dataset_3,0
هل navigui 4g متوفرة في كامل الولايات ؟,0,0.0,dataset_3,0
للعشاق مسلسلات او معلومات عن الأتراك تابعو صفحتي الشخصية,1,0.0,dataset_1,0
واش راك 💯 شكرا,2,2.0,augmented,1
بصح يسرقو خيان,1,1.0,dataset_3,0
تقول اطلقو تكنولوجيا جديدة .,0,0.0,dataset_3,0
حتى تطلع عندي كونيكسيو مليح نبارتاجيها مع العايلة 😂😂,0,-1.0,dataset_1,-1
موبيليس و الكل يتألم,1,1.0,dataset_3,0
🔥🔥,2,1.0,dataset_1,0
Ma takhlaslekch la data khatech la vitesse 💩,0,-1.0,dataset_1,0
كونكسيو. وين ماتروح كاينة .خدمة ممتازة جدا. سلام عليكم.,2,2.0,dataset_2,0
Mobilis اخي انا نسكن في مدينة بوينان راهي المدينة كامل تعاني من نقص شبكة موبليس نحوسو على حل,0,1.0,dataset_2,0
Ayoub Kalem والله 😏😏,1,0.0,dataset_1,0
Djezzy راني باعت ألف رسالة و بعتلكم دلائل على أنو كونيكسيون عيانة بزاف مكاش ڨاع و ديرولي في تقراو و ناتهدروش ماكمس دايرين في عزريني مزية,0,-1.0,dataset_1,0
.dz نسرين ربي يزوجك نشاله سڨمولنا الحالة لواحد المشاريع تاوعو ڨاع حبسو,1,0.0,dataset_1,0
تحيا اوريدو كونكسيو روعة,2,2.0,dataset_3,0
Wow 😂😂,2,1.0,dataset_1,-1
وي,1,0.0,dataset_1,0
الوزير قال قوة التدفق عالية غير في وهران حاليا و ستعمم على باقي الولايات لاحقا.,0,0.0,dataset_3,0
راك غالط انا سييتها ومزالها عندي يوتوب اليمياتي. وتتفرج واش حبيت كثر من 5 جيقا فنهار عادي,2,2.0,dataset_3,0
la connection dapres wine teskone ana 3andi djezzy TOP,2,2.0,dataset_3,0
وين راهي زهرة الكونيكسيو راهي ضعيفة,0,-1.0,dataset_1,0
Mobilis Hiya l3ayana,1,1.0,dataset_3,0
والله عياتنا جيزي في عنابة,1,1.0,dataset_3,0
واش راك تهدر,0,0.0,dataset_3,0
عرض اروع على الاطلاق,2,2.0,augmented,0
هدي شريتها مع فلاش ديسك كي خلصت تمشي 128كيلو برك و مكتوب فوقها 128وتصلح ف ديمو برك,0,0.0,dataset_3,0
90 جيجا 512 😂😂,0,0.0,dataset_3,-1
عندي خلل في المنطقة لي ساكن فيها تدفق 4G و3G ضعيف جدا,0,1.0,dataset_2,0
Salah Khs مساء الخير،للتأكد على مستوانا ندعوك لتقديم رقمك الهاتفي على الخاص من فضلك 🙂زهرة من جازي,1,0.0,dataset_1,0
السلام عليكم خويا عبد الجليل بارك الله فيك.,0,0.0,dataset_3,0
.se_ 😂😂,1,0.0,dataset_1,-1
4G 3lah rahi ta9ila hadi yamat😞,0,-1.0,dataset_1,0
راضي بزاف 👍 الله يحفظكم,2,2.0,augmented,1
Oran 30mb,2,2.0,dataset_3,0
جيزي راهي ماتصلحش بصوردي انا نتفرج فالفيديو تاعك والكونكسيون راحت 4جي مكاش خلاه مع العلم راني فالعاصمة,1,1.0,dataset_3,0
djezzy khiire,2,2.0,dataset_3,0
خدمة مليحة بزاف 💯,2,1.0,augmented,1
سرفيس مليح صح برافو,2,1.0,augmented,0
استغفر الله العظيم الربي يا خونا ابدالنا لاكونيكسيو مقودة وانت راك في حالة,1,1.0,dataset_3,0
47Mbدون اب لود جزي لود30Mb 😍,2,2.0,augmented,1
متوفر عنا الي يريد يشتري des comptes netflix و comptes fortnite و توزيعات و هداية كل فترة و فترة,1,0.0,dataset_1,0
Awel tous welaw y3toni 3 gb fi plaset 100da credit :/,1,1.0,dataset_3,0
Fantasy ❤❤ et rpg,1,0.0,dataset_1,0
المشكل يا أخي موبيليس فيها أنترنت جد ضعيفة خاصة في الليل ما تلحقش تكمل 1G,1,1.0,dataset_3,0
awdi sabh w gol tafrat ana tani tnhchatli ma t9drch trj3ha kima kant w ga3 w lokn troh tchri pus jdida y3tolk sama 😭,0,1.0,dataset_2,0
مايدي ربي يرحمو خلاها كلمة قال لوكان يولي الإستعمار نحكيلو وش دار فينا الإستقلال💔,0,-1.0,dataset_1,0
نحن جيزي نسمعو بيها برك الله يهديكم 😣😣,0,-1.0,dataset_1,0
Top 4g خير منها,2,2.0,dataset_3,0
ياو ملي فليكسيت وانا ندعي عليكم او قريب يخلاص الشهر وفيديو كي الناس مانقدرش نتفرجلو يفوت عليا سوايع وانا نصيد فريزو حيخلاص الشهر والكونكسيون رهج ندمتوني على الساعة لي فليكسيت كان بقيت بفيس زيرو ارحم دراهم مانيش نلقاهم مرميين فلرض اني نطيح ونوض باه نطمهم فلخر مانخدمش بيهم لا كونكسيون كي الناس لا هدرة تتمسخرو بينا ولا بعمركم الله لاتربحكم 😡😡,0,-1.0,dataset_1,0
الأفضل دجيزي,2,2.0,augmented,0
Loukan khir les 5go dirohom pendant 20 jours mais l'offre hayla brk les 5go c tout,1,0.0,dataset_1,0
.dz mais est que cette operation disponibl avec tout les djezzy Hayla mxi ou Hdra U b1 habl merci d avance,2,1.0,augmented,0
موبليس والله احسن مليون مرة,2,2.0,dataset_3,0
مرحبا،مبروك، لقد تم الرّد على رسالتك في الخاص :) زهرة من جازي,1,0.0,dataset_1,0
انا مفهمتش علاش مودام تاع جيزي مكاش وين روح منلقاش,1,0.0,dataset_1,0
مبليس اسوء شبكة..الامور الجديدة مفيها نفع,1,1.0,dataset_3,0
راكو ملاح لو تعرفو الشبكات واش دايرة من التبلعيط في اقصى الجنوب تحسو ارواحكم مولوك الشبكة عندي ما توصل 80kb يعني وا تتفرج اي شيء بدقة اكثر من 240.p حسبنا الله ونعم الوكيل في السراقة,1,1.0,dataset_3,0
تحيا اوريدو 1500 دينار يعطوك 50 جيڨا ❤️😎,2,2.0,dataset_3,0
Khouya momkin raqam whatsapp ta3ek,0,0.0,dataset_3,0
.aicha انا عندي تمشي لباس بيها في كل الأوقات,2,1.0,dataset_1,0
💪😉,2,1.0,dataset_1,0
انا عندي راهي جيزي هبال مليح مليح ربي ربي يبارك,2,2.0,augmented,0
Yousra Sousita مام انا. هبلونا والله بعثلهم بارح مكانش رد,0,-1.0,dataset_1,0
Win nal9awha rani hab nchriha😍,1,0.0,dataset_1,1
يخويا اوريدو ڨولد مليحة بزاف جربتها في ثلاث ولايات روعة,2,2.0,dataset_3,0
عروض تضحك اقسم بالله 50 جيقا ب 300 الف وانت قادر تاكتيفي 40 جيقا ب 150 الف كونو شوي لوجيك والله وجعتولنا قلوبنا ومبقاتش ناس لي تامنكم,0,-1.0,dataset_1,0
Khawti ergent urgentt svp jawboni ..<br>Makhir njib ooredoo la gold wella switch khassni cnx mlihaa,0,0.0,dataset_3,0
ارجو رد 120 الف 6 جيغا هذيك في هايلة بزاف صح تشد 30 يوم ولا لي يخدم بزاف تروحلو قبل شهر ؟,0,0.0,dataset_3,0
Est ce que la gold fiha limitation ou non,0,0.0,dataset_3,0
Hadi flil 21.01 waslat 18.5 m /s 18.5 m Alger douira,2,2.0,augmented,0
واش هد التزام,0,0.0,dataset_3,0
اكتيفيت 500دج عرض جاني بصح المكلمات مكانش,0,1.0,dataset_2,0
سلام جاوبوني خاوتي،فال طوب 4g كي ناكتيفي تع 2100da تمشي 512 ولا نحاوها ورجعوها 256??,0,0.0,dataset_3,0
اخواني الكرام لفهم يفهمني,0,0.0,dataset_3,0
Moobbiilliiss nrouma foort💚💚 nrouma foort💚💚,2,2.0,augmented,0
.uz kifach ndir bach nachriha,2,1.0,dataset_1,0
اوريدو ما بين 30و40 ووصلت مرة واحدة الي 77,2,2.0,augmented,0
الشبكة ضعيفة,1,1.0,dataset_3,0
How about pixx 4g is that worth ??,0,0.0,dataset_3,0
ماكانش تحميل للآيفون,0,0.0,dataset_3,0
صراحة ممتاز والله,2,2.0,augmented,0
Djezzy ani b3atelkom privé,1,0.0,dataset_1,0
سڨمولونا ريزو ره عيان 2020مزلنا نحوسو على ريزو وعلى كنكسيو في عاصمة في الحراش تمسخير والله تخسرو في زباين ديلكم اريدو فور بزااف والله بلبونس تقظر تعيط مصلحة زباين نتوما لزم نفلكسو به نهدرو معاكم,0,-1.0,dataset_1,0
معلبالهمش بيك مهم يربحوا دراهم جامي شفت شركات اتصلات كما شركات ديالنا كامل مع زبون ومشترك غير تاعنا ضدنا,1,0.0,dataset_1,0
عروض مليحة و لكن اذا قدرت تجربلنا سرعة التدفق خاصة تاع الانترنت او ميكس,0,0.0,dataset_3,0
Ana nakhdam b djezzy 31ndi 40 mb download,2,2.0,dataset_3,0
The Education of Viva from the change of the one two three viva Algeria to ABC one two three viva Algeria the xx Arabic Algeria Got Talent in the new banking system power of alphabetical calculation approval in support the Bank ABC Algeria.,1,0.0,dataset_1,0
"ال4g, والله مزال ماطلعتش عندنا",0,0.0,dataset_3,0
برافو عليكم  استمروا هكذا,2,2.0,augmented,0
اولا انتم منافقين تردو على تعليقات التهنئة و لي فيها مشاكل الزبون لا نظن مهمتكم الاولى تصليح مشاكل الزبون و أخذها بعين الاعتبار ثانيا انتم سارقين وكيلكم ربي,0,-1.0,dataset_1,0
اي وشبيها كونيكسيو ولا غير انا,1,0.0,dataset_1,0
يا Djezzy زيدولنا في حجم الإنترنت في عرض 200 دج 60 جيغا قليلة ويمكن أن تخفضو في مكافئة المكالمات التي تبلغ 700 دج نحو باقي الشبكات,1,0.0,dataset_1,0
آ نسرين من جازي شوفينا حل كونيكسيو عيانة باش علقت طيفت ليدوني 120خطرة شيشان كونيكسيو تاعها خفيفا على تاعكم,1,0.0,dataset_1,0
سكمو الانثرنث تاعكم امبعد ساهل 😏😏,0,1.0,dataset_2,0
عجبتني غير من كان المعلق يهدر على ميسي ويخلعو محرز بيت شباب سكتو 😂😂,1,0.0,dataset_1,-1
ديروها😍 غي غي 100 100 احسن ❤️,2,1.0,augmented,1
لما لا تردون على انشغالات زبائنكم,0,-1.0,dataset_1,0
تطبيق مايشتغلش في الايفون 🤷🏻‍♂️,1,0.0,dataset_1,0
متعامل غشاش ومتحايل,1,1.0,dataset_3,0
برتية ببجي متقدش تلعبها كي ناس,0,-1.0,dataset_1,0
لموبيليس حول احسن,2,2.0,augmented,0
كدابين هدا احتيال وغش من أجل الربح السريع,1,1.0,dataset_3,0
مليح بزاف 👍 نوصي بيه,2,2.0,augmented,1
7abit nsa9sik 3ard hada ta3 FORFAIT 200da fih limitation wala 3ard ta3 300da ?,0,0.0,dataset_3,0
كيفاه؟,1,0.0,dataset_1,0
رديئة جدا د جد,0,-1.0,dataset_1,0
صحا عيدكم نتوما تاني مي ريقلونا لا كوناكسيون 4gمليحه بصح إلا هبط لل 3g من تما تبدأ الكاريته شبه معدومه وصحا عيدكم,0,-1.0,dataset_1,0
Badlate bakri yakhouya 3andi fort,2,2.0,augmented,0
Chef nus ret,1,0.0,dataset_1,0
مشكور على المعلومات القيمة المعلومات القيمة و المقدمة.. وشكرا🇩🇿🇩🇿🇩🇿🇩🇿,2,2.0,augmented,0
عرض جيد جدا جدا,2,2.0,dataset_2,0
Enfin dertou haja mlihaa ❤️❤️❤️,2,1.0,dataset_1,0
Dart sama mix w 7aba nglb pixx kifch ndirr,0,0.0,dataset_3,0
"Les trois opérateurs connexions zéro hadj moussa ,moussa el hadj",1,1.0,dataset_3,0
5G وسرعة تدفق 1ميڨا هه,1,1.0,dataset_3,0
و gold واش فيها,0,0.0,dataset_3,0
.ahlem,1,0.0,dataset_1,0
انا تاني دارولي كيما انت الله لا تربحهم,0,-1.0,dataset_1,0
واش روحت لدونتيست 😁😁😂,0,0.0,dataset_3,-1
اذا كنت نلقا هذو فيها ايه نشريها 😂😂,0,-1.0,dataset_1,-1
عرض مؤقت ولاا دائم 😑,1,0.0,dataset_1,-1
Ana mefhemtch kml nechko m conx te3hom mais Djezzy tkhelik Vu 😑😑,0,-1.0,dataset_1,-1
ممكن الاجابة في اقرب وقت,1,0.0,dataset_1,0
راحت الانترنت,1,1.0,dataset_3,0
ping moul chi GG,1,0.0,dataset_1,0
هل sama فيها خدمة selkni,0,0.0,dataset_3,0
Connexion ki lkhra roho tl3bou,0,-1.0,dataset_1,0
Loukan tsagmo conexion dyalkoum machi khir? Depuis plus de 3 mois a un débit inferieur a 128ko/s en 2020.. 3iib wellah!!,0,-1.0,dataset_1,0
شكرا موبيليس♥️♥️♥️,2,2.0,dataset_2,0
الله يدخلك للجنة خويا دزاد,0,0.0,dataset_3,0
أخي عندي PIXX 3G وطلعتلي mobtasim 3g نقدر نحول ولالا,0,0.0,dataset_3,0
Feu 🔥 🔥 merci djezzy,2,2.0,dataset_2,0
شبكة ضعيفة بزاف 0 غي بلعوخير لكم,0,-1.0,dataset_1,0
عيد الأضحى مبارك للجميع يارب كل عام وأنتم بألف خير بس كون غير بعثتولنا رسالة والله لا عيب عليكم حتى اوريدو وموبليس بعثولهم وانتوما غير في فيس برك,1,0.0,dataset_1,0
يرحم باباك اهدر بسرعة عييتنا,0,0.0,dataset_3,0
في الجزائر فقط باش تستفيد من العروض لي يديروها les opérateurs لازم كل سمانة تبدل puce يعني تبدل الرقم كان من الاحسن ديرو عروض جدد والناس ڤاع تقدر دير العروض هادي في نفس الشريحة ماشي لازم يقعدو يبدلو فالارقام 🤷🏼‍♂️,0,1.0,dataset_2,0
برافو عليكم  استمروا هكذا,2,1.0,augmented,0
تجربة رائعة 🌟 نشكركم,2,1.0,augmented,1
Djezzy نوكل عليكم ربي اذا ماقلتوليش كيفاه نح الكويز راني خااسرة كل يوم 25 دج.. اودي.الناس كامل راها تعاني حطو منشور مسقم كيفاه نديزاكتيفوها ولا جاوبوني هنا الرحمة على الوالدين,0,-1.0,dataset_1,0
.__28 yaa ghaya 😍,2,1.0,dataset_1,1
Ana 0660 نقد نديرها ؟ ana 1300da ya3toni 13Go ! Tekmel fi 3jours,1,1.0,dataset_3,0
خاوتي سلام عليكم فرضا شريتها او خلصت الشهر اللول برك اسكو يغلقوها برك ولا كاين امور وحدخرين؟ فيدونا الله يجازيكم,0,0.0,dataset_3,0
انا عندي توب 4g<br>ونخلص 100دج في الشهر<br>هي صح كانت مليحة والبينڨ هايل في البوبجي مي هذو ليمات ولات عيانة ڨراف اليوتيوب ومنقدرش ندخل. <br>رحت شريت جيزي منقدرش ندخل بيها لببجي فليل، ندخل غير فالنهار. <br>ملقيتش كيفاه نديرلها,1,1.0,dataset_3,0
😮,2,1.0,dataset_1,0
😂❤️,1,0.0,dataset_1,-1
سلام خويا نقدر نتفرج بها ip tv sd,0,0.0,dataset_3,0
Rien a changer,1,1.0,dataset_3,0
من قسنطينة عين سمارة، انترنت جيزي مليح,2,2.0,dataset_3,0
كاش واحد يعرف كيفاش تفليكسي باستعمال بطاقة فيزا كارد ؟,0,0.0,dataset_3,0
ديرونا الزيرو🤬,1,1.0,dataset_3,0
👎,0,-1.0,dataset_1,0
nn mtjbdouch billie m3a hdo 😂,1,0.0,dataset_1,-1
hay lhadra,2,1.0,augmented,0
واش بيها كنكسيو جيزي ولا غير عندي راهي ناقصة بزاف خاوتي,1,1.0,dataset_3,0
Bonne continuation .dz,2,1.0,dataset_1,0
اشتريها واربح تقاشر خوضر مجانا,0,-1.0,dataset_1,0
و الله غير سراقين انا عندي سبيسيال نفلكسي 200 دج بصح كونكسيون زيرو,1,1.0,dataset_3,0
المهم ليس الثواني ال 50 المهم كمية المعلومات أي 50 جيغا أو 50 فيلم مثلا,0,0.0,dataset_3,0
mrcc 👏❤,2,1.0,dataset_1,0
ديرولنا حل باش نرجعوا لبيكس pix علاه منقدروش نرجعوا للعرض الاولي علاه ملزمين نبقاو في سما,0,1.0,dataset_2,0
كفاش نبدل بيس جيزي عندي ايزي كانت هيلا بزاف بغيت نرجعها كفاش اخي من فضلك,0,0.0,dataset_3,0
🤦‍♀️😂😂,1,0.0,dataset_1,-1
وكتاه ينحوه هدا العرض sama,0,0.0,dataset_3,0
ريقلو ريزو تاعكم مبعد ديرو عروض 😡,0,1.0,dataset_2,0
أكثر من عامين,0,0.0,dataset_3,0
ديزاد ALGERIA TECH hadi 600 alef mois weche men puce svp,0,0.0,dataset_3,0
مكاينوال 30 كيلو متفوتهاش,1,1.0,dataset_3,0
Je pense que 90 Go sont pour bons mon wifi de poche Sama Net,2,2.0,augmented,0
Excellente initiative pour ATMOBILIS,2,2.0,dataset_2,0
Mrc hbb ms ana ki ndirha 4g matmchich ga3 ou yb9a resaux yroh ou ydji ou 3g t9ila,1,1.0,dataset_3,0
13جيقا راحتلي في 5ايام دخلوها في روسكم برك,0,1.0,dataset_2,0
Aw la connexion zéro,0,-1.0,dataset_1,0
انا عندي اسبوعين ملي بعثلكم المعلومات و راهي عاد كيما كانت,0,-1.0,dataset_1,0
سرفيس مليح 😍 برافو,2,2.0,augmented,1
ولاية غرداية <br>PING:72<br>DOWNLOAD:0.42<br>UPLOAD:0.26 خردة,1,1.0,dataset_3,0
هه انقطاعات الجزائر بلي ميڨا وماتمشيش 😂,1,1.0,dataset_3,-1
👍👑 شكرا,2,2.0,augmented,1
❤️❤️جيزي سبيسيال المخير تاع المخير لكن يجب إبقاء 50 جيغا دائمة.بلا ما ننسى جيزي حسنو شوية الشبكة😉😉,2,1.0,dataset_1,0
رهي ثقيلة انترنات موبليس بزاف,1,1.0,dataset_3,0
Said Fellahi ايا زهرة ديري القلب خلي صاحبنا يشيان,1,0.0,dataset_1,0
كونكسيون ضعيفة بزاف مرضتونا,0,-1.0,dataset_1,0
توحشنك جليل خويا.,0,0.0,dataset_3,0
Mauvaise cnx dmg😑,0,-1.0,dataset_1,-1
خاوتي عندي اوريدو سويت داونلود عندي 5 ميغا و اوبنلد 10,0,0.0,dataset_3,0
عيدكم مبارك سعيد وحسنونا الريزو4G برك,0,-1.0,dataset_1,0
ولله ما فهمت,0,0.0,dataset_3,0
الرجال من سيادتكم تذكير متابعيك بالصلاة على النبي محمد صلي الله عليه و سلم ونشوف الاجر الحسنات الي تربحها,0,0.0,dataset_3,0
السلام عليكميوجد انقطاع في شبكة الجيل الثالت على مستوى بلدية غرداية منذ حوالي شهرين وبالضبط في الهوائي المثبث على مستوى سطح الفرع البلدي لحي ثنية المخزننرجوا منكم التدخل العاجل لاصلاح الخلل وشكرا,0,-1.0,dataset_1,0
جيزي ياكلو من جيغات في تصفح فيسبوك,1,1.0,dataset_3,0
❤️😍,2,1.0,dataset_1,1
احسن بينغ جربت كل الشرائح تقريبا هو بينغ اوريدو خاصة عرض التعبئة بالبطاقة الذهبية,2,2.0,dataset_3,0
هادي كونكسيون الله يرحم باباك انا كي شفت العنوان فرحت حسبت حاجة جديدة يا خي جياحة,1,1.0,dataset_3,0
عرض ماشاء الله,2,2.0,dataset_2,0
أخي الفاضل متى يتم رفع سرعة 4 جي لاتصالات الجزائر كثير من المواقع تتحدث عن ذلك لكن المعلومة المؤكدة من عندكم رجاء ؟,0,0.0,dataset_3,0
Nik matkom ya wlad l9hab sara9in ta3 zbi,0,-1.0,dataset_1,0
Cnx 🤬,0,-1.0,dataset_1,0
Matemchich f iPhone :(,1,0.0,dataset_1,0
يا ريقلو تطبيق راه يجيني غي جولة وحدة في يوم😭😭,0,-1.0,dataset_1,0
50جيغا و ماتكملش شهر ندير عليكم يليق مليون و ياربي و كونيكسيو مرض تقول رانا نطلبو عليكم طورو رواحكم شويا 3G وماراهيش فل مستوى مابالك 4G,0,1.0,dataset_2,0
"Envie de regarder des vidéos 👀 sur YouTube 🎬 et Tik Tok 🎧 ? Des stories 🤳 sur Instagram? 📱 Scroller sur Facebook, Twitter et tous tes réseaux préférés sans aucune limite? 😍 Avec HAYLA, c’est tout à fait possible ! 😉#djezzy #dz #hayla",2,1.0,dataset_1,1
صح من لي درنا 4g من لي الحمد لله كاينة الكونكسيو بالتوفيق,2,2.0,augmented,0
راه مزطول وقيلا. راه غير يخلط,0,0.0,dataset_3,0
Djezzy.. Ani médit numero privé w msg privé..répendez svp,1,0.0,dataset_1,0
دعوة الشر هدي سيما,0,1.0,dataset_2,0
Dartha hayla 500da ms chritha ❤️,2,2.0,augmented,0
لاحضتها عندي تقريبا شهر كي نستهلك 1 جيغا توليلي 256,1,1.0,dataset_3,0
نروح لعرض net وندير تع 90 جيجا,0,0.0,dataset_3,0
Rock star games,1,0.0,dataset_1,0
معجبتنيش هادي سماا,0,1.0,dataset_2,0
مرحبا،لقد تم الرّد على رسالتك في الخاص.زهرة من جازي :),1,0.0,dataset_1,0
أنا أحتاج الانترنت ،الهدرة خاطيني je suis solitaire,0,-1.0,dataset_1,0
العرض سما لي عيان,0,1.0,dataset_2,0
شكرا جزيلا  كل شي مزيان,2,2.0,augmented,0
ودعا دجيزي والله ما نزيد نفلكسي أنا حكمتني القنطة خطرش فلكسيت 40 جيڨا ومقدرتش نخدم بيها نحب نجمة,1,1.0,dataset_3,0
We need gaming offers,1,0.0,dataset_1,0
كي تروح نتا من جيزي وين تروح و نروحو انصحنا,0,0.0,dataset_3,0
مرضتني,1,1.0,dataset_3,0
خدمة مليحة بزاف ❤️,2,1.0,augmented,0
جيزي متصلاحش هذا الشهر التالي,1,1.0,dataset_3,0
عندي ريدمي نوت 8 نورمال وعندي اوريدو سويتش محبتش تجي 4G+ كيفاش ندير الله يحفضك,0,0.0,dataset_3,0
السلام عليكم بارك الله فيك على المجهودات المبذولة,2,2.0,dataset_3,0
Top 4G السرعة راها مليحة في موبيليس الأنترنت,2,2.0,augmented,0
مكاش بلاس معاكم,1,0.0,dataset_1,0
😒😒,0,-1.0,dataset_1,0
"Salam khoya djalil, assegas amegaz, khoya djalil je suis quelqu&#39;un qui ne consomme pas beaucoup d&#39;appels, environs 100 da par moi par contre j&#39;utilise trop l&#39;internet youtube, Google, Facebook et messenger.. Si tu peux me conseiller une offre ou ooredoo ou mobilis qui me conviendra le mieu je te serais reconnaissant, bon courage kho.",0,0.0,dataset_3,0
هه 3 ميخا,0,0.0,dataset_3,0
🤴,1,0.0,dataset_1,0
قع كي جيزي كي اوريدو رهم ياكلو جيفا واش نقول لي جيزي و اوريدو حسبي الله ونعم الوكيل فيكم والله ما تربحو دنية و آخر,1,1.0,dataset_3,0
عميقين⁦↖️⁩⁦↖️⁩⁦↖️⁩⁦↖️⁩,2,1.0,dataset_1,0
يا صديقي جرب اتصالات الجزائر 4g والله سرعة رهيبة راها تلحق حتى 40 ميغا والله العظيم وراني استهلكت 20 جيغا وبقاتلي السرعة المنخفضة والله والله والله لا راها تلحقلي حتى 40ميغا وأحيانا تلحق 20 ميغا وفي ليل تقعد دور غير في 5 ميغا جربها يا صديقي والله راها روعة,2,2.0,dataset_3,0
خويا كونيكسيو موبيليس ثقيلة ازح مي نجمة نورمال موبيليس مليحا مي متمشيش ڨاع غير كييرقدو ناس باش نتفرج شويا😭,1,1.0,dataset_3,0
المشتركين في قناتك على الأقل جواب علي السوال او الاستفسارات,0,0.0,dataset_3,0
وعليكم السلام تم الرد على رسالتك في الخاص و التي تحتوي على نفس الطلب.نسرين من جازي 🙂,1,0.0,dataset_1,0
أفضل متعامل موبليس الله يبارك شكرا لكم ⁦❤️,2,2.0,dataset_2,0
شكرا بارك الله فيك,0,0.0,dataset_3,0
Mliha lokan fiha YouTube batel,0,1.0,dataset_2,0
bsahtek 😍,2,1.0,dataset_1,1
مرحبا،عرض Extra 500 هو ميزة تضاف عند تشغيل احدى عرضي 1200 او 1500 الشهرية في خطك HAYLA BEZZEF، حيث مدة صلاحية ميزة Extra تتبع نفس مدة صلاحية العرض الشهري المشغّل.زهرة من جازي 🙂,1,0.0,dataset_1,0
تجربة رائعة 💯 نشكركم,2,2.0,augmented,1
احتفالكي ياجييزي ملموس احسن هه ياو فقر,1,0.0,dataset_1,0
ران بعتلك مشكل في خاص ردي عليا يازهرة,1,0.0,dataset_1,0
واش تستفيد من يوتوب مجاني موبليس مع العلم اني مفعل بيكسي 100,0,0.0,dataset_3,0
اودي خليو اورانج نتاع فرنسا دير ريزو في بلاد الشعر راهم مرضونا نجمة جيزي وموبيليس قاعدين غير تسرقو يا لكلاب,0,-1.0,dataset_1,0
وش هي الاعبة,1,0.0,dataset_1,0
HOES MAD X),1,0.0,dataset_1,0
احسن عرض جيزي 1200 ايزي,2,2.0,augmented,0
اسوه بيس في العالم,1,1.0,dataset_3,0
Reppd,1,0.0,dataset_1,0
يا ودي روحوا نتوما سراقين 😉🤟,0,-1.0,dataset_1,0
عجبني اللول شباب هادا ماكان والموسيقى 😒,0,-1.0,dataset_1,0
اوريدو عندي ما بين 30و40 ووصلت مرة واحدة الي 77 قاوية,2,2.0,dataset_3,0
العرض لاباس لاباس بيه بيه,2,2.0,augmented,0
سأرمي شريحتي و اشتري موبيليس,2,2.0,dataset_2,0
انا ما زل ماخرجش ليا ليوم,0,0.0,dataset_3,0
صحا نقدر نشري بيس نتع سهلة box بلا مودام,0,0.0,dataset_3,0
كذابين وحايرين في السراقين نتاع اوريدو ياو الكذابين يلوحلهم ربي السرارقة,1,1.0,dataset_3,0
El edit chabab bezaf el el ha9 ha9,2,1.0,augmented,0
🤲 nchalh lconixou🌐 tkon kfifa,1,0.0,dataset_1,0
يدخل في سما مايقدرش يوالي plan top awele tous pix اولا رناي غالط,0,0.0,dataset_3,0
Cnx th9ila asbrou chwi 😂,0,-1.0,dataset_1,-1
عندهم أحسن إنترنات في الجزائر ،حق حق,2,2.0,dataset_3,0
Ghalya,0,-1.0,dataset_1,0
Djezzy confort 1500.. la misère la 3ala9a m3a la confort,1,1.0,dataset_3,0
Rockstar games,1,0.0,dataset_1,0
Fi Annaba makanch khlahe offre hada 😂,1,1.0,dataset_3,-1
ها احشموا شوية التعليقات كاملة واحد ما علق على المحتوى كامل يشكيو مالريزو و نتوم دايرين رواحكم ماشي شايفين شوية احترام للزبائن على الأقل,1,0.0,dataset_1,0
خاوتي كي نحول من توب 4G للبيكس بزاف ما يروحليش عرض التوب 4،G نجم ديما نولي ليه ؟,0,0.0,dataset_3,0
اصلا موبيليس اكثر شبكة ثقيلة نصف الشهر كله خارج مجال التغطية و الانترنت حدث و لا حرج,1,1.0,dataset_3,0
بصح قليل شهر تحير زعما علاه ديروه اوموان شهرين,1,0.0,dataset_1,0
نجمة من بكري تافهة ومعندهاش التزامات,1,1.0,dataset_3,0
Barakallaho fik akhi,2,2.0,dataset_3,0
و فالأيفون كيغاش ندير خويا لعزيز,0,0.0,dataset_3,0
هادي أول هايلة بزاف مرة نجرب موبيليس هايلة بزاف كي الريزو كي الكونيكسيو,2,2.0,augmented,0
Djezzy وي درتها او مفهاش,1,0.0,dataset_1,0
عندي ريدمي 9 و موبيليس pix we navigu متلعليش advance +,0,0.0,dataset_3,0
حنا مشي دعوة شر نتفرجو تيتكتوك,1,1.0,dataset_3,0
.dj.m 😉,2,1.0,dataset_1,0
🔥🔥😍,2,1.0,dataset_1,1
خويا من فضلك والعرض تاع BIKING كاش ماكين جديد ولا والو,0,0.0,dataset_3,0
Vis a vis vis 5 5 ❤️💪💪,2,1.0,augmented,0
مليح بزاف صح نوصي بيه,2,1.0,augmented,0
انا نفليكسي في هايلة بزاف 1500 عجبتني خير من 1200 والنت سريعة وتمشي تقول مودام,2,2.0,dataset_3,0
ماعليش رقم للاتصال بكم لانو عندي مشكل فلابيس تاع جيزي,1,0.0,dataset_1,0
جيزي رايحة تولي شركة عمومية ساعتها نقولو انا لله وانا اليه راجعون,1,1.0,dataset_3,0
بقاولي 69جيغا أو جيزي عندنا خفيفة مي فالمترو متمشيش قاع👐,1,0.0,dataset_1,0
برافو عليكم  استمروا هكذا,2,2.0,augmented,0
شريت كارت جيزي وكسرتها الله لايتربحهم برك عندي أوريدو ڨولد لاباس بيها,1,1.0,dataset_3,0
😇😇,2,1.0,dataset_1,0
*720#,1,0.0,dataset_1,0
💪💪😍,2,1.0,dataset_1,1
من يوم درتو التصفح المجاني للفيسبوك خربت النت.. انا مشترك مياينيوم 1500دج تعطيك 25go يفوت الشهر نستهلك 5go فقط من ثقلهاا الله غالب كون ماشي الرقم قديم عندي والله نحيها.. إن شاء الله يدخلو خدمة تغيير المتعامل مع الإحتفاظ بالرقم والله اول واحد يبدل.,0,-1.0,dataset_1,0
خاوتي ربي يفرحكم و يسعدكم عاونوني و باه نكسي روحي و خياتي والله ماني خدام ،و لي يعرف كاش وزين ولا خدمة قولولي في اي بلاصة نروح نخدم مهم حلال ، و ادعولي ربي يفرجها علينا,1,0.0,dataset_1,0
كنت حاب ندير بيس جيزي بصح ملي شفت هاد لبنادم اقسم بالله مراح نشريها,0,-1.0,dataset_1,0
15 mg alg nhar mliha,2,2.0,augmented,0
كرهتونا بي هاذي لنترنات,0,-1.0,dataset_1,0
شحال سعرها,0,0.0,dataset_3,0
Sigraf.sigraf.sigraf.اخي عبد الجليل.صاح,1,1.0,dataset_3,0
عامين 2 مع أوريدو 👍 سويتش ..دنيا زاهية هيا,2,2.0,augmented,1
اخويا تكنوا والله رنا نعنيوا في piug في ببجي ب الموبليس كاش حل ولا <br>كان قبل مليح عندو هذي سمانتين راه عيان,1,1.0,dataset_3,0
في انترنت مليحة انا هدرة معندي ماندير بيها اصلا,2,2.0,dataset_3,0
عيانة بزاف,1,1.0,dataset_3,0
و الله ننصح كل واحد مزال مشركش و الله متصلح و تخصرو دراهمكم باطل حتى يتيوب ميمشيش,1,1.0,dataset_3,0
مرحبا، لتفعيل خدمة الجيل الرابع في خطك يجب التوجه لوكالة جازي من فضلك لأن هذا يتطلب تغيير الشريحة.زهرة من جازي :),1,0.0,dataset_1,0
المشكل فالتغطية رانا مزولنا بعاد خخ,0,1.0,dataset_2,0
نلغو خدمة رناتي في اوريدو,1,1.0,dataset_3,0
الرد في الخاص من فضلك,1,0.0,dataset_1,0
نكتيفي 150 الف ب40 جيغا والسرعة 15kb ريقلو السرعة مباعد زيدو في العروض,0,-1.0,dataset_1,0
كذبتو علينا وقلتو فايسبوك مجاني هادي سريقة,0,1.0,dataset_2,0
منين خرجت عندي بزااف ماشفتكش الله يغيبك كرهتني سيرتو في رمضان وليت نهتور بيك 😐😐,1,0.0,dataset_1,0
أوغندا تطلق الجيل الخامس 🇩🇿 المهم ربحنا لالمان في 82,1,0.0,dataset_1,0
هوا كله عيب والله متصلح,1,1.0,dataset_3,0
واش ملفايدة كي تمدلي 40 Go و كي يخلاص الشهر تبقالك 35go بيسك ثقيلة متقدر دير بيها والوا,1,0.0,dataset_1,0
في عنابة الانترنات خير من موبيليس خلاه,2,2.0,dataset_3,0
تم الرد على رسالتك في الخاص.شكرا لتواصلك بنا، نسرين من جازي 🙂,1,0.0,dataset_1,0
C pour un mois djeezy gratuit ( illimité) ? Ou bien Djeezy dekhlin f dik 500da,1,0.0,dataset_1,0
ماناش راضيين صلحونا الانترنت راها ناقصة بزااف,1,0.0,dataset_1,0
روحت فليكسيت و حشاهالي,1,1.0,dataset_3,0
المشكل فريزو ماشي فلعروض,1,1.0,dataset_3,0
رهيب عندي سوتشي تع 150 تقيلا بزاف,1,1.0,dataset_3,0
واش حكاية الريزو مكانش صباح ربي,0,1.0,dataset_2,0
شريت هايلة ماكسي اكتيفيت 120 الف لقيت 20 جيڨا. بصح قالو بلي عرض 3 اشهر برك وترجع 10 . ما فهمت والو . وزيد حبيت نسقسي اسكو الفيس بوك ڨراتوي زي موبيليس والا لا,0,0.0,dataset_3,0
ماشاء الله تبارك الرحمن مزيد من التالق والتوفيق🥰..مالا مدولي اشتراك مجاني مدى الحياة😁😁😉,2,2.0,dataset_2,1
راهي عندي منذ 3 اشهر، Youtube صح غير محدود و ماشي 512 كيما راك تقول ! يمشي عادي كامل الشهر .. تسما المعلومات تاعك غالطين 100%,2,2.0,dataset_3,0
lem9elcha te3 sama 😎,2,2.0,dataset_2,0
ربي يبارك ماشاء الله,2,2.0,dataset_3,0
مستحيل هذي هدرة فارغة,0,-1.0,dataset_1,0
افشل شركة وأثقل كونكسيون في العالم,1,1.0,dataset_3,0
بالنسبة لجماعة هايلة بزاف عرض 1200الف اكتيفيه ب امتياز #44*يعطوك 30جيقا ماشي 20جيقا وشكرا خاوتي..,0,0.0,dataset_3,0
خفيفة في نهار,2,2.0,dataset_3,0
Djamel Amnap مالعبت ما جاوبت وبقاو ياكلولي الدراهم 🤔,1,0.0,dataset_1,0
تقييمي 3/10,1,1.0,dataset_3,0
Harakto 100 khtra msra walo,1,0.0,dataset_1,0
"Win 512 hadi, top 4G tamchi b 256 kb rabi yahdik matakdabch 3la nase a mon frère",1,1.0,dataset_3,0
رجعولنا تاع 100 و 20g,1,0.0,dataset_1,0
خويا من فضلكم رقم تاعي تغلق لاني لم اعبئ منذ فترة ردو لي رقمي لاعبىء من جديد والتمتع بعروضكم.,1,0.0,dataset_1,0
.dz ahh chat kfh f la pub morad oudia 3ndo iPhone . Non ? Ou kfh mala ? 😂 ahh ya denia,1,0.0,dataset_1,-1
سلحفات أحسن وأسرع من أوريدو . ( بوليتيك ),1,1.0,dataset_3,0
الله يرحم والديكم حسنو شوية من الإنترنت سورتو من 6 ل 12 تاع الليل راهي كارثة تعيشو تعيشو رانا بدراهمنا او نحاولو فيكم,1,0.0,dataset_1,0
سارة سيرين جازي ملكوها صهيوني يتجسس على الجزائر لازم غلقوها,1,0.0,dataset_1,0
Djezzy مراكيش تردي على الخاص.راكم تمسخرو بينا,1,0.0,dataset_1,0
واصل استمر يابطل,0,0.0,dataset_3,0
ياو الخرا ماشي سراقين,0,-1.0,dataset_1,0
جامي صراتلي 15ج في 10 أيام فضت.. كاين حاجة ماش نورمال,0,1.0,dataset_2,0
شكرا على 2 G ✌️🙂,2,2.0,dataset_2,0
ولي عندو موبليس قديمة يقدر يحولها ول لازم تشري بيس جديدة,0,0.0,dataset_3,0
انا نسكن فتمنراست ماعدنا حاجة يسموها موبيليز ريزو ضايع,1,1.0,dataset_3,0
مشكور,2,2.0,dataset_3,0
يا جماعة الله يحفظكم نحوس على بيس فيها عرض 150040Go 🎀,0,0.0,dataset_3,0
😛😂🤣🤔الصين تحاول اطلاق الجيل 6،ونحن مع موبيليس نحاول مشاهدة بث مباشرة بجودة 240p,1,1.0,dataset_3,-1
أسوء أنترنت جيزي,1,1.0,dataset_3,0
C&#39;est j&#39;avais une puce comment faire ?,0,0.0,dataset_3,0
بصح في تمنراست عندنا جيزي هي الافضل من ناحية السرعة و حتى جودة الاتصال,2,2.0,dataset_3,0
البوست جميل جدا شاهدته مع صديقي واستفدنا كثير ، اتغيرت حياتنا تماما بعد مشاهدته ، كما ارسلته لجميع اصدقائي فاعجبهم وانبسطوا وتغيرت حياتهم كذلك ،اوصلته لباقي المدينة فتغيرت حياتهم بدورهم وتعلمو درسا في غاية الاهمية ..و الان نعمل على ارساله الى اوربا واسيا لنغير حياتهم,2,1.0,dataset_1,0
👻👻,1,0.0,dataset_1,0
Vu,1,0.0,dataset_1,0
king,2,1.0,dataset_1,0
سڨمو قبل الكونيكسيو تاعكم ومبعد ديرو العروض,1,1.0,dataset_3,0
سلام خويا علاه ماجوبتش على الاسئله على كندا ☀️ جوبنا استاذ برك الله فيك 👍,0,0.0,dataset_3,1
Lazem nv puce wla ghir n activiw had labonement brk ??,1,0.0,dataset_1,0
همكم غير ف الليكات,0,0.0,dataset_3,0
شوفولنا حل للصور في الماسنجر، طولتو بزاف,1,0.0,dataset_1,0
لالا في السما صح وزيد خدمات في اسفل السافلين,0,1.0,dataset_2,0
ختاصر شويا,0,0.0,dataset_3,0
✅ ممتاز والله,2,2.0,augmented,1
ماكمش باغيين تفهموا بأن الامر بتخفيض الانترنت جاي من عند السلطة .,0,0.0,dataset_3,0
Bon courage,2,2.0,dataset_3,0
واش معنى ليميطاسيو,0,0.0,dataset_3,0
عندي قولد (أوريدو) لاكونيكسيو مليحة مي لي جيغا 12 ماتكفيش أو عندي هايلة بزاف (جيزي) لي جيغا خير ربي 40 مي لاكونيكسيو عيانة خاصة في الليل، من فضلك هل من حل مع القولد بأه تعطيني لي جيغا تكفيني شهر.,0,0.0,dataset_3,0
كان عندي شريحة pix فيها 7 جيغا و 100 ألف كريدي وحدها راحت و جات ساما hadi الإنترنت و le unité 😑 رجعونا يمات الدراهم راكم كبار و الله,0,1.0,dataset_2,-1
المشكل هل الفايسبوك مجاني صح ولا ينقصولك من رصيد الانترنت,0,0.0,dataset_3,0
لاقْولد غير يكذبو أنا شريتها وعطاوني 20 جيغا,1,1.0,dataset_3,0
مدلي ل اشهارة ل والو الانترنات نتاعكم خرا خرا خرا خرا خرا 💩💩,0,-1.0,dataset_1,0
c bn tar 7mam,0,1.0,dataset_2,0
صح عيدكم 😍😍بصح حاولو تحسنو الانترنت لأنو تعبتنا راهي ثقيلة بزاف,0,-1.0,dataset_1,1
تجربة رائعة 👍 نشكركم,2,2.0,augmented,1
هناك إنقطاع في الانترنت في اوريدو غير طبعي,1,1.0,dataset_3,0
ردو علخاص ❤,1,0.0,dataset_1,0
موبيليس الافضل,2,2.0,dataset_2,0
Rockstar games and rockstar north,1,0.0,dataset_1,0
Kach na9der nactiber 4g+ 3andi ooredoo switch,0,0.0,dataset_3,0
مبروك عليك 😀 سيتم الإتصال بك في أقرب وقت لإستلام هديتك.نسرين من جازي 🙂,1,0.0,dataset_1,0
واش راك صراحة شكرا,2,2.0,augmented,0
"makach mouchkil 😁 kayen puce jdida iZZY techriha b 300da. Oumba3d ki t'activy 500da 3endek 5go internet, 500da crédit tous les réseaux fi 30 jours. W'ila habit ikoun 3endek Instagram w fb illimité f 30 jours en plus m'en hadouk les 5go zid 600da. Sinon Ila habit YouTube illimité zid 600da. Khiyer 3la hsab les préférences dialek 😊",1,0.0,dataset_1,0
بجيزي بنجمه بموبليس كامل سراقين عروضكم فاشله كي خدماتكم,0,-1.0,dataset_1,0
ممتازه الحلقه 🦋تحياتي,2,2.0,dataset_3,0
ياخويا عيينا من ليميطاسيو تع جيزي كيفاه نديرو علما عندي ريزو جيزي برك مليح وين نسكن,1,1.0,dataset_3,0
.s 😂😂بينا عليها,1,0.0,dataset_1,-1
مليح بزاف  نوصي بيه,2,1.0,augmented,0
تحيا جيزي 150 يعطيك 75 جيقا انترنت وهدرة باطل نجمة سراقين,2,2.0,dataset_3,0
Djeezy ممكن سؤال,1,0.0,dataset_1,0
علاه كي ندير كونيكسيون تاع 0 نلقاكم تدولي دراهم؟,0,-1.0,dataset_1,0
على صلحتلي خاطر 4g كانت متطلعليش👍👍,2,2.0,augmented,1
اخي من فضلك كان لديا رقم هاتف /اوريدو لم استعملها مدة والان رقمها عند شخص آخر هل عدم إستعمال ألرقم مدة يعاد بيعها,0,0.0,dataset_3,0
لجمالك سيدتي بأقل تكلفة 😍😍,2,1.0,dataset_1,1
نحنمازلنافيالجيلالثالثوانتمتتكلمونعنالجيلالرابعفاصل8,0,0.0,dataset_3,0
.7 aya mlih zayer rohak chwiya dir situation lomrek,1,0.0,dataset_1,0
ساما الله لا تربحكم ليجيغا تقول راني نشرب فيهم و ثقيلة تقتل 😡😡🤬,0,1.0,dataset_2,0
Saduki Amine مام انا راهي عندي ثقيلة خليتهها و فليكسيت لاوريدو خفيفة و الله,0,-1.0,dataset_1,0
شحال 😍😍 كي جازي تنقصلك 50% فالتعبئة الثانية هايلة,2,2.0,augmented,1
تعلم من الحياة والله غير عندك صح,1,0.0,dataset_1,0
عندي. طوب 4G. دير. صيكونت ميل نكونكتيي. شهر. كامل. لاه نكسر راسي 😑,1,1.0,dataset_3,-1
رانا نستنو في عمي ايلون ماسك يطلقلنا انترنات مجانية بالاقمار الصناعية راه طول كاش خبر عليه ول 😩😩,0,0.0,dataset_3,0
oui c vrai t’as raison,0,-1.0,dataset_1,0
شكرا جزيلا 💯 كل شي مزيان,2,2.0,augmented,1
كيفاش ناكتيفي تع ٥٠٠دج ؟,0,0.0,dataset_3,0
كاش واحد يفهمنا فهاد ليميتاسيون,0,0.0,dataset_3,0
أكبر سراقين هم جازى,0,-1.0,dataset_1,0
مرحبا،نحن نسعى لتقديم أحسن الخدمات، في حالة مواجهتك لأي تذبذب في الشبكة ندعوك للتواصل معنا على الخاص وتقديم رقم الهاتف من فضلك.زهرة من جازي,1,0.0,dataset_1,0
سمحلي راك غالط OOREDOO عندي شهر 0 conixou,1,1.0,dataset_3,0
بصح ما عنديش بطاقة الذهبية و اليوم تخلاصلي الكونيكسيو كيفاش ندير,1,0.0,dataset_1,0
كيفاه نحول البيس من 2G الى 4G عندي كتر من 4 سنين ملي شريتها و كواغطها راحولي معنديش درك,1,0.0,dataset_1,0
J'ai un problème de débit,0,-1.0,dataset_1,0
اسوء انترنت على مجرة,1,1.0,dataset_3,0
انا لحقت 70 ميغا,2,2.0,dataset_3,0
تجربة رائعة 🌟 نشكركم,2,2.0,augmented,1
الانترنت في الجزائر لا ترتاح لا في راسك و لا جيبك..حل الواحيد الانترنت الفضائيه..عملتيلهم مليار فيديو ما فهموش الهدره تاعك..كمل يا نحنا يا الانترنت الحلزونية .,1,1.0,dataset_3,0
😍😍🇩🇿🔥🔥.7 the King,2,1.0,dataset_1,1
"Bessah machi lazem tzid koulech 😂 li imout 3la fb insta y'activihom, li idel ichouf les vidéos y'activy youtube illimité. Koul wahed wesh isa3dou 😁",1,0.0,dataset_1,-1
الاخ علبالك بلي تقدر ترد بيس اوريدو عادية الي بيس جولد,0,0.0,dataset_3,0
مشكل في الحيط مشي في ريزو,1,1.0,dataset_3,0
Internet en algerie c est le plus faible ible du monde la lybie en guerre est son internet est meilleur que la notre,1,1.0,dataset_3,0
Rebi yahefdek,0,0.0,dataset_3,0
قدمت موبيليس عروض جيدا,2,2.0,augmented,0
سڨمو الريزو تاعكم إنقطع بشكل كامل في بلدية سيدي موسى,1,1.0,dataset_3,0
.26 احي رحت لعندهم و مادارولي والو بالاك نبدلها نشريها من عندهم و نشوف صينو ايدا قعدت هكا متساعدنيش,1,0.0,dataset_1,0
.had اذا مارجعتوليش هذا الخدمة نبدلكم بموبيليس ..راها باطل و الكونيكسو فيها خيير منكم,0,-1.0,dataset_1,0
أفضل شبكة وأفضل عروض وأفضل تغطية على مستوى البلد,2,2.0,dataset_2,0
لما لا تردون على رسائل,1,0.0,dataset_1,0
راهي الان مليحة خلاصتلي الجيغا ومزالت تمشي 2.5ميغا,2,2.0,dataset_3,0
لي عندو صحبتو عندها موبيليس ولا اوريدو 500 تاعكم تروح في نص ساعة واش من شهر لي نحكو عليه هه,1,0.0,dataset_1,0
شكرا على المعلومة,2,2.0,dataset_3,0
سلام خوتي لعزاز انا من 🇩🇿الجزائر راني نخدم في فديوهات والله غير حاجة نظيفة وملقيتش الدعم عانوني ربي يافرحكم دنيا واخر✌,0,0.0,dataset_3,0
والانترنت اليميتي ولا تخلاص,1,1.0,dataset_3,0
حسبتك رشيد نكاز هه حفظك خويا,0,0.0,dataset_3,0
هل تشتغل في 3 جي,0,0.0,dataset_3,0
2500DA/ trimestre ?,1,0.0,dataset_1,0
عندي مدة ملي كسرتها البيس تاعكم ما تصلح لوالوا,0,1.0,dataset_2,0
العروض الموجودة تكفي ولا باس والانسان راه مايقنع مايشبع حتى لو كان كل شهر عرض,2,2.0,dataset_3,0
كي جيزي كي اوريدو كي موبيليس و كي اتصلات الجزائر كيف كيف معندناش ولو,1,1.0,dataset_3,0
Rdoulna wsh ditoulna crédit brk,1,0.0,dataset_1,0
❤️❤️❤️❤️,2,1.0,dataset_1,0
احموودة لكنكسيو كي صرلها,1,0.0,dataset_1,0
جيبنا جديد ADSL الله يحفضك,0,0.0,dataset_3,0
تاستي على 8 ليلا,0,0.0,dataset_3,0
حسبي الله ونعم الوكيل فيهم خدعوني صبحت خاسر 235 الف ومبدل نميرو الله ينعلهم,1,1.0,dataset_3,0
😏انا والله طيارة كونكسيون تاع جيزي نطفي الويفي ونكونكتي باها بلاك بلاصتك مافيهاش ريزو مليح,0,-1.0,dataset_1,0
ان شاء الله,0,0.0,dataset_3,0
😢t,0,-1.0,dataset_1,0
لا بوس لب تهدر عليها تولي خردة.. يرحم باباك ما تهدر على حتا بوس,1,1.0,dataset_3,0
الكونكسيو فيها تستهلك بسرعة,1,1.0,dataset_3,0
انا درت جيزي وندمت عليها بزاف..كارثة,1,1.0,dataset_3,0
الشبكة راهي هايلة خلال هذه الأيام,2,2.0,dataset_2,0
wlh sah 😂,1,0.0,dataset_1,-1
المدينة الجديدة بسيدي عبدالله ..(المعالمة)..الانترنات.وحتي المكلمات 0/100,0,-1.0,dataset_1,0
افضل طريقة تريقلها يدويا.. كيفاش حنا ما يعيطولناش .. مم ما عجبتنيش الفكرة,0,0.0,dataset_3,0
أسوأ شبكة للأسف 🐌🐢🐌,1,1.0,dataset_3,0
راضي بزاف ❤️ الله يحفظكم,2,2.0,augmented,0
هذا راهو يمسخر بيكم,0,0.0,dataset_3,0
❤️❤️❤️❤️❤️❤️❤️❤️,2,1.0,dataset_1,0
مليح بزاف  نوصي بيه,2,2.0,augmented,0
حسب تجربتي عرض رائع خصوصا 1500 دج <br>المشكل في العرض هو الرسائل,2,2.0,dataset_3,0
السلام، من فضلك شرح عرض wni 650 هل فيها ميطسيون ام لا،,0,0.0,dataset_3,0
عدلوا سرعة الانترنت أولا لأنها جد ضعيفة و لا تمثل 4G أقل من 2G. ماهذا التدهور و التقهقر في شبكة الانترنت و سرعتها. العروض جيدة بالفعل لكن الخدمة مع الأسف 1/5,0,-1.0,dataset_1,0
ريقلوا انترنات راهي ثقيلا,0,1.0,dataset_2,0
"Salam, ma puce est bloquée et vos agences sont fermées tte la journée..cmt faire je veux garder mon num, ya t'il un numéro pour régler ce problème ?",1,0.0,dataset_1,0
صح ممتاز والله,2,2.0,augmented,0
يا تحسنو الخدمة تاعكم. لي مخلصينكم عليها قبل ولا نبدلو كل الى متعامل اخرى انذار ..,0,-1.0,dataset_1,0
Top 4G موبيليس راها مليحة في السرعة الأنترنت,2,2.0,dataset_3,0
"vive mobtasim 4g : 500 Da ,, connexion illimité pour 1 mois + bonus 100 DA pour les appels tel .",2,2.0,dataset_3,0
Khoya Ooredoo gold mliha,2,2.0,dataset_3,0
واش دخل سبورتيف خو؟,0,0.0,dataset_3,0
Votre connexion Internet insupportable 👎,0,-1.0,dataset_1,0
ربي يوفقك إن شاء الله,0,0.0,dataset_3,0
عندي راعي 240,0,0.0,dataset_3,0
احتراماتي حبيبنا مكش منها عروض تع يوتوب مجاني في موبيليس وزيد في عرض 120 الف 20 ج انترنت ومكش فيسبوك مجاني,1,1.0,dataset_3,0
هذا الشئ عادي من بكري مارش,1,1.0,dataset_3,0
.hm illimité seulment pendant 30 jours ctt,1,0.0,dataset_1,0
شكرا 😉,2,2.0,dataset_3,0
جيزي قديم,1,1.0,dataset_3,0
نحن الجزاءريين فقدنا الامل من هذه الشبكة وشعارنا هو لا ترجو السماحة من بخيل انهم بخلاء ولا يفقهون في الكرم او الجود قولا ولا تننضر اي شيء او عرض من هذه الشبكة بل اسوا من ذلك انهم يشغلون خدماتهم كرنتي ومعلومة وياءخذون الرصيد غصبا عنك انهم سارقين,1,1.0,dataset_3,0
اسم التطبيق الي استعملوا,0,0.0,dataset_3,0
ممتاز والله,2,1.0,augmented,0
WE did it for you 😉,2,1.0,dataset_1,0
Rebi yahfdak kho wlh rahi sartli mochkil kbir lazem yetrigla lazem hamla,0,0.0,dataset_3,0
افضل عرضpixx شفتو في حياتي,2,2.0,dataset_2,0
Waaw ces bien,2,1.0,dataset_1,0
48 ولاية ريزو تاع موبيليس مرض ورهج الله يذلهاشركة والله يذلها شبكة يمدولك 100 جيغا وكونكسيو ثقيلة واش تدير بيها الريزو خطرات يتقطع كامل باليومين دون سابق إنذار وبدون تعويص,1,1.0,dataset_3,0
prix poco f3,0,0.0,dataset_3,0
علاه ماتموش في هدرتكم العرض من بعد شهور اللي تشري يدورو عليك,1,0.0,dataset_1,0
مرحبا،الرجاء تقديم أكثر توضيحات حول طلبك لنتمكن من إفادتك.زهرة من جازي,1,0.0,dataset_1,0
انا عندي جيزي مليح ريزو,2,2.0,augmented,0
والله تقريب من 10 تع الليل لتقريب 8 صباح وانا نتفرج في نقصتلي غير ونص جيق,2,2.0,augmented,0
بصح ياخويا هيتولي H كي ينقص ريزو وكون تخليها غير فال 4G وتفعل التطبيق هذا غادي تولي تطفاوتشعل,0,0.0,dataset_3,0
Mobilis اووه بارك الله فيكم . من تواضع لله رفعه شكرا جزيلا,2,2.0,dataset_2,0
السلام عليكم ورحمه الله وبركاته اخي جربو على 8تع العشية حتي 12 تع الليل ورجعلي الخبر,0,0.0,dataset_3,0
Comment désactiver une bonne flis pour toute le gratuit de messenger djezzy il me saouullee,0,-1.0,dataset_1,0
انا نفليكسي في هايلة بزاف عجبتني خير 1200 والنت سريعة تقول مودام,2,2.0,augmented,0
راني بالموبيليس طوب 4g 500 في عامين و حمد لله,2,2.0,dataset_3,0
من اتابعه سا يتابغني والله.الايكات تثبت 💜,2,1.0,augmented,0
ان عندي بيس جيزي izzy تقعد لي شهر كامل وانترنيت خفيفا ماشي ثقيل,2,2.0,dataset_3,0
mam ana😢😢 wsh n9olkum Djezzy merci bcp ki tfkrtona,2,1.0,dataset_1,0
صباح خير شريحة ساهلة و الله تخليك خويا مانخدموش على اوريدو ب 100 دج يعطيك 15 يوم ب 10 جيغا و 200 دج يعطيك 20 جيغا لشهر مع سرعة منخفضة هذا عرض ماهوش تاع مواطن بسيط خويا من مفروض اوريدو يراجعو رواحهم,1,1.0,dataset_3,0
تجربة رائعة  نشكركم,2,1.0,augmented,0
هو عرض شباب لاخطرش فيه تحسينات على كلش مكاش تراجع على بيكس بصح راهي نقسة سرعة بزاف,1,1.0,dataset_3,0
اذا مكاش تعويض للشعب فلنتحد للمقاطعة,1,1.0,dataset_3,0
يا زهرة قوليلهم يسقمو ريزو موليتش نقدر نلعب فري فاير ولا بوبجي غير ندحل يقتلوني كوكنسيو راهي تقيلا بزاف,0,-1.0,dataset_1,0
"👌🏻 😍 كل عام، كل يوم و في كل لحظة 🚀 نديرو لي علينا 💪🏻 باش تكونو راضيينChaque année, chaque jour, chaque instant qui passe 🚀 nous donnons le meilleur de nous-mêmes 💪🏻 pour vous satisfaire, 👌🏻 😍Connectez-vous, 📱 partagez vos meilleurs moments 📷 et surtout, profitez! 😉#djezzy #dz #reseau",2,1.0,dataset_1,1
الانترنت راهي اكتر من السلحفاة واش حابين اكتر,0,-1.0,dataset_1,0
غدوة نشري شريحة موبيليس 😁,2,2.0,dataset_2,0
تحيا موبيليس معا الى الامام,2,2.0,dataset_2,0
اذا قمت بتحويل من top4G الى sama هل يمكنني الرجوع الى العرض الاول top4G,1,0.0,dataset_2,0
خويا هل تزالو شرائح متوفرة djezzy 3ayla,0,0.0,dataset_3,0
Fiha ilimiti djz,1,0.0,dataset_1,0
Sérieusement depuis que j'ai dezzy je suis plus en de cridi ni avant je galère mtn hamdoullah,2,1.0,augmented,0
A lot of message sent but no responce coming from you guys,0,-1.0,dataset_1,0
مودم 4g اتصالات الجزائر احسن .100الف تكونكتي ب 20 جيقا وكي تكمل تقدر تكونكتي بالانترنيت المنخفض512 وتقدر تزور قاع المواقع والكونكسيو مليحة حتى بالانترنيت المنخفض,0,0.0,dataset_3,0
اسؤء شريحة هيا اوريدو اخطيك منها نصيحة,1,1.0,dataset_3,0
👎👎 kol 5a6ra tzido t5rboha,0,-1.0,dataset_1,0
Dark mode saves battery life.👌🏿💜,1,0.0,dataset_1,0
On dirait karaça .. #çukur <••>,1,0.0,dataset_1,0
مشكلة في الانترنت في ولاية قالمة حي شرفة احمد منذ ثلاث ايام ولا احد يرد,1,1.0,dataset_3,0
انا لبيس تاعي سبيسيال حبيت نبدلها لهايلا ماقدرتش,0,0.0,dataset_3,0
Rah nbedel le réseau,0,-1.0,dataset_1,0
Ya Kho wach hiya la cnx lmliha llgaminge,0,0.0,dataset_3,0
Merci pour votre fidélité 😍,2,1.0,dataset_1,1
أفضل عرض درتوه جيزي ونشكركم بزاف بزاف على هذي الحشوة,0,-1.0,dataset_1,0
نسكت خير,1,0.0,dataset_1,0
وعلاش هيلا بزاف مافيهاش امتياز تع 800و600😞😭وكيفاش ندر بش ندير تع 60 و80,1,0.0,dataset_1,0
مندري وش الكونيكسيو كالخرى,1,1.0,dataset_3,0
الأول,0,0.0,dataset_3,0
Tchektchouka+khalouta.,1,1.0,dataset_3,0
رائعة اليوم سييتها عجبتني، شكرا موبيليس♥️,2,2.0,dataset_2,0
💕💕 Omg them all😎 must have them all😎,2,1.0,augmented,0
اعطينا الوقت الي تعمم فيه زيادة السرعة في الولايات الاخرى,0,0.0,dataset_3,0
حتا انا معاك كرهت من هادو الكلاب,1,1.0,dataset_3,0
Slm kifach nactivi 10 alaf f ooredo nahki l tout ls reseau stp repondiw,0,0.0,dataset_3,0
واش هوا الجديد ترد فيديو ما تفهم فيه والو فهم روحك,0,0.0,dataset_3,0
ديرنا من فضلك مقارنة بين موديم ايدوم 4g و موديم ساهلة بوكس,0,0.0,dataset_3,0
انترنت مجاني شكل *54629*864-65# حسام قاضي,1,0.0,dataset_1,0
مليح بزاف 👍 نوصي بيه,2,2.0,augmented,1
راه عندي مشكل في لبيس جيزي ردوا علينا,0,-1.0,dataset_1,0
خخ العميقين اك شايف,1,0.0,dataset_1,0
عندك الحق خويا رانا في بلدية من سكيكدة كاينة 4g موبيليس عندنا غير 3g و لكن موبيليس اسرع من جيزي ، باه نتفرج فيديو ما نقدرش و الله كارثة,1,1.0,dataset_3,0
انا انترنت جيزي طيارة <br>20 Download<br>16 upload<br>واما مع vpn <br>90 Download <br>120 upload<br>😂الحمد لله برك <br>بصح لو غيرت من بطاقة الى انترنت مودام <br>ترجع انترنت خرا في خرا 😂💔<br>0٫90 Download<br>0.01 upload<br>لاي لاي لاي لاي 💔🌚,2,2.0,dataset_3,-1
تساهل الشه فيك,0,0.0,dataset_3,0
Ping 99,1,0.0,dataset_1,0
الخدمة تاعكم رائعة 💯,2,2.0,augmented,1
مليحة لواحد يخدم بيها فدار,2,2.0,dataset_2,0
راكم كون تزيدو برك #4__جي في بلدية #الوطاية #بسكرة,2,1.0,augmented,0
ان شاء الله تجاوبني برك راني ساألك شعال من مرة ما جاوبتنيش <br>هل ممكن نحول بوس تاعي اوريدو من هايا الى سويتش,0,0.0,dataset_3,0
عروض مليحة و لكن المشكل فالتدفق و التغطية ضعيفة كسبيل المثال ip tv مايمشيش مليح,1,1.0,dataset_3,0
أحسن وريزوا نتاعها sim مليحة للالعاب وريزوا نتاعها مليح,2,2.0,augmented,0
عندك الحق خويا,0,0.0,dataset_3,0
هل هناك جديد في مايخص المودم 4g lte,0,0.0,dataset_3,0
"3lah tkdhbo, cnx de merde li 3adekom 😤😤",0,-1.0,dataset_1,0
fantasy rpg .ly .bjm #nickiminaj,1,0.0,dataset_1,0
cnx t9ila bzf😞,0,-1.0,dataset_1,0
كذابين 200 Da تعطيك 20G ويفضو في سمانة,0,-1.0,dataset_1,0
عندي مشكل في الشاريحة ديالي وماعنديش كريدي نعيط ولمساج ديالكم نرعتلكم يخرج من المسانجر وحدو ولازم نريڨلي الخلل ليعيطلي يخرج لإتصال عند رقم ثاني,1,0.0,dataset_1,0
سرفيس مليح صح برافو,2,2.0,augmented,0
حنا 3G ومازال,0,0.0,dataset_3,0
ولي عندو لاوين ماكس,0,0.0,dataset_3,0
كي نعيط لكاش واحد ساعة تتكوبا,1,1.0,dataset_3,0
سلام عليكم ✋,0,0.0,dataset_3,0
يا أخي نتا راك تهدر برك انا راني داير هاد العرض و و الله نشوف لي فيديو كامل ب 1080p بدون تقطع .. قبل ما تهدروا تأكدوا من صحة المعلومات و الا جربوا بنفسكم,2,2.0,dataset_3,0
هل يمكن الرجوع إلى عرض بيكس القديم إذا فعلت هدا العرض الجديد سما,0,0.0,dataset_3,0
اتترنت نتعو عاين.,1,1.0,dataset_3,0
اقطع النفس ماتتحركش باه تطلع هه,1,1.0,dataset_3,0
Djezzy 17 mbps/s,2,2.0,dataset_3,0
مرحبا,0,0.0,dataset_3,0
Et 3 milliard d'appel moi stp chaque heure hh l'algerie yah 😂😂,1,0.0,dataset_1,-1
يعطيك الصحة خويا,0,0.0,dataset_3,0
"Bonjour Ymen, Pour une prise en charge de votre requête, nous vous invitons à nous contacter par message privé svp :) Zahra de Djezzy",1,0.0,dataset_1,0
"Sûrement ram mperatyini F PC, F tlf wzid même wakila F ma vie réel",1,0.0,dataset_1,0
خويا جليل مكانش خبر على انفصلات الجرائر,0,0.0,dataset_3,0
Safi longtemps 3andi djezzy mais DSl jamais kant haka c'est de la mèrde nflixi 1500da chaque mois pour rien service wela catastrophique 😊,0,-1.0,dataset_1,0
Win nal9aha habit nechriha,2,2.0,dataset_2,0
شريتها ليوم مالغري ريزو قاوي عندنا.. يا خاوتي راهي تسرق والانترنت ضعيف ب4g متشروش ومتخسروش دراهمكم,1,1.0,dataset_3,0
دجيزي ولات كارثة,1,1.0,dataset_3,0
Djezzy pour Netflix 🙌🙌,2,1.0,dataset_1,0
انا شريتها تعي انترنيت ثقيلة,1,1.0,dataset_3,0
هل هو لجميع شرائح,0,0.0,dataset_3,0
rockstar eya dirou jaime bach jarbah,1,0.0,dataset_1,0
الكونيكسيو نتاع جيزي كانت هيا لمخيرا والآن للأسف رجعت بطيئة جدا جدا سواردنا رايحين في الريح,0,-1.0,dataset_1,0
Sama🐌,0,1.0,dataset_2,0
Bghit nfham asq la pouse qui tachriha ida khalas crédit tamchi normal machi lazam tflixi gratuit,1,0.0,dataset_1,0
جيزي موبيليس أوريدو لازم الروحو لي المقرات نتاوعهم ونغلقوهم في 48 ولاية باه رأي العام والعالمي يشوف أذناب العصابة واش راهي دير هذا ماينفع معاهم أما الحملة مادير والو هذو راهم مدعومين من جهة ما كفاش السرقة عيني عينك. رانة كل شهر نخلصو الفاتورة ومنكملوش حتى الربع من لي جيڨا.,1,1.0,dataset_3,0
مدولنا,1,0.0,dataset_1,0
مشكور اخي على المجهودات,0,0.0,dataset_3,0
Bghyt nsa9sikom 3lah cnx raha n9sa fiha wlh hbltoni min raj3tha sama krahtoli hyti,0,1.0,dataset_2,0
نقدرو نتشاركو معاهم الرصيد و النترنت في اي وقت نحبو,1,0.0,dataset_1,0
كيفاش نرجع موبيليس 3G إلى 4G وشكرا,0,0.0,dataset_3,0
جيزي امتياز طلعتلي 36 mbps,2,2.0,dataset_3,0
العفو، هذا واجبنا :),1,0.0,dataset_1,0
تحسن ملحوظ فالعروض,2,2.0,dataset_2,0
أنا نخدم بيه مليح,2,2.0,dataset_2,0
Merci Mobilis vive la JSK ✌️,2,2.0,dataset_2,0
✅ ممتاز والله,2,2.0,augmented,1
سلام خويا,0,0.0,dataset_3,0
Repondiw fel prv yaaw !!,1,0.0,dataset_1,0
كيفية المشاركة,1,0.0,dataset_1,0
أنا محبتش تمشيلي مو 13 جيغا,1,1.0,dataset_3,0
رهي تمشي نورمال حتى 1gb لي زادوها مشات عادي,2,2.0,dataset_3,0
اهدرلنا على المودام تاع اوريدو لا بغيت زعما,0,0.0,dataset_3,0
كيفاه نكتيفي pixx 1200?,0,0.0,dataset_3,0
Vive 600 da 1500 tous les réseaux men djezzy l djezzy batel whda pour un mois,2,2.0,dataset_3,0
كيف تفعل العرض swich ..او لازم تشري شريحة جديدة ؟؟,0,0.0,dataset_3,0
موبليس سيئة جدا,1,1.0,dataset_3,0
Baraka Allah fik,2,2.0,dataset_3,0
تحيا اوريدو السويتش,2,2.0,augmented,0
بيس باطل فيها انترنات illimité,2,2.0,dataset_3,0
ماكاش راهيش تتباع,0,0.0,dataset_3,0
صيف هايل بصح الانترنت تاعكم ضعيفة,0,-1.0,dataset_1,0
ديرلنا كيفاه نحولو من 2g لل 4 g,0,0.0,dataset_3,0
كاين عرض خير تع سمانت 100دينار يعضوك 30جيجا,2,2.0,dataset_2,0
كلهم خردة !🤯,1,1.0,dataset_3,0
Ya les escrocs,0,-1.0,dataset_1,0
عرض Ooredoo switch يعطيوك فيه انترنت غير محدودة عجبتني,2,2.0,augmented,0
._.grap 23=100demond w 100=100demond,1,0.0,dataset_1,0
ممكن أكثر توضيح على الطلب من فضلك ؟,1,0.0,dataset_1,0
#نطالب بتحسين خدمة الانترنت,0,1.0,dataset_2,0
مليار سنتيم وليس دينار,0,0.0,dataset_3,0
موبيليز تخلاصش تمتم,1,1.0,dataset_3,0
كيفه نحكي نغمتي,1,0.0,dataset_2,0
Les hommes win nal9aha fel dar el bida. Rpd ala les fans dyalak,0,0.0,dataset_3,0
جيزي افضل 1500,2,2.0,dataset_3,0
السلام عليكم معليش واحد يفهمنا واش معناها 4G advence,0,0.0,dataset_3,0
السلام عليكم ورحمة الله <br>ما هو مصير أصحاب موبايلات سامسونق؟ وهل يستفيدوا من سرعة الانترنات؟,0,0.0,dataset_3,0
او محرز واش دخلو😂,1,0.0,dataset_1,-1
بالنسبة ليااحسن عرض هو جيزي كونفور تاع 150 الف هايل مفيهش محدودية,2,2.0,dataset_3,0
3ayana,0,-1.0,dataset_1,0
hh,1,0.0,dataset_1,0
راهي تمشي عندي غير تيكتوك دوبلي بصح يوتيوب ماتبدل والو يمشي 30kb,1,1.0,dataset_3,0
موبليس أحسن بينغ فالألعاب ولاكن لماذا ليضعون عروض خصيصا للقيمر,1,1.0,dataset_3,0
Djezzy I'm the next feature marki 3ndek,2,1.0,dataset_1,0
المزمبيق خير منا,1,1.0,dataset_3,0
انا رح ندير سويتش 1500 حبيت نسقسي لي يبقى من الخمسين جيغا تبقى شهرين برك ولا كثر,0,0.0,dataset_3,0
Je voudrais bien une ps4 poire commencé ma carrière,1,0.0,dataset_1,0
السلام، عندي مشكل ف الرسائل النصية (موبيليس,1,1.0,dataset_3,0
سلام خويا دير انبوكسن تاع poco m3 pro 5g,0,0.0,dataset_3,0
اودي ريقلونا كونكسيو عندها سمانة مكاش قاع 🙄🙄,0,1.0,dataset_2,-1
Waraah conx ya thahnaa warahii,0,-1.0,dataset_1,0
❤️merci mobilis pour cette offre,2,2.0,dataset_2,0
تمشي ضعيفة,1,1.0,dataset_3,0
Toop🔥❤️,2,1.0,dataset_1,0
C'est pourquoi C'est pourquoi J'adore cette opérateur téléphonique vraiment,2,2.0,augmented,0
Un nouveau canal ce distribution vient de naître bravo a ce nouveau partenariat et beaucoup de succès👏👏,2,1.0,dataset_1,0
ريزو مبيليز ندخل لدار ونخليه برا ميبغيش يدخل معاية نجمة تخدم في نهار وترقد بكري في ليل 6 مساء تنتهي لخدمة خدمات زبالة مثل مليهم في سرقة وتدفق لنسبة سرقة هم رقم 1في لعالم,1,1.0,dataset_3,0
Men3andmen tle99aw had l3o9obat w chkon hada li raho y7aseb fihom ??,0,0.0,dataset_3,0
الانترنيت في اوريدو هايلة . انا كنت نسوفري مع جيزي,1,1.0,dataset_3,0
.__.d_o_u .19,1,0.0,dataset_1,0
Quand il y aura le réseau nchalah 😑😑,0,1.0,dataset_2,-1
بيس يوز اشريتها ومتصلحش خدعوها,1,1.0,dataset_3,0
تجربة رائعة  نشكركم,2,1.0,augmented,0
شحال راها تدير اوريدو سويتش,0,0.0,dataset_3,0
عندي عولي 9 شهر لكن سرقين بزاف,1,1.0,dataset_3,0
عبير (البطلة)24 سنة طويلة شابةشعرها طريل شاتان كلار عينيها نوازات كامل يقولولها شابة مي هي متواضعة و نية و تحشم بزاف تخدم فشركة الحسابات ماريا اختها و هي اصغر منها بعام و هي شابة شعرها صفر مي عكس اختها لي يشوفهم يقول ماشي خواتات صفاء صديقة عبير تعرفها من عشر سنين و تخدم معاها في نفس الوقت هي شابة مي عبير شابة عليها علا هديك تغير منها ديفوا و صفاء تلبس العريان على عكس عبير لي عادة لبسها يكون مستور سليمة و جمال ام و اب عبير (البطل) جاد 26 سنة شبااب بوقوص البنات لي فالشركة كامل يحبو يدورو بيه مي هو ماداها في حتا وحدة و هو مدير الشركة لي تخدم فيها عبيرعنده خوه جواد 25 سنة يخدم مع خوه هو بطبعه انسان يقصر و يضحك يعني اجتماعي عندهم امهم زهيرة مراة متواضعة و حنينة بزاف..تكملة القصة عندي فالصفحة.,1,0.0,dataset_1,0
عرض داءم ولي تسما,2,2.0,dataset_3,0
مافهمتش هذا وين فهمت نت هي عندها 4 سنين وهي هك,0,0.0,dataset_3,0
هذي الساعة موبيليس راهي لا علاقة,1,1.0,dataset_3,0
Djezzy نفىس المشكل و مشكل انكم بعتوها مباشرة مالقري قديمة عندي ميهمك لازبون لا والو تموتو غ على دراهم,1,0.0,dataset_1,0
بحثت عند موبيليس عن العرض الذي قلت أنه جديد ولم أجد شيئا,0,0.0,dataset_3,0
La vrai questions ask 5 G mor n9olo 15 jour ask t93ad khfifa wla m3a lw9t la connexion tt9al,1,0.0,dataset_1,0
Kayen sewy3 ou serwel lelbi3 Ida Rak hab techri aya prv ne9sro,1,0.0,dataset_1,0
هوا الاقوى جيزي هوا الاقوى,2,2.0,augmented,0
لجمالك سيدتي بأقل 😍😍 تكلفة,2,1.0,augmented,1
اثقل شبكة ومزال 4Gماطلقوها,1,1.0,dataset_3,0
مكانش مامبا 4g ف حومتنا,1,0.0,dataset_1,0
مليح بزاف  نوصي بيه,2,1.0,augmented,0
هل هناك عروض رمضانية قادمة أم لا ؟,1,0.0,dataset_2,0
الاطلاق عرض على افضل 💪💪,2,2.0,augmented,0
وش الفرق بين uplaod // downlaod,0,0.0,dataset_3,0
9isach ybdou 🤔🤔,1,0.0,dataset_1,0
لاتنسى اخاك ترعاه يداك😂,1,0.0,dataset_1,-1
أنا موبيليس100 pixx متفوتش 100 كليو بايت,1,1.0,dataset_3,0
الجلفة,0,0.0,dataset_3,0
عندي كثر من شهر منين بعتلكم معلوماتي ماعييتوش رواحكم خلاص وماقريتوش الميساج زدت عيطتلكم جبتوا بيا الوقت الحاجة الي درتوها كانت لاكونيكسيون تروح مع الصباح درك تعكست ولات تروح من لعشية وتحي في نص ليل,0,-1.0,dataset_1,0
تحيا top4G من ناحية top4G من انترنات غير محدود ❤️,2,2.0,augmented,0
ديرلنا على آبل واتش في دزاير اذا تقيس القلب والاكسيجين,0,0.0,dataset_3,0
Le site ne marche pas 😔😔,0,-1.0,dataset_1,0
الله حفظك موبيليس درتي حاجة عضيمة في عالم التكنولوجيا واصلي,2,2.0,dataset_2,0
64mb 🤩🤩 la gold boumerdas ville,2,2.0,dataset_3,0
جوبني اخي انترنات في الجزائر كلهم صفر على صفر نعلة الله على كل خطوط بثلاث أنا من تلمسان,1,1.0,dataset_3,0
وكته ترجع انا كلش راح غير مسينجر و يوتيوب,1,1.0,dataset_3,0
3lh mchi kima rana ga3 manzidouch netulisiw djezzy psQ rs zbal w drahemna yroho f batel cbn hbso chwia rokhs w bedlo les puces kahlouhom y3icho fiha wahdhom,0,-1.0,dataset_1,0
La connexion ta3kom est 💩,0,-1.0,dataset_1,0
قالي واحد 4جي بلوس ماهيش 5جي,0,0.0,dataset_3,0
Djezzy شكرا,2,1.0,dataset_1,0
اسوء متعامل هوما نتوما,0,1.0,dataset_2,0
.dz ki smouha la pus ??,1,0.0,dataset_1,0
..,0,0.0,dataset_3,0
بأذن الله بتوفيق الله يبارك 💖🌹,2,2.0,dataset_2,0
mdrr tssema nta li 3ami9 non ? Ya hayawan thder 3a niya jabri,1,0.0,dataset_1,0
بصح علاه ماتيستيش كونيكسيو فليل ناس كامل تدخل لدارها فليل تكونيكتي راهي كاريثة فليل,1,1.0,dataset_3,0
اعطونا حق ما سلكنا و الزايد زيدوه في حياتكم,1,0.0,dataset_1,0
يا والله الا الكل كذابين و سراقين .كي جيزي كي موبليس كي اوريدو .,1,1.0,dataset_3,0
سراقيين,1,0.0,dataset_1,0
يا زهرة والله ربحت 10 جيغا كي شكشكت مي اسمحيلي نولي نسقسي على نسرين غير ريبونداتلي على الكومنتار ربحت شكرا نسرين,2,1.0,dataset_1,0
أنا تاني من سكيكدة جيزي ساعدتني بزاف,2,2.0,dataset_3,0
لباس بصح توب خير,2,2.0,dataset_3,0
Vive Ooredoo la Switch 3500<br>من 50 ميڨا حتي اكثر من 95 ميڨا <br>عبز تسيل,2,2.0,dataset_3,0
Très mauvaise connexion,0,1.0,dataset_2,0
عندك الحق خويا لعزيز ، انا عندي دجيزي راهي اخرا طلعلك السكر,1,1.0,dataset_3,0
نسقسيكم أوريدو switch تجاي في كونكسيو ولا تزيد تفلكسي,0,0.0,dataset_3,0
نصيحة منعدي مكله دير sama,1,1.0,dataset_3,0
اسوء شبكة هي جيزي و لاشارج بزاف و يوتوب يتقطع خاصة من سابعة مساءا و ما فوق الكونيكسيو مرض,0,-1.0,dataset_1,0
عرض خاص بالسرقة المقننة,0,1.0,dataset_2,0
ياو رجعونا العرض الأول ولا أعطونا حرية الإختيار بين العرضين,0,1.0,dataset_2,0
"شركة محتالة باتم معنى الكلمة , تمييز عنصري حتى في الزبائن القدم و الجدد , اين منظمة حماية المستهلك مع هذه الشركات المحتالة",1,1.0,dataset_3,0
5Go ma tchedlich mmpa smana 😂😂 w 9alou serbi lsahbak 😂😂,0,-1.0,dataset_1,-1
ما هي سرعة الانترنت في عرض ديما اوريدو,0,0.0,dataset_3,0
Med Ali Larabi مزية دايرة موبيليس,0,-1.0,dataset_1,0
تجي خير كون تبقى لا نهائية لمدة شهر 👌وما تنقصش,1,0.0,dataset_1,0
شبعتنا قرنون 😞😞,1,1.0,dataset_3,0
مقبيل برك مكانتش كاين كونيكسيو,1,1.0,dataset_3,0
والله. و الديروها باطل مازدت سلكت .. سراقين🙌,0,-1.0,dataset_1,0
"Bonsoir , avec un gros coup de gueule 😠 "" plus de 10 "" et votre connexion est très mal barré , endirai pas une connexion 4g . C'est devenu insupportable veuillez règler votre problème de connexion . Trop lourde 😠",0,-1.0,dataset_1,0
سلام عليكم خوتي عندي توب 4G حبيت نكتيفي لعرض تع 1300da قالو تدفق منخفض فيه 512 كاين منها ولا نن خوتي لي جربو يفدني في اقرب وقت وشكراً,0,0.0,dataset_3,0
احسن عرض من جيزي حاليا,2,2.0,dataset_3,0
سلام اخي بارك الله فيكم على الشروحات القيمة لديك انا متابع لقناتكم القيمة لكم كل التقدير اخي المحترم لدي سؤال من فضلكم اخي لديا شريحة او عرض لاشويتش لايمكنني الدخول لتطبيق my ooredoo اريد منكم حلا لهاته المشكلة او طريقة التسجيل في تطبيق المذكور اعلاه لعلمكم لدي كذالك عرض لاقولد نفس المشكل الا عرض هايا أستطيع التسجيل في تطبيق علما ان رقمايا يبداؤ ب0540 ربما هذا هو الخلل اريد جواب فوري انا انتظر اخي وشكرا,0,0.0,dataset_3,0
الحمد لله ما عنديش موبيليس,0,1.0,dataset_2,0
عرض نتاع 15 ينتهي في يوم,1,1.0,dataset_3,0
القديمة وتبدلت ! جيزي للمزبلة شهر منزيدو 🤦,1,1.0,dataset_3,0
Reseau makash cnx dyalkom nuul nzido npartago🤦‍♀️🤦‍♀️,0,-1.0,dataset_1,0
Andi ooredoo siwtch 50gb ktar men 3am maandich kml prblm o vitesse 9owa,2,2.0,dataset_3,0
لله ابرك لله ابرك مليح بزاف,2,2.0,augmented,0
Djezzy 💩💩,1,1.0,dataset_3,0
Nassim Nino واش من تطبيق؟؟,1,0.0,dataset_1,0
win jebtini yar7am babak 😂🙄 ay tfou7 l7ala hna 😂😂,1,0.0,dataset_1,-1
"أخي حبيت نسألك برك شوف هذا الرسالة فلكسيت 100 في موبليس بي بطاقة الذهبية ومبعد بعثولي هذا الرسالة شوف ترا نحاولي 100 ولا 100ألف هاذو النصابين مكانش فيهم لامان<br>👇👇 <br>Cher client, votre Compte est Débité de -100.00 DA. Merci d&#39;avoir utilisé la plateforme monétique d&#39;Algérie Poste.<br><br>بارك الله فيك",0,0.0,dataset_3,0
أخي كون تخلصلك 15جيڨا تاع اليوتيوب تقدر تستهلك من 30جيڨا هاذيك ولا تخلصلك خلاص متقدرش تتفرج فاليوتيوب,0,0.0,dataset_3,0
.hd,1,0.0,dataset_1,0
احسن عرض احسن عرض اوريدو,2,2.0,augmented,0
عند تحويل عرض سيما مشتلي كونكسيو ولهدرة .🤗,2,2.0,dataset_2,0
._.grap كامل قاريين و كامل نعرفو زيد قولي تقرا خير مني و سيونتيفيك. ريح عاقل شباب 🙌,1,0.0,dataset_1,0
ممكن أكثر توضيح,1,0.0,dataset_1,0
وقناه يكمل العرض,0,0.0,dataset_3,0
🌟 ممتاز والله,2,2.0,augmented,1
Ces prix 200da et plus sont pas a la porté de tout le monde c&#39;est toujours un parcours de combattants en 2021pour quelque giga d&#39;internet tout une histoire a chaque fois.. Rebi idjib lkhir nchalah.. Et merci pour tout ce que vous faite.. Saha ftourkoum..,1,1.0,dataset_3,0
سلام عليكم بعثتلكم في خاص تقراو ميساج متردوش وزيد عيطتلكم في 88 كملو دراهم بلا فايدة وين راهي مصداقية تاعكم,0,1.0,dataset_2,0
تخلص باش تتغم ..موبيليس الراعي الرسمي لضيقة الروح,1,1.0,dataset_3,0
انا عندي انا عندي راهي جيزي هبال مليح ربي يبارك,2,2.0,augmented,0
أوريدو هي أكثر شركة تخلي الغموض في عروضها بل إنها تكذب وتتلاعب بالكلمات في الإشهار .. والأمثلة كثيرة في إشهاراتها السابقة !!,1,1.0,dataset_3,0
.tv La Fantasy and rpg,1,0.0,dataset_1,0
زعما متقدروش التزودولنا انترنت في لبلاد راه من عدمة,0,1.0,dataset_2,0
مرحبا نأكد لك أنه سيتم الرّد على رسالتك في الخاص فور الإطلاع عليها.شكرا على تواصلك بنا 🙂,1,0.0,dataset_1,0
Ping djezzy ضعيف,1,1.0,dataset_3,0
كل التشجيع والنجاح لكل عمال واطارات المتعامل الجزائري وعلى رأسه هذا رأسه هذا النابغة والجوهرة الاخ الفاضل شوقي بوخزاني,2,2.0,augmented,0
Djezzy نخاف وقت هذا يطول,1,0.0,dataset_1,0
ولله غير اني نفلكسي1500يعطيني 5 جيغا كانت 40جيغا رجعوهالي5جيغا,0,-1.0,dataset_1,0
الريزو قوي الله يبارك عندي 4g صاروخ موبيليس هي الاقوى الله يبارك,2,2.0,dataset_2,0
واش اسمها,1,0.0,dataset_1,0
3eddi dezzy besah Hiya lekhra f la vitesse débit internet trop faible par rapport au autres opérateurs,0,-1.0,dataset_1,0
مشكور على الافادة .. ديما سباق للخير خويا ‏اللهم صلِّ وسلم على سيدنا وحبيبنا مُحمد💜✨,0,0.0,dataset_3,0
nakhdam b 40 mb download,2,2.0,augmented,0
حبستلي لابيس تاعي نقدر ناكتيفيها,1,0.0,dataset_1,0
طخخ 99+😢😂,1,0.0,dataset_1,-1
Ana djit mn 3nd syanley tmdouhali batl lah ysahl,1,0.0,dataset_1,0
انا نستعمل جيزي كونفورت 1500 فيه 50 جيغا مفيهش limitation,2,2.0,dataset_3,0
ماذابيكم تعطونا عنوان سلطة الظبط باش نقدمو شكاوي بالاجماع,1,1.0,dataset_3,0
واش هذ الكونكسيون الواحد كره منكم والله الناس تشكي وانتم عاجبكم الحال,0,-1.0,dataset_1,0
😂هه,1,1.0,dataset_3,-1
سلام عليكم عندي ساهلة بوكس اكتفيت 100 ولم تشتغل في الهاتف اندرويد جربت تشغيلها ولم تشتغل معي في هاتف اندروايد وتشتغل المكالمات فقط,1,1.0,dataset_3,0
هه على هذ فيديو ندير ابوني 😇,0,0.0,dataset_3,0
واوو,2,2.0,dataset_3,0
انا عندي جيزي كي نكونسومي كثر من 1 جيقا فالنهار يديرولي تحديد سرعة تولي ثقييلة,1,1.0,dataset_3,0
بصح شحال تولي السرعة بعد نفاذ الكمية ؟,0,0.0,dataset_3,0
كذب اللانترنات تخلص في 10ايام,0,-1.0,dataset_1,0
شكرا,2,2.0,augmented,0
ريڨلو الرزيو مالكم,0,1.0,dataset_2,0
زدونا في تدفق المنخفض😕👎,0,1.0,dataset_2,0
.aicha wlh t'as raison kraaht mnha,0,-1.0,dataset_1,0
nchouf Rani mobilis mliha fi réseau connexion,2,2.0,augmented,0
راضي بزاف 😍 الله يحفظكم,2,1.0,augmented,1
ممتاز والله,2,1.0,augmented,0
ya kho ana djani chhar f la switch 3twni 50 gb bla makhalast fhmni,0,0.0,dataset_3,0
"❤️ fantasy,rpg",1,0.0,dataset_1,0
افليت اعينا الحوت ومافهمنا والو شبعتنا مقروط,0,0.0,dataset_3,0
سبحان الله غير البارح كان عرض 100دج فيه 30 جيغا واليوم رجع 15😑😑,0,1.0,dataset_2,-1
السمانة هادي ريزو ناقص وفري فاير ماحبتش تمشيلي نرجو منكم اصلاح الخلل في اقرب وقت ليجيغا خلاصو ومادرت بيهم والو,0,-1.0,dataset_1,0
موبيليس راها مليحة,2,2.0,dataset_3,0
سلام، باش تعرف كل جديد، ما عليك غير زيارة موقعنا الإلكتروني على الرابط التالي : زهرة من جازي,1,0.0,dataset_1,0
.s علابيها ايمينم راه ساكت هاد اليامات وانا نقول سيد كي صراله 😂😂,1,0.0,dataset_1,-1
57 kb blida ml modem,1,1.0,dataset_3,0
مفهمتش كيفا نلعب ؟,1,0.0,dataset_1,0
J&#39;ai la même puce de djezzy de puis plus de 15 ans makanche tah 600da et 800da sauf la recharge de 100da,0,0.0,dataset_3,0
وموبيليس نتاع الهم,1,1.0,dataset_3,0
792802718,1,0.0,dataset_1,0
.dz quand je clique sur valider ça marche pas tjr,1,0.0,dataset_1,0
خويا انا نشريها من اونو مستغانم,0,0.0,dataset_3,0
شوفنا جديد يكون شابين خويا تكنو,0,0.0,dataset_3,0
يا connexions في موبليس كارثة,1,1.0,dataset_3,0
ديرلنا فيديو على عروض اتصالات الجزائر,0,0.0,dataset_3,0
الله يحفظكم شخصية جد ممتاز عن تجربة عرض,2,2.0,augmented,0
سما ماكاش علوض جدد هه,0,0.0,dataset_3,0
اوريدو تمدنا الهدرة مليح,2,2.0,dataset_3,0
تقدر تفهمنا خويا في عرض جيزي هبال تع 60جيغا ب200دج,0,0.0,dataset_3,0
35 جيقا كملت في 3 ايام واش من عرض تهدر عليه,0,1.0,dataset_2,0
العرض هاد عجبني بزاف ربي يوفقكم,2,2.0,augmented,0
Salam dir Lana video Sama business où sky business choukran,0,0.0,dataset_3,0
.dz راني بعثتلك أن شاء ألله ترجعو,1,0.0,dataset_1,0
الله اكبر نابيلون <br>الله اكبر نابيلون <br>الله اكبر نابيلون <br>الله اكبر نابيلون <br>الله اكبر نابيلون,0,0.0,dataset_3,0
Num de votre service client svp,1,0.0,dataset_1,0
من قسنطينة موبيليس 4g top مقلشنا .,2,2.0,augmented,0
لكذبين شريتها اليوم رايح نكسرها,1,1.0,dataset_3,0
انا صراتلي او نحيت لبيس جيزي او رحت لموبيليس ملغري قليلة,1,1.0,dataset_3,0
وشحال من مليار في اليوم 😑,0,-1.0,dataset_1,-1
من المفروض تتهلاو في الزبائن المشتركين معاكم .. مشترك جديد بصيغة هاذي يكون خير من واحد مشترك معاكم يخلص كثر والعرض تاعو أقل,0,1.0,dataset_2,0
هاذي اللابيس متوفرة في نقاط البيع ؟,1,0.0,dataset_1,0
الخدمة تاعكم رائعة,2,2.0,augmented,0
عندي أوريدو والله الحمد عندي أوريدو لله خير من جازي وموبليس,2,2.0,augmented,0
offre business ta3 Ooredoo. offre jdida mliha.,2,2.0,dataset_3,0
Cnx dyalkom wlat te3yii ya dini 6.30 ta3 sbah makach cnx offre hayela bezaaf wlat leguyaa bezaaf,0,-1.0,dataset_1,0
تقيلة تقيلة 🐢🐢 يا جزيزي أحشمو شويا 😠,0,-1.0,dataset_1,0
والله ماتبدلت والو اوريدو، مازالت تاكل بزاف، نتفرج 15 دقايق فاليوتيوب بكاليتي 144p حتى نلقا نص جيڨا راحت، تبقى الأفضل موبيليس، 13 جيڨا تكملك شهر و يبقالك، بصح للأسف ثقيلة بزاف,1,1.0,dataset_3,0
اني نعني بجيزي عين تنصحني نشري موبيليس ان نلعب فارفاير,1,1.0,dataset_3,0
كونيكسيو عندي 3 ايام ملي درتها و راحت,0,1.0,dataset_2,0
جيزي أسوأ متعامل هاتف نقال منذ سنوات. موافق : وداعاً جيزي,1,1.0,dataset_3,0
انا راجل طيب ومحترم نحبك بزاف وتجيب غير جديد,0,0.0,dataset_3,0
c vrai,1,0.0,dataset_1,0
جيزي confort فيه ليميتاسيون,1,1.0,dataset_3,0
جودة الريزو متذبذب وضعيف جدا,0,1.0,dataset_2,0
عرض Ooredoo switch ilimite يعطيوك فيه انترنت غير محدودة عجبتني,2,2.0,dataset_3,0
كشما خرجت بيس جديذة,0,0.0,dataset_3,0
صراحة، أول مرة نقنع بسرعة انترنت تاعكم، ان شاء الله,0,1.0,dataset_2,0
برافو عليكم صراحة استمروا هكذا,2,2.0,augmented,0
سلام وعليكم اوريدو دوك راهي مكاش بليدة ؟4g,0,0.0,dataset_3,0
حنا الجايمرز 500 جيجا ماتكفيناش,1,1.0,dataset_3,0
مليحة بزااف,2,2.0,dataset_2,0
الله يبارك في موبيليس,2,2.0,dataset_2,0
تحيا 4g,2,2.0,dataset_3,0
B1 هكا هه,1,0.0,dataset_1,0
.dz donnez moi le site pour s’inscrire chrit izzy mais j’ai pas trouver,1,0.0,dataset_1,0
كي تريڨلو ريزو ومبعدا ساهل,1,1.0,dataset_3,0
meme ana kanet 3andi 800 da 6gb illimité djezzy plus 1300 da redohali 1200 😑,0,-1.0,dataset_1,-1
برافو عليكم 😍 استمروا هكذا,2,2.0,augmented,1
Ya pas moyen que vous faite une offre que avec GB d'internet en convertissent les appelle illimité et SMS en GB parceque ya des gens qui utilise beaucoup d'internet,1,0.0,dataset_1,0
شبكة كارثة,1,1.0,dataset_3,0
"Avec mobilis CONFORT, retrouvez la qualité, le prix et la vitesse dans une seule offre 😍",2,2.0,dataset_2,1
تحيا اوريدو في قوة التدفق,2,2.0,dataset_3,0
انا نقلكم صح ندير تاع 250الف يمدولي 120جيغا ونركبها في المودام ساهلة بوكس جامي كملتلي قبل شهر مع العلم تليفون ميتنحاش من يدي ونتفرج بيها كل يوم في نيتفلكس فيلمات ديما كي يلحق شهر تقعدلي 20 ولا 30جيغا يدخلوهالي في شهر جديد والله غير كونيكسيون تاعها روعة هيا صح كي تركبها في تليفون ليه ليه تكمل بسح مودام تحكم بزاف,2,2.0,dataset_3,0
كرهتونا في حاجة إسمها الأنترنات في الجزائر كلكم كيف كيف,0,-1.0,dataset_1,0
11ميغا بزاف انا تكفيني 5ميغا <br>كاين كفاه نقص شويا ردها 5ميغا,0,0.0,dataset_3,0
الله يبارك ماشاء الله بالتوفيق والنجاح الله يبارك,2,2.0,augmented,0
والله اكبر فخ هذي شريحة سما سرقة ديراكت,0,1.0,dataset_2,0
معرفتش نكتيفيها,0,0.0,dataset_3,0
أحسن عرض هو لاسويتش ب1500 دج عندك 50 جيڨا ، و ب 2500 دج ب3500 150 جيڨا و عندك دج عندك إيليميتي و كاين اللي قالو 200 جيڤا,2,2.0,augmented,0
خدمة مليحة بزاف 🌟,2,2.0,augmented,1
موبيليس نتوما فوور,2,2.0,dataset_2,0
رد على الخاص,1,0.0,dataset_1,0
ڨاع حلقات مسلسل أرطغرل,1,0.0,dataset_1,0
سلام اخي. ممكن. تجابني. على. عرض اكسترا 500في جيزي. والله مافهمتوو,0,0.0,dataset_3,0
عيد مبارك و سعيد فيه الخير والبركة والقوة والصبر والصحة والرحمة بإذن الله سبحانه وتعالي الرحمان الرحيم بالعباد والبلاد,1,0.0,dataset_1,0
J’espère que les 25 GO ychaddo le mois complet machi ykhlasso avant kima lwalf tsrali,1,0.0,dataset_1,0
Fantasy and RPG .00 .slimani.315,1,0.0,dataset_1,0
اسمحلي خويا بصح أوريدو الخيانة عيني عينك ، فليكسيت 20 جيجا ماقعدتليش 10 أيام,1,1.0,dataset_3,0
مليحة عروض بزاف,2,2.0,augmented,0
.dz 500 +600+600 w lhadra ma knch .. Ytselma 3ard 👎 .. Djezzy hbal b 100 da tbanli afdel 3ard 3andkom,0,-1.0,dataset_1,0
خويا ديرلنا كيفاش تقدر تحول Ooredoo 3g الى 4g من فضلك وربي يحفضك,0,0.0,dataset_3,0
يا خويا جيزي ف بلاصتنا مليحة يااسر والعكس اماكن اخرى في اماكن اخرى سيئة وموبيليس كذلك ايضا,2,2.0,augmented,0
نهار لي تريقلو الانترنت تاع الخرا تم ديرو العروض 😒,0,-1.0,dataset_1,0
.warda chofi😉😉,2,1.0,dataset_1,0
قنعتني باه نشري بيس قنعتني باه,2,2.0,augmented,0
فيها ال upload مليح,2,2.0,dataset_3,0
و الشراء في المواقع ما زال ما خموش فيها,1,1.0,dataset_3,0
ديرها منا تخلاص من,0,1.0,dataset_2,0
سلام عليكم عندي شريحة جازي كانت تمشي اومبعد حبستوهالي ممكن نعرف علاش شكرا,1,0.0,dataset_1,0
تأمني خويا فالفيديو السابق والله مافهمت حاجة شغل خلطت كلش,0,0.0,dataset_3,0
جيدة جدا..🤗رمضان مبارك,2,2.0,dataset_2,0
صفحة للقرآن الكريم ادعمنا ❤,1,0.0,dataset_1,0
Comment participer ?,1,0.0,dataset_1,0
50٫3 download برج بو عريريج ooredoo,2,2.0,dataset_3,0
Djezzy weda3tha ça fait longtemps 🤣🤣,1,1.0,dataset_3,0
يكسر راسك قالو تكسر السوق كسرتنا حنا ماشي,0,0.0,dataset_3,0
مرحبا، نعتذر عن الإزعاج، الرجاء مراسلتنا عبر الرسائل الخاصة وتقديم رقمك الهاتفي مع العنوان الكامل من فضلك لتحويل طلبك للمصلحة التقنية.نسرين من جازي 🙂,1,0.0,dataset_1,0
أجمل مافي mobilis أنها تعتمد على اللغة العربية ولا تحافظ على ثقافة فرنسا مثل باقي الصفحات شكرا كل الشكر أغنى اللغة هي العربية وبالتوفيق الى الشبيبة,2,2.0,dataset_2,0
وشبيها لاكنكسيو عندها 3 ايام راهي شبه منعدمة .,0,1.0,dataset_2,0
Rahi dayra ki ch3ar cnx dyalkom 😡😡 m'en niyatkom w tzidou thafo f nass,0,-1.0,dataset_1,0
"السلام عليكم انا حركت وخرجتلي هذه قولولي واش معناها Feliaons,Vous a Vez reçu Un Acce Ssaire Co",1,0.0,dataset_1,0
En fin derto hada rani chaque 3 mois nbedal pus 😑😑,0,-1.0,dataset_1,-1
Kfh na7i game portal ta3kom ray datli swared kamel,1,0.0,dataset_1,0
ياخويا مع الكورونا هاذي وتزيدو تبلعونا البيس وانا في بلاصة بعيدة مع العلم اني كل شهر نخلص على يهر روطار تبلعولي البيس لهلا تربحكم جيزي,0,-1.0,dataset_1,0
تقبل الله منا ومنكم صالح الأعمال والطاعات,1,0.0,dataset_1,0
عرض بيكس احسن منو بالف مرة,2,2.0,dataset_3,0
مليح بزاف بصح نوصي بيه,2,2.0,augmented,0
بارك الله فيك الاخ<br>هل طوب 4جي مزالت متوفرة الان !!<br>وكم سعرها,0,0.0,dataset_3,0
خردة بالكم منها سرقة بام عينها,1,1.0,dataset_3,0
Salam lhouya,0,0.0,dataset_3,0
خدمة مليحة بزاف 👍,2,2.0,augmented,1
Comment activer le telecharger entre de 600 da.merci.,0,-1.0,dataset_1,0
المشكل في تدفق و شكرا,1,1.0,dataset_3,0
وعلاش ياتكنو خويا راك ترجع فينا للور وعلاش,1,1.0,dataset_3,0
.dz,1,0.0,dataset_1,0
المودام مليح والانترنت مليح والانترنت مليحة الحمدالله يا ربي,2,2.0,augmented,0
السلام عليكم ، لاكوست جنرال فرنسي عذب الجزائريين فلا تفتخروا بقمصانه..,0,0.0,dataset_3,0
مبروك لموبليس نتاعنا كنترا على لما يحبوش منتوجنا الوطني,2,2.0,dataset_2,0
يااخي اقتنيت شريحة جيزي والله دون توقف,2,2.0,dataset_3,0
Votre 4g raha catastrophique. Bzf en 2020 video ma tetla3ch,0,-1.0,dataset_1,0
يا كونيكسو ثقيلا,0,-1.0,dataset_1,0
Makach manha,1,0.0,dataset_1,0
موبيليس فيها فيس ايلميتي كيما pix,2,2.0,dataset_3,0
عندي بيس موبيليس 3G منقدرش نحولها ل 4G,1,1.0,dataset_3,0
3yana pus hadi mdarna walo 👎,0,-1.0,dataset_1,0
اسوء عرض داروه وندمت عليه,1,1.0,dataset_3,0
ربى يحفظك,2,2.0,dataset_3,0
P,0,0.0,dataset_3,0
مبروك عليكم راكم 10ميقا,2,2.0,dataset_3,0
خرطي في خرطي عروض السرقة,1,1.0,dataset_3,0
و موبليس معا نحكي. بلاش,2,2.0,augmented,0
واش بيها الشريحة تاعي مايطلعولهاش ليدوني,1,0.0,dataset_1,0
انا مساعدتني جيزي,2,2.0,dataset_3,0
صدقني راني نتفرج في هذا الفيديو تاعك بجيزي و بدون انقطاع,2,2.0,dataset_3,0
لا و الله كيما راني نقولك عدنا مياتلف تجيبلك الف جوهرة,1,0.0,dataset_1,0
تحيا موبيلس وبيها منقدرش معيش ونهدر,2,2.0,dataset_2,0
Tkonkti m3a ch3ar machi m3a l3ayla missag maylha9ch minpa had comontar w raho f chak wla ylha9,0,-1.0,dataset_1,0
"Normalement tout les opérateurs ( Djezzy, Mobilis, Ooredoo) doivent mettre les clefs sous le paillasson, et laisser le champs a d&#39;autres sociétés investir le marché Algeriens",1,1.0,dataset_3,0
اريد تحول شريحة هايلة الى هايلة ماكسي,1,0.0,dataset_1,0
annaba - ooredoo - ping 58 - down 3.14 m - up 1m,0,0.0,dataset_3,0
.bjm,1,0.0,dataset_1,0
أين لايف أنا لا أراه,0,-1.0,dataset_1,0
فهمونا يرحم والديكم كنت غاية مع pixx رحتو جبتولنا هاذي سما البارح اكتيفيتها مي راهي تمشي في مواقع التواصل الاجتماعي فقط عييتونا وصاي,0,1.0,dataset_2,0
خويا انا عندي عرض غولد كي نفليكسي 100 دج علاش يعطيوني غي 8 جيغا اسكو نقدر يوليو يعطيوني 20 ولا 15؟؟,0,0.0,dataset_3,0
يا موبيليس وعلاه حبستولي لابيس عندها قريب 20 سنة وهي عندي,0,1.0,dataset_2,0
شكرا على مثل هذه الخدمات الجميلة,2,2.0,dataset_2,0
صح أووربدو قوية ،la Switch نحيتها وجبت جيزي confort راهي تمشيلي عادي نفسها ، الفيديو على الاقل مثل اووريدو ب 720 يمشي هايل ، شخصيا درت للاك 300 تاست مع speedtest رغم ان اووريدو يمد اعلى تدفق داخلي واقل تدفق خارجي عكس جيزي أعلى تدفق خارجي و قوية ،la أقل تدفق داخلي إلا ان الانترنيت نفسها انا جيزي تمشي عادي ، زيادة هاذو Les test de débit كل خطرة واش يمدلك على حساب المتعامل لتخيره. شخصيا المهم يوتوب مليح ، ناتفليكس مليح ، قوقل نحوس فيه عادي و المواقع الأخرى.. زيد فايبر و واتساب يمشو في جيزي خير من اووريدو و موبيليس,2,2.0,augmented,0
كيبو بية حتى انا هك صرالي قالولي ادي فوطو كوبي نتاع لاكارط ولبيس وروحي عندهم يبدلولك بيس يمدولك وحدة 4G,1,0.0,dataset_1,0
عرض سما مليح,2,2.0,dataset_2,0
شكرا,1,0.0,dataset_1,0
frère c&#39;est pas une connexion en Algérie c&#39;est une merde sur place. en ce moment même c&#39;est pire en ADSL,1,1.0,dataset_3,0
مرحبا،يرجى التواصل بنا على الخاص و تقديم رقمك الهاتفي لنتمكن من إفادتك.شكرا، نسرين من جازي 🙂,1,0.0,dataset_1,0
خدمة مليحة بزاف والله,2,1.0,augmented,0
ana c bn djezzy bye bye reja3et la ligne Mobilis ta3 la win libre 35GB raha temechili fe chebab,1,1.0,dataset_3,0
la 5g c une licence !!..d&#39;abord le gouvernement algerienne va vendre au operateur ensuit dirna film ta3 gaa33 ga33,1,1.0,dataset_3,0
هه أين الجودة العالية تتكلمون و كأننا في العالم الأول كل عروضكم انترنت فيها ضعيفة جدا 50 جيغا تستهلك منها1 جيغا بالمدابزة ..ارجو من كل قلبي ان تعود جيزي الى ايامها الاولى ..راحت عليكم,0,-1.0,dataset_1,0
A9bah puce chritha f hyati ni cnx ni appelle ni rien ghir bal3o haffin rwahkom b les pubs heeh hada cha b9aa la carte dyali 3ad jaya galk vous ne pouvais pad effectue cette appelle,0,-1.0,dataset_1,0
مايعجباش العجب احمدو,2,2.0,augmented,0
👍👍,0,0.0,dataset_3,1
وين 50 منا و50 من اشرح بشوي من فضلك,0,0.0,dataset_3,0
مليح عرض 1500دج تاع net 60 gb<br>مع عرض الجيش 650 دج 15gb وحدة للهدرة و وحدة للأنترنت,2,2.0,dataset_3,0
إتصالات سلحفايت,1,1.0,dataset_3,0
Comment puis-je récupérer mon numéro de djezzy connect ?,1,0.0,dataset_1,0
اوريدو فلسوني 20Gتكمل ف 5ايام ماندير باها والو,1,1.0,dataset_3,0
110 kbps يرحم باباك وش تدير بيها,0,1.0,dataset_2,0
خاصني كود تحويل المكالمات ليوصلني مساج,0,0.0,dataset_3,0
Switch وشبيها,0,0.0,dataset_3,0
يكون كاين الريزو.. ممبعد ساهل,1,1.0,dataset_3,0
المشكل ره فلكونكسيو الرهج,1,1.0,dataset_3,0
عيدكم مبارك سعيد ،كل عام وانتم بخير,1,0.0,dataset_1,0
هادي أول مرة نجرب موبيليس هايلة بزاف كي الريزو كي الكونيكسيو بزاف كي,2,2.0,augmented,0
مايكونوش اوريدو زعنا شوارك 😒😒 را تقول جاو وعندي وستاضافوك عدهم 😂😂 انا صح صح خدمتلي 😁😁,0,0.0,dataset_3,-1
جيزي هبال شوية تقدر تقول 3 ميغا برج بوعريريج,1,1.0,dataset_3,0
ممتاز والله,2,2.0,augmented,0
و الذي يصادف عيد ميلادي، اعطوني رصيد هدية عيد ميلاد 😂,1,0.0,dataset_1,-1
خويا عنك 169 الف مشترك اتواصل مع يوتوبرز وحدوخرين بش تتسڨم الانترنت,0,0.0,dataset_3,0
المشكل يبقى في سرعة انترنيت. هل سيتغير,1,1.0,dataset_3,0
Ooredoo Yoz Ta3 1500 Mliha,2,2.0,dataset_3,0
أين هي تغطية 4G لمختلف الولايات؟؟ بل أين هي 3G التي لم يستفد منها الشعب في 48 ولاية؟؟ 2019 و لا تزال معظم الولايات تعاني من سوء التغطية!!,0,-1.0,dataset_1,0
شرابية ما فهمنا والو؟,0,0.0,dataset_3,0
oorreedo 12mb/s,2,2.0,dataset_3,0
شت نديرو بالتدفق المنخفض .. الكونيكسين قاع مكانش قاعدين يحشولنا ب2 g,1,1.0,dataset_3,0
بينسيور قال محمد الطاهر السفير,0,0.0,dataset_3,0
نكماصا مطرف نعيد خخ,1,0.0,dataset_1,0
عندي جيزي هايلة بزاف اكتيفيت 1200 عرض اكسترا راهي واصلة حتى 10 ميغا<br>مام الابلود واصل 17 او 20 ميغا راهي مليحة في ولاية باتنة,2,2.0,dataset_3,0
شحال تحسب روحك حاجة مكانش ونتا والو.,0,0.0,dataset_3,0
موفيد كونيكسيو مليحة,2,2.0,dataset_3,0
عرووض ضعييفة جداا جداا .. منذ سنتين لم نر تلك العروض القوية في كل الشرائح,1,1.0,dataset_3,0
ياودي اهدري عربي باين ولا فرونسي التخلاط مكلاه,1,0.0,dataset_1,0
merci oh .dz bcp😻,2,1.0,augmented,0
لما تكون عندكم شبكة وتغطية، يمكننا السماع لكم. شخصيا تخليت عن شريحة موبيليس للأبد ولن أستعمل خدماتكم ابدا,0,1.0,dataset_2,0
وين راك عايش نتا موبيليس فوقت الذروة عندي فوق 20 ميقا و جيزي مليحة على اوريدو .. مفتاح عال4 تاع بليدة .. اوريديو عال4 تاع صباح 5 ميقا موبيليس 60 ميقا,2,2.0,augmented,0
عندي أوريدو والله الحمد لله من خير جازي وموبليس,2,2.0,augmented,0
Maram Mira سلامت راسك ، ياك عندك البديل,0,-1.0,dataset_1,0
راه داير فيديو سبونسر من أوريدو باينة يشكرها (تطبيل),0,0.0,dataset_3,0
"Le seule pays du monde li au lieu de commenter 3la les offres ychouf f bnet ennas , c'est une PUB pour des OFFRES , شعب غامل ، جايح ، تحت المستوى و مكبوث",0,-1.0,dataset_1,0
"مرحبا, ندعوك للتواصل معنا على الخاص عبر Messenger و إفادتنا برقمك و معلوماتك الخاصة للنظر في طلبك شكرا عبد المؤمن من جازي",1,0.0,dataset_1,0
Nul,0,-1.0,dataset_1,0
عرض امتياز علاش نحتوحه,1,0.0,dataset_1,0
"700 Da c&#39;est énorme et d&#39;une nullité confirmée, oorido c&#39;est la dernière de la classe, donc je comprends pas pourquoi tu leur fais de la pub !! 512 n&#39;importe quoi, pour streamer il faut plus ,et il capte en fonction de l&#39;endroit",1,1.0,dataset_3,0
لزم 4g +,0,0.0,dataset_3,0
أوريدو تاعك أكفيت مياتلف عشرين جيغا داوها في ساعتين,1,1.0,dataset_3,0
5Go نستقهوى بيهم,0,-1.0,dataset_1,0
شريت بيس ني في 3 شهر منقدرش نأكتيفي فيها,1,1.0,dataset_3,0
ربحت ساعة انترنت باطل هه بصح ماتمشيش خلاص,1,0.0,dataset_1,0
Cnx fe djezzy so bad aa deep,0,-1.0,dataset_1,0
نافيقي 150kb.,1,1.0,dataset_3,0
كيشفل ما درتو والو 5G انترنت تخلاص في يومين,1,0.0,dataset_1,0
Espérant que cv s régler un jour nchlh .. malgré que j ne l pense pas vraiment hh,1,0.0,dataset_1,0
عرض مليح تاع سما,2,2.0,dataset_2,0
بعدما يكمل الشهر شحال تفلكسي,0,0.0,dataset_3,0
موبيليس من اسوء الى اسوء,1,1.0,dataset_3,0
وعلاش شريحت جيزي نحولوها إلى إيزي بلا منزيدو أنديدرو كورات,1,0.0,dataset_1,0
Esq fiha ta3 100 Da w ch7al ya3touna mn GO,1,0.0,dataset_1,0
وين راهي الجودة تاع الانترنيت ..من 17مساء الى 00:00 ميتة ولا توجد صمطوها يا جيزي مكتوش هك ..والله بزاف عيينا منكم,0,-1.0,dataset_1,0
احسن عروض انترنت في الجزائر,2,2.0,dataset_3,0
"Salut ! J'avais un petit problème j'ai activé une connexion internet de 600 Da jlé utilisé 2jours et depuis ce matin j'arrive pas à me connecté ni transmettre des appels , et même vous m'avez suggérée d'appeler le 77 mais ils disent qu'ont m'a pas autorisé a effectué l'appelle 👽J'attends votre solution !et répondez moi sur messenger le plus vite possible 👿",0,-1.0,dataset_1,0
Ha les cadeaux te3 shake Ha les kifeh,2,1.0,augmented,0
اخطيكم راه جاي عرض من شركة عالمية احسن من هذا بكثير 😂,1,0.0,dataset_1,-1
بدلو علينا الفرنسية الانجليزية احسن لعالم راهو تقدم ماتبقاوش فالمأخرة,1,0.0,dataset_1,0
واش لمليحة للمودام,0,0.0,dataset_3,0
انا عندي طوب 4g موالف نفليكسي 50الف دراكت هذي المرة فليكسيت 30الف وزدت20الف ماتاكتفاتش واش ندير,0,0.0,dataset_3,0
PRIX TA3 COUTAR<br>WA CASQA,0,0.0,dataset_3,0
خدمة مليحة بزاف,2,1.0,augmented,0
عرض جيد,2,2.0,dataset_2,0
Moobbiilliiss Moobbiilliiss nrouma nrouma foort💚💚,2,2.0,augmented,0
😎😍HAYLA BEZZEFمع 👌🏻👌🏻 عندك إمتيازات بزآآف 😉 أنترنت بزاف، مكالمات غير محدودة بسوما هايلة بزاف #djezzy #dz #hayla,2,1.0,dataset_1,1
يا خويا مفهمت والو حاول شرح بإختصار خلطتها,0,0.0,dataset_3,0
المشكل راهو فلريزو وكونكسيون كل شهر نخصرو دراهم في باطل,0,1.0,dataset_2,0
شكرا جزيلا والله كل شي مزيان,2,1.0,augmented,0
الخدمة تاعكم رائعة,2,2.0,augmented,0
نتوما و اتصالات الجزائر شركة وحدة ؟؟,1,0.0,dataset_1,0
Wach mel fayda une semaine après tkharjouna une nouvelle offre,0,-1.0,dataset_1,0
اضغط لايك لمن يريد مناسف لاتصلات جزائ ر,0,0.0,dataset_3,0
مشكور على النصائح,2,2.0,dataset_3,0
انا درت تاع نجمة 150 نضرب روحي في روحي ما نكسوميش فوق 28g دايمن يقعدلي لشهر جاي,1,1.0,dataset_3,0
دجيزي اسوء متعامل وسراق بلاد ميكي واشحنا مخلصين 4 جي ومكانش هدا متعامل,1,1.0,dataset_3,0
انشاء الله مربوحة,2,1.0,dataset_1,0
هه الكدب عيناني. جيزي هيا الافضل من شخص جرب لسنوات جميع العروض الموجودة في الجزائر,2,2.0,dataset_3,0
عندي اوريدو شريتها ب 30 ميل وقيل حبيت نكتيفي غير انترنت ب 100 اللف لي يعرف لكود يقلي 😘😘,0,0.0,dataset_3,0
Salam pourquoi on peut pas payer les factures avec les carte CIB,1,0.0,dataset_1,0
ديرولنا عروض افضل,0,1.0,dataset_2,0
رجعولي رب صوالحي انا دروك كانت مفلكسي صوميل درتها ساما طارولي بيهم,0,1.0,dataset_2,0
هو أن الفايسبوك ليس مجاني إلى بعد نفاد حجم إنترنت عكس بيكس الغير محدود لذا اريد عودة إلى عرض قديم,0,1.0,dataset_2,0
.dz connection khraa welat,0,-1.0,dataset_1,0
زهرة راها تلاقي خخ 🤣🤣في منافسة محتدمة بين زهرة ونسرين زعما فاها علاوة كي يربوندو عليما واحد كثر من 🙄,1,0.0,dataset_1,-1
يعطيكم الصحة واخيرا فرقتو بين لي يسحق كونيكسيو وبين لي يسحق مكالمات ❤️,2,2.0,dataset_2,0
عندي مشكل في بطاقتي من فضلكم جاوبوني,1,0.0,dataset_1,0
ليجقا ليه ليه ينقصو,1,1.0,dataset_3,0
تحية اخوية للجميع و عيدكم مباركبعد استىئذانكم واستسماحكم اخوتي اخواتي اكتبوا اسمائكم في بروفايلاتكم بالعربية ان كنتم تحبونها فعلا ثم اطلبوا من الغير مخاطبتكم بلغة الضاد المحفوظة بقوة الرحمان جل علاه.تحياتي..,1,0.0,dataset_1,0
.dz ماشي طولتو,1,0.0,dataset_1,0
موبيليس القنطة 🤏 كان جاتت PUS,0,1.0,dataset_2,0
يارحم والديكم شكون راه يكمل 13جيغا هه<br>من ضعف الانترنات تستهل 3جيغا في شهر هه,1,1.0,dataset_3,0
تتباع في ادرار,0,0.0,dataset_3,0
Mazal kayen top 4Gجاوبني خويا جليل,0,0.0,dataset_3,0
جام و كومونتار خليو الفيديو يتراندي كشم يديرولنا حل على السريع,0,0.0,dataset_3,0
سراقين سرقتوني اليوم اكبر شركة سراقة فالجزائر,1,0.0,dataset_1,0
شكرا وصلني تاعي 😍😍,2,1.0,augmented,1
Fiha ghir hadou deux offres berk .dz ?,1,0.0,dataset_1,0
سماطت كونكسيو او ريزو والو نقصين,0,-1.0,dataset_1,0
راضي بزاف ❤️ الله يحفظكم,2,2.0,augmented,0
.13 j'aime 3la commenter lawal ta3 Mounir svpl😉,1,0.0,dataset_1,0
Rodolna ta3 100 da ya les voleurs,1,0.0,dataset_1,0
السلام عليكم بغيت نسقسيك كي تلايم 2 توب 4g ومبعد تفليكسي pixx 100كي تكمال تقدر ترجع لابيس لتوب 4g,0,0.0,dataset_3,0
المشكل تشري بيس بعرض معين.. بعد عام او اقل يبدلوه <br>ماعندهمش هدرة رسمية.. يتغيرو بتغير الحال.. <br>وهذا احتيال صريح,1,1.0,dataset_3,0
"ديرلنا سرعة الانترنت تعها على ساعة <a href=""",0,0.0,dataset_3,0
شكرا جزيلا علي هذه المعلومات القيمة,0,0.0,dataset_3,0
اتمن من كل الجزائريين المقاطعة باش يكون تحسن في الانترنت,1,1.0,dataset_3,0
بالتوفيق,0,0.0,dataset_3,0
فنهار كاين سرعة الله يبارك,2,2.0,dataset_3,0
عندي يووز عجبتني ..تقدر ب 70 الف تكنكتي فايس الميتي و 4 جيڨا تحب تزيد معاها اليوتوب اليميتي تزيد 200 تحب تزيدمعاها الانستا زيد 200 ..تسمى ب1100 تقدر تكنكتي بهدو ڨاه الميتي,2,2.0,dataset_3,0
New confort 🌹,1,0.0,dataset_1,0
شحال سعر اخي,0,0.0,dataset_3,0
لوكان يروحو يخطونا ماشي خير بزاف ??كرهنا,1,1.0,dataset_3,0
راه جايني إحساس آنا لي نروح,2,1.0,augmented,0
Djezzy,1,0.0,dataset_1,0
كل ما تهوا تلقى في سما ماتعرفوش تجيبو زوج كلمات بنفس القافية ! الهوا تجي مع الشوا مثلا,0,1.0,dataset_2,0
علاه مقارنتش بين جيزي كونفور مع ارويد سوتش .موبليس وين ماكس,0,0.0,dataset_3,0
صباح الخير ،لقد تم الرّد على رسالتك في الخاص.زهرة من جازي,1,0.0,dataset_1,0
في دارنا كاين تدفق عالي بارك الله فيكم,2,2.0,dataset_2,0
انا فليكسيت80آلف قيس شهر كوباوهالي في نهار,1,1.0,dataset_3,0
😊😊,2,2.0,dataset_3,0
أنا عندي جيزي في زيرلدة مليحا سورتو في الدار خير من أوريدو وموبيليس رهج الريزو وما كانش إن شاء الله ماتحبش,2,2.0,dataset_3,0
مرحبا،نعتذر عن الإزعاج، الرجاء مراسلتنا عبر الرسائل الخاصة وتقديم رقمك الهاتفي مع العنوان الكامل من فضلك لتحويل طلبك للمصلحة التقنية. عبد المؤمن.ك من جازي 🙂,1,0.0,dataset_1,0
واش رايكم في عرض 500da انترنت,0,0.0,dataset_3,0
Toujours pas d’offre avec 4g illimité ?!?! 🤬😤😡,1,0.0,dataset_1,0
جيزي عندي مشكل ارجو رد,0,-1.0,dataset_1,0
نوو 600 الف خير,2,2.0,dataset_3,0
Le réseau de mobilis blida ça marche très bien,2,2.0,dataset_2,0
مودام 3g+ تع جيزي مفلاشي يقرا 4g,0,0.0,dataset_3,0
راك دارب فيها شوميز بولو بصحتك خويا,0,0.0,dataset_3,0
*تيزي وزو عندنا !,0,0.0,dataset_3,0
Top 4g winrahi,0,0.0,dataset_3,0
خدمة مليحة بزاف 😍,2,2.0,augmented,1
#limitations,1,0.0,dataset_1,0
آبونيني نابونيك بدون غش و لي ينيحا نفيقلو و نحيها حتى أنا,1,0.0,dataset_1,0
دوك موبيليس راهي 60 ميقا,2,2.0,dataset_3,0
جازي الأسوء من كل النواحي,0,-1.0,dataset_1,0
والله باطل مركبهاش في تيليفون تاعي <br>باسكو 30جيغا بعد شهر تبقي 30جيغا <br>ياو متمشيش موبيلييس,1,1.0,dataset_3,0
الانترنيت رجعت تقيلة بواف حسنو من الخدمة,0,-1.0,dataset_1,0
ترقد على لاڨوش نكونيكتي ب 3g وكي ترقد على لادروات نكونيكتي ب 4g شبيكم جيزي 🤔,0,-1.0,dataset_1,0
سما احسن,2,2.0,dataset_3,0
.dz harekt w rbaht ghir l3ib,0,-1.0,dataset_1,0
جيري اسواء في الجزائر,1,1.0,dataset_3,0
hh oui,1,0.0,dataset_1,0
Djezzy المشكل مهوش في الرقم المشكل فر الريز مكانش عندنا انتان تع ديجزي من لي ركبتهو و هو مازال ماشي 1G,0,-1.0,dataset_1,0
ولا اتصال ب خدمة 2020 واختيار 5,1,0.0,dataset_1,0
عرض أسطوري تاع 100ب 30 جيغا أول مرة ديرو حاجة زينة في حياتكم 🥰🥰,2,2.0,dataset_2,1
hh oui je sais hadi Hiya Algérie 😂😂,1,0.0,dataset_1,-1
هل تعاني عند دخول اللعبة في اللوبي (توب 4g),0,0.0,dataset_3,0
اخي كريم جيزي انترنيت ضعيفة جدا,1,1.0,dataset_3,0
سلام، العروض اللّي تلقاها في اطار برنامج الوفاء امتياز هي عروض ترويجية و متغيرة، يمكنك أنك تشكّل *44# في كل مرة باش تعرف كل جديد. زهرة من جازي 🙂,1,0.0,dataset_1,0
اقرع و رهج réseau في الجزاىءى عيان بزاف,1,1.0,dataset_3,0
Ki flexci fiha 100 ch3al ya3touk f top 4g,0,0.0,dataset_3,0
za3ma deep ya chkopi انا حزين 😂⁦🏳️‍🌈⁩ راكي فاهمة,1,0.0,dataset_1,-1
.mansourii oui mam anan,1,0.0,dataset_1,0
سرفيس مليح  برافو,2,1.0,augmented,0
صحلي اليوم شريتها هاذ لابيس دارت 205.00 دج,0,0.0,dataset_3,0
عندي مشكل عندي مدة منين نفليكسي تديوهم,0,-1.0,dataset_1,0
Lokn t5loha 2moi,1,0.0,dataset_1,0
تيك توك وش نديرو بيه .. لوكان زادولها غع 512 خير خرمن 256 ..,0,0.0,dataset_3,0
.kr تاكتيفي ل 50 لولا باه تقدر تاكتيفي لخرين عليها عرض فاشل 👎,0,-1.0,dataset_1,0
"Salem , pourquoi je n&#39;est pas 10 méga sur Adsl fibre. Plusieurs test toujours 8 méga aplod 0,80 et ping 11. Une réponse merci je vous suis depuis toujour merci à ce que vous faite",0,0.0,dataset_3,0
ريكلو الريزو,0,1.0,dataset_2,0
نت ضعيف,0,-1.0,dataset_1,0
rahi 4g Top 2 mega cava,2,2.0,augmented,0
Kifah 500 Wanzid 600 kolchi 1100 wela 500 fiha kolch,1,0.0,dataset_1,0
حاب نفهم شكون قاعد يكتبلكم في الإعلانات يرحم والديكم، ما فهمنا والو.. هل العرض هو 500 دج ثم نزيد نفلكسي 600 دج باه تولي عندي يوتوب غير محدود، والا كاين مباشرة عرض تاع 600دج و500دج والا كيفاه,0,-1.0,dataset_1,0
sais ça il faut acheter les questions 😑,1,0.0,dataset_1,-1
تحيا تحيا موبيليس موبيليس تحيا الشبيبة القبائل 😍,2,2.0,augmented,1
nchl,1,0.0,dataset_1,0
تكونكتي شعر هه,1,1.0,dataset_3,0
تعرفو تجيبو غير لقحاا..,0,-1.0,dataset_1,0
وينتا تعلنو على نتائج المسابقة?,1,0.0,dataset_1,0
مكاش منها كونكسيو عيانة خسارة الدراهم,1,1.0,dataset_3,0
Fahmouni 3lesh na7itouli les offres imtyaz malgré fidele m3akom m 2008Kifesh li chra la puce lbare7 3ando imtyaz wli la puce ta3o 9dima 3la sa7at chohada ma3andouch had1 tmaskhir hada,0,-1.0,dataset_1,0
تع 100 ألف مكاش زيادة بقاة نفسها قادر تتبدل ممبعد ؟؟,0,0.0,dataset_3,0
Mobilis tlemcen <br>دائرة مغنية 26 ميغا قاوية,2,2.0,dataset_3,0
عندي سويتش عندي 18 يوم لاكونيكسيو لا ريزو,1,1.0,dataset_3,0
تحيا اوريدو لاسويتش,2,2.0,dataset_3,0
شكرا جزيلا صح كل شي مزيان,2,1.0,augmented,0
اوريدو يوز 150الف. 30جيقا وفيسبوك مجاني وسرعة تدفق عالية وفيسبوك مجاني منذ البداية وليس بعد ماتكمل ليجيقا وزيد يكمل شهر وليجيقا يبقوا حتى ولو تخدم 24سا,2,2.0,dataset_2,0
لواحد بدراهم و متفرجش هه وين راح المجاني عيشك .,1,1.0,dataset_3,0
Khazguate,0,0.0,dataset_3,0
جيزي هايلة بزاف تقول تابعة لسيال راهي دائما تروح في الليل ويعني تبدى تنقص مع العشية وتروح في الليل كي الماء,1,1.0,dataset_3,0
صافي هاذي تبلعيطة ونا رحت شريتها,1,1.0,dataset_3,0
أحسن شريحة هي موبيليس ريزو و كونيكسيو خيرمنهم قاع و زيد يجوبوك على الإستفسارات تاعك😍,2,2.0,dataset_2,1
تبهديلة,1,1.0,dataset_3,0
أصبحت فبكوم تليكوم أنتاع اليهودي<br>كانت..أوراسكوم تلكوم عند المصري من قبل,0,0.0,dataset_3,0
الإنترنت بطيئ,0,1.0,dataset_2,0
.dz Ha fahmouna ba arab mafhamt Walou,0,-1.0,dataset_1,0
Nchlh frere ❤️,1,0.0,dataset_1,0
بارك الله فيك وجزاك خير ا,0,0.0,dataset_3,0
انا عندنا كونيكسيو تاع جيزي قوة 20ميڨا في الثانية ولله,2,2.0,dataset_3,0
👍👎,0,0.0,dataset_3,1
Il faut achetée des questions 😶,1,0.0,dataset_1,0
من 02 مساء حتى الآن الآنترنت ميتة ومتقوليش تواصل معانا عبر الخاص لأن هاذ المشكل ما يخصنيش وحدي بل هو مشكل يخص ولاية غارداية بأكملها بالإضافة لولايات أخرى ماهو السبب وكيف ومتى سيتم التعويض,0,-1.0,dataset_1,0
خويا جيزي 00 عندي جيزي 070 قرعة عيانة,1,1.0,dataset_3,0
.youv b3id echaar 😂,1,0.0,dataset_1,-1
500DA كي تروح لدر ثقيل والله مفهت انا رني نسرق ولا رني نشري لنترنت تع الجزائر ثقيل 🤕🤕,0,-1.0,dataset_1,0
اوريدو لاسويتش قلت فيها إلتزام,1,1.0,dataset_3,0
كيف تتصل. بي جدمات مبليس. برقم جيزي ولا اريدو,0,0.0,dataset_3,0
switch chaba la switch chaba bzaaf,2,2.0,augmented,0
اوريد اباه تهدر مكانش الريزا خص الانترنت,1,1.0,dataset_3,0
الفايدة في الريزوو كي يكون مريڨل وليس في العروض,1,1.0,dataset_3,0
انه اسوء عرض لماذ النت فيه حلزون,0,1.0,dataset_2,0
Tzido fe la quantité mais la vitesse est très nulle,0,-1.0,dataset_1,0
Yaw internet ta3kom lgya lgya afhmoha,0,-1.0,dataset_1,0
كيفاش نتحصل على شريحة Top 4G,0,0.0,dataset_3,0
اوريد سراقين,1,1.0,dataset_3,0
حملت التطبيق ومكان والوا,0,-1.0,dataset_1,0
مشكل التغطية بشبكة الهاتف النقال موبيليس وكذا الأنترنات ببلدة الزوالية بلدية سيدي عمران دائرة جامعة ولاية المغير رغم العديد من المراسلات.,0,1.0,dataset_2,0
نحوسو على الهدرة ماشي ليجڨا,1,1.0,dataset_3,0
tekfini facilement,1,0.0,dataset_1,0
Machi kont contre ooredoo w kant bloqué men les commentaires fi la page ta3hom w darwek walit dertelhom publicité,0,0.0,dataset_3,0
مشاء الله تبارك الرحمآن،إشهار في القمة،وعروض مغرية👌❤️🔥💯,2,2.0,dataset_2,1
ولي عندو 3g,0,0.0,dataset_3,0
سرعة تدفق الانترنات 00,0,-1.0,dataset_1,0
.dz merci vous à on aimerait que ça soit opérationnel 🙂,2,1.0,augmented,0
راضي بزاف والله الله يحفظكم,2,2.0,augmented,0
Djezzy ياو مدولنا سمانه باطل انترنات و مكالمات تعرفو الشعب يحتفل مع جيزي جامي فرحتونا اودي,1,0.0,dataset_1,0
سرفيس مليح صح برافو,2,1.0,augmented,0
.dz oohh c b1 merci djezzy tjrs top 👌👌,2,1.0,dataset_1,0
خيان دترها 10 ايام كملت ما درت بيها ووالو عادا فيس تكمل بلخف,0,1.0,dataset_2,0
جازي كيفاش نديزاكتيفي خدمات 404 ديتولي كامل دراهمي,1,0.0,dataset_1,0
Djezzy جاوبيني على الخاص,1,0.0,dataset_1,0
Est-ce que l'offre imtiyaz est disponible dans cette puce ?,1,0.0,dataset_1,0
de réseau Le mobilis blida ça marche très bien,2,2.0,augmented,0
عندي اشتراك 75 جبغا ب 200 لكن لضعف الجودة استعمل فقط اثنين او ثلاثة,0,-1.0,dataset_1,0
برافو عليكم صح استمروا هكذا,2,2.0,augmented,0
يا أخي تبعتك خسرت 400 دج !..قلت فالفيديو ڨاع شرائح موبيليس بيكس تقدر تحولها توب 4g ..مكاش منها هادي..جيب المعلومات دقيقة خويا و اشرح بالتفصيل باش الناس لي تبع فيك ما يدحموش في حيط,0,0.0,dataset_3,0
فليل عندي 30 ميڨا,2,2.0,augmented,0
chaque mois 25 go?pendant 12 mois ?c sa?,1,0.0,dataset_1,0
ملي طلعت الابليكاسيون هدي و انا كارهة حياتي وليت ما نقدرش ناكتيفي الانترنت ولا ناكتيفي الهدرة لي يعرف كيفاش ينحوها يقولي ديزاكتيفيتها من تليفون و ما تبدل والو,1,1.0,dataset_3,0
النت ضعيفة جدا عندكم 5 جيقا في 15 يوم عمري ما خلصتهم,0,1.0,dataset_2,0
على الكونيكسيوا الزينة تاعكم الله يذلكم,0,-1.0,dataset_1,0
يا اشهر صافا .. تطور ملحوظ هاذ الثلات سيدي في نوعية اشهاراتكم و اعلاناتكم,2,2.0,augmented,0
عندي top 4g راني مربي عليها الكبدة يا الحاج خفت نبدل و يغنولي تاع باي باي 🙈,2,2.0,dataset_3,0
تجربة رائعة 👍 نشكركم,2,1.0,augmented,1
سلام رقم وتساب شحال راه داير f3,0,0.0,dataset_3,0
من سمعت بالليميتاسيون ما زدتش استعملتها,1,1.0,dataset_3,0
السرعة تا شعر 👎👎 ما كالاه تكفرونا,0,-1.0,dataset_1,0
عله تسكرو لبيس,1,0.0,dataset_1,0
Djezzy هه راكم غالطين مش تدفق هذا اسمو النت بالتقطير هه,0,-1.0,dataset_1,0
Je me demande à quelle heure il a enregistré cette vidéo ?<br>ناض في نص الليل و كان شاف منام,0,0.0,dataset_3,0
شكرا :),2,1.0,dataset_1,0
Djezzy dgoul rahom yissad9o 3lina lcnx w fani werahi ssoltat thabt w himayat mosstahlik,1,1.0,dataset_3,0
تحيا جازي كونفورر,2,2.0,dataset_3,0
خود موقف صحيح سلام,0,0.0,dataset_3,0
و حكاية quiz instawin كفاش نلعبوها,1,0.0,dataset_1,0
"مارانيش كامع نجوزها خلوي مع جيزي (صرااحة)حبيت نبدل الصيغة قلتولي لازم تشري شريحة جديدة ايعقل هذا؟ وقيل ندوروها نجمة وخلاص هي لي راهي مليحة وتساعد الزبائن ديالها ""جيزي"" ماديرش وج لزبائن ديالها جيزي الزبون ديالها يسوى ""فليكسي"" ارجو ان تصلحو اخطائكم في اقرب الاجال شكراا.",0,-1.0,dataset_1,0
شكرا جزيلا 🌟 كل شي مزيان,2,1.0,augmented,1
علاه لبارح كليتولي تسعالاف اللي فليكسيتها 😢,0,1.0,dataset_2,0
تعرفو غير الكذب اللعبة اصلا ماتمشيش,0,-1.0,dataset_1,0
👍 ممتاز والله,2,2.0,augmented,1
franca 100mb/100mb uploid 7£,0,0.0,dataset_3,0
Oorido la switch 9owa,2,2.0,dataset_3,0
100 في عرض 100 في اريدو مليح,2,2.0,augmented,0
oui c vrai 💔😭,1,0.0,dataset_1,0
تحيا جيزي ملخر احسن كونيكسيو في جيغات يجيبولك شهر سييت كامل ملقيتش كيفها عروض إمتياز 100الف و 150 الف قوة وما فيهمش ليميتاسو وزيد جي في جيزي وليست مجرد رقم كيما اوريدو واهم حاجة في جيزي ما تسرقش كيما لخرين وعلى كل حال ربي يحفظك خويا مجهوداتك,2,2.0,augmented,0
تحرك تلفون او تحبس ولا تقعد تحرك,1,0.0,dataset_1,0
الانترنت تاع موبيليس ولات ثقيلة رهج ؛ كين خلل عندكم ؟,0,1.0,dataset_2,0
أخي الحل هو مقاطعة المتعامل جازي و اوريدو نهائيا,1,1.0,dataset_3,0
ميعجبني والو,1,1.0,dataset_3,0
خويا كيفاه نقدر نفليكسي للبيس انتاعو من دون ما نروح لاجونس اوريدو هل نقدر نخلص عن طريق بطاقة ذهبية او طريقة اخرى ارجو الرد اخي بليز,0,0.0,dataset_3,0
واشبيه ريزو ليوم,0,-1.0,dataset_1,0
ساما أحسن بكثير انا جربتها ومن جميع نواحي احين يزيدولك لجيغا ولهدرة,2,2.0,dataset_2,0
برافو عليكم ✅ استمروا هكذا,2,2.0,augmented,1
ممكن تقولولي كيفاش نقدر نتصل بجيزي باش نسكر لابيس تاعي؟,1,0.0,dataset_1,0
من قبل كنت تقول جيزي روعة ودرك جيزي مش مليحة خدعتني روح بع سلعتك بعيد ن التناقظ تاعك,0,0.0,dataset_3,0
مع موبليس اهدر ونعل بليس.,2,2.0,dataset_2,0
حسنو من خدمة الانترنات,0,-1.0,dataset_1,0
كيف تحول دجيزي الى الهايلة ماكسي,1,0.0,dataset_1,0
استغفر الله العظيم واتوب اليه عدد خلقه ورضا نفسه وزنة عرشه ومداد كلماته..,0,0.0,dataset_3,0
رقمي 0770308235حاب نحبسها واش الإجراءات اللازمة,1,0.0,dataset_1,0
س :سؤال كيفاه الواحد عنده الرقم تاعوه في 16 سنة او اكثر و تصرلوا ظروف يلقى الرقم تاعوه عند انسان ثان..اخطونا من كلمة سيستام 3 اشهر رانا متاعقدين طول مع djezzyو hop ..نقول ليكمmauvaise affaire m3a Djezzy,0,-1.0,dataset_1,0
Rependez moii,1,0.0,dataset_1,0
❤️❤️❤️❤️❤️ موبيليس شكرا,2,2.0,augmented,0
هل يمكن تسريع التدفق في التوب 4G,0,0.0,dataset_3,0
"مرحبا,العروض اللّي تلقاها في اطار برنامج الوفاء امتياز هي عروض ترويجية و متغيرة، نحن نسعى جاهدين لكي يستفيد منها جميع زبائننا, يمكنك أن تشكّل *44# في كل مرة باش تعرف كل جديد.نسرين من جازي 🙂",1,0.0,dataset_1,0
الله يبارك فيكم,2,2.0,dataset_3,0
اكبر خطٱ هوا انو تشتري بيس اوريدو اخطوكم منها خاوتي,1,1.0,dataset_3,0
موبيليس top4g مين دير 200دج <br>سرعة محدود 256 او 512 عيانة,1,1.0,dataset_3,0
وين راهي هذي نسرين نحتاجها,1,0.0,dataset_1,0
Djezzy tjrs fidèle 😍😍,2,1.0,dataset_1,1
دير حبيبنا مسابقة ووزع شوي جوائز باه مانقولوش عليك أشح يوتوبر مقارنة بالاخرين . على كل حال مشكور على مجهوداتك وديما جام قبل مانتفرج,0,0.0,dataset_3,0
صح عيدكم مديروش كونيكسيوا باطل بمناسبت عيد الاضح,1,0.0,dataset_1,0
انترنات ومكالمات الله مشاء يبارك الله.,2,2.0,augmented,0
نقعد الشعر معاكم انتم,0,-1.0,dataset_1,0
كفاش نرجعها 4.8 في ريدمي نوت 8 برو ؟,0,0.0,dataset_3,0
راضي بزاف 💯 الله يحفظكم,2,2.0,augmented,1
واش بيها انترنت تع جازي عات تعيف يخرج قلبك بش تطلع وين المشكل,1,1.0,dataset_3,0
صحيح خويا تيكنو دوزاد علبيها تجور نقولك أو هبلونا ياخويا,0,0.0,dataset_3,0
برافو عليكم  استمروا هكذا,2,2.0,augmented,0
سلام بغيت نسقسي نيميرو تاعي في اسمي و غلقوهلي للعلم كنت نفليكسي فيه و نهدر عادي ؟؟,1,0.0,dataset_1,0
Oreedo la gold w switch fi 2 mlah switch khir 150 elf 50gb,2,2.0,dataset_3,0
Mzlt kyna?,1,0.0,dataset_1,0
هذا مش العرض لحكاو عليه لاوين كونترول الخريف,0,0.0,dataset_3,0
جازي كاين وحد عرض شباب في امتباز ومنبعد راحلي عىض علاه,1,0.0,dataset_1,0
حكينا على مكر شركة دجيزي لنحت العرض تاع 60 ألف,0,0.0,dataset_3,0
كنت دايماً نشكركم بصح هذي المرة قرعتوها بالعرض تاع بيناتنا ..يتسما درتو سارفور و نحيتو سارفور ..احمودة الانترنت في العرض تاع 150 هايلة بززاف كي صرالها؟؟ ..من نهار العيد رانا نكونكتو ب2 كيلوبايت .,0,-1.0,dataset_1,0
هايلة بزاف,2,1.0,dataset_1,0
خويا تكنو عندي فايسبوك. قفلوهولي لطلب مني بطاقة التعريف إبعد ليهم أباعد رجع ليا قلولي 30 يوم نشوف الطلب تاعك بالك ارجع اليك الفايسبوك بالك لا. أخي. مكانش حل باش يرجع الفايسبوك تاعي,0,0.0,dataset_3,0
.anisse_anisse هه مالكي 🔥,2,1.0,dataset_1,0
جيزي مساعدتني انا,2,2.0,augmented,0
Mi Chehal Tahkeem La Pus,1,0.0,dataset_1,0
🤙🏻🤙🏻☑️,1,0.0,dataset_1,0
الله يهديكم ليجيغا راه يروحو بلخف خافو ربي,0,1.0,dataset_2,0
المشكل راه في 24ساعة,0,1.0,dataset_2,0
ولي فهم يفهم لي مافهمش هه هادا راه ..حشاكم,0,0.0,dataset_3,0
Oui. Dir *720*6#. Men ba3d taakiid 1,0,0.0,dataset_3,0
انا عندي جيزي قديمة هايله بزااف عجبتني بزاف,2,2.0,dataset_3,0
كيفاش حبيت نشريها والكنوكسيو مكاش,0,-1.0,dataset_1,0
بعد ماخسسرتوني في 100 دج وحدة اخرى نوكل عليكم ربي برك جيت نحول العرض تاعي لعرض سما نحيتولي لاكتيفاج تاع شهر وانا عندي نهارين منين اكتيفيت 100 روحت نشكي في لاجونس قالولي مكانش تعويض عاود فلكسي 100دج وحدة اخرى وفرات,0,1.0,dataset_2,0
يا ودي غي ريڨلونا الريزو نتاع موبليس ومن بعد احكيو على العروض,0,1.0,dataset_2,0
ديرلنا جيزي ربي يحفظك,2,2.0,augmented,0
متى يحين دور اتصالات الجزائر,0,0.0,dataset_3,0
أحسن sim مليحة للالعاب وريزوا نتاعها مليح مليحة للالعاب,2,2.0,augmented,0
انا كانو عندي هاد العروض و نحاوهملي كفاه نرجعهم ؟؟,0,0.0,dataset_3,0
خويا ماراك عارف والو على اتصالات الجزائر 100 الف تقعد شهر وتدخل كامل المواقع قوقل يوتيوب فيسبوك بلاي ستوري.. كلش من اول يوم لاخر يوم من الشهر وتتفرج نهار كامل في التيلفزيون ولا الهاتف وتخليه يمشي ومتخلاصش حتى يكمل الشهر,0,0.0,dataset_3,0
Le réseau raho faible,0,-1.0,dataset_1,0
كي تولي التغطية والتدفق في حالة.. ماعندنا مانديرو ب90 جيڨا بالعكس خسارة دراهم في باطل,0,1.0,dataset_2,0
connexion thabel bq mercii,2,2.0,augmented,0
أنا من بكري نتفرج بيها تيكتوك و اليوتيوب باطل ماشي غي ليوم,2,2.0,dataset_3,0
Cnx Fi 7alaa machfnaa waloo,0,-1.0,dataset_1,0
راهي تمشي عادي تمشي عادي,2,2.0,augmented,0
رهمو يهفو في شعب,1,1.0,dataset_3,0
أسوء خدمة أنترنت فالعالم,0,-1.0,dataset_1,0
ثقيل Cnx تاعكم 😂😂,0,-1.0,dataset_1,-1
لازم تخلص عام كومبلي في عرض سويتش هدا واا,0,0.0,dataset_3,0
بيس خرا واحد ما يشريها,1,1.0,dataset_3,0
الخدمة تاعكم رائعة 🌟,2,2.0,augmented,1
Rock star ⭐️ games,1,0.0,dataset_1,0
Segmouna réseau 9bel,0,-1.0,dataset_1,0
نت مفهمتش فيك والو ديفوا تشكر دجيزي دروك راك داير فيديو,0,0.0,dataset_3,0
علاش كي يكمل عرض هايلة بزاف تنحوا عرض. 500 دج تاع 20 g هاذا تحايل,1,0.0,dataset_1,0
رانا نخلصوا في دراهمنا في الريح لا ريزو لا connexion.,0,1.0,dataset_2,0
فليكسيت 500دج باش ناكتيفي تاع 6جيڨا ايا كي جيت ناكتيفيها لقيتهم نحاولي 20 دج الفين ظك هاذي بلاك هاذي 😂😂,1,0.0,dataset_1,-1
.dz هل سيتم العمل عليه ؟,1,0.0,dataset_1,0
Cringe 😑,1,0.0,dataset_1,-1
موبيليس تاع يعطيهم الصحة. اما التدفق الي السرعة يشري سيارة ويروح ببها لكاش منطقة ويكنكتي .,2,2.0,augmented,0
راضي بزاف صراحة الله يحفظكم,2,1.0,augmented,0
اخي تكنو اشتريت شريحة اوريدو سويتش 1500 عندما فتحتها ضهرة الا 2g مع ان هناك من يستعمل هده الشريحة في المنطقة و لديه 4g ذهبت الى المحل قال لي اذهب الى محل اوريدو لكي يصلح المشكل هل يمكن اصلاح الخلل ارجو الرد بسرعة,0,0.0,dataset_3,0
من فضلك لماذا تم غلق شريحتي لجازي بالرغم من أنني كنت اشحنها دائما ارجو الرد وما أفعل في هذه الحالة,1,0.0,dataset_1,0
Hhh,1,0.0,dataset_1,0
oui la cata connexion,0,-1.0,dataset_1,0
winahaa?,1,0.0,dataset_1,0
عرض بدون معنى,0,1.0,dataset_2,0
oh merci bcp,2,2.0,dataset_2,0
elle est faible,1,1.0,dataset_3,0
انا من تيزي وزو <br>استعملها من 2 عام عجبتني,2,2.0,dataset_3,0
سلام عليكم صحا رمضانكم خاوتي سما لبونيس تع 50g يصلح حتا كي نشري puse جديدة حايب نشري ooredoo gold تع 200 60gb +50g,0,0.0,dataset_3,0
"Raak etchekar fi djezzy, bessah zéro..connexion waalou sauf à 4h du matin itelkouh chwiya donc laazem que tu sois éveillé héta tetargag..hh wa choukrane pour l&#39;info",1,1.0,dataset_3,0
تخلاص في سمانة,1,1.0,dataset_3,0
لا متخونش رها عندي في 6اشهر كي تتفرج نقص جودة الى 360 لانها سريعة ومن كثرة سرعة لي فيها اطلعلك دقة 1080,2,2.0,dataset_3,0
جيغا وهدرة متخلاصش مليحة متخلاصش مليحة هادي,2,2.0,augmented,0
Tré nul 👎,0,-1.0,dataset_1,0
عندي جيزي confort 1500 راني نعاني معاها ..ولاية معسكر,1,1.0,dataset_3,0
كلام فارغ و بدون معني و شكرا و مبروك عليك ربحت معايا بلوك و سينيال,0,0.0,dataset_3,0
أنا ب جازي نتفرج عادي,2,2.0,augmented,0
أنا عجبني هاد العرض بزاف,2,2.0,dataset_2,0
كمل خو,0,0.0,dataset_3,0
مين نطلعو,0,0.0,dataset_3,0
الشبكة في رغاية تتقطع كل 10دقائق نرجوا منكم. اصلاح هادا الخلل راهوا من الجمعة الماضية. 😘😘,0,-1.0,dataset_1,0
اسغتالين يسما كي تخلاص حجم انترنات يررح فيس بوكنومالمو تخلوه 😑,0,1.0,dataset_2,-1
مزيد من التألق و المثابرة و الجد و العمل بالتوفيق التألق و,2,2.0,augmented,0
شكرا جزيلا  كل شي مزيان,2,2.0,augmented,0
Elle est disponible dans toutes nos boutiques Djezzy 😊,1,0.0,dataset_1,0
سما تردو غير علي تعليق إجابي,1,0.0,dataset_1,0
الضاهر أن سويتش افضل عرض من يوز هذو حبو يتحايلو على ناس,2,2.0,dataset_3,0
كيما أوريدو في خدمة 200 دج يقولك عندك أنترنت غير محدود (تحسب صح؟) وبعدها تتفاجئ بسرعة التدفق المحدودة التي لا تتجاوز 50 كيلو بايت!! من المفاجئة تقعد مبلق عينيك للسقف وما تصيب تقول والو !!,1,1.0,dataset_3,0
اهدر الصراحة تدفق بطيء تع yooz خوتي متشروهاش,1,1.0,dataset_3,0
جيزي أفضل متعامل في الجزائر,2,2.0,dataset_3,0
لا يصلح إلا في المدن الكبرى .. الدواور ربي يجيب الخير,1,1.0,dataset_3,0
رجعولي امتياز تاع 60الف ولا 80الف,1,0.0,dataset_1,0
احسن تغطية لمة حق احسن تغطية ❤️💪,2,2.0,augmented,0
قلاي مكانش منها احوس على لى vue,0,0.0,dataset_3,0
يا خويا نحيوهم قاع ..وحدة فيهم ما تصلح,1,1.0,dataset_3,0
Let's go to Manchester City to see Mahrez🤗,2,1.0,dataset_1,0
الكونيكسيو تاعكم خرية,2,2.0,dataset_2,0
Saber Retma مرحبا،نعم Saber تفضل بطلبك :) زهرة من جازي,1,0.0,dataset_1,0
آنترنت مكانش اليوم في ولاية غرداية من 14:00 إلى حد الساعة اين الخلل ؟!,0,-1.0,dataset_1,0
انا عندي top4G موبيليس..جازي باي باي,1,1.0,dataset_3,0
الله يعونك خويا,0,0.0,dataset_3,0
السلام عليكم هل هنالك عرض خاص بذوي الاحتياجات الخاصة نفليكسي ويعضيوني غير الميساج,0,0.0,dataset_3,0
كاش جديد خالتي زهرة 😊,1,0.0,dataset_1,0
لا تسي لا والو واش من فايدة 100 جيقا و الشبكة كارثة يسعفوني غير بحبسوها,1,1.0,dataset_3,0
اسي وخذوني 10الف لي نفلكسها تروح,0,1.0,dataset_2,0
من فضلكم ديرووا جام ==شكرا شكرا جزيلا للتعليق باش يرد عليا. ..خويا كملوا اعمال صيانة في الجزائر الإنترنت ولا مزاال لأني محسيت بحتا فرق الله يحفضك,0,0.0,dataset_3,0
djezzy 23 mb download 22 mb upload constantine,2,2.0,dataset_3,0
يا جيزي الله يهديكم نتوما شركة مسلمة ياك قطعتولنا كونيكسو زيدتولنا ريزو وش حبيتو ؟؟,0,-1.0,dataset_1,0
عنكم كونيكسيو كي زبي .و شكراا 🖕🖕,0,-1.0,dataset_1,0
وين راهو يتباع,0,0.0,dataset_3,0
Ikhi nakche,1,0.0,dataset_1,0
توب 4g كونيكسيون تقيلا و متمشيش ال 4g فالنهار غير فليل باش جي,1,1.0,dataset_3,0
في الرغاية جيزي هيا الاءولى,2,2.0,dataset_3,0
تحيا توب 4جي,2,2.0,dataset_3,0
ممكن حل لمشكل خدمة سلكني,0,1.0,dataset_2,0
Insta ta3 2 ème photo svpl,1,0.0,dataset_1,0
Je suis d'accord avec toi mais la qualité de cnx est nulle,0,-1.0,dataset_1,0
كفاش تعرف هاتف Global ولا Global Rom,0,0.0,dataset_3,0
J&#39;ai fais la méthode,0,0.0,dataset_3,0
الدولة متواطئة في هذا السوق الوسخ !,1,1.0,dataset_3,0
T9ila cnx kima puce hayla ?,1,0.0,dataset_1,0
djezzy imtiyaz 600DA 120Mbps Tizi ouzou,2,2.0,dataset_3,0
زعم تصحلنا 😑🤔😓,0,-1.0,dataset_1,-1
Mabrouk Alik Aussi 🎉🎉,1,0.0,dataset_1,0
ريقلو ريزو راهو رايح من يومين,1,1.0,dataset_3,0
خرا واش من افر يعطيك مليار جيڨا ومتسلكش تدفق تقول رانا عايشين في لوزوطو,1,1.0,dataset_3,0
عرض في بيس مبتسم 4G عند ب 500 دينار يعطوني شهر انترنت غير محدود هي يعطوني 1 جيڨا كي تخلاص ينقص تدفق الانترنت مي تقعد غير محدودة و 100 دينار هدرة بلا ما يدوا 500 دينار هذيك و نقدر نحولها لعروض اخرى و نرجع كيما نحب,1,0.0,dataset_2,0
زين idoom,0,0.0,dataset_3,0
مافيهاش اخي .. كامل هذو من أسوء شركات الاتصال في الكون .,1,1.0,dataset_3,0
مين اكتيفيتها راح ريزو😥😥,1,1.0,dataset_3,0
الله يهديكم ديتولي 500 دج يوم10/08/2020 تسلفت وفليكسيت وانتم ديتوهالي بعرض مبهم extra 500دج والله مانسمحلكم الا اذا رجعتولي 500دج,0,-1.0,dataset_1,0
فايسبوك و ماسنجر قلنا معليش <br>وببجي وش دخلها,0,0.0,dataset_3,0
فكرة الفيديو الجزء في الأول موفقة ومدروسة,2,2.0,augmented,0
اني راسلتكم في الخاص على جال الانترنت راهي كارثة ريڨلوها ولا خليونا نشوفو طريق اخرى رانا كرهنا,0,-1.0,dataset_1,0
هادي اريدو سويتش ماشي عادية,1,1.0,dataset_3,0
منيش فاهم كفاش ندير باه نشارك,1,0.0,dataset_1,0
4g اتصالات الجزائر حشاك كي متفوتش 10 كيلو اقسم بالله,1,1.0,dataset_3,0
في بلاد ميكي وشعبها ووزير لا يفلح من حيث اتى خلي نتميزرو بصواردنا,1,1.0,dataset_3,0
عندي اشكال,1,0.0,dataset_1,0
..حاب نشري تيليفون F3 .وين نلقا نيميرو ديالك لي ندير فيه لاكومونض ؟,0,0.0,dataset_3,0
نصك هدرة ..,0,0.0,dataset_3,0
Rockstar & North Rockstar,1,0.0,dataset_1,0
ليس المهم حجم الانترنت جودة النت هي الاصل بلاش منشرجيش الفيكس افضل بكثير,1,1.0,dataset_3,0
.dz يتسما دك ادع حبينا يوتوب و انستا وفايسبوك ڨراتوي لازملما نخلصو 1200da,1,0.0,dataset_1,0
زين هاد العرض تاع موبيليس واا,2,2.0,dataset_3,0
Cet été l’offre HAYLA BEZZEF revient avec plus d’internet 😍 Et encore plus de crédit,2,2.0,dataset_2,1
سقمو الريزو تاعكم,0,1.0,dataset_2,0
دير على ربهم هاذو كل شهر تشري بيس لازم يديرو ميقراسيو ب دراهم و يقعد نيميرو هو هو و خلاص عياونا,1,1.0,dataset_3,0
رجعولي دراهمي، راني من 04/08/2020 من فليكسيت بالبطاقة الذهبية وما دخلتنيش مع انكم قصيتو من الكونت تاعي، والخدمة تاعكم تع الزبائن ما تردوش والخاص بعد شحال باه ردو عليا وقالولي بعثنا طلبك للمصلحة التقنية وما جاني والو في شحال من يوم..,0,-1.0,dataset_1,0
السلام عليكم Djezzyعندي شريحة جازي ملينيوم حاولت نحولها لجازي كارت مابغاوش ايا وقفتها ودوكا قالولي تقدر تردها كارت الشريحة مازال فيها الريزو اسكو تقدرو تفتحوها وتردوها كارت ؟؟,1,0.0,dataset_1,0
wach bihaa cnx 😕😕,0,1.0,dataset_2,0
سرعة إنترنت ثقيلة مذابيكم جيزي شوفونا حل 4G وسرعة350kbs رانا غي في وهران مفهمناش هذا ريزو,0,-1.0,dataset_1,0
Salam. Kech khber 3la les promos taa Algérie Telecom ? Merci,0,0.0,dataset_3,0
Pendant semaine 🤔,1,0.0,dataset_1,0
اوموا نقصتو شوي حمد لي الله تفكرتو زوالي,2,2.0,augmented,0
Saduki Amine نفس المشكل بدأ قبل العيد بيومين,0,-1.0,dataset_1,0
Mobilis vous ne voulez pas améliorer votre réseau ça sert à rien de faire des offres !,0,1.0,dataset_2,0
La connexion d&#39;ooredoo est merdique depuis le bac sur toutes les puces c&#39;est une catastrophe,1,1.0,dataset_3,0
سلام خوي مكانش ابيز اوريدو تقدر تشحن بيه البيقو او العاب,0,0.0,dataset_3,0
اخي ممكن طريقة كيف زيادة الرام تع تلفون,0,0.0,dataset_3,0
نحونا هاد الليميتاسيو,1,1.0,dataset_3,0
كيفاش نعرف الرقم السري تاع الفليكسي,1,0.0,dataset_2,0
واش راك 🌟 شكرا,2,1.0,augmented,1
ائع العرض جدا✨😍👍😘,2,2.0,dataset_2,1
الله يبارك خويل تكنو ربي يحفظك على المعلومة,0,0.0,dataset_3,0
كيف انهي خدمة سكوب,1,0.0,dataset_1,0
خرطي في خرطي,1,1.0,dataset_3,0
خويا وش هي احسن انترنت في upload <br>انصحني الله يفتح عليك,0,0.0,dataset_3,0
طوب 4جي سلمي عليها الي صبتها,1,1.0,dataset_3,0
اسوء شبكة هي موبليز انترنت 0,1,1.0,dataset_3,0
انا والله غير منزيد نفليكسيلها سرقة في الوجه ..😡😡,1,1.0,dataset_3,0
بعد استهلاك الشهر 30 جيغا ومرة اخرى استطيع أكتيفي ب 850 دج =30جغا او 100 دج =30جيغا ارجو الرد وشكرا ياتكنو خويا❤😊✌😍👌,0,0.0,dataset_3,1
Adi 7na ta3 ooredoo ma fihach lfsiikh 😂😂,1,0.0,dataset_1,-1
تاكتيفيه شهر واحد برك ولا لازم تقعد تخلص عام,0,0.0,dataset_3,0
برافو عليكم 🌟 استمروا هكذا,2,1.0,augmented,1
قاوية السرعة تاعها,2,2.0,dataset_3,0
M3a khelwy profity men 30 youm #pix 👌😍,2,2.0,augmented,1
مشكلتنا مع الشبكة و ليست مع العروض,1,0.0,dataset_1,0
عندي جيزي عندها مدة و انا ماشي باها بصح جامي عطاوني تاع امتياز و نفلكسي بالمتيين الف كل شهر <br>,1,1.0,dataset_3,0
عند خلل في شريحتي,0,-1.0,dataset_1,0
Mliha had l'application bzaaf tsahel ❤️,2,1.0,dataset_1,0
درتها انا هايلة,2,2.0,dataset_2,0
👍🏿👍🏿👍🏿👍🏿👍🏿👍🏿👍🏿👍🏿👍🏿👍🏿👍🏿,2,2.0,dataset_3,1
svp cmt desactiver la.boite vocale ooredoo,0,0.0,dataset_3,0
تسما لوكان فاوريدو تستهلك غير 40go ويقعدولك 10 وخلاص الشهر وتعاود تفليكسي يكونو عند 60go??<br>نتمنى تجاوبني <br>ربي يوفقك خويا❤️,0,0.0,dataset_3,0
.dz الله يسلمك,1,0.0,dataset_1,0
انا عندي ريزو مليح فالجيزي,2,2.0,dataset_3,0
سرفيس مليح 👍 برافو,2,2.0,augmented,1
الرعيان,1,0.0,dataset_1,0
انا درت عرض1500daوندمت شد انترنات3ايام فقط وكيلكم ربي جيزي 20سنة سرقة ومشبعتوش,0,-1.0,dataset_1,0
سلام خويا. انا عندي شريحة navigue 4g وكل شهر يعطوني 2 g bonus بين كي تخلاص هديك 2 g الانترنات متروحش نكونكتي عادي ونتفرج نورمال.بغيت نسقسي وإلى من بعد يقولولي خلصي فاتورة .<br>ولا هي نورمال دايرة كيما هاك كي يخلاصو 6شهر نرميها الله يحفضك جاوبني .,0,0.0,dataset_3,0
Haja mliha😂,2,1.0,dataset_1,-1
هل هذا التطبيق هل يشتغل في المغرب كذالك,1,0.0,dataset_1,0
أآآه 1g fe taniya,1,1.0,dataset_3,0
شكرا وصلني الكادو تاعي 😍😍,2,1.0,dataset_1,1
ايدوم 4جي خير .بعد نفاذ الجيڨات تتفرج يوتيوب 720 p,2,2.0,dataset_3,0
تحية سبيسيال جيزي,2,2.0,augmented,0
🍿 تفرّج بلا ما تشوف شحال بقاولك من جيغا 😍 شفتوا 🤔؟The Witcher🎇 لي لعبوLe jeu vidéo 🎮 ديرو الصّف فالتعليقات نشوفو شحال كاين معانا Les gamers 🙋🏻‍♂️ 👀 #djezzy #dz #hayla #thewitcher #netflix,2,1.0,dataset_1,1
ترقد وتنوض تلقى لينيتي طارت 🙄,1,1.0,dataset_3,-1
شريت تع 150 منقدرش نشوف أشحال عندي ليمڨا أنترنت درت*151*6+ولو,1,1.0,dataset_3,0
كي تفض 50 جيغا تحبس لنترنات,1,1.0,dataset_3,0
تحيا top 4G,2,2.0,dataset_2,0
خويا لعزيز تبالي خير من top4g دبر علينا ربي يحفضك كونكسيون تعها راهم يقولو طيارا صح,2,2.0,dataset_3,0
Mobilis herdetha,1,1.0,dataset_3,0
ربي يحفظك يعجبني فيك تعرف تشرح,0,0.0,dataset_3,0
عيدكم مبارك تقبل الله منا ومنكم صالح الأعمال يارب,2,1.0,dataset_1,0
الله يفتح عليكم <br>عندي مودام موبليس 3g zte باغي نغير لو المودباس؟؟ قولولي كسش ندير,0,0.0,dataset_3,0
كفاه نحولها لجيزي هبال انا حولتها و ندمت,1,1.0,dataset_3,0
ما علاباليش علاش مزالني نتبع فيك,0,0.0,dataset_3,0
ياخو عندها اسبوع وهي تمشي اكثر من 30 mb مي اليوم رجعت رهج كما كانت فهمني علاش تعيش,1,1.0,dataset_3,0
جاوبو جاوبو ياجماعة شحال لازم يكون السن المناسب باش نشري شريحة موبيليس جاوبو ياجماعة,0,0.0,dataset_3,0
خصنا العرض لي كما كانت مدايرتو دجيري تاع 90 جيقا ب 200 الف هذيك عرض شباب كون يعاودوه,2,2.0,dataset_3,0
وقتاش يدخل redmi note 9t 5g,0,0.0,dataset_3,0
الكونيكسيوا زيروواا,1,1.0,dataset_3,0
شريت وحدة عياتني كونيكسيو ثقلية حالة 😔😔,0,1.0,dataset_2,0
عرض الانترنيت مقبول,2,2.0,dataset_3,0
الله يعطيك الصحة كاين فرق كبير,2,2.0,dataset_3,0
Mafhemte walou galou 3la 10h rahi 11h mazal mabdache wesh mel problèmes?🤔🤔,0,-1.0,dataset_1,0
Rockstar gemes 😜,1,0.0,dataset_1,0
"meilleure la djezzy puces pour Sahla box, pour internet",2,2.0,augmented,0
Cnx tkilla,0,-1.0,dataset_1,0
.ht,1,0.0,dataset_1,0
فيها ليمتاسيو djezzy izzy,1,1.0,dataset_3,0
راني نفلكسي كل يوم راكم تنقصو دراهم كل يوم تروح الفين حتى يوصلو 0 !!ولي نعيطلو يطلع نمرو ديالي نمرو بريفي !!,0,-1.0,dataset_1,0
جربته العرض لكن سريع الانتهاء جربوا ديرولنا تطبيق كيما تاع يووز يساعد المستهلك أكثر خاصة الي كيفي يحبوا خدمات موبيليس,0,1.0,dataset_2,0
هربت من موبيليس طحت فيكم علاه ماتردوش على الخاص ماعندكمش call centre ولا كيفاه فهمونا !,0,-1.0,dataset_1,0
انا عندي جيزي هايلا بزاف كنت نفليكسي 100دج يعطيوني 20 جيغا واليوم جيت نديره ملقيتش حتى عرض لاه,1,0.0,dataset_1,0
hbit ns9sik lokn nflixi 300 da n9dr nactivi hdra batel wla lazem nflixi 500 bch n9dr ndir ta3 300 da ?,1,0.0,dataset_1,0
يا خويا رحمة والديك قلي كيفاش نجدد تاع بيكس 100 ومازال مفضش الشهر ونخدم بيها فضالي الانترنت,0,0.0,dataset_3,0
خويا أنا عندي sahla Box كيفاش نقدر نتواصل معاك,0,0.0,dataset_3,0
Zawech Aek كي بعضاهم تفوه عليهم,0,-1.0,dataset_1,0
علاه متردوش بريفي 😐,0,-1.0,dataset_1,0
يعطيك الصحة ..<br>خفيفة فدار البيضة كاين اماكن تردك تندب بلقرداش تكمل شكارة بلوط وميخلاسش فيديو تع 10 دقايق,2,2.0,dataset_3,0
صح عيدك 🙂,1,0.0,dataset_1,0
انا عنيدي 4 ميغا والحمد لله كافياني,2,2.0,dataset_3,0
Merçi pour l&#39;information. Quoi de nouveaux pour L&#39; ADSL?,0,0.0,dataset_3,0
حشوا كبيرا كفاش نرجع بيكس,1,1.0,dataset_3,0
والله اكبر غلطا درتها في حياتي كي دخلت لعالم الأنترنت في الجزائر يا لطيف كونكسيو تقيلة كترمن الفكرون,1,1.0,dataset_3,0
Sérieusement depuis que j'ai dezzy je suis plus en panne de internet ni cridi 💓💓 avant je galère mtn hamdoullah 🌹,2,1.0,augmented,0
والله كيما راني نقولك عدنا مياتلف تجيبلك الف جوهرة و ثلاثة و عشرين تجيبلك ميات جوهرة نتوما عندكم راهم يغلو,1,0.0,dataset_1,0
ريزو يعيي و زدتو درتولنا هايلة تع 100 ب 1200 فيها 6GO نديبلاصيو ولا كيفاه ضك !!,0,-1.0,dataset_1,0
Mazal makhlasset lhaadra,1,0.0,dataset_1,0
خويا خصني apn تاع جيزي البيس التالية قع نرجو منك الرد,0,0.0,dataset_3,0
عرض سما مليح🤍😅,2,2.0,dataset_2,-1
اسوة شبكة انترنت ف عالم,0,1.0,dataset_2,0
Med Ali Larabi بدل ياخي هوما لي خاسريين أنا نرجع موبيليس خير,0,-1.0,dataset_1,0
12 جويلية 2020 ودعت جيزي,1,1.0,dataset_3,0
بعد مايخلاص التزام عرض12شهر سويتش*1500 دج *واش والى!?,0,0.0,dataset_3,0
kol d9i9a,1,0.0,dataset_1,0
أنا عندي هكذا 0.4 ك.ب سرعة أقل من السلحفاة. جيراني مكاش عندهم بيس جيزي انا وحدي.,0,-1.0,dataset_1,0
بصح كيفااش نأكتيفيها ولا تتأكتيفا وحدها الخمسين ألف,0,0.0,dataset_3,0
خويا يرحم باباك كيفش نحيها درتها او ندمت,1,1.0,dataset_3,0
Mafihach limitation ani men 3am m li kasbha 9owa,2,2.0,augmented,0
الخدمة تاعكم رائعة ❤️,2,2.0,augmented,0
Oui hayla rani mdayratha ❤️,2,2.0,dataset_2,0
désolé nsitak,1,0.0,dataset_1,0
Rani hab narbah,1,0.0,dataset_1,0
"Kanet 3andi hayla bzzef fiha limitation grave , jebt confort la meme chose",1,1.0,dataset_3,0
شكرا علا انت الأفضل المجهودات,2,2.0,dataset_2,0
ماشفت حتى عرض يصلح موبليس افونسي لاريار,1,1.0,dataset_3,0
عندي كثر من ثلث شهر ونا نستعمل فيه لعرض تع 150 الف فيه 300 هدرة و 40GB ولسماس هذي لي عندي جيزي بزاف<br>بصح تع هايلة عرض ضعيفة لكونيكسيو تحيا هايلة ماكسي كونيكسيو روعة واليوتيوب ميڨريش صاحبي و HD,2,2.0,augmented,0
ياموبيليس جيجل رانا نكونيكتيو ب نص g ماتمسخروش بينا كانت تمشي 4g عادي و الشهر الاخير رجعت 3g و الشهر.هدا رانا 2g وتكمل هكا نكملوها في اسفل سافلين,0,1.0,dataset_2,0
كونكسيو شابة,2,2.0,dataset_2,0
نيك مها كونيسيون تاع زبي,0,-1.0,dataset_1,0
تكلمنا على GOLD,0,0.0,dataset_3,0
