text,label_raw,source_dataset,label,emoji_flag
استفيدوا من عروض جازي عايلة الجديدة لي توالم كامل افراد العائلة 👪 راهي متوفرة في كامل وكالات جازي مع شريحة SIM مجّانية 😱👌🏻 Bénéficiez des nouveaux forfaits DJEZZY 3AYLA qui conviennent à tous les membres de la famille 👪 L'acquisition de la carte SIM est gratuite et disponible dans toutes les boutiques DJEZZY 😱👌🏻 #djezzy #dz #3ayla #family,0,dataset_1,1,0
Conx ta3koum dayra ki lhaam w say,-1,dataset_1,0,0
ما فهمتش هي sim وحدة يخدمو بها العائلة كاملة,0,dataset_1,1,0
🙏😉🙏,1,dataset_1,2,0
.dz connection khraa welat,-1,dataset_1,0,0
2500DA/ trimestre ?,0,dataset_1,1,0
Barkawna bla 5orti cnx ta3kom dayra kile5ra,-1,dataset_1,0,0
Le Prix combien,0,dataset_1,1,0
"Pppf yaw diro 100 Go b 100da kan bghito, je suis vraiment déçu , cnx = 💩 t9ila grv soit sbah lile l3chia 3 t3 sbah dima makanch w ida kayna t9ila, lcommentaire w bsif maktbto, les offres li dirohom sah haylin bssah tl3bo mn w mn tmdolna des chiffres mktoubin heda makan mch cnx",-1,dataset_1,0,0
La connexion ta3kom est 💩,-1,dataset_1,0,0
هل متوفر العرض على شريحة جيزي هايلة بزاف !؟,0,dataset_1,1,0
Conx ta3kom t3ayii,-1,dataset_1,0,0
أواه خلونا في جيري هايلة بزاف,1,dataset_1,2,0
👎👎,-1,dataset_1,0,0
مفيهاش هدرة,0,dataset_1,1,0
Cnx dyalkom t3ayi,-1,dataset_1,0,0
A3dlou le réseau mb3d yer7mha rabbi 😉,-1,dataset_1,0,0
.zaza hay lhadra,1,dataset_1,2,0
Connexion nulle j’ai 100Go net mai taayi t9ila grc,-1,dataset_1,0,0
Grv,0,dataset_1,1,0
عندي هايلة ماكسي كونكسيون خردة 👎👎,-1,dataset_1,0,0
B 2500 da 3and ooredoo ta3tik 120 gb,-1,dataset_1,0,0
😍🔥 djezzy the best 🔥🔥,1,dataset_1,2,1
Fiha hadra ?,0,dataset_1,1,0
.dz dans le 2 ème mois ça réduit pour combien de giga octets ??,0,dataset_1,1,0
Connexion ⤵️⬇️0️⃣,-1,dataset_1,0,0
جامي جربت جيزي غير هذي مرة وآخر مرة راح نجربها تعيي كونكسيو بزاف تقيلا vive ooredoo,-1,dataset_1,0,0
ولله ياجزي اكي 1500رجعتهالي5جيقا😒😒,-1,dataset_1,0,0
👌 لكان ريبونداو عليك قولي هه بيسك راهم ميحلبوش زعمة كخخ,0,dataset_1,1,0
Conx merdique,-1,dataset_1,0,0
Wch fiha kml bla la connx 4G,0,dataset_1,1,0
cnx dyalkom ki zbl 7acha l3ibad li chafo l cmntr,-1,dataset_1,0,0
Conx ki zabi jaya,-1,dataset_1,0,0
كل يوم بيس,0,dataset_1,1,0
😂,0,dataset_1,1,-1
عروض بايخة,-1,dataset_1,0,0
Woow ❤️🔥,1,dataset_1,2,0
😂😂 150 gb 6 m tfad fi 10 jour zid cnx 4G (thble hayla )🤞😂,0,dataset_1,1,-1
Il faut changé la puce?? J'ai une hayla maxi,0,dataset_1,1,0
🙌🙌,1,dataset_1,2,0
The worst connection ever in Algeria,-1,dataset_1,0,0
حابة نرجع بيس تاعي hayla maxi.. كفاش ندير!! .dz,0,dataset_1,1,0
عروض جيزي هي الأسوأ,-1,dataset_1,0,0
"A déconseiller, j’ai fais l’erreur de passer de ooredoo a djezzy vu qu’il offre plus de forfait internet mais a l’utilisation j’étais choqué de leur connexion et de 20 h à minuit c’est catastrophique même pas utilisable sachant que j’habite alger centre ! ils sont en retard des années, je vous déconseille de faire la même erreur, et je vous conseille aussi de les quitter car c’est des voleurs vu que j’ai arrêté l’utilisation de la puce dès le premier moi eux ils continuent de comptabiliser les mois et jusqu’à aujourd’hui ils m’appellent sur mon numéro ooredoo pour me dire que je dois venir payer mes factures alors que ça fait des mois que je n’ai pas utilisé la puce , et que le jour meme j’ai demandé à propos de cet merde et le monsieur m’a dit que si j’arrête l’utilisation de la puce ils arrêteront de comptabiliser",-1,dataset_1,0,0
I am translating the songs and I need followers so if follow me if you want 🌀🌀,0,dataset_1,1,0
N9dr nsst3mlha fi téléphone?,0,dataset_1,1,0
نشاله كي تكون انترنت خفيف في الليل نشريها,-1,dataset_1,0,0
Yaww cnxx 😡,-1,dataset_1,0,0
كونيكسيو تعيي -_-,-1,dataset_1,0,0
L'3orod ghi hiya w ntouma L 4G ma 3ndkomch y'a zuuh sagmo réseau ta3kom mnb3d diro L 3orod ta3 khra,-1,dataset_1,0,0
هل هي4G,0,dataset_1,1,0
"Ya djezzy😡😡, activit ta3 1200 da 30g et 1500da , fi 2 jours klitouli 16g 😡😡 c pas normal, 16 tchadli 1 mois 😡😡",-1,dataset_1,0,0
"We are the new generation, we are connected 😎😉Join us w'ykoun 3endek 5Go 😍 zyada b'300DA #izzy #djezzy #dz",1,dataset_1,2,1
9,0,dataset_1,1,0
Bonne continuation .dz,1,dataset_1,2,0
👎👎 kol 5a6ra tzido t5rboha,-1,dataset_1,0,0
Ma mafhamtch bla39l bark 🇩🇿,0,dataset_1,1,0
Si je comprends bien 800da andi 10go ?,0,dataset_1,1,0
ouii😍,1,dataset_1,2,1
.dz ❤️❤️❤️,1,dataset_1,2,0
🔥🔥,1,dataset_1,2,0
💓💓,1,dataset_1,2,0
علاش مديروش 500دج فيها 500دج 5جيغة انترنات و فيسبوك و انستغرام باطل,0,dataset_1,1,0
Kon gir chftoli blasa m3a new generation 😍😐,1,dataset_1,2,1
Pendant semaine 🤔,0,dataset_1,1,0
800 da 10 go internet ou credit chhal ?,0,dataset_1,1,0
Ta3 800da → 200da crédit +15go Internet walah la kanet msa3dtna ghaya rodoha,0,dataset_1,1,0
👏👏,1,dataset_1,2,0
😂😂😢😍,1,dataset_1,2,-1
علاه متديروش جيزي باطل و 5 جيقا انترنت,0,dataset_1,1,0
حسنو التغطية ومبعدا ديرو العروض .👎👎,-1,dataset_1,0,0
وشنو لكود لي نديروه؟!!,0,dataset_1,1,0
Andi 600 b 12g,1,dataset_1,2,0
.uz wsh mn ma puce khoya yarham waldik,0,dataset_1,1,0
.fe hayla maxi,1,dataset_1,2,0
.uz kifach ndir bach nachriha,1,dataset_1,2,0
.dz mala tahecholna diro 300 da 5go wahedha bla 500 da hadik,-1,dataset_1,0,0
Nzid 200 Da 3and ooredoo ya3toni 20 Go 😉,-1,dataset_1,0,0
Lazem nv puce wla ghir n activiw had labonement brk ??,0,dataset_1,1,0
il t’ont pas obligé a le faire,0,dataset_1,1,0
saqssitehom homa machi nta,0,dataset_1,1,0
rek fel commentaire taei,0,dataset_1,1,0
SVP makanch offre mafihch djezzy batel,0,dataset_1,1,0
😂😂,0,dataset_1,1,-1
Dert hadik ta3 5G 5jr khlaso 😭,-1,dataset_1,0,0
.fe sa9si elihah sahbi wla dir *720# o chof ask ya9lbohalk,1,dataset_1,2,0
أنترنت ضعيفة جدا 😂😂,-1,dataset_1,0,-1
gold?,0,dataset_1,1,0
wah,1,dataset_1,2,0
"not enough , 10 gb nowdays is nothing",-1,dataset_1,0,0
Qsq je doit faire pour avoir cette option ?,0,dataset_1,1,0
How to activate this offer?,0,dataset_1,1,0
chaho lkode li diro,0,dataset_1,1,0
.mitala ih dik kant bien bzaff,1,dataset_1,2,0
♥️,1,dataset_1,2,0
*720#,0,dataset_1,1,0
Mais cnx prk t9ila ?,-1,dataset_1,0,0
Mt9drch thder batel 30j psq ana dirtha fi 4j khlast wlit mn9drch nhder mais cnx kayna dork hiya ta3 cnx w mich t3 hdra yek wla kifav !!,0,dataset_1,1,0
راكم تخرطو لعوض لي تنقصو لبري,-1,dataset_1,0,0
Est-ce que l'offre imtiyaz est disponible dans cette puce ?,0,dataset_1,1,0
ma3lich tgolili 3la had l'option,0,dataset_1,1,0
800 da = 10 G alor apres 30 jr?? Ki zaama,0,dataset_1,1,0
hadi fi ooredoo la gold tkhali 100 Da ya3tok 20 Go w had l'offre ta3 djezzy 800 da ya3tok 10 Go.,0,dataset_1,1,0
pendant un mois 😊,1,dataset_1,2,0
la prochaine fois ndiroulek plaça 😂,1,dataset_1,2,-1
mercii❤️,1,dataset_1,2,0
500da vers tous les réseaux,1,dataset_1,2,0
oui c'est valable 30 jours 😊,0,dataset_1,1,0
.dz mora 30 jr ki nwalo nflixo 800 da ??,0,dataset_1,1,0
Lala matahchilich,-1,dataset_1,0,0
Mauvaise affaire 😏,-1,dataset_1,0,0
😂😂فرغي قلبك 🤣🤣,0,dataset_1,1,-1
سڨمو ريزو منبعد ساهل 👌,-1,dataset_1,0,0
5 deux jours ykhlsso,-1,dataset_1,0,0
كلي 5 جيقا بزاف☹ انا تكمل في يومين,-1,dataset_1,0,0
سما نكونيكتو ب 5جيڨا شهر تبقا 5 هكا؟؟,0,dataset_1,1,0
nchallah b rabi rak fahem😂,0,dataset_1,1,-1
💩💩,-1,dataset_1,0,0
W hedi ta3 500da whdha esq djeezy illimité 1 mois ?,0,dataset_1,1,0
لي عندو صحبتو عندها موبيليس ولا اوريدو 500 تاعكم تروح في نص ساعة واش من شهر لي نحكو عليه هه,0,dataset_1,1,0
Svp abonné la page Pretty princess8814,0,dataset_1,1,0
بهدلندتونا يا جيوي بهذا العرض,-1,dataset_1,0,0
H bal c mieux,0,dataset_1,1,0
كونيكسيو تاعكم تروح على 21:00 وراكم تتمنيكو نيك زبي,-1,dataset_1,0,0
c pour quand le lancement!,0,dataset_1,1,0
Rani hab nhabes l'abonnement teb9ali la puce nrml yek ?,0,dataset_1,1,0
"500 da wela 300 da , kif kif rani dayer special 200 da/ mois jamais consomit forfait internet ,indoor ta3kom zero",0,dataset_1,1,0
Waaw ces bien,1,dataset_1,2,0
🤲 nchalh lconixou🌐 tkon kfifa,0,dataset_1,1,0
cette puce n'a aucun sens Je préfère l’offre imtiyaz avec 600=12gb+ilimité djezzy+1500da/mois,-1,dataset_1,0,0
Rakom ghi Tachéklo 3linà 😝😅,-1,dataset_1,0,-1
Vive oredoo 100da 20go 400da hadrra l tous les rèseaux hadrra illimité mn oredoo l eredoo 👌🏻,-1,dataset_1,0,0
Ch7al la puce svp je veut dire ki tachriha ?,0,dataset_1,1,0
ميش افار ادي حكايتك نفليكسي لوريدو بمئة عشرين جيغا ربعمية الف هدرة🙂,-1,dataset_1,0,0
Kifh hedi wlh la fehmt,0,dataset_1,1,0
ولله غير اني نفلكسي1500يعطيني 5 جيغا كانت 40جيغا رجعوهالي5جيغا,-1,dataset_1,0,0
+ felxy net ? Qui veux dire ??,0,dataset_1,1,0
مع DJEZZY APP تقدر دير بزّاف حوايج 😍! ما عندك غير تحمّلها 📱👀 قولولنا فالتعليقات واش من عرض شريتوه بالتطبيق,0,dataset_1,1,1
زيدو مدونا أنترنت باطل لي يسجل فيها,0,dataset_1,1,0
مدولنا,0,dataset_1,1,0
مدولنا 1g لي يسجل بيها تعيشوا,0,dataset_1,1,0
❤️❤️❤️,1,dataset_1,2,0
Publication hayela,1,dataset_1,2,0
غير عدلو الريزو و الانترنت و من بعد ساهل نخلصو في الفاتورات باطل,-1,dataset_1,0,0
Dok hadi app Nass yahdro 3liha 😒😒,-1,dataset_1,0,0
"true, we could definitely use some of that !",0,dataset_1,1,0
nchlh diro section surprise sur izzy,0,dataset_1,1,0
ريزو 0 و الانترنت تقيلة بزاف 😏😕,-1,dataset_1,0,0
وجهكم صحيح 🙄 انترنت زبل تغطية زبل و نزيدو تديرو ابليكاسيو باش نطلعوها اذا فيها 10 ميغا لازملى ساعة باش تكمل بالريزو تاعكم,-1,dataset_1,0,-1
سمعت بلي راكم خارجين من الجزائر علاببها راكم تزكرو فينا لا كونيكسو لا ريزو وحنا واش سبتنا,-1,dataset_1,0,0
👏🔥🔥 20da +1gb,1,dataset_1,2,0
ما شاء الله ! 😉👍,1,dataset_1,2,1
Izzy baynaa😍,1,dataset_1,2,1
💪💪,1,dataset_1,2,0
فليكسي بواسطة البطاقة الذهبية,0,dataset_1,1,0
Wow 😂😂,1,dataset_1,2,-1
جازي الأسوء من كل النواحي,-1,dataset_1,0,0
ايه و مبعد ايبعتونا رنتي,0,dataset_1,1,0
نستناو فيكم تفهموا رواحكم بلي 4G تاعكم راهي كيشغل راهي 1G,-1,dataset_1,0,0
Where is the dark mode 🧐,1,dataset_1,2,0
تطبيق الله يبارك مليح عجبني بزااف وزيد كي تنزلو عندك 1G انترنيت باطل صالحة لمدة اسبوع 😍😍😜,1,dataset_1,2,1
💔😒,0,dataset_1,1,0
Et après ça une connexion merdique,-1,dataset_1,0,0
Mliha had l'application bzaaf tsahel ❤️,1,dataset_1,2,0
Merci pour votre fidélité 😁,1,dataset_1,2,0
عجبتني 1Go باطل,1,dataset_1,2,0
🔥❤️,1,dataset_1,2,0
Continuer bonne courage ❤️,1,dataset_1,2,0
اسوء شبكة من ناحية تدفق الإنترنت في قلب العاصمة 2G🤣,-1,dataset_1,0,0
أضعف شبكة وأضعف عروض وأضعف تغطية على مستوى العالم,-1,dataset_1,0,0
شعال دير؟,0,dataset_1,1,0
انا ترجعولي لوفر تاع 60 الف ربي يسهل 😂😂,0,dataset_1,1,-1
عروض مليح والريزو مهوش في كامل لبلايص مليح,-1,dataset_1,0,0
#izzy 🔥🔥,1,dataset_1,2,0
أنا هدا وين راح نسييها مي فوور بزاف عحبتني والأنترنات نتعها طيارة ماعندي مانخير شكرا جازي,1,dataset_1,2,0
❤️,1,dataset_1,2,0
Basah wach tbadel fiha mazal kolach kima rah🤔🤔,-1,dataset_1,0,0
You want some more? 😁B’300da 3endek 500da crédit zyada 🤙😍Enjoy 😉 #djezzy #izzy #dz,0,dataset_1,1,1
Lah lah 9elechtouna yeah👌,1,dataset_1,2,0
بقداه شراوك برك 😒,0,dataset_1,1,0
bishette lem9elcha te3 izzy 😎,1,dataset_1,2,0
bravo 👌👌 continue like that 💪💪,1,dataset_1,2,0
"B'300da machi aendna 5go zyada?, wela doka ki nzid 300da tzid 5go et 500da credit?",0,dataset_1,1,0
.sch khiyer w'ekhtar ! W'ila habit les 2 test9amlek 600da,0,dataset_1,1,0
Win nal9aha ??,0,dataset_1,1,0
fi Kamel les points de vente dialna 😊,0,dataset_1,1,0
🎉🎉,1,dataset_1,2,0
Khas nchri puce jdida?,0,dataset_1,1,0
😍,1,dataset_1,2,1
اولدي عرض تافه نحيو ل 50 الف لولة مشي خير ؟ كل واحد يخير لي يحتاج😉,-1,dataset_1,0,0
Votre est aussi merdique que votre réseau!!On veut internet illimité pas 5gb!!,-1,dataset_1,0,0
hbit ns9sik lokn nflixi 300 da n9dr nactivi hdra batel wla lazem nflixi 500 bch n9dr ndir ta3 300 da ?,0,dataset_1,1,0
.kr تاكتيفي ل 50 لولا باه تقدر تاكتيفي لخرين عليها عرض فاشل 👎,-1,dataset_1,0,0
hfdk khoya,0,dataset_1,1,0
Bon fhmoni ida tchriha b 600 w fiha 5G,0,dataset_1,1,0
Wela tchriha b 300 w tflixilha!!,0,dataset_1,1,0
._89s dcr mrc,0,dataset_1,1,0
._89s apres chaque mois tflixi 500da bla mtchri puss jdida!!,0,dataset_1,1,0
pass prv,0,dataset_1,1,0
Mzlt kyna?,0,dataset_1,1,0
😆😆 la veste 🧥 t7lbnalh,0,dataset_1,1,0
Explain to me how to do this ?,0,dataset_1,1,0
الكنوكسيون راهي ثقيلة على سيري تع سلطان قورصو ديرولها حال يرحم باباكم 😕,-1,dataset_1,0,0
Negatif,-1,dataset_1,0,0
Mi Chehal Tahkeem La Pus,0,dataset_1,1,0
1ans b offer Hada ?,0,dataset_1,1,0
tchriha b 300 w bach tjik 5g w 500da crédit il faut tzid 500da ça fait 800da bin kolchi,-1,dataset_1,0,0
Rahi disponible f tlemcen,0,dataset_1,1,0
Insta ta3 2 ème photo svpl,0,dataset_1,1,0
C quoi flexy net gratuit?,0,dataset_1,1,0
You made your choice ! 👏Zid 600DA 3endek YouTube 🎬 illimité 🔥pendant un mois ! 😍Because #iZZY is unlimited 👌,0,dataset_1,1,1
❤️❤️❤️❤️❤️,1,dataset_1,2,0
Yaw ntoma rayhin tkhrjoha fi 200 alf hh tasm3 ghir zid zid,-1,dataset_1,0,0
.kc BOOM 💪🏻,1,dataset_1,2,0
Youtube illimité + 5G cnx wla bla biha,1,dataset_1,2,0
علاش مدروش با 600دج Facebook Instagram wattsap,0,dataset_1,1,0
Tzid 500 + 100 = 600 Da wla 500 + 600 =1100 Da,-1,dataset_1,0,0
Et pour l'insta ? Svp est ce que ki nzidou 600da nkhyrou bin insta wla youtube illimité wla les deux à la fois ??,0,dataset_1,1,0
نريد الشحن بالرصيد,0,dataset_1,1,0
L buz rak fahme 😂,-1,dataset_1,0,-1
Hadra batel avec djezzy khirmeen youtuube,-1,dataset_1,0,0
Mais l'offre d'instagram et facebook est mieux que youtube !!,-1,dataset_1,0,0
Sa veut dire 1100da =insta +FB + YouTube illimité ou quoi?,0,dataset_1,1,0
Lazem t'activy l'offre de base te3 5go à 500da ou tzid 600da Bach ikoun 3endek Youtube illimité,0,dataset_1,1,0
يعطيك الصحة على الإقتراح 😊,0,dataset_1,1,0
1100 😊,1,dataset_1,2,0
"Bessah machi lazem tzid koulech 😂 li imout 3la fb insta y'activihom, li idel ichouf les vidéos y'activy youtube illimité. Koul wahed wesh isa3dou 😁",0,dataset_1,1,-1
.dz Ha fahmouna ba arab mafhamt Walou,-1,dataset_1,0,0
boom 💪🔥,0,dataset_1,1,0
.kc yeahh menn,1,dataset_1,2,0
زيد مقال زيد 😂😂,0,dataset_1,1,-1
.senouci pas de panique elle est toujours dispo 😁 vous pouvez choisir l'offre qui vous convient entre Youtube et Fb+Insta,0,dataset_1,1,0
Hadi Hiya الديمقراطية 👀,0,dataset_1,1,0
الجماعة لي شراو لابيس اعطونا رايكم خفيفك كونيكسيو فيها 🙏,0,dataset_1,1,0
.hm illimité seulment pendant 30 jours ctt,0,dataset_1,1,0
hdik khllwaha cadeaux le 14 février offres spéciale hallbin 😌,0,dataset_1,1,0
on peu stream avec ca au moin ?,0,dataset_1,1,0
"makach mouchkil 😁 kayen puce jdida iZZY techriha b 300da. Oumba3d ki t'activy 500da 3endek 5go internet, 500da crédit tous les réseaux fi 30 jours. W'ila habit ikoun 3endek Instagram w fb illimité f 30 jours en plus m'en hadouk les 5go zid 600da. Sinon Ila habit YouTube illimité zid 600da. Khiyer 3la hsab les préférences dialek 😊",0,dataset_1,1,0
.hm Lala nti khiyri wesh isa3dek. Ila habiti 5go + fb insta illimité c'est 1100da. Ila habiti 5go + youtube illimité c'est 1100da. W'ila habitihom gee3 : 5go + fb insta youtube illimité c'est 1700da 😊,0,dataset_1,1,0
5G brk 💁💁🙂zidoLnA,-1,dataset_1,0,0
1100 ghalya 💁🤞🙄,1,dataset_1,2,-1
.dz Oh cool 💯🔥,1,dataset_1,2,1
.dz ga3 hado w mknch des appels illimités vers djezzy !!,0,dataset_1,1,0
.dz oh merci bcp😻,1,dataset_1,2,0
انا حبيت يوتيوب برك شحال نفليكسي,0,dataset_1,1,0
.dz m3a cnx ta3kom khfifa bzf dir 1 radoha 1 million 😂,-1,dataset_1,0,-1
Et pr les appels !! Y-a-t-il un offre spéciale !! 😕,0,dataset_1,1,0
.hm ghiir khtiik 😏,-1,dataset_1,0,0
💪🔥🔥,1,dataset_1,2,0
500+600 = 1100da 😊,-1,dataset_1,0,0
Hhh sérieusement 110 5go illimité YouTube yerham babek ya khouya ya khouya li ydirha hadi ghir lebghel f raso tharcho bina,-1,dataset_1,0,0
prq?,0,dataset_1,1,0
Djezzy I'm the next feature marki 3ndek,1,dataset_1,2,0
".hm ç cher ,aprés ma yemchilkch mm pas insta b 40 Gg w ma mchach yemchi b had l offre 😏😏",-1,dataset_1,0,0
Es que raha disponible cette puce nachriha men la direction,-1,dataset_1,0,0
تتمنيكو ب شعب نتوما يوتوب تزعقو علينا واش نديرو بيه خصنا الهدرا باطل مع جيزي و 500 كريدي هذا مكان,-1,dataset_1,0,0
0,-1,dataset_1,0,0
00🔥,1,dataset_1,2,0
.dz ki smouha la pus ??,0,dataset_1,1,0
Yakhah ana kont hab mta3 illimité puisque knt hab nchri wahda ll3jouz 😑,-1,dataset_1,0,-1
ana rani b 40G sa marche just réseau t9il💔,-1,dataset_1,0,0
".hm ouii mm ana 40 G t9iil w oumba3d wch ndiro b insta w youtoub gratuit 7na asln ma nkemloch 40 G ykhlas chhar w reseau t9il 7ata tekarhi ,je prefére y3adlo reseau khiir ma ykhatro ls offre",0,dataset_1,1,0
Hadra illimité avec djezzy khier m'en Youtube,-1,dataset_1,0,0
oui c vrai t’as raison,-1,dataset_1,0,0
.hm ouii 💔 mrc problem rah hna llah ghaleb ma kach li yesla7 rana 7amlinhom nchargé 1500da pour 40 G da aprés une védeo f insta de 2 min ma temchiich machi tekarhi 7yatek 😡😤,-1,dataset_1,0,0
oui c vrai 💔😭,0,dataset_1,1,0
".hm ouii wlh lbara7 ghadetni 3omri plus de 36 G w une video ma 7abetch temchii ghir 9bil blokat rahi grave dija had lyamat ida remarkiti , w dija blk na9solha bach yemchilhom had l offre, w nzidlk rani sur yemchiiwah ghir dok chwii w yweli kifkif t9iil 😏😏",-1,dataset_1,0,0
on verras bien,0,dataset_1,1,0
.dz متوفر في كل ولايات,0,dataset_1,1,0
5Go fiha FB w insta w youtube!,0,dataset_1,1,0
ماتساعدهمش 😜,0,dataset_1,1,0
قعرتونا بحكاية ديمقراطية عرض كي وجوهكم رجعتونا من جديد الى فخ الثنائيات ماذا تشرب ايها الزابونشاي أم قهوة !!؟لماذا تخيرني بين هاذين الاثنين الزابون قالكم نحب الماء ( كوناكسيو خفيفة) (و5 جيجاتاعك ماتكفيهش.. الطالب مثلا كي تخلاصلو يروح يتفرج يوتيوب تاعك لي فرحان بيهولا يروح للفايبر 🤔- الديمقراطية يا جيزي: الزابون يقترح وش يحب هو ماشيانت تحصرو بين خيارين تافهين وتزيد تقلو ديمقراطية هاذييقولولها التلاعب بالعقول 🙏,-1,dataset_1,0,0
شغل نقعدو غير زيد تشريها بثلاثين تزيد خمسين زيد ستين زيد ستين كفير كاين فايبر ولا هدرة باطل اذاا لااه اذا لزااف نقعدو نخدمو غير علا زيد زيد باطل ربي أو نزيد نفليكسي من الفوق كون نحتاج نهدر,-1,dataset_1,0,0
انا عندى جزي عادي كيفاش ندير هديا,0,dataset_1,1,0
"na99o3do ghiir nzido ! aya roh takhra , 100 naflixihaa HAYLA tmedouli 20Go w tab9alii 100 . مشروع فاشل",-1,dataset_1,0,0
سقموا ريزو مادا بيكم رانا نعانو,-1,dataset_1,0,0
عرض فاشل و شبكة فاشلة مع كل إحتراماتي,-1,dataset_1,0,0
512 kb /s w zid bah tactivi kolch lzem 1700 da 🙄🙄 عرض فاشلل,-1,dataset_1,0,-1
Aaah dayrinha 3la zwawla bchwi hta raditoha 100 #HAYLA c'est mieux,0,dataset_1,1,0
شخصياً 💁‍♂️🔥,1,dataset_1,2,0
💪🔥,1,dataset_1,2,0
YouTube illimité ??! 1100da,0,dataset_1,1,0
J'ai envoyé 1 GO à mon père il l'a reçu mais il a pas pu l'utiliser on ma pris 50 da en plus tout ça pour rien est ce que vous pouvez faire quelque chose ?,0,dataset_1,1,0
Lwakn dirou dirou 1100da Insta w fb w youtube illimite Rah tenejhou grave,0,dataset_1,1,0
Si vous voulez la prochaine fois zidoulna appel illimité vers djezzy et mercii,0,dataset_1,1,0
بصح 500دج قليلة بزااف زيدولنا فيها,-1,dataset_1,0,0
شخصيا اعتبر العرض فاشل 1100دج علاش منزيدش 100دج ونكتيفي مكسي 1200دج 20جيجا انترنت,-1,dataset_1,0,0
راني حاب هدره مع دجيزي برك,0,dataset_1,1,0
rohat nachrihaa f constantine galoli mazaal majabnahaach🥺🙃 waktaah tjibohaa 😍,1,dataset_1,2,-1
Habit 5G +youtube illimité mais ch7al y3toni hadra,0,dataset_1,1,0
Alors mel 500 wlina fi 110 min hak alors hya ou nta3 150 ou 130 kif kif 😠🙁😑 Yak gholto Li maunjmch y3mar 150 c'est profiter,-1,dataset_1,0,-1
.laou,0,dataset_1,1,0
Est ce que hedi pus jdida te3 djezzy welaa kifech?,0,dataset_1,1,0
علاجالكم راني نعاني فبوبجي كنكسيو كي ..,-1,dataset_1,0,0
😢😢😮,-1,dataset_1,0,0
Nzid 600DA bach nchouf les vidéos 🎬 en illimité sur YouTube ch'har complet 😍Because unlimited is #iZZY#djezzy #dz,0,dataset_1,1,1
.bjm 😂😂,0,dataset_1,1,-1
Ndjma gold vu hh.100 hadra gratuite 400tt résou 20g.l'internat hh,0,dataset_1,1,0
؟؟,0,dataset_1,1,0
W google kifech?,0,dataset_1,1,0
Diro débit mli7 après nhadro ..ilimite 9alek 😂😂.,-1,dataset_1,0,-1
Illimité b 1100 et juste youtube c'est cher nn??,-1,dataset_1,0,0
🖕🖕,-1,dataset_1,0,0
Tzma nb9aw rir nzidou hta tlha9 mlyoun bezzaf lkan tnahou hdik 500da lwlaniya chghul drc dir 600da wki thb tzid tzid m 🤷✅,-1,dataset_1,0,1
500Da +100Da wla 500Da + 600Da bach nstfad .. !!,-1,dataset_1,0,0
حاب نفهم شكون قاعد يكتبلكم في الإعلانات يرحم والديكم، ما فهمنا والو.. هل العرض هو 500 دج ثم نزيد نفلكسي 600 دج باه تولي عندي يوتوب غير محدود، والا كاين مباشرة عرض تاع 600دج و500دج والا كيفاه,-1,dataset_1,0,0
On dirait karaça .. #çukur <••>,0,dataset_1,1,0
Kifch hedi?,0,dataset_1,1,0
500da+600da a frr,0,dataset_1,1,0
Hna ng3do ghi nzidou f 5,0,dataset_1,1,0
600😒,-1,dataset_1,0,0
Djezzy kollach fiha ya3ayi 😕😕,-1,dataset_1,0,0
.dz habi ta3 5G+youtube illimité mais aussi ch7all ya3toni hadra,0,dataset_1,1,0
🥀🥀,1,dataset_1,2,0
500+600=1100 bff haka ooredoo 100 khir 🌚😑,-1,dataset_1,0,-1
.bella انا عندي جيزي هايلة بزاف ب 1500دج فالشهر فيها 40 جيڨا,1,dataset_1,2,0
هكذا ندير عرض 1200دج مكسي خير,-1,dataset_1,0,0
"Connexion zéro , b la 4G ou connexion trop trop lente à peine fb 🤬🤬",-1,dataset_1,0,0
Zagmou conx ta3kom oumba3d Sahel 😏,-1,dataset_1,0,0
"1100 en tout, et vous aurez youtube en illimité pendant un mois ! 😊",0,dataset_1,1,0
".bella Lala NTI khiyri wesh isa3dek machi lazem t'activy koulech. Ila tmouti 3la fb insta kayen illimité, Ila tchoufi bezaf les vidéos kayen illimité. 😁",0,dataset_1,1,0
Oui hayla rani mdayratha ❤️😍,1,dataset_1,2,1
+ 5go et 500 da de crédit 😊,0,dataset_1,1,0
.dz 3endek 5go pendant 30 jours,1,dataset_1,2,0
Esk N9ado n’activoha m numéro t3na?,0,dataset_1,1,0
Je la trouve sur aucun point de vent ? !,0,dataset_1,1,0
فاشلين بكل صراحة,-1,dataset_1,0,0
Ana nedir nta3 1500 3andi hadra batel djezzy w 300 da les autres réseaux w 40g netferj biha ga3 chehr khir men hadi bzf,-1,dataset_1,0,0
1100da 3la jal 5gb brk c cher,-1,dataset_1,0,0
❤️❤️,1,dataset_1,2,0
"La7choma ki Djezzy ki Ooredoo 2020 mazalna b débit ta3 yamat cyber 200 , Ghana rahom tal9o 5G wchna 3G hsalna fiha en plus n5also draham Bach même pas ta9dr tarftah page Google",-1,dataset_1,0,0
J'ai pas compris,0,dataset_1,1,0
la question qui se pose ch7al ykon debit ki nchouf une video 480p/720p 😂😂 lala ma tahchilich,0,dataset_1,1,-1
voilà 🤣 ya7chouh l nes,-1,dataset_1,0,0
W après matakmal najem n flixi fiha b 100da wala obligé 500 !!,0,dataset_1,1,0
Hayla bzf khiir fiha 60 gb hadra +..,-1,dataset_1,0,0
😘,1,dataset_1,2,0
AdY Djezzy khyana dyRa dal Ana MfhamtCh N'activY 15 tkmlY 14 w ziD Cnxx dyRa Kil Khra 👎👎,-1,dataset_1,0,0
عرض فاشل جداا ممكن العقل يتقبل هاد العرض اذا درتو هدرة لجيزي اليميتي . راكم تسرقو فشعب صحا يسلمك وغير لمهبول لي راح يكتيفي عاد العرض 😂😂,-1,dataset_1,0,-1
Kifah ndirha tar 600da 1 mois,0,dataset_1,1,0
3yna hadi lpus chritha w ndmte,-1,dataset_1,0,0
"Tu regardes des videos en 360p , mec on est plus en 2010.",-1,dataset_1,0,0
Ameliorez votre connexion et réseau puis pensez aux offres. Facts be told,-1,dataset_1,0,0
عندي عفسة تعطيك كونيكسيون باطل في جيزي لي يحب يجي prv,0,dataset_1,1,0
YouTube brk!!,0,dataset_1,1,0
Win nal9awha rani hab nchriha😍,0,dataset_1,1,1
Code !!,0,dataset_1,1,0
M3a #iZZY profity men 30 youm khelwy 👌😍,1,dataset_1,2,1
Merci djezzy,1,dataset_1,2,0
.dj.m 😉,1,dataset_1,2,0
Le prix,0,dataset_1,1,0
.dz kifach na9dar nactivi izzy🤔,0,dataset_1,1,0
.dz 🤭🥰,1,dataset_1,2,1
Lazem techri la puce iZZY 😁 rahi disponible partout f Kamel nos points de vente,0,dataset_1,1,0
Est ce que nchrii gue3 puce jdida wela. Ghir te3i w nrdha izzy,0,dataset_1,1,0
.dz 👏,1,dataset_1,2,0
.dz la puce dir 500 da wach men offre fiha ba3d el ch7ar lawel 🤔🤔,0,dataset_1,1,0
ودرت واحدة 😍 ودرت وحدة 😍 ودرت وحدة😂😂 راهي عجبتني مووت 👏,1,dataset_1,2,-1
"la puce dir 300da, oumba3d lazem t'activi 500da Bach ikoun 3endek 5go et 500da crédit l Kamel les réseaux. W'ila habit Insta fb wela YouTube illimité chhar kamel, zid 3liha 600da 😁",0,dataset_1,1,0
Lazem puce jdida 😊 it's a New generation,0,dataset_1,1,0
.gouhiri mliha hadi?,1,dataset_1,2,0
"Bonsoir, la puce coûte 300da 😊",0,dataset_1,1,0
اتشيوايوايواا 😂😂,1,dataset_1,2,-1
Nahder m3akoum sara7a nzide 100 dA connexion 40G :(,-1,dataset_1,0,0
Lokan tzidoulha 10G mli7a :),-1,dataset_1,0,0
Dartha🐝🐝🌼🌷🌹 hayla ❤️ ms chritha 500da,1,dataset_1,2,0
Bch ykon 3ndi fb insta YouTube gratuit lzm nflixi 1100 wla juste 600,0,dataset_1,1,0
nn 600,0,dataset_1,1,0
Fiha ilimiti djz,0,dataset_1,1,0
Non 😊,0,dataset_1,1,0
.dz 😭,0,dataset_1,1,0
._.ad_ 500 + 600,0,dataset_1,1,0
Zeama sah tched 30jr w machi 10jr?,0,dataset_1,1,0
.dz MRC ❤️😍,1,dataset_1,2,1
.lweemin.2 3endek chek 😱😱 30 jours 👌,0,dataset_1,1,0
.dz ah d'accord merci 😊😊,0,dataset_1,1,0
Je suis techniciens supérieur en télécommunication cherche un travail merci,0,dataset_1,1,0
حتى كي شريتها قلعوها كلاب ههنن وعلاش تحطوها فإشهار خرا,0,dataset_1,1,0
Ch7al prix ta3 la puce??,0,dataset_1,1,0
ch7al chritha khti?,0,dataset_1,1,0
.dz Dccr merci safi en tout 800da!,0,dataset_1,1,0
شريتها ب 600 دج فيها وماكتيفيا وتانيت قالي خير رقم من الميكرو ❤️😂👍,0,dataset_1,1,-1
yeh rahom ygolo dir 300da mem khti chratha 700da cv pas!,0,dataset_1,1,0
انا روحت للاجونس صراحة لقيتها دير 300 دج وفارغة بصح روحو لواحد لموزع كبير لهنا لقيتها ماكتيفيا برك,0,dataset_1,1,0
روحت سقسيت عليها قالولي غير لي يقراو فلي فاك ؟ صح؟,0,dataset_1,1,0
Aaa saha hadawin fhmt hsbt b crédit et tous 300da 😂😂 merci frr hfdek 🙌❤,0,dataset_1,1,-1
B 500 da 5G bark 😑😑,0,dataset_1,1,-1
.lweemin.2 ça dépend wesh rak hab t'activy. 500 da 3endek 5go w 500da crédit tous les réseaux. Ila habit insta fb illimité tzid 600da (1100da en tout) Ila habit YouTube illimité tzid 600da aussi,0,dataset_1,1,0
Kayen sewy3 ou serwel lelbi3 Ida Rak hab techri aya prv ne9sro,0,dataset_1,1,0
Mshy affaire kaml 500da da w 5 go brk w nzid fogha 600 da bah n5dem gratuit !! 😐😒,-1,dataset_1,0,0
.dz Ah oui dcr merci *I'm a girl btw😂,0,dataset_1,1,-1
.lweemin.2 Haha sorry 😂,0,dataset_1,1,-1
300da 😊,0,dataset_1,1,0
.dz no it's okey😂,0,dataset_1,1,-1
منين شريتيها,0,dataset_1,1,0
.dz يتسما دك ادع حبينا يوتوب و انستا وفايسبوك ڨراتوي لازملما نخلصو 1200da,0,dataset_1,1,0
درو شريحة ب 500 دج فيها Facebook et Instagram wattsap,0,dataset_1,1,0
Bonsoir m pour quoi elle ma coûté 800da,0,dataset_1,1,0
500+600+600,0,dataset_1,1,0
.dz 500 +600+600 w lhadra ma knch .. Ytselma 3ard 👎 .. Djezzy hbal b 100 da tbanli afdel 3ard 3andkom,-1,dataset_1,0,0
Kifeh ndir beh nactivi,0,dataset_1,1,0
Tahya mobilis mobtasim top 4g 🌶️,-1,dataset_1,0,0
مفهمتش تفليكسي 50 الف تاكتيفيها ومن بعد 60 الف تاكتيفها ولا وحدها تولي ڨراطوي يوتيوب؟,0,dataset_1,1,0
وهذي 5جيغا تشد شهر ولا تخلاص بلخف,-1,dataset_1,0,0
واش فبها ليزوبصيون با ش نشريها,0,dataset_1,1,0
وقتاش دديرولنا تيكتوك اليميتي كيما يوتيوب .. لازم شوفو كل شرائح المجتمع و ڤاع الفئات 😉😉,0,dataset_1,1,0
.ine2828 hh t'as raison,0,dataset_1,1,0
Moi je confirme que djezzy ces du top,0,dataset_1,1,0
La vrai questions ask 5 G mor n9olo 15 jour ask t93ad khfifa wla m3a lw9t la connexion tt9al,0,dataset_1,1,0
5 go tbanli houma yserbouli bah njib 30 yawm,0,dataset_1,1,0
"Kona nestenaw 7aja ma khir lazem tekhdm FB + insta + YouTube , donc lazem t5alas 1700 Bach ywali ghi homa illimité bzf ta3 bzf ta3 bzf djezzy hbal khiir",0,dataset_1,1,0
Bch ykoun aandi kolch illimitee b 200da?!,0,dataset_1,1,0
nn juste à 1700da,0,dataset_1,1,0
.amier mrc,0,dataset_1,1,0
Parceque la puce whdha 300da + lazem tflixsilha 500da bech y activiwlek 5g w 500 vers tous les réseaux,0,dataset_1,1,0
Hna mazalna vraiment retard moi je suis au Canada ce n'est pas la même vie de tous,0,dataset_1,1,0
.dz,0,dataset_1,1,0
أسوء خدمات إتصال 😵بعد موبيليس طبعا🙄,-1,dataset_1,0,-1
Conx zebala 👆,-1,dataset_1,0,0
5 go vraiment mokhak yahbas 😢😢,-1,dataset_1,0,0
wtf is going in frucking algeria,-1,dataset_1,0,0
3yana pus hadi mdarna walo 👎,-1,dataset_1,0,0
وعلاه مترجعوناش العرض نتاع 800 دج تعطيلك 30 جيڨا خير من زيد زيد,0,dataset_1,1,0
C pour un mois djeezy gratuit ( illimité) ? Ou bien Djeezy dekhlin f dik 500da,0,dataset_1,1,0
كي شغل مديتو 500 جيغا خص غير نبعثو منهم,-1,dataset_1,0,0
Join the new generation 😎 N'activy 500da 3endi 5Go pour 30 youm khelwy 👌🏻 Nzid 600da 3endi FB & Insta illimités 😍#izzy #djezzy #dz,0,dataset_1,1,1
.physmo u need New one bro,0,dataset_1,1,0
😂😂 راك تشوف,0,dataset_1,1,-1
"i knew it , thank u bro",0,dataset_1,1,0
خخ مي صح خو واش الفايدة اذا عندك انترنت محدود والسرعة ناقصة كانو قادرين يديروها عرض جديد نورمال مي تشري بيس جديدة على جالها فكرة فاشلة والله,-1,dataset_1,0,0
😂😂 فقت بيها قبل انا ف يومين تروح خمسة جيغا هاديك ربعين جيڨا و مساعدتنيش تساعدني هاذي مشكيتش,-1,dataset_1,0,-1
._.purple هه خليهم دارو إنجاز مساكن,0,dataset_1,1,0
Tetba3 ghir and la maison djezzy !,0,dataset_1,1,0
Despo a bejaia aussi?,0,dataset_1,1,0
Mdrr je préfère la mienne 600da,0,dataset_1,1,0
من نيتكم 😂,-1,dataset_1,0,-1
☺️ماهذا الانجاز الهرائي,-1,dataset_1,0,0
win nchriha,0,dataset_1,1,0
تفليكسي 500 +600 ولا غي 600 ??,0,dataset_1,1,0
Kifach t activa,0,dataset_1,1,0
عرض فاشل,-1,dataset_1,0,0
500da pendant 30 jour?,0,dataset_1,1,0
Internet 20Go ch7el,0,dataset_1,1,0
هه,0,dataset_1,1,0
wnta wsh andek,0,dataset_1,1,0
علاه ضحك ؟؟,0,dataset_1,1,0
Djezzy illimité 😕 !,0,dataset_1,1,0
Ki nchriha 500 wnzid 600 rah nslk 110hka kifkif ymrdi nflixsi 100 tol,0,dataset_1,1,0
انجاز عظيم 😒,-1,dataset_1,0,0
fb batal ih mi ma3ah messanger tanik wala bi 5G ?,0,dataset_1,1,0
بيس جيزي هايلة بزاف فيها هذي الخدمة ؟ 😶😶,0,dataset_1,1,0
جماعة كلشي باين . لي معجباتوش ميشريش . مشي بسيف,0,dataset_1,1,0
Yaw segmo 4Go ta3kom 3ndi djezzy n'activi ta3 1500DA temshili ghir fles place ouvert f dar mata7kamch kaml,-1,dataset_1,0,0
سلام أنا عندي بيص جيزي حب نبدلها نرجعها إيزي نقدرو نبدلوها ولا نن,0,dataset_1,1,0
Valable only 3 mois lewline ?,0,dataset_1,1,0
3,0,dataset_1,1,0
A mon avis chekla hadi je préfère 800da fiha 20go w illimité vers djezzy et 800da vers tous les autres réseaux,-1,dataset_1,0,0
40go 1200DA : tsema ana machi bnadem yak,-1,dataset_1,0,0
Mliha ki tog3od 30jours berk sinon 5Go qlila .m,0,dataset_1,1,0
Pourquoi pas,0,dataset_1,1,0
.__.ou._.chouchou aussi mfhmtch,0,dataset_1,1,0
.blhd .dz فهمونا 😒😂أرب العالي 😒,0,dataset_1,1,-1
.__.ou._.chouchou هاذي لي باغي نفهمها 😅😅,0,dataset_1,1,-1
نعم إنها الجزائر 😒😒👌👏,0,dataset_1,1,0
Nn b 30 alef la puce,0,dataset_1,1,0
.dz حنا يبيعو فيها 600da,0,dataset_1,1,0
.dz ويكتا تتوفر,0,dataset_1,1,0
وتاع 600 شحال فيها هضرة ؟؟,0,dataset_1,1,0
FB illimité,0,dataset_1,1,0
300,0,dataset_1,1,0
Rani hab narbah,0,dataset_1,1,0
💚❤️,1,dataset_1,2,0
Lazem techri puce jadida??,0,dataset_1,1,0
"chritha w flop , jai cru que ki yakhlaso 5g hdok tab9a illimité mais non w en plus 5g hadok yakhlaso f2 jours lol",0,dataset_1,1,0
.benmicia booh Maximum 3jrs,-1,dataset_1,0,0
Chhal le prix ??,0,dataset_1,1,0
Les appelles et les sms vers djezzy sont illimité ?,0,dataset_1,1,0
Mzel mawsltch gaa les wilayas,0,dataset_1,1,0
Disponible f mosta ?!,0,dataset_1,1,0
._.di._.do oui,0,dataset_1,1,0
300DA,0,dataset_1,1,0
oui,0,dataset_1,1,0
كاينا دوكا,0,dataset_1,1,0
كيف كيف,0,dataset_1,1,0
.dris مليحة لواحد عندو ويفي فدار يخدم بيها جيست كي مايكونش فدار,0,dataset_1,1,0
وي,0,dataset_1,1,0
😑,0,dataset_1,1,-1
600+500da,0,dataset_1,1,0
.__.ou._.chouchou 600+500 🤣,-1,dataset_1,0,0
.__.ou._.chouchou انها حشوة يا جورج,-1,dataset_1,0,0
Fi Sidi Bel Abbés rahom ybi3ouha 800da wlad la7ram,-1,dataset_1,0,0
.boob w 3andna 800da nés mahech ta7chem,0,dataset_1,1,0
illimité vers la même puce,0,dataset_1,1,0
.benmicia besah même tekmelek yog3od insta w fb batel,0,dataset_1,1,0
.__.ou._.chouchou non tchriha 600da tl9a fiha 500da wfiha ge3 douk swala7 Li galouhom après tog3od tflixy b 500da ana chritha sba7,0,dataset_1,1,0
ou ilimitii kfh haQytHa,0,dataset_1,1,0
😍😍🔥❤️,1,dataset_1,2,1
.__.ou._.chouchou instagram w Facebook illimité ki louken ge3 tekmelek dik 5g tog3od tconnectè bihom nrml,-1,dataset_1,0,0
🙄,0,dataset_1,1,-1
msn makanche?,0,dataset_1,1,0
oui 👍,0,dataset_1,1,1
علاه مدروش لي كونطرول وبري فيكس وتفهمونا فيها وتقولونا بلي عدك 110 فشهر فيها 5جيغا وفيسبوك وانستا الميتي #djezzy.dz,0,dataset_1,1,0
هه جازي راحت عليها اكتفيت تاع 100 الف كونكسيو 0 متطلعش خلاص وزيد كي تعيط هدرة ريزو يخربطوه باه متهدرش,-1,dataset_1,0,0
ou za3Ma wla gie HQq,0,dataset_1,1,0
Z3ma 30jr sah!! Machi 3jr?,0,dataset_1,1,0
كنزيد 600 تقعد 5gb ولا تزيدوني,0,dataset_1,1,0
T9ila cnx kima puce hayla ?,0,dataset_1,1,0
Sa se fait par flexy ou bien c est un abonnement à payer ?,0,dataset_1,1,0
Ana djit mn 3nd syanley tmdouhali batl lah ysahl,0,dataset_1,1,0
Maderna walo ykhsrok f 1100 da batel 5G Troh f smana lwla w insta w Fb makach risou malgré nskon f Alger centre 😑,-1,dataset_1,0,-1
W9tach tbda,0,dataset_1,1,0
Khjet fi marché wela mazal🙌,0,dataset_1,1,0
عروض فاشلة,-1,dataset_1,0,0
Wkima tkhls nflixi b 600 da wela 1400da beh ndir te3 fb w Instagram illimité,0,dataset_1,1,0
.physmo if u know it why you ask ??,0,dataset_1,1,0
"cause i simply can , mind ur own business little one",0,dataset_1,1,0
وعلاش شريحت جيزي نحولوها إلى إيزي بلا منزيدو أنديدرو كورات,0,dataset_1,1,0
جيزي ختي علاه كلما نعيطولك ماتريبونديش علابالنا الشكوة لربي برك بصح نتوما مرات تتقبوها,-1,dataset_1,0,0
Bach nactiviha wach ndir psk makherdjatlich f l'application djezzy,0,dataset_1,1,0
ما فهمتش,0,dataset_1,1,0
Snapchat et tiktok illimité tani ??,0,dataset_1,1,0
cnx ki el💩💩,-1,dataset_1,0,0
W youtube ?,0,dataset_1,1,0
N9dro nchroha dok wla .dz,0,dataset_1,1,0
ورااه بايلاش بحا كانش ؟,0,dataset_1,1,0
Win n9dr nl9ahom ?,0,dataset_1,1,0
.dz comment on fait pour avoir insta illimité,0,dataset_1,1,0
خخ العميقين اك شايف,0,dataset_1,1,0
New generation = puce jdida 😁,0,dataset_1,1,0
.azou Ouii 😁,0,dataset_1,1,0
C'est dispo dans tous nos points de vente 😊,0,dataset_1,1,0
"Pas a la hauteur , volume de data minable 🤢🤢🤮",-1,dataset_1,0,0
"activy 500da pour avoir l'offre de base Izzy, zid 3liha 600da ou ikoun 3endek fb + insta illimité 😉",0,dataset_1,1,0
.dz pff n'importe quoi mafhamtch l3a9liya ta3kom hadi kol khatra puce jdida mala ray likom,-1,dataset_1,0,0
.dz merci 💥,0,dataset_1,1,0
Sa coût combien ?,0,dataset_1,1,0
"Djezzy nous a volé. Trop c’est trop, nous ne pouvons plus tolérer que la propriété intellectuelle soit expropriée sans aucune conséquence. Voilà comment un opérateur historique, détenu à 51% par le fond national d’investissement, vole la propriété intellectuelle d’une d’agence créative Algérienne. Sans aucun scrupule, à la limite de l’amateurisme. Tout commence avec un appel d’offre n°47/2018/OTA/IND/11.L’agence y prend part aux cotés de 3 autres agences. Sur une partie du brief, il est clairement mentionné de travailler sur une offre avec la proposition d’un naming. L’agence dépose l’offre technique et financière le 17/02/2019, offre qualifiée pour une présentation le 24/02/2019. Au cours de cette présentation, nous présentons le naming EZZY accompagné du dispositif créatif pour une éventuelle campagne, film TV et Digital, ainsi que les visuels pour les différents supports prints et digitaux. De l’avis de tous, nous avions fait une présentation qualitative et très attractive, mais suite à de nombreuses relances, aucun retour n’a été émis par Djezzy, conformément au règlement du code des appels d’offres publics. Pire, et voici une preuve encore plus affolante de l’amateurisme dont a fait preuve l’opérateur djezzy sur cet appel d’offre. Nous recevons une correspondance le 23/06/2019 pour nous signaler une relance de cet appel d’offre sans que le premier ne soit annulé, ce qui est contraire au code des appels d’offres publics.Le 24 juin nous recevons un erratum concernant un éventuel nouvel avis d’appel d’offre qui devait paraître sur les colonnes de « Echourouk » et « L’Expression », preuve irrefutable de manœuvres douteuses et opaques sur ce sujet. Un mois après, l’agence historique qui collabore avec Djezzy depuis 2011, est reconduite sans qu’aucune autre des 3 autres agences ne soit au courant. Aujourd’hui, à notre grande stupéfaction, nous découvrons que Djezzy a lancé une campagne pour un nouveau service nommé IZZY. Il n’y a pas d’ambiguïté, ce n’est pas du plagiat, mais du vol de propriété intellectuelle. Une pratique indigne d’une grande marque de télécommunication qui doit inspirer et aider les jeunes Algériens a créer de la richesse",-1,dataset_1,0,0
في جالت هادو ما نشريش 🤣🤣,0,dataset_1,1,0
reseaux makach kml w howa y9oli 5 Go w insta illimités 🤣🤣,-1,dataset_1,0,0
مفهمتش نشريها خمسينالف ابخي نفليكسيلها ستينالف باه تجيني فايس وانستا باطل؟ ولا نشري pus وحدوخرة بستينالف ونلقا فيها خمسين كريدي و5 جيغا وانستا وفايس باطل.؟,0,dataset_1,1,0
😒😒,-1,dataset_1,0,0
Toujours pas d’offre avec 4g illimité ?!?! 🤬😤😡,0,dataset_1,1,0
La puce dir 300da. Après lazem t'activy 500da Bach ikoun 3endek 5go w Ila habiti tzidi l'option fb insta illimité zidi 3liha 600da ou tchedlek ge3 chhar 😊,0,dataset_1,1,0
5Go ma tchedlich mmpa smana 😂😂 w 9alou serbi lsahbak 😂😂,-1,dataset_1,0,-1
Lpuc متوفرة لمدة محدودة؟؟,0,dataset_1,1,0
40 Go mahich tkamli le mois 😐😐,-1,dataset_1,0,0
.dz le tout a 1400 da alors on reste avec 1500 da 40 Go c mieux,-1,dataset_1,0,0
"La puce coûte 300da, lazem t'activy 500da bech ykoun 3endek 500da d'appels vers tous les réseaux, 5Go et FlexyNet Batel pour 30 jours, ida habit tzid Insta + FB illimité ma 3lik ghir tzid 600da 🤜🤛💯",0,dataset_1,1,1
نوو متوفرة في كل نقاط البيع تاعنا لمدة غير محدودة,0,dataset_1,1,0
شهر واحد ولا تبقى؟؟,0,dataset_1,1,0
هه لي باغي يعرف بلي أبخس عرض يدخل عندي يشوف باه يكرها و ما يشريهاش😂,-1,dataset_1,0,-1
.dz تسما 100 وعشرلافً؟,0,dataset_1,1,0
Ya kho Nzid 600 3la 500 Wla nkhales 600 Ctt ?!,0,dataset_1,1,0
de rien frère 😣 ça me saoule vraiment à chaque fois nqol je change de puce mais nqol balak ça va se régler mais apparement j'ai pas trop le choix,-1,dataset_1,0,0
"Ça me dégoûte aussi, ça fait déjà 3 mois ou plus que ce problème n'est pas réglé, on dirait qu'ils font exprès de limiter le débit..",0,dataset_1,1,0
ماعندها حتى معنى 5 جيڨا وزيد بلا هدرة 😂😂 العبد ياكتيفي 80 الف ويتمتع,-1,dataset_1,0,-1
Et les appels vers nes réseaux djezzy sont illimités aussi ?,0,dataset_1,1,0
wesh dir c ça la 4eme génération dans le tiers monde 🤷‍♀️ 🥴,-1,dataset_1,0,0
عرض فاشل مع تدفق النت ضعيف جدا خاصة في الليل,-1,dataset_1,0,0
Des fois on dirait que c'est la 2e génération.. Mais bon kima glti wch 3endna ndirou 😒 techki ou nn c pratiquement la meme chose haja ma tetbedel,-1,dataset_1,0,0
Mozambique cnx ta3hom khfifa 3la la notre 😂😥,-1,dataset_1,0,-1
"😂 j c pas esq 3labalki , On est les premières f la plus mauvaise cnx entre les pays arabes ,sans parler du monde entier 😫",-1,dataset_1,0,-1
hh oui malheureusement 😥,-1,dataset_1,0,0
Espérant que cv s régler un jour nchlh .. malgré que j ne l pense pas vraiment hh,0,dataset_1,1,0
voila 😂 yhabou yzidou 3liha 😂😂,0,dataset_1,1,-1
espérant bien J ne le pense pas aussi mais bon on a pas le choix 🥴🥺,0,dataset_1,1,0
hh nchlh 🙏,0,dataset_1,1,0
على 50 الف تزيد 60 الف يعني تروح حتى 110 هكذاا ولا نوو لاه ماشي 60 الف برك علاه نزيدها على 50 😡😡,-1,dataset_1,0,0
.dz ماتقدرش دير 60 الف وحدهاا,0,dataset_1,1,0
"Fi Italia 3andi 50 GB, unlimited call, unlimited messages 5,99€",0,dataset_1,1,0
.rafik 9alk 300 da,0,dataset_1,1,0
مزلتو برك ب 5go عالم راه ب 100go بهدلتو بينا بين لجناس أوريدو أي 15go و 5go يوتوب عرض تافه,0,dataset_1,1,0
.dz 1100da ou est la révolution ici !!,0,dataset_1,1,0
hh oui je sais hadi Hiya Algérie 😂😂,0,dataset_1,1,-1
يخرطو برك تبلعيط تسويقي. 300+500+600=1400دج هه بركاو متحشو للناس. لوكان تحسنو خدمة الاتصال و الانترنت لي راهم كارثة خيير و خيير الزبائن يجو وحدهم.La meilleure des publicités est un client satisfait,-1,dataset_1,0,0
.dz yak 600=1moi,0,dataset_1,1,0
bs7 bzzf wlh hadi sar9a rana nkhalso drahem quand même😔😔,-1,dataset_1,0,0
5g fb + inst gratuit b 500 !?,0,dataset_1,1,0
Fiha ghir hadou deux offres berk .dz ?,0,dataset_1,1,0
Nzid 700 da ywlo andi 30 gb,-1,dataset_1,0,0
hh sara9in galk 3la jal 5 Go taslk 1100 da walh ga sah zid 500 Alf waslk wifi wdir wach tahb yakhi hala 3lihom 😂,-1,dataset_1,0,-1
Nechrouha f les agences berk ??,0,dataset_1,1,0
Mafhemtch tsema 500da nzidelha 600da yetsema 1100da ?,0,dataset_1,1,0
Wla 600 da wahedha 500da wahedha?,0,dataset_1,1,0
5Go نستقهوى بيهم,-1,dataset_1,0,0
.dz nziid 100 Da w n’activer 40 Go w khlass,0,dataset_1,1,0
أفضل شكلة عرفها التاريخ ..تفاهة و دايرين عليها حالة👌,-1,dataset_1,0,0
comment ça ? 600da 40go?,0,dataset_1,1,0
"Mech habin y9olo 1100 da kolech 😂 , 9oloha mate7chmoch",-1,dataset_1,0,-1
"9alek tchriiha b 300 Da après t’flixy 500 Da pour activer l’offre 5GO tziidi 600 Da bach ya3tolek fb w insta gratuit donc 300+500+600= 1400 Da w hadiik l’offre ta3 hayla bezzaf 1500 Da ya3tok 40 GO w 300 Da vers tout les réseaux w djezzy illimité, soyez logique .dz",-1,dataset_1,0,0
👏,1,dataset_1,2,0
Moulet t9echer vert 😍thooubel 😋,1,dataset_1,2,1
🤣🤣karita ma 7abooch yripondiw w zedt tagithom f wa7d la page tseb 3lihom 🤣🤣,0,dataset_1,1,0
.houcine aywaah,0,dataset_1,1,0
.ab يجب شراء شريحة جديدة 😊,0,dataset_1,1,0
Comment on peut accéder a l option flexynet et esq on peut les partager avec n'importe quelle autre puce,0,dataset_1,1,0
في الأساس لا توجد تغطية لجيزي في دوارنا راني نكومونتي بالمودام تاع اتصالات الجزائر,0,dataset_1,1,0
.bjm l bigos 😂😂,0,dataset_1,1,-1
شعال دير لابيص؟؟,0,dataset_1,1,0
كي نروح نشريها نقلو اعطيني بيس دجيزي وخلاص ولا وش اسمها مثلا ( دجيزي هايلة ) ؟؟,0,dataset_1,1,0
5 gb y5laso fi 2 jour,-1,dataset_1,0,0
Na9sa bazaf w ta3 40 go chhal ?,0,dataset_1,1,0
للأمانة.. عرض فاشل بأتم للكلمة من معنى 😕,-1,dataset_1,0,0
حبيت الطفلة الي دايرة بونيه بيضا على راسها😍❤️,0,dataset_1,1,1
Vu,0,dataset_1,1,0
Fiha illimité vers Djezzy ??,0,dataset_1,1,0
"Abonnez-vous à mon compte, je partage mes citations j'espère que ya3ajboukoum nchlh merci ! PARTAGEZ SVP 🤲❤",0,dataset_1,1,0
t3ich hni 😂,0,dataset_1,1,-1
nhdrou bttll 😂😂diriha wndirha 😅,0,dataset_1,1,-1
Win rahom rifkaa ou nhla ou ou..wela mchi t3hom lprojet 🤔🤔,0,dataset_1,1,0
Kifah 500 Wanzid 600 kolchi 1100 wela 500 fiha kolch,0,dataset_1,1,0
شحال راهي دير هادي,0,dataset_1,1,0
investiw chwia f les infrastructures tawa3kom yakhi 💩,-1,dataset_1,0,0
EsT ce Que La Puce iiZzY iiliimiTé dJeZzY !??,0,dataset_1,1,0
Sérieusement depuis que j'ai dezzy je suis plus en panne de cridi ni internet 💓💓 avant je galère mtn hamdoullah 🌹,1,dataset_1,2,0
"Avec DJEZZY CONFORT, retrouvez la qualité, le prix et la vitesse dans une seule offre 😍 #djezzy #dz #confort #mahrez",1,dataset_1,2,1
Hahaha. Derto 80go w rakom 3arfine beli ma nekedrouch nekhedmo biha réseau catastrophique,-1,dataset_1,0,0
هل استطيع الرجوع للعرض السابق ، كانت عندي باطل نحو جميع الشبكات و 25 جيڨا انترنات,0,dataset_1,1,0
👎👎⛔⛔,-1,dataset_1,0,0
Khorti mauvais réseau. Mauvaise connexion .khelouna men tmenyik,-1,dataset_1,0,0
😂😂 سرقا ومش هاك يا خيزي,-1,dataset_1,0,-1
Pff 3la zin cnx t3kom ha khlouna,-1,dataset_1,0,0
خخ😂 كونيكسيو كي سلحفاة وزيد تدخل لليوتيوب تتفرج فيديوا تلقى روحك راحت 1Go #سراقين,-1,dataset_1,0,-1
تعيشو كرهت اطلقونا انترنات,-1,dataset_1,0,0
Votre connexion est catastrophique c est pour ca je vais basculer vers 1 autre opérateur,-1,dataset_1,0,0
السرارقة,-1,dataset_1,0,0
Connexion dayra ki lkhra na3l waldikoum,-1,dataset_1,0,0
Very low speed 80G !!,0,dataset_1,1,0
كليتو لبلاد ياسراقين,-1,dataset_1,0,0
راح نقلبها اووريدو خير من جايزي لحد الساعة,-1,dataset_1,0,0
Y a El khawa Jai vu les commentaires ga3 Rana nachkou m'en la connexion de Djezzy lazem ndirou réclamation au niveau des agences pour qu'on soit entendu . Les réseaux sociaux ils sont pas a l'écoute .,0,dataset_1,1,0
ما تعطيونيش 20 ب خميسنلف ؟,1,dataset_1,2,0
ما فائدة الحجم و السرعة سلحفاة 😁,-1,dataset_1,0,0
Win rahi la vitesse ya t7a7na 😒,-1,dataset_1,0,0
Chaque fois neflexi 200 da ymadouli 60g wach lazam pour avoir 80g ??!!,0,dataset_1,1,0
حتّىDJEZZY APP📱 فيها DARK MODE 🌑😎 واش من مود تستعملوه؟ 🤔وما تنساوش ! تقدروا ترّبحوا 1 جيغا أنترنت 🎁 😍، واش راكم تستنّاو باش تيليشارجيو التطبيق؟,1,dataset_1,2,1
Yaw réseau wchbihh!!??!!,0,dataset_1,1,0
Awdi l conection ta3kom hia li khasha dark mode men kotr ma t9ila,-1,dataset_1,0,0
cnx t9ila bzf pff🙄😒,-1,dataset_1,0,-1
نتوما و اتصالات الجزائر شركة وحدة ؟؟,0,dataset_1,1,0
🙏❤🙏,1,dataset_1,2,0
Hhh Hata Dark Mode wmadrtohch khal ki nas flha9 yjy zràg,0,dataset_1,1,0
Dark mode saves battery life.👌🏿💜,0,dataset_1,1,0
hebloni dark mode 😢,0,dataset_1,1,0
"مع جازي ابقاو ديما متّصلين عبر مواقع التواصل الإجتماعي المفضّلة لديكم 📱😍 شكون فيكم يضل يدير ف Les stories فال Instagram؟ 👀 🤳Avec DJEZZY, restez toujours connectés sur vos réseaux sociaux préférés 📱😍 Des accros aux stories instagram parmi nous? 👀 🤳#Djezzy #Dz #Réseau #Insta",1,dataset_1,2,1
Je suis connecté djezzy ❤😙,1,dataset_1,2,0
40 GO MAKFATNISH:(,0,dataset_1,1,0
Connexion t9ila,-1,dataset_1,0,0
Cnx t9ilaa normalement tkhalas drahem win tkon f dz tkonikti,-1,dataset_1,0,0
💪😉,1,dataset_1,2,0
And yet your internet sucks,0,dataset_1,1,0
Franchement je suis très déçue de votre connexion très lente,-1,dataset_1,0,0
Connexion zbaal,-1,dataset_1,0,0
0٫004 mb/s سرعة الانترنت,-1,dataset_1,0,0
Moi.,0,dataset_1,1,0
طز سرعة زيرو رانا كي ليبوت 😂,-1,dataset_1,0,-1
3la résau lmsgm t3kom 😑😑 ki tlh9 18 yro7 klch,-1,dataset_1,0,-1
🐢🐢,-1,dataset_1,0,0
4g w la vitesse 100 kb/s 😕😕,0,dataset_1,1,0
Slower than a snail 🐌🐌,-1,dataset_1,0,0
Cnx t9ila bzeef,-1,dataset_1,0,0
Connexion merdique,-1,dataset_1,0,0
سرعة ملاحا بصح كليت ني في 18جيغا😢,-1,dataset_1,0,0
Djezzy tjrs fidèle 😍😍,1,dataset_1,2,1
كوپيتولي لا پوس 😠😠 حرام عليكم 😪,-1,dataset_1,0,0
انا,0,dataset_1,1,0
Régler votre conection tres lourde ooredoo vous dépasse vraiment,-1,dataset_1,0,0
Hhh,0,dataset_1,1,0
Makanch maneha Tlemcen tesouferi b réseau djezzy dima nemadou réclamation mais walou,0,dataset_1,1,0
لماذا اختفى عرض 600دج,0,dataset_1,1,0
cnx t9ila bzf😞,-1,dataset_1,0,0
"Bonsoir , avec un gros coup de gueule 😠 "" plus de 10 "" et votre connexion est très mal barré , endirai pas une connexion 4g . C'est devenu insupportable veuillez règler votre problème de connexion . Trop lourde 😠",-1,dataset_1,0,0
.dz Veuillez prendre en considération les réclamations des clients on est en 2020,0,dataset_1,1,0
بينج يطلعلي 900 في ببجي وتقولولي ابقاو ديما متصلين,0,dataset_1,1,0
Je suis connecté Djezzy ♥️😍,1,dataset_1,2,1
"3lah tkdhbo, cnx de merde li 3adekom 😤😤",-1,dataset_1,0,0
ياو ري زو ديالكم عيان وسيرفيس كلييون بروفيسيونال فليكيداج..,-1,dataset_1,0,0
#جبل_الوحش راهم شبعوا دعاوي عليكم على الشبكة لي عادت في الموت هه,0,dataset_1,1,0
Gaartouna b débit yeww,0,dataset_1,1,0
علاه كوبيتولي لابيس كما كمل شهر من لي شريتها,0,dataset_1,1,0
Connexion trop faible,-1,dataset_1,0,0
مع DJEZZY APP تقدر دير بزاف حوايج 😍تشوف الإستهلاكات ديالك، تشري و تفليكسي👌📱يمكنك الإستفاد من 1 جيغا انترنت مجانّي، واش راك تستنى باش تطلّع التطبيق !👇تلقاو الرّابط في La story #djezzy #app #dz,0,dataset_1,1,1
Et le réseau يجيب ربي,-1,dataset_1,0,0
❤️❤️تطبيق مليح,1,dataset_1,2,0
.farouk 😊,0,dataset_1,1,0
Magnifiques zidou segmou la connexion brk,-1,dataset_1,0,0
😉,0,dataset_1,1,0
Hayl ❤️,1,dataset_1,2,0
Cnx t9ila,-1,dataset_1,0,0
Cnx 3ayana t9ila bzf dija krahnaa,-1,dataset_1,0,0
وتربح 1go,0,dataset_1,1,0
🔥,1,dataset_1,2,0
Matemchich f iPhone :(,0,dataset_1,1,0
W te9der dir offre ta3 un mois b 1200da ya3ni hadik 200da 3laah 3laah,0,dataset_1,1,0
واش تقدر. رانا في بلاصه واسمها العريشه لا كونيكسيو لا ريزو مسقم. تابعه لتلمسان,0,dataset_1,1,0
😢,-1,dataset_1,0,0
ماقدرتش ندير flexy net وعلاه,0,dataset_1,1,0
معجبنيش يبلوكي,0,dataset_1,1,0
"مع جازي، تمتّعوا بساعات و ساعات من المشاهدة 😍، قولولنا اما هي La série لي راكم تشوفو فيها هاد اليامات؟ 👀🍿 Avec DJEZZY, profitez pleinement de vos heures de visionnage 😍. Dites-nous quelle est votre série du moment? 👀🍿 #djezzy #dz #réseau #video",1,dataset_1,2,1
😞😞💔 لا حبيب لا نصيب شكون كيفي,0,dataset_1,1,0
لحاب يشري نتفليكس بش يتفرج يجي بريفي,0,dataset_1,1,0
نت تاعكم تعيف 😋,-1,dataset_1,0,0
Cnx Fi 7alaa machfnaa waloo,-1,dataset_1,0,0
نت ضعيف,-1,dataset_1,0,0
Servant 😍,1,dataset_1,2,1
أضعف شبكة,-1,dataset_1,0,0
🔝❤️👏😍,1,dataset_1,2,1
الانترنت راهي ناقصة,-1,dataset_1,0,0
Cnx fi7ala ghir rigloha 😐😐😡,-1,dataset_1,0,0
واد الذئاب ؟ راكم شوية بزاف قدم لا لا ؟ 🤔,0,dataset_1,1,0
BSh Mlih Hbibi Aw Mazal Mclai 1 er Fi TR,0,dataset_1,1,0
ÇUKUR 😍🔥 Avec DjeZzY ❤️❤️,1,dataset_1,2,1
تتكلمون بجدية ؟ سرعة أنترنيت جد بطيئة و تتكلمون عن مشاهدة المسلسلات !؟,-1,dataset_1,0,0
We3lach redje3to cnx 1200da 😅😅 direct bla mat9olo même pas,0,dataset_1,1,-1
Pourquoi la connexion djezzy est lent ?,0,dataset_1,1,0
الانترنت ناقصة بزااف عياتنا بفف,-1,dataset_1,0,0
Wellah client 3and .dz fi 15 ans. Mais samhouli Cnx had 6 mois talia bizarre pourtant centre ville wahran.,0,dataset_1,1,0
je confirme,0,dataset_1,1,0
تدفق تحت الصفر,-1,dataset_1,0,0
3lah LA Connexion Ta3koum T9ila Fel5roub (Massinissa) 🤔,0,dataset_1,1,0
Toop🔥❤️,1,dataset_1,2,0
ڨاع حلقات مسلسل أرطغرل,0,dataset_1,1,0
"📱DJEZZY APPال 👌 ضربت حطّة جديدة 😎 مع تصميم و ميزات تطبيقيّة هايلة La story تقدروا تحمّلوا التطبيق على الرّابط في 💪 تستفيدوا من 1جيغا أنترنت مجّاني للتحميلات الأولى 😍، ما تضيعوش الفرصة !La DJEZZY App📱 fait peau neuve 😎 avec un tout nouveau design, une meilleure ergonomie et de nouvelles fonctionnalités 👌 Allez vite la télécharger via le lien en swipe up dans notre sotry 1GO d'internet offert pour les premiers téléchargements 😍, ne ratez pas l'occasion 💪#Djezzy #App #Internet",1,dataset_1,2,1
كيفاش ؟,0,dataset_1,1,0
قمت بتحديث التطبيق ولم أتحصل على أي شيء,0,dataset_1,1,0
Mercii 🔥🌹,1,dataset_1,2,0
أضعف انترنت وأضعف شبكة على مستوى العالم,-1,dataset_1,0,0
Makan wlou 7echwa hadi wla kifach telechargitha 9alouli bsahtk mais makan wlou 😒😒,-1,dataset_1,0,0
متمشيش ف ios,0,dataset_1,1,0
👍👍👏👏,1,dataset_1,2,1
DJEZZY te permet d'activer 6 Go avec 500DA à la première recharge 📱 et de bénéficier du même forfait à moitié prix à la 2ème recharge ! 😍Découvrez nos offres en bio,1,dataset_1,2,1
اكثر تفاصيل و معلومات من فضلكم,0,dataset_1,1,0
Comment activer le telecharger entre de 600 da.merci.,-1,dataset_1,0,0
À quoi sert 6Go avec l’Internet EDGE ta3kom 🤬🤬,0,dataset_1,1,0
Mli7a hdi 😂,0,dataset_1,1,-1
Pff cnx partout fi dz machi cnx stop this bla bla bla..we need new pus hh👏,0,dataset_1,1,0
اوناقصه مرة انا عندي الو حابيت نرجعها جيزي نعيطلكم لا حياة لمن تنادي,0,dataset_1,1,0
"Reglez votre reseau aprés on peut parler des offres , le reseau en degradation de pire en pire et ça nous manque pas des Go's mais on veut l'amelioration du debit",-1,dataset_1,0,0
Et la 3eme ?,0,dataset_1,1,0
واش من عرض هذا هل هو متوفرفي كل البطاقات,0,dataset_1,1,0
Reseau 3iyan sagmoh omba3d sahel,-1,dataset_1,0,0
wach men pus hadi,0,dataset_1,1,0
نتوما تاني التيليفون مايخطيكمش ؟ مع جازي، تكلموا، تحابوا و ابقاو قريبين 💓 قولولنا شكون هو الشخص لي تبقاو ساعات معاه و نتوما تهدرو 👀📱#djezzy #dz #réseau,0,dataset_1,1,0
ومحرز وين نلقاوه 😂,0,dataset_1,1,-1
❤❤,1,dataset_1,2,0
Ki tsgmona lconix wb3eda shel,0,dataset_1,1,0
Yaw segmou l connexion,-1,dataset_1,0,0
نكذب عليكم كل شهر نخلص لالين والله ما نهدر يا لوكان نص ساعة فالسمانة دايرتها علاجال الكونكسيون و كون غير نقدر نكونكتي بيها,0,dataset_1,1,0
كي تسڨمو الريزو تاعكوم امبعدا ساهل,-1,dataset_1,0,0
خصنا شوية تاع كونيكسيوا مرقتوها,-1,dataset_1,0,0
كاين بلايص تغطية ناقصة ديرولنا حل,0,dataset_1,1,0
رانا نخلصوا باه ترهجونا با الكونكسيون هذي راهي تعيي,-1,dataset_1,0,0
الريزو مكان والو هنا فالعاصمة كارثة يا درى حالة خاوتنا فالولايات لوخرين,0,dataset_1,1,0
ياو ريزو عيان فكامل لولايات وسيرفيس كليوون بروفسيونال فليكيداج,-1,dataset_1,0,0
Connexion internet farcha chwiya 🙄,-1,dataset_1,0,-1
Ma Vie❤️,1,dataset_1,2,0
Ok,0,dataset_1,1,0
اعدلوا الإنترنات راهي منقطعة تماما نسلكوا في جازي وانترنات مكان ولا شيء حسنوها أولا حسنوا الخدمة,-1,dataset_1,0,0
والله رانا نعانيوا في صمت 🤣🤣,0,dataset_1,1,0
My layv,0,dataset_1,1,0
جدة الله يرحمها,0,dataset_1,1,0
الله يرحمها 🙏,0,dataset_1,1,0
حسونا نا الإنترنت انا ندير تع 200لي شهر تخلاص في 3ايام .dz,0,dataset_1,1,0
المشكل في النوعية ماش الكمية.. توحشنا الهدرة بلا ماتتكوپا,0,dataset_1,1,0
Et 3 milliard d'appel moi stp chaque heure hh l'algerie yah 😂😂,0,dataset_1,1,-1
khchine ah djezzy yripondouli,0,dataset_1,1,0
oue mon gras hata djezzy découverte vos capacités 🤭,0,dataset_1,1,0
.ezz hada machi dirna m3ah khtra wla ani ghalet?,0,dataset_1,1,0
.o wlh jsp nechfalhom bel asm berk :),0,dataset_1,1,0
❤️❤️❤️😍😍@,1,dataset_1,2,1
.smr lmaoo Walit famous,0,dataset_1,1,0
هذا سامي ميكوب أرتيست تاع لالجيري واو أصبح ستار رغم سنه يبهر في موهبته,0,dataset_1,1,0
Aw la connexion zéro,-1,dataset_1,0,0
kol d9i9a,0,dataset_1,1,0
hh,0,dataset_1,1,0
RAjlii❤️,1,dataset_1,2,0
قولي والله يا شكوبي,-1,dataset_1,0,0
ذيك الجيزي وش بيها ناقصة الكونيكسيون😡😡,-1,dataset_1,0,0
Lokane ghir andi 3 millions heurs chaque jour. Je pourrais finir mon boulot. Ma3lich manhderch bezaf 😢😢,-1,dataset_1,0,0
🍿 تفرّج بلا ما تشوف شحال بقاولك من جيغا 😍 شفتوا 🤔؟The Witcher🎇 لي لعبوLe jeu vidéo 🎮 ديرو الصّف فالتعليقات نشوفو شحال كاين معانا Les gamers 🙋🏻‍♂️ 👀 #djezzy #dz #hayla #thewitcher #netflix,1,dataset_1,2,1
Free fire 😂,0,dataset_1,1,-1
علا هاديك كونكسيون شابة,-1,dataset_1,0,0
Lokan tsagmo réseaux mchi khir?🤦🏻‍♂️,-1,dataset_1,0,0
سقمونا نات يا طحاحنة,-1,dataset_1,0,0
مكانش بونيس 1G,0,dataset_1,1,0
M3akom Facebook lite temchi b siif rakom habin netflix temchi 🤦🏻‍♂️,-1,dataset_1,0,0
اسوء متعامل من ناحية التدفق الانترنت رانا في 2020 ناس راها في 6 G و حنا 3 G و ثقيلة نقولكم حاجة الله يجيبهالكم في صحتكم يا خيان تربحوا ز..,-1,dataset_1,0,0
ماكانش انترنات يا السراقين,-1,dataset_1,0,0
#limitations,0,dataset_1,1,0
Wllh maboni 40 gb internet mais le problem c que thgila t7yyr l cnx des fois wllh tghydni yekhlass chhar w teg3od bamantha 40 gb wana mconnecté ch3ar ..dirolna 7all twelli khfyfa lwejeh rabby,-1,dataset_1,0,0
Netferjoo bla manchofo chhel ou la qualité rebi ijiib ahaay ahaay hchiw el bibite 🤣🤣,-1,dataset_1,0,0
Fliksi svp uregen,0,dataset_1,1,0
Normalement chof chhal bqawlk ô matfrajch 😢😢,1,dataset_1,2,0
Ouais ❤️,1,dataset_1,2,0
جيزي رديئة جدا في ولاية أم البواقي وبعض الولاية المجاورة,-1,dataset_1,0,0
Lokan t3toni compte Netflix machi khir,0,dataset_1,1,0
Ya wedi segmouna la conection et le ping ta3koum,0,dataset_1,1,0
بقاولي 69جيغا أو جيزي عندنا خفيفة مي فالمترو متمشيش قاع👐,0,dataset_1,1,0
حتى نكمل الحلقة الأولى ممبعد ساهل ، 😑 من ثقل النت عندكم ،,-1,dataset_1,0,-1
🙋‍♂️ The witcher 💜🖤 The best series I've ever seen,1,dataset_1,2,0
40g w tu consomme 3g 😂😂,0,dataset_1,1,-1
اللاكونكسيون لي في حاله كيفاش نتفرج ع نتفلكس فيها ؟؟ 🌚🌚,-1,dataset_1,0,0
ديروها 100 دج كاين ناس معندهاش,0,dataset_1,1,0
ماعلابالهمش بالغاشي يحوسو دراهم برك,0,dataset_1,1,0
Im here 🔫🎮🎮,0,dataset_1,1,0
M3a le débit d'escargot dyalekoum netfardjo ch3ar 😏 10Go 1 ans matekhlasch. Wjahkoum s7i7.. service tiers monde 👎👎,-1,dataset_1,0,0
Cnx dyalkom vrai t9ila nass rahom b 5G w hna rana b 4G w ntab3o fiha 👎👎,-1,dataset_1,0,0
Ping 300 🙂🙂,-1,dataset_1,0,0
رديئة جدا د جد,-1,dataset_1,0,0
انترنت ضعيفة. الشبكة ضعيفة تتحدث مع شخص حتا تتوقف الشبكة. مللت من شبكتكم جيزي,-1,dataset_1,0,0
Tunisie Telecom 👌👌,0,dataset_1,1,0
Li khasso netflix ychof story ta3i,0,dataset_1,1,0
w9il,0,dataset_1,1,0
rak tahder wala tabki,0,dataset_1,1,0
wch ak tkhalat lka3ba khsk difili Joz l bilcourt,0,dataset_1,1,0
😂😂آتمنيك تمنيك,0,dataset_1,1,-1
Mmm لوكان تخمموا تنحو هاديك تاع شهر وتمدو ربعين جيغا وكي تخلاص نفليكسيو ميات ألف باش تكونو رابحين ونكونو رابحين,0,dataset_1,1,0
💗💗,1,dataset_1,2,0
🔥🔥😍,1,dataset_1,2,1
La cnx est merdique 💩💩,-1,dataset_1,0,0
لي حوس يتفرج نتفلكس يتواصل معانا,0,dataset_1,1,0
.dz انا راني داير تاع 40 جيقا و مع هذا يخلاصو ليه ليه كي نتفرج في اليوتيب مع انو راني مانتلشارجيش,0,dataset_1,1,0
رانى نخلص 1500 دينار في الباطل هكا نشالله ديرولنا حل و لا نستغنو على خدماتكم و شكرا,0,dataset_1,1,0
Dirolna la3bt free fire illimité dok tchri dzayr kmla Djezzy 💓💓,1,dataset_1,2,0
مع جازي، اسمع كامل الأغاني🎶🎸 لي يجيوك في بالك بلا ما تكسّر راسك 😊 قولولنا اما هي الأغنية🎼 لي راكم ديروها En boucle هاذ اليامات 🎧#djezzy #dz #music,1,dataset_1,2,0
Zed k offside,0,dataset_1,1,0
Loukan tsagmo conexion dyalkoum machi khir? Depuis plus de 3 mois a un débit inferieur a 128ko/s en 2020.. 3iib wellah!!,-1,dataset_1,0,0
3eddi dezzy besah Hiya lekhra f la vitesse débit internet trop faible par rapport au autres opérateurs,-1,dataset_1,0,0
راني نواجه مشكل فالانترنت تاعكم .. تصلحوه ولا نح لابيست ؟,0,dataset_1,1,0
Votre 4g raha catastrophique. Bzf en 2020 video ma tetla3ch,-1,dataset_1,0,0
Il q quoi votre réseau enfaite je peux voir des vidéos sur YouTube mais je ne peut pas consulter ma boîte email c bizarre de mètre toute sur la vidéo y'en a des gens qui travaillent.,0,dataset_1,1,0
ها احشموا شوية التعليقات كاملة واحد ما علق على المحتوى كامل يشكيو مالريزو و نتوم دايرين رواحكم ماشي شايفين شوية احترام للزبائن على الأقل,0,dataset_1,1,0
ريقلو ريزو تاعكم تاع 4G راهو زبالة,0,dataset_1,1,0
Wachbikom nas tt9dam oo ndoma rizo mzl msgmtohch😥,-1,dataset_1,0,0
😎😍HAYLA BEZZEFمع 👌🏻👌🏻 عندك إمتيازات بزآآف 😉 أنترنت بزاف، مكالمات غير محدودة بسوما هايلة بزاف #djezzy #dz #hayla,1,dataset_1,2,1
votre connexion est vraiment nul,-1,dataset_1,0,0
👎,-1,dataset_1,0,0
😡😡 دوك انا يعني مفهمتش علاه تخلاص تمتم 40 جيڨا راهي حس تخلاص في سمانة غير انستا هذا منشوف ني يوتيوب ني نبارطاجي و تخلاص في سمانة علاه و عاودت اكتيفيت شحال من مرة و غير كيفكيف,0,dataset_1,1,0
._.purple انا بقاتلي فيها عشرة جيڨا وتفرجت بيها مسلسلاات وافلام حتى كرهت,0,dataset_1,1,0
J'adore 😍😍,1,dataset_1,2,1
Wlate samta t9ila bzf 😒😒,-1,dataset_1,0,0
._.purple oww😮😮 Ana b9atli wahad Al khatra 25g ou ndir klch fiha 🤔🤔,0,dataset_1,1,0
.26 دوك انا مفهمتش فير لابيس تاعي ولا كيفاه,0,dataset_1,1,0
.__.ms.__.ou__t ماشي غير انا حتى وحدة صحبتي هكا تان مفهظتش وين راه البروبلام,0,dataset_1,1,0
._.purple ya kho rir badlha rahom yasr9o fik 👍👍,-1,dataset_1,0,1
.__.ms.__.ou__t وي هيا باينة سريقة عيناني *طفلة*,0,dataset_1,1,0
._.purple tafla ??,0,dataset_1,1,0
.__.ms.__.ou__t même ana wlh,0,dataset_1,1,0
._.purple jcp mais chof m3a contre djz,0,dataset_1,1,0
.__.ms.__.ou__t وي 😅,0,dataset_1,1,-1
.26 احي رحت لعندهم و مادارولي والو بالاك نبدلها نشريها من عندهم و نشوف صينو ايدا قعدت هكا متساعدنيش,0,dataset_1,1,0
Bzaf ghalya dirolna ta3 100e1,0,dataset_1,1,0
Le Réseau l'équipe raho très faibles dernièrement j'ai rien compris en plus j'habite à bab azzouar 🤔🤔,0,dataset_1,1,0
Super mais sa va vite,0,dataset_1,1,0
Yaw ser9oli 20 Gb,0,dataset_1,1,0
A9bah puce chritha f hyati ni cnx ni appelle ni rien ghir bal3o haffin rwahkom b les pubs heeh hada cha b9aa la carte dyali 3ad jaya galk vous ne pouvais pad effectue cette appelle,-1,dataset_1,0,0
En plus sra9iin hasbiya lah wa ni3ma lwakiil fikom kamlin ya wjoh lmiziriya,-1,dataset_1,0,0
Rodolna ta3 100 da ya les voleurs,0,dataset_1,1,0
Le réseau raho faible,-1,dataset_1,0,0
Jwbona Ala les msgs,0,dataset_1,1,0
♧عرض محدود ولكمية محدودة♧ نفس لعرض لكن السعر 8500,0,dataset_1,1,0
و الله سراقين niveau bas vous êtes des voleurs aucunes connexion de 20 a 23,-1,dataset_1,0,0
connexion faible en plus ooredoo fiha 100da ntouma non,-1,dataset_1,0,0
اسوء انترنت في التاريخ,-1,dataset_1,0,0
نيك مها كونيسيون تاع زبي,-1,dataset_1,0,0
تبقاو نتوما لخريين,-1,dataset_1,0,0
ماتخلعونيش بالاشهارات تاعم,-1,dataset_1,0,0
عنكم كونيكسيو كي زبي .و شكراا 🖕🖕,-1,dataset_1,0,0
".dz fahmoni 3lah ki naktivo t3 30 da , taklo drahem w cnx 00 mkach g3 😠😠",-1,dataset_1,0,0
لا إمتيازات لا والو انتم راكم سراقين اكتر من العصابة,-1,dataset_1,0,0
وزيد كنتوا دايرين اشتراك تع 100 علاه طلعتوها 1200 زعما 😒 وش فرق بينكم وبين موبيليس ، نفس مبلغ ، نديرو موبيليس وخلاص كي عاد هكدا,-1,dataset_1,0,0
جامي شفت ناس ياكلو الجيفا كما نتوما حسبيا الله ونعم الوكيل,-1,dataset_1,0,0
.dz عندي شريحة جيزي نورمال نقدر نردها إلى هايلة ؟؟,0,dataset_1,1,0
Nuuùuu🖕🖕uul 😑😑🖕,-1,dataset_1,0,-1
Cnx ki che3ar ghir ser9a Allah la trabhkom -_-,-1,dataset_1,0,0
Merdiique Lyoum. Nahii rebhaa,-1,dataset_1,0,0
"Allez vite télécharger la nouvelle version de la DJEZZY APP 📱via le lien en story ! 1GO d'internet offert pour les premiers téléchargements, 😍 ne ratez pas l'occasion, plein de nouvelles fonctionnalités vous attendent ;) 💪ماتراطيوش DJEZZY APP الجديدة تقدروا تحمّلوا التطبيق على الرّابط لي فيLa storyتستفيدوا من 1 جيغا أنترنت مجّاني للتحميلات الأولى،😍 ما تضيعوش الفرصة 💪 ;) #Djezzy #App #dz #internet #4G",0,dataset_1,1,1
بصح الشكل القديم أفضل وأسهل !,0,dataset_1,1,0
مليح مي خص فيه وين تحطولنا جديد و تسهلو علينا الاتصال بخدمة العملاء,0,dataset_1,1,0
سقمو الفيتاس تاع كونيكسيون تيعكم يا الشكوبي .,-1,dataset_1,0,0
Salam pourquoi on peut pas payer les factures avec les carte CIB,0,dataset_1,1,0
Sympa la nouvelle appli ! 👏,1,dataset_1,2,0
كيف انهي خدمة سكوب,0,dataset_1,1,0
روشارجيو 100 دج المرة الأولى و إستفيدوا من 15جيقا 😍😍زيدوا 500 دج و يولولكم 30 جيقا 😱😍😋للمزيد من المعلومات إطلعوا على الرابط في La Bio #Djezzy #Internet #dz,0,dataset_1,1,1
.dz للشهر أو الاسبوع ؟؟,0,dataset_1,1,0
معناها 1500دج و 45 جيقا الشهر و الشهر توالي 6 جيقا لالا؟؟,0,dataset_1,1,0
ماعندها حتى معنى بالكونكسيو 💩💩تاعكم,-1,dataset_1,0,0
"Avec l'offre HAYLA MAXI 😍😍Profitez d'un MAX d'internet et de crédit, mais pas que, profitez aussi d'appels et SMS gratuits et illimités vers Djezzy 😎😍",1,dataset_1,2,1
الكونيكسيون تاعكم مليحا فصباح بصح فليل تولي زبل,0,dataset_1,1,0
w ba3d 3 mois tna9soulkom nos mnha e56ikom,0,dataset_1,1,0
Et aussi profitez d internet catastrophique 😒,0,dataset_1,1,0
كونكسيو صباح ولا فاليل ثجور 👎👎,-1,dataset_1,0,0
دايما نستعمل العرض هذا بصح الأنثرنث خرا وخاصة فاليل 💩💩,-1,dataset_1,0,0
Yaww Rana n3anyww bzff 💩💩,-1,dataset_1,0,0
اي تقيلا متشريوش تسللك 200ألف دينار جزائري وتدي 200 ألف سيءة #جازي_سراقة,-1,dataset_1,0,0
واش من فايدة كي تعطيني 40Gوالكنيكسيون فرشة والله اكبر غلطة درتها هيا جيزي,0,dataset_1,1,0
Chritha b 95 alf zadtoulha ??,0,dataset_1,1,0
200DA gratuit vers tous les Réseau et l'internet 25GO te trouve ça logéque normalement la moindre des choses te donne 35GO parce que c'est de volle ça avec toute mais risspé,0,dataset_1,1,0
3lach ta3 100 da raditoiha 1200 ??,0,dataset_1,1,0
داير تاع 105Gbومتكفيش وزيد كونيكسيون فل ليل تروح😢,0,dataset_1,1,0
كونكسيو💩💩,-1,dataset_1,0,0
Lagya maxi machi hayla maxi 👎,-1,dataset_1,0,0
انتي افضل دجيزي💞😍😘💞💞😍😘💞💞😍😘💞💞😍😘💞,1,dataset_1,2,1
cnx t9ila flil,-1,dataset_1,0,0
3lah pubg matdkholch meme cnx mliha..,0,dataset_1,1,0
w resau maxi khra,-1,dataset_1,0,0
فالليل راهي تعي عالجونا المشكل😴,-1,dataset_1,0,0
Conx !!,0,dataset_1,1,0
رحت لتبسة. خرجلي. ريزو تاع تونس.. ونتي رحتي وقعدت. اوريدوو,0,dataset_1,1,0
SWAG! +1,0,dataset_1,1,0
WOW! This is truly amazing,1,dataset_1,2,0
OMG😍😍 HOLEY MOLEY!!,1,dataset_1,2,1
Hahaha,0,dataset_1,1,0
Where did you get this little cutie?! + 1,0,dataset_1,1,0
Hey~~ Y los otros como son?? Y cuan largo son?? Linda foto:),0,dataset_1,1,0
Never lose your awesomeness! lol,0,dataset_1,1,0
what is this cuteness ?!?? I mean it!,0,dataset_1,1,0
"Wow!! Haha, LOOK FORWARD TO MORE PHOTOS!! 👀",0,dataset_1,1,0
💕💕 Omg must have them all😎,1,dataset_1,2,0
Love you😍 Omg must have them all😎,1,dataset_1,2,1
Geeze..killing us with cuteness!❣️🐶,1,dataset_1,2,0
It's soo perfect!,1,dataset_1,2,0
"👌🏻 😍 كل عام، كل يوم و في كل لحظة 🚀 نديرو لي علينا 💪🏻 باش تكونو راضيينChaque année, chaque jour, chaque instant qui passe 🚀 nous donnons le meilleur de nous-mêmes 💪🏻 pour vous satisfaire, 👌🏻 😍Connectez-vous, 📱 partagez vos meilleurs moments 📷 et surtout, profitez! 😉#djezzy #dz #reseau",1,dataset_1,2,1
👏Djezzy toujour fidèle,1,dataset_1,2,0
ياو اعدلو كونكسيو تاعكم في ليل ترووح😢,-1,dataset_1,0,0
كاين صفحة للبيع فيها 200k سومة هايلة لي يهمو الامر يتفضل للخاص,0,dataset_1,1,0
ماناش راضيين صلحونا الانترنت راها ناقصة بزااف,0,dataset_1,1,0
شحال هايلة كي جازي تنقصلك 50% فالتعبئة الثانية 😍😍، شكون فيكم لي سيياها يقولنا في كومونتار 👇🏻👇🏻 la Bio لي حبوا المزيد من المعلومات حول العرض يدخلوا في الرابط لي ف #djezzy #Internet #offre #dz,1,dataset_1,2,1
سراقيين,0,dataset_1,1,0
كونكسيون نتاعكم خماج😤😤,-1,dataset_1,0,0
Tog3od avie wla kifh,0,dataset_1,1,0
حياتي كامل راحت في تعبئة جامي نقصولي ، بلعكس يزيدولي 😔😔,-1,dataset_1,0,0
واش اسمها,0,dataset_1,1,0
لازم كي تاكتتيفي ثم ثم تزيد تاكتيفي بنص سومة ماشي كيما تحب تعاود يخي خوباثا,0,dataset_1,1,0
مع HAYLA 😍 كونيكتي و ابقى دايمن على الإتّصال مع حبابك 📱 #djezzy #dz #hayla,1,dataset_1,2,1
Makanch reso 3antna,1,dataset_1,2,0
Limitation 😔,0,dataset_1,1,0
رجعوهاا100,0,dataset_1,1,0
Cnx te3koum walet na9sa bezef,-1,dataset_1,0,0
.9460 bsh raj3oha 100DA,0,dataset_1,1,0
Cnx 3iyana,-1,dataset_1,0,0
Hahah g cru q j'étais là seule à se plaindre de votre connexion !,0,dataset_1,1,0
انتو اطلقو غير كونكسيو وساهل رها اتقل من 🐢😑,-1,dataset_1,0,-1
ياجازي دعيتكم لله 🤲🏻من هد الكونكسيو 😢,-1,dataset_1,0,0
ياجازي دعيتكم لله 🤲🏻من هدا الكونكسيو 😢,-1,dataset_1,0,0
وجهكم صحيح 👎👎,-1,dataset_1,0,0
cnx 3ayana talgoha w mnb3da sahel😏,-1,dataset_1,0,0
Connexion ki lkhra roho tl3bou,-1,dataset_1,0,0
الله ينعلكم هادا ما نقولكم ا شاك فوا تزيدو لي بري سراقين,-1,dataset_1,0,0
Yaw tedj3o l'offre ta3 100da 😑,-1,dataset_1,0,-1
ديطلعلك ريزو 4حي ، و التدفق مش لاحق حتى الجيل الأول 😑 ، سراقين و منافقين,0,dataset_1,1,-1
Expensive ✋,-1,dataset_1,0,0
Connexion تمشي بلفحم,0,dataset_1,1,0
bandwidth throttling 💩💩,-1,dataset_1,0,0
أوغندا تطلق الجيل الخامس 🇩🇿 المهم ربحنا لالمان في 82,0,dataset_1,1,0
Mauvaise cnx dmg😑,-1,dataset_1,0,-1
40 qui durent 2,0,dataset_1,1,0
تقيلة تقيلة 🐢🐢 يا جزيزي أحشمو شويا 😠,-1,dataset_1,0,0
أسعار مبالغ فيها كثيرا,-1,dataset_1,0,0
🙏🙏,0,dataset_1,1,0
سرعة تدفق الانترنات 00,-1,dataset_1,0,0
عيب مكانش حتى تعليق موجد كلهم سالب و مازال ما حشمتوش تنشرو يا وجوه البق,0,dataset_1,1,0
ديروها😍 غي 100 احسن ❤️,1,dataset_1,2,1
Avec 1500DA ailleurs ya mieux que votre option sur tous les domaines services et qualités..tous mes respects ..tous mes excuses,0,dataset_1,1,0
🌸,1,dataset_1,2,0
Kmltha 40 g t3km mtkfish,-1,dataset_1,0,0
4g. Merdiique 💩💩,-1,dataset_1,0,0
فالاول كانت هايلة كي 🚅 مي دوكا ولات كي 🚋,-1,dataset_1,0,0
المشكل40جيڨا هذيك تخلاص في 15 يوم كون تتفرج بها ديما في اليوتيب,-1,dataset_1,0,0
Très mauvaise connexion 😤😤,-1,dataset_1,0,0
"Envie de regarder des vidéos 👀 sur YouTube 🎬 et Tik Tok 🎧 ? Des stories 🤳 sur Instagram? 📱 Scroller sur Facebook, Twitter et tous tes réseaux préférés sans aucune limite? 😍 Avec HAYLA, c’est tout à fait possible ! 😉#djezzy #dz #hayla",1,dataset_1,2,1
20 جيڨا متكملش بسك تدفق نفس مزلنا بال 3G وثقيلة,-1,dataset_1,0,0
Yaaw redj3olna ta3 100da😑😤,-1,dataset_1,0,-1
Fiha limitation 😂😂,0,dataset_1,1,-1
الله يالكونكسين تاعكم رجعت تعيف تعيف تعييف,-1,dataset_1,0,0
😢😢,-1,dataset_1,0,0
Chahad cnx t7sb tsd9o 3lina 😡😡,-1,dataset_1,0,0
تحيا جيزي كونتر موبيليس,1,dataset_1,2,0
".dz votre slogan publicitaire j'ai choisi la fiabilité mais en vérité j'ai choisis le ralenti 🐢🐢🐌🐌 votre connexion est devenue trop lente , veuillez améliorer votre connexion svp",-1,dataset_1,0,0
Sincèrement je jette mon argent depuis 2 ou 3 mois une connexion tres nulle des perturbations de reseaux 40g pour l équivalant de 2 pour voir une simple video de 30 scd une me fait 30 a 40 mn 😢😢 que se passe t il vous etiez les meilleur je pense change d opérateur franchement c est devenu pesant et insupportable désolé mais jvoulais vraiment dire quelques mots positifs mais je suis franch et une cliente déçue..😔😔,-1,dataset_1,0,0
Connxx. Merdiique.,-1,dataset_1,0,0
Djezzy CONFORT 😎😍😉 العرض لي تلقاو فيه راحتكم من كل النواحي 🤔🤔 سعر، جودة و إمتيازات رائعة واش راكم تستناو #Djezzy #Confort #DZ #Offre,1,dataset_1,2,1
Abonnement?,0,dataset_1,1,0
Chhal dir,0,dataset_1,1,0
Lokn t5loha 2moi,0,dataset_1,1,0
ريزو خردة,-1,dataset_1,0,0
💖💖,1,dataset_1,2,0
0770 hab nrodha 4g,0,dataset_1,1,0
بصح قليل شهر تحير زعما علاه ديروه اوموان شهرين,0,dataset_1,1,0
نهار تعادلو كونكسيون يا سراقين,0,dataset_1,1,0
ما فائدة 80 جيجا و سرعة تدفق الأنترنت جد ضعيفة في قلب مركز ولاية بومرداس. ما الذي تفعله فرقكم التقنية ؟! بلغت عن هذا المشكل عدة مرات و لكن لا حياة لمن تنادي.,-1,dataset_1,0,0
الكونيكسيون تاعكم ولات الخرى خير منها,-1,dataset_1,0,0
🖕 تبلع بزاف في نهار تلقى روحك مخلص 10Go كي والو وزيد التدفق ضعيف,-1,dataset_1,0,0
وتدفق ثقيل,-1,dataset_1,0,0
الكونكسيون تاعكم الايامات الاخيرة ولات حلزونة . ترى ماهو السبب في مركز مدينة قالمة,-1,dataset_1,0,0
نستناو التغطية تلحڨ لكل الأماكن,0,dataset_1,1,0
LES SMS,0,dataset_1,1,0
Khorda,-1,dataset_1,0,0
Pas de couverture internet A Ben Salah Oued El Alleug BLIDA site n°2,-1,dataset_1,0,0
مشكلتنا مع الشبكة و ليست مع العروض,0,dataset_1,1,0
خاوتنا كاين باجة للبيع 250k سومة هايلة ازربو لينا باسكو مبقاوش بزاف,0,dataset_1,1,0
iZZY is going to City ! 😱😍Wanna join and meet .7 ⚽? All you have to do is to choose your team 💪Khayer l'influenceur li thabou w 3amer les informations dialek bach tsiyi zahrek ou troh l'Manchester m3ana 😁 Le lien rahou fi la bio 😉Good luck !#izzy #mahrez,0,dataset_1,1,1
تسما تحشاتلي مشريتش ايزيي -_-,0,dataset_1,1,0
.dz 😢😢,-1,dataset_1,0,0
😍🇩🇿,1,dataset_1,2,1
Meharzi vs .7 تسما فيها😂😋,1,dataset_1,2,-1
الافضل,0,dataset_1,1,0
Site merahch yemchii😭😭,0,dataset_1,1,0
Stanley .,0,dataset_1,1,0
Hhh sa3dhoum li ra7 yrbhou wlh 3labali bli maghadich yrb7ou chirat mais ma3lich lhachwa khir mn walo za3ma hh gji bghit ntla3lkoum chwiya moral 😛😊😊😍💓💓,1,dataset_1,2,1
مقدرتش نشترك,0,dataset_1,1,0
Site mabgach yetle3 🤔,0,dataset_1,1,0
Mourad aouidia 🔥❤️🔥😢😘😂😂,1,dataset_1,2,-1
نشارك بيس تاعي درتها صافي ربع سنين ولا بتاع بابا عندها 16 سنة,0,dataset_1,1,0
Nahla,0,dataset_1,1,0
اني بديت نسمي في ولادي لي راح نتزوج ب باباهم كي نروح معاكم و نهربلكم 🤣🤣,0,dataset_1,1,0
Oudia w rifka les hommes 🌏💪🏼,0,dataset_1,1,0
تم,0,dataset_1,1,0
يا خويا جيزي انا رجعلي لوفر تاع ستين ألف ومنروحش لمنشيستر زهري ونعرفو منطلبلوش المستحيل برك رجعلي لوفر تاع ستينالف 😕,-1,dataset_1,0,0
Le site ne marche pas 😔😔,-1,dataset_1,0,0
Adi 7na ta3 ooredoo ma fihach lfsiikh 😂😂,0,dataset_1,1,-1
ايربح لي عندو ايزي برك ولا مام لي عندو جيزي بسكو ايزي نتوما بعتوها فلافاك وانا منقراش فلافاك 😒,0,dataset_1,1,0
Hawdi adoni m3akom😢😢,0,dataset_1,1,0
ادعوني معاكم,0,dataset_1,1,0
Mon frère 🤣😂 j'ai passé avec lui des moments inoubliables en Egypte ❤️,1,dataset_1,2,-1
الرعيان,0,dataset_1,1,0
cnx ta3kom t3ayi,-1,dataset_1,0,0
.dz رجاءا ردو عليا خاص نحتاجكم ضروري,0,dataset_1,1,0
W hna jma3t snapp madirolnach Illimité 😢,0,dataset_1,1,0
خوتي أنا محتاج ليكم دعموني كان دير فيديوهات فاليوتب مقالب و تحديات و سفريات نقية ومحترمة ولكن للأسف مكتشافش بزاف وداكشي علاش بغيتكم تشجعوني ودعموني 🙏❤️,0,dataset_1,1,0
esQue lazem ykon 3ndKk puss #Djezzy bsh participer !? li3ndoo d’autre y9dr .. nn!?,0,dataset_1,1,0
Mourad♥,0,dataset_1,1,0
زعم تصحلنا 😑🤔😓,-1,dataset_1,0,-1
khoya w machi sahbi 😂,0,dataset_1,1,-1
لازم تشارك بالرقم تاعك و يكون مسجل بأسمك,0,dataset_1,1,0
الرجاء المحاولة ثانية من فضلك 😊,1,dataset_1,2,0
Bonne chance 😉,0,dataset_1,1,0
Le site est fonctionnel 😉,0,dataset_1,1,0
😍😍,1,dataset_1,2,1
.ntaha 😅😂😂,0,dataset_1,1,-1
Inchallah 😁,0,dataset_1,1,0
🇩🇿🇩🇿🇩🇿,0,dataset_1,1,0
شكون بلال ؟؟ 🤔,0,dataset_1,1,0
Fort 😍😍,1,dataset_1,2,1
Mazal lwa9t ta9der techri 😁,0,dataset_1,1,0
300DA Berk 😊,1,dataset_1,2,0
.dz andkom ?wela bera?,0,dataset_1,1,0
.dz Nchalh merci,0,dataset_1,1,0
.ayoub lazem une puce iZzy 😁,0,dataset_1,1,0
.youv b3id echaar 😂,0,dataset_1,1,-1
Le site rahou yemchi 😊,0,dataset_1,1,0
Le site fonctionne 😊,0,dataset_1,1,0
💪😎,1,dataset_1,2,0
Film englizi 😂😂,0,dataset_1,1,-1
3awdouha f Manchester 😂,0,dataset_1,1,-1
.dz ان شاء الله 🇩🇿,0,dataset_1,1,0
.dz الرقم نمشي بيه انا بصح شارياتو la carte تاع جدة تروح هي,0,dataset_1,1,0
.hayat mabghach yetla3li,0,dataset_1,1,0
N'importe qu'elle puce Djezzy wela il faut Izzy !!,0,dataset_1,1,0
.dz 🤣🤣,0,dataset_1,1,0
.habbar c'est bon je t'ai inscrite,0,dataset_1,1,0
.dz بلال اوماي قاد,0,dataset_1,1,0
وقتاش آخر أجل plzz 🙏🏻🙏🏻,0,dataset_1,1,0
Let's go to Manchester City to see Mahrez🤗,1,dataset_1,2,0
nchl,0,dataset_1,1,0
Lazem puce izzy,0,dataset_1,1,0
.dz donnez moi le site pour s’inscrire chrit izzy mais j’ai pas trouver,0,dataset_1,1,0
❤️❤️❤️❤️,1,dataset_1,2,0
❣️❣️❣️❣️,1,dataset_1,2,0
👻👻,0,dataset_1,1,0
.bjm,0,dataset_1,1,0
معليهش تجاوبوني تعيشو؟؟ کفاش نعرف لبيس ديالي راهي إيزي؟,0,dataset_1,1,0
راه جايني إحساس آنا لي نروح لمانشستر🙏,1,dataset_1,2,0
وينتا تعلنو على نتائج المسابقة?,0,dataset_1,1,0
Moi Nouveau Artist in Algeria djezzy.dz😍,1,dataset_1,2,1
🙌,1,dataset_1,2,0
.dz wch hada tabhediil au moins jabto star rak fahm,0,dataset_1,1,0
-ben,0,dataset_1,1,0
تخيروا بعضاكم باه تروحو باينة 😂,0,dataset_1,1,-1
والله مافهمت,0,dataset_1,1,0
j'ai acheté la puce izzy et j'ai rempli toutes les informations j clicke sur envoye mais ça reste comme ça rien ne se passe😢😢,-1,dataset_1,0,0
او محرز واش دخلو😂,0,dataset_1,1,-1
عينين ريفكا وين راهم يشوفو ؟,0,dataset_1,1,0
.1412 hadi la puce kisemoha slvp,0,dataset_1,1,0
"Cet été l’offre HAYLA BEZZEF revient avec plus d’internet 😍 Et encore plus de crédit 👌Profitez de 40Go d’internet pour naviguer en toute liberté 🚀 300DA de crédit vers les autres opérateurs, mais aussi des appels et SMS gratuits en illimités vers Djezzy 🗣✉ À seulement 1500DA/Mois et à vie ! Pour en savoir plus visitez notre site web 🙏 Le lien dans la bio 👆",1,dataset_1,2,1
Esq fiha ta3 100 Da w ch7al ya3touna mn GO,0,dataset_1,1,0
السلام هلا هاذا عرض مؤقت ام دائم وشكرا🤗🤗,0,dataset_1,1,0
Zido qololhom bli mois lwal berk apres b 100 da tmadolhom 10Go c TT 😑😑,0,dataset_1,1,-1
ouii kayna 100 ya3tolek 20Go et 200 vers tous les réseaux et djezzy lhadra batel,0,dataset_1,1,0
Esq lazem puce jdid ? Psq lyoum j'ai activé l'offre hayla bezzaf 1500 w 3tawni seulement 20Gb,0,dataset_1,1,0
او كتبلك مدى الحياة,0,dataset_1,1,0
.officiel hfdk khouya,0,dataset_1,1,0
bla mziya frr,0,dataset_1,1,0
Madirolnach zi hayla maxi 40 g b 150w m a3ed raje3tohalna 20 g b 150,0,dataset_1,1,0
😏,0,dataset_1,1,0
mais la cnx twali 50% après 3 mois,0,dataset_1,1,0
mr6🤗🤗❤️❤️,1,dataset_1,2,0
تغطية ضعيفة بشبكة انترنت ، تشعلها و تقعد تتفرج فيها,-1,dataset_1,0,0
Deja 40 Go c insuffisant 🐸 maximum c 15 jours et j v les terminer 😐,-1,dataset_1,0,0
العرض دائم و مدى الحياة,1,dataset_1,2,0
😍😍 look,0,dataset_1,1,1
Est-ce qu'il y a une possibilité de migration depuis les autres offres ?,0,dataset_1,1,0
جيزي هاربة خير ولا جيزي سبيسيال ولاكونكسيون فور والله,0,dataset_1,1,0
Dirona wahda ta3 50 milles tkon mliha,0,dataset_1,1,0
عندي هايلا ماكسي نقدر ندير هذا العرض,0,dataset_1,1,0
Hadi Fi ooredoo wela Djezzy,0,dataset_1,1,0
.dz اذن هو اشتراك مثل,0,dataset_1,1,0
Confort,0,dataset_1,1,0
هبلتونا كل سمانة تبدلونا الأرقام,0,dataset_1,1,0
مليح 100 ميل غالية بزاف راهي جورني 1500,0,dataset_1,1,0
regliw reseau w mba3ed sahl,-1,dataset_1,0,0
تاع 100 فيه 20 جيغا برك بصح يبقى خير من العروض تاع الشبكات الأخرى,0,dataset_1,1,0
.xy wch hada ?,0,dataset_1,1,0
"Slm , kifech nradj3ouha hayla bzf svp ?",0,dataset_1,1,0
J'espère que les 40 Go sont à vie moch après 3 mois yweliw 50% (20Go) comme la hayla maxi,0,dataset_1,1,0
Les offres chabin mais couverture mauvais a Ghardaia,0,dataset_1,1,0
ou kifach lazem une autre carte sim !,0,dataset_1,1,0
من فضلكم حاب نسقسي علا بيس 0780 قداه ولات من جيقا انطرنط من فضلكم,0,dataset_1,1,0
kima raki tchufi 1500 ou bien 2oo da w diri l affaire,0,dataset_1,1,0
.xy صافي نبدل 🤔🤔,0,dataset_1,1,0
اضعف انترنت فى الجزائر 😢😢,-1,dataset_1,0,0
mat9drich 😂😂,0,dataset_1,1,-1
يا أخي أنا عندي هايلة بزاف، و عطاوني العرض القديم شهر هذا، لا يوجد تغيير ؟,0,dataset_1,1,0
*720# ou khayri 8,0,dataset_1,1,0
واش ملفايدة كي تمدلي 40 Go و كي يخلاص الشهر تبقالك 35go بيسك ثقيلة متقدر دير بيها والوا,0,dataset_1,1,0
كيف التحويل من هايلة الى هايلة بزااف,0,dataset_1,1,0
En fin derto hada rani chaque 3 mois nbedal pus 😑😑,-1,dataset_1,0,-1
لماذا عرض 100دج أصبح 1200دج!!؟,0,dataset_1,1,0
.ghanii. ana 3andi telechargement 2mb/s tres rapide,0,dataset_1,1,0
أريد تغير عايلة بزاف الى بيس كارد,0,dataset_1,1,0
زيدو ساعدونا شويا احسبوهالنا ب 100 دج برك,0,dataset_1,1,0
Et pr h'bal matzidoulnach fel forfait chwiya ? Raj3ouh au moins 20Go f les 100Da,0,dataset_1,1,0
😂😂ya wedi tkhafik ghir ndiroha homa ynahoha,0,dataset_1,1,-1
chti zherr..mais m3lich nzido nsayo hdi ..mlgr zher m9awed 3aychin ghaya😝,0,dataset_1,1,0
.dz 😍😍,1,dataset_1,2,1
oui lazm puce jdida Kima derrt ana,0,dataset_1,1,0
Oooh je vous aime tous 😭😭 .. Enfin ray7 neb9a b numéro wahed 😁😁 .. Bessah meme ntouma tmaskhro konto tmeddou 15 Gb b 1500 ma t9a3douch bina.. Mais bon mziya ki fhemtou rwahkom 👌👌,0,dataset_1,1,0
nta ma 3endkch réseau khouya 😂😂,0,dataset_1,1,-1
40 جيڨا قليلة بزااف,-1,dataset_1,0,0
.officiel100 6g bark fi hayla bzzaf,0,dataset_1,1,0
Ya Quoi comme offre 4g pour 100da,0,dataset_1,1,0
noon,0,dataset_1,1,0
Fire 🔥 🔥 merci djezzy,1,dataset_1,2,0
عندي سمارة س نقدر نردها هايلا بزاف,0,dataset_1,1,0
.ghanii والله عندك حق خويا,0,dataset_1,1,0
يا خو هايلة لابونمون تاع 25g ؟,0,dataset_1,1,0
هذي بوس,0,dataset_1,1,0
سؤال : هل يوجد عرض مثل هذا لكن ب 100 دج و شكرا,0,dataset_1,1,0
مساء الخير ، لقد قمت بتعبئة رصيدي يوم 01/07/1019ولم أتحصل على 300DA وهذا بصفتي زبون منذ عدة سنوات وقد تحصلت على 200DA مقابل 1500DA وشكرا.,0,dataset_1,1,0
انا عندي تمشي مليح,0,dataset_1,1,0
فيها مساعدة 🆘😩,0,dataset_1,1,0
التغطية مكانش,-1,dataset_1,0,0
سراقين سرقتوني اليوم اكبر شركة سراقة فالجزائر,0,dataset_1,1,0
لصوص,0,dataset_1,1,0
اخطيكم راه جاي عرض من شركة عالمية احسن من هذا بكثير 😂,0,dataset_1,1,-1
والف دينار كاام,0,dataset_1,1,0
نقدر نحول من جيزي سبيسيال ل .. هايلة بزاف تع هاذ العرض ؟؟,0,dataset_1,1,0
ياو راني داير جيزي بصح هدا الشهر اللخر باباي والله مكاين كيما اوريدو,0,dataset_1,1,0
عله تسكرو لبيس,0,dataset_1,1,0
مفهمتش واش هي لي مدى الحياة,0,dataset_1,1,0
Wrizo na9s wchmn fayda,0,dataset_1,1,0
Shab l millénium. Vu ✔,0,dataset_1,1,0
هايلة بزاف تاع 100 دج هل هي مدى الحياة,0,dataset_1,1,0
عندي عرض هاربة و عندي رقم 0770 هل يمكنني نغير العرض بنفس الرقم؟,0,dataset_1,1,0
لا يمكنك التغيير من الدفع البعدي للدفع المسبق,0,dataset_1,1,0
بصح خدعتونا فال 100دج علاه زدتوا فيها200دج وزدتوا بغيتوا تهفونا1300دج حولتوها 1500دج,0,dataset_1,1,0
rana kifkif bedloli kolch nhawali service ta3 44,0,dataset_1,1,0
اعمل متابعة ليصلك كل جديد 📲👍,0,dataset_1,1,1
يجب تعديل عرض سبيسيال خاصة الدفع البعدي بعد هذا العرض و ذلك بمضاعفة رصيد الانترنت أو جعلها غير محدودة حتى يبقى عرضا استثنائيا وإلا فسيتركه الناس لأن العروض الأخرى مثل هذا العرض أحسن منه بكثير,0,dataset_1,1,0
You have some great shots in your gallery! I mean I liked them😊 🇩🇿🇩🇿 are you interested in sports take a look at my account and tell me your opinion 🇩🇿🇩🇿💪 please I needs encouragement to continue,1,dataset_1,2,0
😢بدلولي جيزي نتاعي اخمج سرفيس جيزي,-1,dataset_1,0,0
meme ana kanet 3andi 800 da 6gb illimité djezzy plus 1300 da redohali 1200 😑,-1,dataset_1,0,-1
هل بامكاني إرجاع رقمي 0772 الي هايلا بزاف؟ ب 1500,0,dataset_1,1,0
انا عندي djezzy نفلكسي فيها1500دج يعطوني 25Goكفاش رجعها Hayla Bezzef,0,dataset_1,1,0
هذا العرض متوفر في الشريحة الاصلية لجيزي هايلة بزاف ولا يلزم شريحة جديدة ؟,0,dataset_1,1,0
انا على هايلة 1500 عاطييني 25 جيغا و 200 دج لبقاي المتعاملين،، كيف احول الى هذا العرض؟!,0,dataset_1,1,0
بصح خدعتون في تاع 100دج علاه زدتوا فيها 200دج,0,dataset_1,1,0
انا عندي الهاربة نقدر نبدلها لهذي تاع ربعين جيغا ولا لا ؟,0,dataset_1,1,0
"مع جازي، ابقاو ديما على إتصال مع الناس لي عزاز عليكم 😍👨‍👩‍👧‍👦طاڨيو هذاك الشخص لي تضلّو تحكيو معاه فالتيليفون؟ 👀📱 Avec DJEZZY, restez toujours en contact avec vos proches.😍👨‍👩‍👧‍👦Taguez la personne avec laquelle vous passez des heures au téléphone 👀📱 #djezzy #dz #réseau",1,dataset_1,2,1
و لي معندوش عبد عزيز عليه واش ادير 😒😒,-1,dataset_1,0,0
ما تبقى على اتصال لا والو يلحق المغرب يروح كلش ربي وكيلكم رانا نخلصو فاتورة باطل,-1,dataset_1,0,0
😂😂 استغفر الله,0,dataset_1,1,-1
سييت كامل ليبيس وحدة ما تصلح 😑,-1,dataset_1,0,-1
Yaaw chkoun hadiik li tgoli غير كافي ani 7alaf fiha,0,dataset_1,1,0
كثر خير ليكوبل 😂😂,0,dataset_1,1,-1
Wkilekom rabi Maghreb aya réseau bye bye b selama mais le7a9 fina ga3din abonnée andekom,0,dataset_1,1,0
.m_e_l ydir aziza,0,dataset_1,1,0
ysama ana mch bnadem anaya,0,dataset_1,1,0
Mazal makhlasset lhaadra,0,dataset_1,1,0
جيزي الكبدة😍😍,1,dataset_1,2,1
Wli m3ndoch limn y3ayt,0,dataset_1,1,0
hh no ani bien hakda 😒😁,0,dataset_1,1,0
غير الخرطي والكذب مكان والو غير تفلكسي يسرقولك الدقايق,0,dataset_1,1,0
.guettaf 😍 djezzy,1,dataset_1,2,1
بصح حابة نسقسيكم حاجة وجاب ربي الفرصة علاه تضلو تاكلو في لينيتي تاع ناس ودايرين هاديك لبال فوكال تاكل 🤔🤔,0,dataset_1,1,0
وشحال من مليار في اليوم 😑,-1,dataset_1,0,-1
2ملاين مكلامات غي الوو راك تسمع فيا 🤣🤣,-1,dataset_1,0,0
2.5 مليون ساعة تاع هدرة راحت غير في الو راك تسمع فيا استنى نبدل البلاصة الريزو طايح 😑😑,-1,dataset_1,0,-1
توب جيزي ويردو على المكالمات 😍,1,dataset_1,2,1
Allah ybarak,0,dataset_1,1,0
non c pas vrai,0,dataset_1,1,0
oui kayna mnha,0,dataset_1,1,0
Le resaux djezzy nakes bezzaf fi blayas jsp pourquoi,0,dataset_1,1,0
Wlh marani n7Qi biha 5las,0,dataset_1,1,0
ma kach mnha lol,0,dataset_1,1,0
Multiplier par 4 dinars le 30 seconde ch7al ti7🤔🤔eiih draham kbar fel youm..hh,0,dataset_1,1,0
مستحيل هذي هدرة فارغة,-1,dataset_1,0,0
3 million heure de discussions pour rien dire !,0,dataset_1,1,0
اسمحلي الانترنت تاعكم ولات متليقش,-1,dataset_1,0,0
أنا أحتاج الانترنت ،الهدرة خاطيني je suis solitaire,-1,dataset_1,0,0
نشكركم على المجهودات المبذولة 🤔 ولكن هناك كثير من الإنقطعات على مستوى شبكتكم في بلدية الطارف ولاية الطارف 36 و خاصةً الانترنت ضعف في التدفق ..,-1,dataset_1,0,0
Mrakmch tjamloo .. rkm tkhawno f 3ayn .. activation t3 ch7ar ditouha 9bal mtkml,0,dataset_1,1,0
بكري كانت جيزي مليحة مي دكا والله غير عيانة نجمة خير منها,-1,dataset_1,0,0
ناس تكسب و ناس تحسب اقعدو حسبونا حتا قداش نحكو في نهار😑,-1,dataset_1,0,-1
💓💓😜😜💋💋,1,dataset_1,2,0
واشنو هاذي,0,dataset_1,1,0
ماتنساش لي يحكو في الماسنجر وكل نطبيقات الدردشة عن طريق البيانات,0,dataset_1,1,0
اودي الله يخلف على جماعة الو عمري شا راكي لابسة هه سيرتو لجينيراسيون جديدة لي راها طالعة غي ربي يجيب لخير وصايي,0,dataset_1,1,0
طخخ 99+😢😂,0,dataset_1,1,-1
3 millions d'heures en 24h 🤦‍♂️,0,dataset_1,1,0
Connexion de merde,-1,dataset_1,0,0
Nik matkoum kamel ki djezzy ki oredoo ki mobilis kamel résau khra,-1,dataset_1,0,0
Yaw internet ta3kom lgya lgya afhmoha,-1,dataset_1,0,0
كيفاش ندير باش تكون عندي مكلمات,0,dataset_1,1,0
كونيكسيو و ريزو كي شعر,-1,dataset_1,0,0
يا ووالله نرفع دعوة عليكم الانترنت من 20:30 حتى 00:00 لا توجد يا السراقين,-1,dataset_1,0,0
انترنت = صفر و شبكه الاتصال خمس اصفار ندمت كي شريتها .والله انفصالات الجزاير ولات تبانلي هي المخيره فيكم,-1,dataset_1,0,0
ورقلة 0 تدفق للانترنث,-1,dataset_1,0,0
اخي سلام موزاية ناقص فيها شون,0,dataset_1,1,0
Svp khawti ana 1 f ndir djezzy hadi Ta3 40G e 300d kifh ndir bch nchouf chhl b9wli,0,dataset_1,1,0
عندي 30 جيجا انترنت وفيديو تع دقيقة منقدرش نشوفو وين رايحين بيها,-1,dataset_1,0,0
Vous êtes des voleurs une connexion merdique avec un prix très cher,-1,dataset_1,0,0
Conixion dyalkom khorda fouha mateslah le walou 9etaltouna bel khourti ou le haf,-1,dataset_1,0,0
lhadra sans arrêt avec asma mdrr😍😂👌,1,dataset_1,2,-1
"HAYLA لي عندو 😍 La data 😉 مايخافش كامل تخلاصلوAvec HAYLA 😍, vous n'aurez plus aucun soucis de data 😉 #djezzy #dz #hayla",1,dataset_1,2,1
On a un soucis avec la qualité de la connexion 😏,-1,dataset_1,0,0
Oui mais la qualité est médiocre merci pour ça aussi 🤨,-1,dataset_1,0,0
علاه تفسدو في العروض 6G واش دير بيها اصحيبي 🐸😌,-1,dataset_1,0,0
Je pense être votre seule cliente qui réussit à la finir mdr🤣,-1,dataset_1,0,0
Lte ta3ko t9ol rak tconicti b 2g,-1,dataset_1,0,0
😂 👌🏾😂,0,dataset_1,1,-1
0.1 out of 10 👎,-1,dataset_1,0,0
✌️😂❤️,1,dataset_1,2,-1
mais elle est devenue mauvaise votre qualite de connexion,-1,dataset_1,0,0
Connexion t3aayi nul 👎 😒,-1,dataset_1,0,0
Ma takhlaslekch la data khatech la vitesse 💩,-1,dataset_1,0,0
Mli hbast l djezzy wana fi ni3ma🙏,-1,dataset_1,0,0
جزي ممز,0,dataset_1,1,0
شو الفايدة من hayla ومكانش la connexion!,-1,dataset_1,0,0
والله مقستوهاش 🙌,-1,dataset_1,0,0
🤣🤣,0,dataset_1,1,0
La connx rehi t3ayii,-1,dataset_1,0,0
هه حتى انا,0,dataset_1,1,0
الله يرحم والديكم حسنو شوية من الإنترنت سورتو من 6 ل 12 تاع الليل راهي كارثة تعيشو تعيشو رانا بدراهمنا او نحاولو فيكم,0,dataset_1,1,0
😂😂👏👏,1,dataset_1,2,-1
Best commercial ever 😂,0,dataset_1,1,-1
Hayla🔥🇩🇿🇩🇿,1,dataset_1,2,0
وش درتي ؟ اوريدو ؟,0,dataset_1,1,0
Ya les escrocs,-1,dataset_1,0,0
mobilis,0,dataset_1,1,0
wach les offre lmlah t9dri thkili 3la le offre li 3ndk ana tani hab nbdal,0,dataset_1,1,0
Fail,0,dataset_1,1,0
ممكن أكثر توضيح,0,dataset_1,1,0
فيما يخص. ما تقدمونه من عروض فهي في غايه الروعة ينقصكم شيء واحد تحسين الجوده خاصة لدى الشركات.وللحديث بقية😉,0,dataset_1,1,0
راهي تموت انترنت يا سرقيين,-1,dataset_1,0,0
Connexion khra 💩💩,-1,dataset_1,0,0
W service ? Kayen ch3aar,-1,dataset_1,0,0
Je pense que ce problème sera jamais réglé w matabardouch hatta on change le réseau,-1,dataset_1,0,0
Dommage y a pas 4g dans notre communauté 😔 donc j utilise ooredo,-1,dataset_1,0,0
😂😁😜,0,dataset_1,1,-1
Gedona la 4g ay habltni had liyam😑😑,-1,dataset_1,0,-1
مازلتم تكذبون يا شمايت الله يلعنكم و يخزكم تحتالو على الشعب ونقلكم والله والله والله يا 4g ماهي موجوده في الجزائر كلاب النار,-1,dataset_1,0,0
شبكة سلحفاة من 6:00. 00:00,-1,dataset_1,0,0
.ht,0,dataset_1,1,0
.bylk 😂 wservice makach !,0,dataset_1,1,-1
خدمات رائعة لكن تغطية الشبكة رديئة,-1,dataset_1,0,0
😂😂لماذا الكذب والخداع,-1,dataset_1,0,-1
المشكل في التغطية بعض الأماكن ضعيفة,-1,dataset_1,0,0
vive djezzy ou nass dar el beida,1,dataset_1,2,0
تعيو كما كونكسيو تاعكم,-1,dataset_1,0,0
متخلصش مناه درتولها ليميطاسيون يا وجوه الشر,-1,dataset_1,0,0
😂😂 سراقين . راكم تبهدلو,-1,dataset_1,0,-1
Rah nbedel le réseau,-1,dataset_1,0,0
يودي كانت من قبل تشد شهر ..دوك ولات تخلاص في زوج سمانات,-1,dataset_1,0,0
تورنيت محظور على شبكة جيزي,0,dataset_1,1,0
كيفاه؟,0,dataset_1,1,0
"Grâce à HAYLA 40Go😍, maximisez vos communications sans aucune limite avec HAYLA BEZZEF et HAYLA MAXI 👌🏻 HAYLA 40Go 😍 بفضل استفيد من الأنترنت و مكالمات غير محدودة مع العروض HAYLA MAXI و HAYLA BEZZEF 👌🏻",0,dataset_1,1,1
Wlh ghiir rakom tdahko 3la roohkom hadii conx thdroo 3liiha pff maskin ghiir cha3b li Thcholo conx Ta3koom 0 👎👎,-1,dataset_1,0,0
._usmiste ça dépend les régions .. Ana andi cnx dyalhom 100 fois mieux ala ooredoo w mobils,0,dataset_1,1,0
Ga3rona b limitation ta3 debit ou ygoulk 40Go 🐸 conx 0 null,-1,dataset_1,0,0
Bezaf ghaleya wi 😒,-1,dataset_1,0,0
علاش درتو فيها limitation ?,0,dataset_1,1,0
فسد الريزو تاعكم,-1,dataset_1,0,0
ردولنا 100ميل نولو لباس,0,dataset_1,1,0
hab nbedel men hayla bezzaf ll hayla maxy 3lah ma9dertch ? (kant djezzy carte ),0,dataset_1,1,0
Comment appliquer HAYLA,0,dataset_1,1,0
Walat jiga troh tem tem blama nodkhol youtube wla natfraj les video w mnich nconnecter bzf mlfa tched 25 jiga hten yado menha w dok tayra whedha😲,-1,dataset_1,0,0
Segmouna réseau 9bel,-1,dataset_1,0,0
انا مشترك في هذا العرض,1,dataset_1,2,0
Ghir lbar7 chritha b 9500,0,dataset_1,1,0
خرطى تسرقو وفيها محدودية سرقيين منافقيين,-1,dataset_1,0,0
ريزو منعدم أضعف شبكة فى قارة افريقيا,-1,dataset_1,0,0
علاه ماتموش في هدرتكم العرض من بعد شهور اللي تشري يدورو عليك,0,dataset_1,1,0
J'attends votre reponse,0,dataset_1,1,0
لكل شخص جات عينه على تعليقي رووح الله ما يمر هذا اليوم وتسمع خبر يفرحك اعملي متابعة _😻_🌼,1,dataset_1,2,0
connexion zero,-1,dataset_1,0,0
عرض تاع 100 دج علاش رجعتوه 1200 دج دون اعلامنا,-1,dataset_1,0,0
معلبالهمش بيك مهم يربحوا دراهم جامي شفت شركات اتصلات كما شركات ديالنا كامل مع زبون ومشترك غير تاعنا ضدنا,0,dataset_1,1,0
krahna reseau ta3kom,-1,dataset_1,0,0
The Education of Viva from the change of the one two three viva Algeria to ABC one two three viva Algeria the new banking system,0,dataset_1,1,0
The Education of Viva from the change of the one two three viva Algeria to ABC one two three viva Algeria the xx Arabic Algeria Got Talent in the new banking system power of alphabetical calculation approval in support the Bank ABC Algeria.,0,dataset_1,1,0
هه تضحكو,-1,dataset_1,0,0
Tré nul 👎,-1,dataset_1,0,0
درك انتوما عيباد يرحم باباكم. تغلقولي لالين بلا ما تقولو ندير x710#. نلقى واجب دفع 0 دج. نعيط 77 يقولي تحويل مكالمة للندب تاع فاتورة. لي يخدمو غير من 8 ل 4. انا حاصل ف طريق باه نعيط يجو يدوني والو. الله لا تربحكم,0,dataset_1,1,0
انا تاني دارولي كيما انت الله لا تربحهم,-1,dataset_1,0,0
"40 ,جيغا وتكونيكتي شعر 😢😢",-1,dataset_1,0,0
Réseau💩💩,-1,dataset_1,0,0
C de l 3eyana la connections ghir ekhtikoum dertha w ndemt,-1,dataset_1,0,0
السلام عليكم هل ممكن تحويل شريحة جازي هايلة بزاف الى جازي كونفور,0,dataset_1,1,0
Bzzf 1500da dirolna promotion pour les étudiants,0,dataset_1,1,0
وليت ناكل 1جيغا نلقاهم ينقصو 3جيغا,-1,dataset_1,0,0
Le prix de la puce Djezzy izzy ys'il vous plaît !!,0,dataset_1,1,0
L’application marche pas sur iPhone 😏,-1,dataset_1,0,0
"Bonjour, la puce coûte 300da 😊",0,dataset_1,1,0
Follow me❤️❤️,1,dataset_1,2,0
Mafhamtach.la3eba hadi,0,dataset_1,1,0
.dz منين نشريها,0,dataset_1,1,0
.x .Magasins de téléphonie,0,dataset_1,1,0
نتوعنا معندهمش👍,0,dataset_1,1,1
".x c'est , disponible sur tous les magasins de téléphone kayn lhna sur la wilaya de Guelma",0,dataset_1,1,0
792802718,0,dataset_1,1,0
Flixi,0,dataset_1,1,0
L’application marche pas sur iPhone 😭😭☹️,-1,dataset_1,0,0
Donne nous alors la ps4 svp,0,dataset_1,1,0
كفاه نشارك,0,dataset_1,1,0
.dz cnx ki zbii nikmatkm l9hba 😒😒,-1,dataset_1,0,0
"Bonjour, j'ai tant joué au jeu quiz mais je me demande Sincèrement comment ont gagné.",0,dataset_1,1,0
كيفية المشاركة,0,dataset_1,1,0
M7btch tmchili fi djezzy hbal,0,dataset_1,1,0
4G 3lah rahi ta9ila hadi yamat😞,-1,dataset_1,0,0
Je me suis inscrit j'ai joué une seule fois et depuis a chaque fois je reçois un msg félicitations et il me prend du crédit y a pas un moyen d'arrêté sa .dz,0,dataset_1,1,0
❤️❤️❤️❤️❤️❤️,1,dataset_1,2,0
كيف الغي عرض كويز ورجاء الامثلة بالصور,0,dataset_1,1,0
الله يبارك,1,dataset_1,2,0
Bravo 👏 et bonne continuation Djezzy,1,dataset_1,2,0
Khawti flxit 40 GB 93dt 10 jour bih lbrh l9itha 19 GB r9adt ou nodt l9itha 0 GB,0,dataset_1,1,0
hada Mr bellil wella ydir les pub wla c'est moi qui hallucine 🤦‍♂️,-1,dataset_1,0,0
السلام عليكم ورحمة الله وبركاته مبروك عيدكم عندي شكوى الريزو كي ينقص من 4g ويهود ل 3g لانتارنات شبه معدومة وليله سعيدة محمد من مدينة مغنيه ولاية تلمسان,-1,dataset_1,0,0
لجمالك سيدتي بأقل تكلفة 😍😍,1,dataset_1,2,1
Cnx khra,-1,dataset_1,0,0
djezzy akbar machrou3 fachel ni l'internet ta3ha t3ayef,-1,dataset_1,0,0
وكيلكم ربي عالكونيكسيو هذه,-1,dataset_1,0,0
والله لا ثقيلة تقتل يكذبو عليكم شريتها باطل,-1,dataset_1,0,0
اسوأ انترنت في شمال افريقيا,-1,dataset_1,0,0
ديرو اوريدو خير منها الف خطرة,-1,dataset_1,0,0
Wchbiha lcnx ta3kom,-1,dataset_1,0,0
wsh c belil ca 🤣🤦🏻‍♂️,0,dataset_1,1,0
سرقتووني. حرام عليكوم,-1,dataset_1,0,0
.hammache mdrr ayaah Ouii,0,dataset_1,1,0
Reseau makash cnx dyalkom nuul nzido npartago🤦‍♀️🤦‍♀️,-1,dataset_1,0,0
عندي جيزي ني حاكم زوج بارات,0,dataset_1,1,0
دك راهي بارا,0,dataset_1,1,0
Please fix your app then tell people to use it,0,dataset_1,1,0
فضلا و ليس أمرا ❤️ أدعوكم لزيارة بروفايلي أنا صانعة أكسسوارات الشعر مبتدئة 🎀 أرجوا دعمكم لي و شكرا ❤️❤️❤️,1,dataset_1,2,0
على زين الكونكسيو وتزيد تبرطاجيعها..يااو فاقوو,-1,dataset_1,0,0
ياودي ثقلة تخدم 10دقائق او ربع ساعة وتنقطع حتى نطفي بورتابل ونشعله باه ترجع,-1,dataset_1,0,0
Nik matkom ga3 40 g tkhlas fi 10 jour trbho zabi bsh,-1,dataset_1,0,0
T9ila bzf m yamchi wloo,-1,dataset_1,0,0
كيفاش انا اليوم تخلاص الاكتيفاج نتاع شهر الانترنت مزالت تمشي والمكالمات يقلي عبىء رصيدك بالرغم مزالت عندي 100 الف مكالمات,0,dataset_1,1,0
سما تحيا موبيليس,-1,dataset_1,0,0
سما موبيليس تاع مساكين,0,dataset_1,1,0
.warda chofi😉😉,1,dataset_1,2,0
الوصفة المجربة 📜 لعلاج البثور السوداء باستخدام قناع البيض والعسل 🥚🍯 زوروا حسابنا فورا⁦ ☺️⁩,0,dataset_1,1,0
جيزي تاع الشعر بارتي تاع بوبجي كي الناس ماتقدش تدخلها سرقتوا الشعب الله لا يربحكم,0,dataset_1,1,0
معليش الخدمات مليحة والشبكة تعبانة حنا في اولف مزلنا فى الجيل التاني ماشي حتى التالت كيفاش نفليكسي مية الف,-1,dataset_1,0,0
يحوسو يضمنوك تمد نمروك يورولك الهدرة الزايدة 😂😂,0,dataset_1,1,-1
ya weldi wlh karholi hyati 4g tgolha 2g 3ayana grv wlh,-1,dataset_1,0,0
مم نا عندي الصراحة ساعات تكون هي المخيرة جيزي في بلاصة ولا زوج في الولاية كل التغطية تاعهم ناقصة بزااف 😒,0,dataset_1,1,0
ana rani f setif ville 3andi wahd 9 mois w ana biha kanet foor f les 3 dernier mois welat d3ifa grv,-1,dataset_1,0,0
Ça marche pas sur iPhone ..,-1,dataset_1,0,0
سرااقين 😒😒,-1,dataset_1,0,0
سراقين ا ودي كلاب,-1,dataset_1,0,0
وكيلكم. ربي الانترنت جد سيئة احشمو على رواحكم حسنو خدمتكم ومبعد احشو للغاشي بالغروض الجديدة,-1,dataset_1,0,0
هذي في العالم الموازي,0,dataset_1,1,0
راكم كل يوم على 12.00 تع ليل تدولي 2da علاه ارجو الررد,-1,dataset_1,0,0
سراقين يخي يخي خداعيين 😡,-1,dataset_1,0,0
نوكل ربي💔😂,-1,dataset_1,0,-1
يا يما دعاويك جازي باي باي مي تساهلو 😂😂,0,dataset_1,1,-1
VOUS ÊTES NUULLE,-1,dataset_1,0,0
يوتيوب يمشي ب 144p فضيحة,-1,dataset_1,0,0
كونكسيو عيانة زيدوها في رواحكم تحياا اوريدوو,-1,dataset_1,0,0
Roho t9wdo hdi conx hdi t3yo bikom ba djezzy t3kom,-1,dataset_1,0,0
نحن جيزي نسمعو بيها برك الله يهديكم 😣😣,-1,dataset_1,0,0
برتية ببجي متقدش تلعبها كي ناس,-1,dataset_1,0,0
Merhba bikom chez nous des compte netflix originales,0,dataset_1,1,0
إذا أنت من محبي المطالعة و المقالات الثقافية، إرمي بنفسك معنا,0,dataset_1,1,0
صفحتنا متخصصة بالكتب و المقالات التي كلها إفادة، دير أبوني ستستفيد، و ستجد كل ما له علاقة ببناء شخصية قوية و التغلب على سلبياتك، شجعو المحتوى الهادف❤️,0,dataset_1,1,0
Hada hichem bellil ❤️❤️nn 🤔🤔hh .mina._ .sebai .rabahi .be .mehdi,1,dataset_1,2,0
بدا دعم شوقا اضافات نار .g__a+محتاجة ادمن نشر ومراقبة,0,dataset_1,1,0
💩🙈💩💩,-1,dataset_1,0,0
هو بعد,0,dataset_1,1,0
موبيليس اخره منهم,0,dataset_1,1,0
إيه توحشنا قاعدة كما هذي,0,dataset_1,1,0
check nd show em some love,0,dataset_1,1,0
Cnx ki lkhra,-1,dataset_1,0,0
gae had les prix wlghla wfr7anin ? f 🤔,0,dataset_1,1,0
بترمتك اجيزي نتي وكونكسيو نتاعك تعيفو 💩💩,-1,dataset_1,0,0
رانا كامل نعانو من نفس المشكل مع جيزي نتاع شكوبي,-1,dataset_1,0,0
المرأة لابسة سروال مزير على فخاذها و زايدة دايرة رجل فوق رجل عار، زمن الدياثة و الله المستعان,0,dataset_1,1,0
Les meilleurs offres viennent de Djezzy mais la plus mauvaise des connexions en Algérie c'est Djezzy .,0,dataset_1,1,0
.sebai 😂😂,0,dataset_1,1,-1
نجمة لمخيرة قاع,-1,dataset_1,0,0
سراقين🙃🙃كونيكسيو تحسب فكرون راهو يمشي اوريدو ب2G خيرمن جيزي 4G تحيا اوريدو,-1,dataset_1,0,-1
Roho Nik yamakoum,-1,dataset_1,0,0
wach men conx wach men partage wlh yak l vodeos hada w matla3lich,-1,dataset_1,0,0
آبونيني نابونيك بدون غش و لي ينيحا نفيقلو و نحيها حتى أنا,0,dataset_1,1,0
💕💕لحل مشاكل البشرة🌼 الشعر🌼 الجسم، 🌼راسليني😍🌼,1,dataset_1,2,1
صفحة جزائرية خاصة بعشاق الميكانيك ادعمنا ب abonnée ❤like❤partage فضلا وليس آمراا,0,dataset_1,1,0
صفحة خاصة بالنادي العالمي وفاق سطيف🖤🏁 كل ما يخص نادينا من ميركاتو 🥅و أخبار اللاعبين ⚽️و نقل لأجواء المباريات و الأنصار✨🧨 🏆تابعونا للمزيد من الأخبار الحصرية 🏆 #أحنا_أولادها_لي_نهزوها🙏⁦♥️⁩,0,dataset_1,1,0
ابوني,0,dataset_1,1,0
cnx ta3kom kii ..,-1,dataset_1,0,0
Ghir lkdab,-1,dataset_1,0,0
لو جينا في دولة قانون كون راني شكيت بيكم للقضاء علي جال كونيسيون تاعكم نفليكسي 1500دج كونيكسيو ثقيلة,-1,dataset_1,0,0
👍,0,dataset_1,1,1
machi ri stif fi ga3 dzayr d3ifa,0,dataset_1,1,0
طالبة علم النفس و ومتحدثة تحفيزية نقدم الدعم النفسي والمعنوي لأصحاب الباك وتحفيز طيلة الايام القادمة صفحة مخصصة تحفيز لنجاح في الدراسة والعمل❤️❤️❤️,1,dataset_1,2,0
😂😂 n'emporte quoi,0,dataset_1,1,-1
ya weldi rakom habeltona cnx raha d3ifa grv dirona hal wela lwahed ybedel operateur direct,0,dataset_1,1,0
مالا نقعد هك😂,0,dataset_1,1,-1
oui a3labali 😂😂 anta douka Rak atchikh m3aya fli coumentar hh😂😂 rani b3antalk akbal biya 😂😂❤️,1,dataset_1,2,-1
antaya li b3atli fi snap😂😂,0,dataset_1,1,-1
تربحو شعر كونكسيو كي شعر نتوما كي شعر يخي شكوبي,-1,dataset_1,0,0
مانيش حابة نولي كيما هادوك السامطين لي وين تروح تلقاوهم😂😂 أيا دير ابوني في طريقك ربي يحفظلك ديك لميمة لعزيزة 😍😍,1,dataset_1,2,-1
دير ابوني في طريقك ربي يحفظلك ديك لميمة لعزيزة 😍😍,1,dataset_1,2,1
what no😂,0,dataset_1,1,-1
.mo7amed قالوها بوحد الطريقة..ضحكاتني,0,dataset_1,1,0
kouli anta li b3atli fi snap❤️,1,dataset_1,2,0
Gaa3 hna abonnéiiw .films,0,dataset_1,1,0
يا جماعة والله مالقيت وش نكذب. عليكم باه ديرولي ابوني 💔🙂شغل نا دزيرية كيفي كيفكم 😂😂لابغيتوا زعمة ابونيو لحياة أفضل 🙄 (غي نكذب مكان حياة أفضل ني والوا ) لكونط اول طار بيه لحمام 💔😂,-1,dataset_1,0,-1
cnx ki zeby,-1,dataset_1,0,0
vive ooredoo khayty,-1,dataset_1,0,0
انا مين نفليكسي يسرقولي الدراهم و الشهر يخلاص ليه ليه مرة درت شهر قعدتلي 12 يوم و مبعد نحيت عزرينها خلاص,-1,dataset_1,0,0
يا ربي انا هاد لبنادم يجمدلي دمي مكفاش كل يوم كنت شوفو في رمضان لحقني حتى هنا 🔥🔥,1,dataset_1,2,0
Wchbih hayeej hh,0,dataset_1,1,0
جياحة,-1,dataset_1,0,0
هاد ريڨلو الكونيكسيو ولا نبدلكم😂,-1,dataset_1,0,-1
La connexion est grave faible,-1,dataset_1,0,0
نتوما لي حليتوهالو لنقش كيما هذا jsp kifah wla mashhour😣😖,0,dataset_1,1,0
Ymutu 3la tkhnat,-1,dataset_1,0,0
تبهديل ياربك,-1,dataset_1,0,0
twahacht had la pub 😂,0,dataset_1,1,-1
شحال ضحكني هاذا الفيديو,0,dataset_1,1,0
Mourad to7t mn glby wlit chkam kifhom😏😏,0,dataset_1,1,0
🙂 الرجل المستقبلي,0,dataset_1,1,0
ki chftou 9byn tfkrtk 😂😂,0,dataset_1,1,-1
🌬تربح,0,dataset_1,1,0
Abonee page ghir da7k 😂,0,dataset_1,1,-1
.chochita Abonee page ghir da7k 😂,0,dataset_1,1,-1
.la.125 Abonee page ghir da7k 😂,0,dataset_1,1,-1
.kharfi Abonee page ghir da7k 😂,0,dataset_1,1,-1
قودو قودو ديرا كلخرا,-1,dataset_1,0,0
ان شاء الله كاش ننار نفهم وش راه يقول 🐸,-1,dataset_1,0,0
عجبتني الغنية برك,0,dataset_1,1,0
نيك ماتكم اسيدي,-1,dataset_1,0,0
Li skhouna ji prv el wahed rah mharhar yaw 🔥🔥🍆🍆,0,dataset_1,1,0
جيزي هادي مقودا قاع في كنيكسيو,-1,dataset_1,0,0
عبير (البطلة)24 سنة طويلة شابةشعرها طريل شاتان كلار عينيها نوازات كامل يقولولها شابة مي هي متواضعة و نية و تحشم بزاف تخدم فشركة الحسابات ماريا اختها و هي اصغر منها بعام و هي شابة شعرها صفر مي عكس اختها لي يشوفهم يقول ماشي خواتات صفاء صديقة عبير تعرفها من عشر سنين و تخدم معاها في نفس الوقت هي شابة مي عبير شابة عليها علا هديك تغير منها ديفوا و صفاء تلبس العريان على عكس عبير لي عادة لبسها يكون مستور سليمة و جمال ام و اب عبير (البطل) جاد 26 سنة شبااب بوقوص البنات لي فالشركة كامل يحبو يدورو بيه مي هو ماداها في حتا وحدة و هو مدير الشركة لي تخدم فيها عبيرعنده خوه جواد 25 سنة يخدم مع خوه هو بطبعه انسان يقصر و يضحك يعني اجتماعي عندهم امهم زهيرة مراة متواضعة و حنينة بزاف..تكملة القصة عندي فالصفحة.,0,dataset_1,1,0
افليكسي في جيزي خويا لعزيز نلقاهم داوهم فيت فيت,0,dataset_1,1,0
Cnx 3ayana mt9dr tchof vidéo ma ta9dar tconcté m t9dr waloo rakom waloo 0 nbadalkom,-1,dataset_1,0,0
فرار راك نسوق في منتوج فاشل انا خدمت فيها ونقولك,0,dataset_1,1,0
وين جايا تميمون فدزاير 😯,0,dataset_1,1,0
الاشهار الوحيد لي نقعد نسناه 😂💘🌚,1,dataset_1,2,-1
مزلت حي,0,dataset_1,1,0
كنيكسيو كي لخرا 😑,-1,dataset_1,0,-1
ادعموني ابوني على قناتي,0,dataset_1,1,0
منافقين,-1,dataset_1,0,0
Ramdan hh,0,dataset_1,1,0
نهاار تعدلو لكوناكسيون كسع حلو فامكم تعيي ندمت على نهار لي شريتها فيها ولهدايا خليوهم ليكم وحبسو من لخرطي 🙂,-1,dataset_1,0,0
hani abounit💓💓,1,dataset_1,2,0
تربح شعر,-1,dataset_1,0,0
Chkon leklon hada,0,dataset_1,1,0
😡😡,-1,dataset_1,0,0
Mba3er 😭😭💩💩,-1,dataset_1,0,0
تفهم غير تيليشارجي لخرا كل متفهمهاش 😂,0,dataset_1,1,-1
😨😨,-1,dataset_1,0,0
😍😍 هه ريح عاقل كليتنا بالراب هه,1,dataset_1,2,1
واش اسمو الصباط بي لابسو يااو,0,dataset_1,1,0
mrcc 👏❤,1,dataset_1,2,0
تيليشارجي تتطبيق جيزي 😂🎶🎶,0,dataset_1,1,-1
شوف الستوري 🔥🔥,1,dataset_1,2,0
Ikhi nakche,0,dataset_1,1,0
wallah hh,0,dataset_1,1,0
Djezzy dyra ki khra cncio vrai chkla,-1,dataset_1,0,0
Conixion zebala tahkem giar men 3 ta3 sbah ndawrouha oridoo mliha,-1,dataset_1,0,0
Brabi nchlah chahar lakher manzidech nflixy fiha conixoin zebala,-1,dataset_1,0,0
موراد راك تعمل في الاشهار,0,dataset_1,1,0
دراهم لي خسرتوها علاجال بيبليسيتي كون عدلتو بيها cnx🙂🙂,-1,dataset_1,0,0
عجبتني : تيليشاغجي تَطَبيقِ جايزي😂😂,0,dataset_1,1,-1
نيكماتكم اتاع إنفصلات الجزائر كامل على بعضاكم,-1,dataset_1,0,0
واش بيه هادا واقيلا عطيطوه دوا خاطيه 😂😂,0,dataset_1,1,-1
الكذب🔝🔝,-1,dataset_1,0,0
Cringe 😑,0,dataset_1,1,-1
واو,1,dataset_1,2,0
منيش نقدر نلعب كونيكسيو كلخرا,-1,dataset_1,0,0
تقعد غير جيزي منشريهاش 😒😒,-1,dataset_1,0,0
.ma5285 اقسم بالله نشوفو نتركب.. يعيي,0,dataset_1,1,0
.a.r.a.h.i.m sur tfarjo serie ta3 cassa de papel,0,dataset_1,1,0
هايل,1,dataset_1,2,0
♥️♥️,1,dataset_1,2,0
تاعكم,0,dataset_1,1,0
Follow me plz,0,dataset_1,1,0
عياتني الكوناكسيو هاذي نتاعكم الخلاص بالشهر و الكوناكسيو بالزهر,-1,dataset_1,0,0
ارجو الرد 12.00 تع ليل يدولي 20da ويبعتولي هاذة لميسااج Félicitations vous êtes sur Quiz Renew بلييز رد,0,dataset_1,1,0
نكتو كنيكسوي,0,dataset_1,1,0
Game bot,0,dataset_1,1,0
Xbox série x,0,dataset_1,1,0
ردولنا على الرسائل,0,dataset_1,1,0
راه حرام عليكم هاد الشي اذا ماش قادرين على توفير خدمة انترنت محترمة وعلاش تخسرو فينا 1500 دينار الواحد نحاها من لحمو وعلاش المنكر هادا . ؟؟,-1,dataset_1,0,0
.adem.dn يرجى التواصل بنا على الخاص لنتمكن من إفادتك. نسرين من جازي 🙂,0,dataset_1,1,0
Ps4 ❤️🔥,1,dataset_1,2,0
؟,0,dataset_1,1,0
بصح لازم يكون عندك لكيريدي فتلفون على الاقل 7 الاف فرانك,0,dataset_1,1,0
40kbs,0,dataset_1,1,0
سقمونا كنكسيو في هايلة ماكسي,-1,dataset_1,0,0
انا نوال مم العاصمة (عين بنيان ) ابحث عن عمل,0,dataset_1,1,0
W cnx tkiila 😒😒,-1,dataset_1,0,0
🔴عرض خاص 📣📣📢📢 pack de sécurité 🔴علبة الإسعافات الأولية بكامل أغراضها 11 غرض جديد الإنتاج 🔴🔥مطفأة يدوية لكل الحرائق في السيارة أو المطبخ .. سعة 1kg 🔴لا يوجد تاريخ إنتهاء الصلاحية🔴عند إستعمالها يمكن تعبئتها من جديد🔴ضمان 6 أشهر 🔴كل هذا 2800 دينار فقط 🔴يوجد التوصيل🔴للطلب أرسل على الخاص الهاتف📲📞⁦☎️⁩ والعنوان والدفع عند التسليم 💰💵🔴العنوان=»أمام ثانوية بوشاوي 3 -الشراڨة-الجزائر العاصمة 🔴رقم الهاتف =»0673743039,0,dataset_1,1,0
حسنو الشبكة الاول,-1,dataset_1,0,0
مرحبا،,0,dataset_1,1,0
كمنتار تاعي هذا و قريب مطلعش بسبة الكونيكسيون و نتوما تقولو برطاجي 😑 اي ثقييلة,-1,dataset_1,0,-1
.dz نسرين ربي يزوجك نشاله سڨمولنا الحالة لواحد المشاريع تاوعو ڨاع حبسو,0,dataset_1,1,0
.dz ردو عليا,0,dataset_1,1,0
.dz من فضلكم يا خاوتي,0,dataset_1,1,0
.dz بعثتلكم ميساج مقبيل ملحقش بسباب كنكسيو تاعكم,0,dataset_1,1,0
Cnx tkilla,-1,dataset_1,0,0
وين راه تلفون اي ربحت في رمضان,0,dataset_1,1,0
تلفون ربحتو في رمضان وين راه,0,dataset_1,1,0
حبستلي لابيس تاعي نقدر ناكتيفيها,0,dataset_1,1,0
😍❤,1,dataset_1,2,1
كيفاش نحاول لجيزي بيناتنا,0,dataset_1,1,0
.hafid يرجى التواصل بنا على الخاص لنتمكن من إفادتك 🙂,0,dataset_1,1,0
مرحبا، يرجى التواصل بنا على الخاص و تقديم رقمك الهاتفي لنتأكد على مستوانا من فضلك. نسرين من جازي 🙂,0,dataset_1,1,0
تم الرد على رسالتك في الخاص 🙂,0,dataset_1,1,0
.dz ok nesrine,0,dataset_1,1,0
سلام دجيزي صحا عيدكم محمد من مغنيه ولاية تلمسان الريزو عندنا ينقص بزاف كي يكون فى 4g الله يبارك مين ينقص 3gلهلا يشوفك مكانش خلاص معدومة تتمنى تحلو هاد المشكل بالتوفيق انشا الله سلام,0,dataset_1,1,0
.dz twasalte m3akom mazel ga3 ma ditouhech fiya,0,dataset_1,1,0
.dz راني بعثتلك أن شاء ألله ترجعو,0,dataset_1,1,0
أسوأ تدفق للأنترنت 😠تقدر تلعب عل الساعة 2 صباحا إلى ساعة 8 شكرا علي سوأ الأنترنت😇,-1,dataset_1,0,0
هاذي اللابيس متوفرة في نقاط البيع ؟,0,dataset_1,1,0
يعني هي نفسها تاع 150دينار,0,dataset_1,1,0
يرحم والديكم كونيكسون نتاعكم راهي في حالة تعبانة في تبسة تخدمو خدمتكم,-1,dataset_1,0,0
.blt هه تتمنيك بينا قحبة,-1,dataset_1,0,0
بغيت ندير تع امتياز تع120 الف لي في هبال مبصح ميخرجليش العرض و يخرج لناس كامل علاا؟؟ريبونديو من فضلكم😔😔,-1,dataset_1,0,0
كونيكسيو وجبيها في هايلة ماكس يا خو,0,dataset_1,1,0
B9alha 10 jour w toukhlos w Aÿ likoume wkilkoume rabi cnx ki la3bad makanche,-1,dataset_1,0,0
صفحة مكسرات 😍❤️ صفحة جزائرية جميلة ءات محتوى ثقافي و ديني 💚🙏 موضوعاتها متجددة و حصرية 💙🙏 تهدف لارساء ثقافة المطالعة في شباب اليوم 😍 تفضل و ضع متابعة ستفيدك حتما ❤️,1,dataset_1,2,1
عندي يرسلولي رسالة (Félicitations vous êtes sur Quiz Renew),0,dataset_1,1,0
ممكن حل لهذه المشكلة كل ما يرسلو هذا مساج ياخذولي من رصيدي😢,0,dataset_1,1,0
خاوتي ممكن حل لمشكلة انا موالفين يرسلولي ميساج كلآتي(Félicitations vous êtes sur Quiz Renew) و ياخذولي من رصيدي مع كل رسالة واحد يقلي حل لهذا رحة على لوالدين😭,0,dataset_1,1,0
كي تسڨمولنا ريزو ثما نعيدو,-1,dataset_1,0,0
سلام نتمنى تحطو الميساج تاعي لأني حقا محتاجة نصائح . بون أنا فتاة عندي 23 عام و هاد الخطرة خطبني واحد خطبة تقليدية و هو مرتاح ماديا و لباس بیه و علابالي معاه غادي نعيش الحياة لي تمنيتها لكن المشكل في الشكل تاعه معجبنيش و خايفة نندم من أي قرار نديه ،، لوكان في بلاصتي تغمضو عینییكم علي الشكل و تشوفو مصلحتكم و لا واش ؟ نتمنى تعاونوني باش ناخذ القرار الصح .. بزاف لمساج 📩كما هكا تلقاوهم في صفحتنا تابعونا ↩↩ .messages,0,dataset_1,1,0
صحا عيدكم نتوما تاني مي ريقلونا لا كوناكسيون 4gمليحه بصح إلا هبط لل 3g من تما تبدأ الكاريته شبه معدومه وصحا عيدكم,-1,dataset_1,0,0
ردو على الخاص,0,dataset_1,1,0
وعلاه في جازي كاين أنترنت ولا ريزو عندي 15 يوم ملي شريتها الأنترنت ثقيلة و ريزو مكاش من قبل كنت دير نجمة فوور كونكسيو خفيفة ريزو كاين بصح كي درت جازي ندمت تحبو تكذبو على ناس و تدو دراهم,-1,dataset_1,0,0
كرهتولنا الحياة بانترنت قريش تعكم,-1,dataset_1,0,0
Nik ya matkom cnx ki zbii na3 din babakoum,-1,dataset_1,0,0
😂😂 cnx taa mozembi9 kheir ma ta3kom,-1,dataset_1,0,-1
عرض خردة بمعنى كلمة لا يناسب القدرة الشرائية للمواطن الجزائري,-1,dataset_1,0,0
djezzy respect 🙏🙏,1,dataset_1,2,0
Sera9in wkedabin,-1,dataset_1,0,0
ديرولنا عروض تاع 500DA و 800DA يكونو ملاح يا شكوكو,0,dataset_1,1,0
مكان حتى كونكسيون خرجتولنا قلوبنا le gratuit تاع اوريدو خير من العروض تاعكم,-1,dataset_1,0,0
انترنات 0 باش تلشرجي تقعد سمانة ولا تلشرجيت عندنا في عين تموشنت😢😢,-1,dataset_1,0,0
الكونيكسيو والو العرض ديالكم ديروه..,-1,dataset_1,0,0
تلتلفتباب,0,dataset_1,1,0
عندكم كونكسيوو دايرا كي شكوبي,-1,dataset_1,0,0
الاتجاه نحو اوريدو 👏👏 جيزي يأسنا منكم,-1,dataset_1,0,0
Rahi dayra ki ch3ar cnx dyalkom 😡😡 m'en niyatkom w tzidou thafo f nass,-1,dataset_1,0,0
Cnx khra kifkoum b3d 👌 w tzidou thdrou 50 gb 😂 aya bala3,-1,dataset_1,0,-1
نتوما خردة ياجيزي راح نكمل معها .. كونكسيو تاعكم 💩,-1,dataset_1,0,0
انترنت تاعكو خرا,-1,dataset_1,0,0
لعنة الله عليكم على هيك انترنت,-1,dataset_1,0,0
اسوء إنترنت في العالم 😑🖕,-1,dataset_1,0,-1
صح عيدكم لي مديقوتيا ولا كارهةولا لي عندها حكاية +18وحابة تحكيها ولا مسوفجة ولا تحب تلعب act vrt جي بريفي هنا ابوني,0,dataset_1,1,0
ناس تخدم 5g وانت تحكيلي على شريحة حتى 4g ماقدرتش علاها,-1,dataset_1,0,0
Hachamto rwahkom nhar l 3id vous êtes nuls dsl,-1,dataset_1,0,0
وين صرات هذي,0,dataset_1,1,0
اعطونا حق ما سلكنا و الزايد زيدوه في حياتكم,0,dataset_1,1,0
عندكم كنكسيو تعيف وحدك وماتكونكتيش حتى تبارطاجي😂,-1,dataset_1,0,-1
واش ابونمو ، سكر بيس جيزي و دير بيس اوخرى,0,dataset_1,1,0
كونيكسيو شغل طبع حمار ميت 😒,-1,dataset_1,0,0
هل هذا التطبيق هل يشتغل في المغرب كذالك,0,dataset_1,1,0
Ntouma sbaktouna wahd 3andk 4g aya wtl79ak 100 kps hh ntouma line wahda rakom m9sminha 3la 20 wahed rabi yhdikoum,-1,dataset_1,0,0
🌹 لي عندو حاجة حاب يبيعها نبيعوهالو 🙏💪مام عندك خوك حاب تبيعو نبيعوه🙌😂 ابوني 👇👇🌹🌹❤🍀متحشمش 🌹❤❤🍀,0,dataset_1,1,-1
الأنترنيت راه ثقيلة بزااف ..سممطت,-1,dataset_1,0,0
fnhar t3yiy t9ila chwya ana nshar flil tyara mthbsch ga3 chouf biha wach thb,-1,dataset_1,0,0
ta3 1500DA je sais pas wsmou mis bien hayla khir mnhom ga3 MM ki ykhls chhar yab3toulk le 1 whdhom eu y3touk dili hta le 15 fa chhr kn mtkhlsch chhar la djdid hadk les slfolk icopiwlk,0,dataset_1,1,0
نتمني إنكم توفرونا خدمة ال3G 4G في ضواحي بسكرة حتى نتمكن من الإستمتاع معكم,0,dataset_1,1,0
أسوئ انترنت في االكون 👏👏,-1,dataset_1,0,0
merci kho pour les informations 👏👏👍,1,dataset_1,2,1
كنكسيو ثقيلة بزاف مستحيل تقدر تستهلك 5 جيقا في الشهر موبيليس هي الافضل بكل إمتياز,-1,dataset_1,0,0
راها غير بيناتكم وبين عايلاتكم قاويا تقول عليها فكرون يمشي😂 👏👏موبيليس خير منها,-1,dataset_1,0,-1
الريزو الباهي و نزيد نباغتاجيه 🐸🐸,-1,dataset_1,0,0
السعر,0,dataset_1,1,0
تريد توجيها و نصائحاً لانشاء مشروع بميزانية صغيرة او معدومة!! تابع صفحتنا👌,1,dataset_1,2,0
Dejzza ki ymadolk 40 go. F la fin ta3 chhar. Tab9alk 39 go tellement conx t9ila,-1,dataset_1,0,0
لتحب تشوف افكار هدايا جدد دير ابوني 💥💥😍😍,1,dataset_1,2,1
Win tbe3 la puse hedi,0,dataset_1,1,0
ريزو يموت,-1,dataset_1,0,0
وش فايدتها كي تعود سرعت الانترنت مثل سرعة الحلزون,-1,dataset_1,0,0
بجيزي بنجمه بموبليس كامل سراقين عروضكم فاشله كي خدماتكم,-1,dataset_1,0,0
wlh sah 😂,0,dataset_1,1,-1
oui wlh th9ila bzf,-1,dataset_1,0,0
سلحفاة و بغات تجري زعما 😂,-1,dataset_1,0,-1
أسوأ شبكة على الاطلاق في الجزائر,-1,dataset_1,0,0
لكونيكسيو ثقيلة بزاف,-1,dataset_1,0,0
nta kdab nta,0,dataset_1,1,0
.7 باغي نسقسيك انا هدرت معاك باش تقولي كداب متعاير ناس غير هاك و ممبعد تكملوها بالمحاول,0,dataset_1,1,0
Diroha fi to9betkoM,-1,dataset_1,0,0
ff-zena👍👍,1,dataset_1,2,1
سقمو الريزو تاعكم فالأول و من بعد حكيو على الامتيازات.. راكو تعيوو😂😂,-1,dataset_1,0,-1
🤣🤣 تكذب و تخرط و تزيد و نعرفوك.. لماذا الشيته لموبيليس.. ماعايرتكش.. و اذا فهمتها هكذاك انا ما نحاولش دير اللي تقدر عليه و زيادة,-1,dataset_1,0,0
سمحولي مي لا كونيكسيون كارثة شهر لي فات اكتيفيت 30gega شهر كومبلي مابغات تمشيلي والو لا انستاغرام لا فيسبوك باي لا يوتوب ثقيلة بزاف مينذك تمشيلي شويا صباح و مباعد لحشيا تروح قاع زدت اكتيفيت عندي يومين مابغاتش تمشيلي كيما فالشهر اللول درت ريكلاماسيون قبلها قالولي مبعد نشوفو لبروبلام لي راه عندك عندها اربع شهر ولا خمسة ما دارولي والو دروك قولولي غير شا نقدر ندير,-1,dataset_1,0,0
لي حابة تشري ماكياج شباب ماركات و بأسعار متنافسة 💁✨ و لي محتاجة نصائح تجميلية و طرق استعمال مايكوب بطرق احترافية و سهلة ما عليك سوا متابعة صفحتنا 😍😍صفحة الجمال و التألق 💎✨,1,dataset_1,2,1
40g __Conxion 0 🐌🐢🐌🐢🐌🐢,-1,dataset_1,0,0
.7 aya mlih zayer rohak chwiya dir situation lomrek,0,dataset_1,1,0
🔥🔥بعد اذن اخونا الادمن لكل من يريد الزيادة او النقصان في الوزن مرحبا به عبر صفحتنا 👇👇 🔥🔥,1,dataset_1,2,0
بركاو من الكذب عييتونا لاكونكسيون والريزو في جيزي كارثة,-1,dataset_1,0,0
عروض تضحك اقسم بالله 50 جيقا ب 300 الف وانت قادر تاكتيفي 40 جيقا ب 150 الف كونو شوي لوجيك والله وجعتولنا قلوبنا ومبقاتش ناس لي تامنكم,-1,dataset_1,0,0
بس نحن مانلقى راحتنا مع جيزي عندما نلعب فري فاير,0,dataset_1,1,0
😂😂ريزو بروبلام وكونكسيو نتاع سلحفاة واش نزيدك,-1,dataset_1,0,-1
مكاش بلاس معاكم,0,dataset_1,1,0
مكانش ريزوا تاع جيزي ناقص عدنا,-1,dataset_1,0,0
اصبر تتحسن كنكسيو منبعد نبارطاجي,-1,dataset_1,0,0
cv hmdoulileh rani dayer statue mab9alich bzf w ndir station arwa7 keml stali 3andi.. Mat9be7ech brk matkhrojch 3lik ya l7alwa ta3i 😂🤣,0,dataset_1,1,-1
ادي روح.ينيكوك,-1,dataset_1,0,0
Yaw l’internet makanch,-1,dataset_1,0,0
.7 الله يزيدك ناس وزناتك و نتا ما جايب خبر نتا ولدي توقف حدايا ما يلقوكش وزن هدرتك لوكان نتلاق بيك ما تهدرش هاك بديت بلعيب نتا باين بلي خاوي مين تتربى ارواح نعلمك كيفاش تولي راجل,0,dataset_1,1,0
لكوينكسو راهي تنفخ,-1,dataset_1,0,0
مكانش مامبا 4g ف حومتنا,0,dataset_1,1,0
معليش فكنا برك,0,dataset_1,1,0
اكبر كدابين ومونافيقين تفو مرخس,-1,dataset_1,0,0
ثقيل Cnx تاعكم 😂😂,-1,dataset_1,0,-1
نيك متكم يجيزي تع شكوبي نيك متكم,-1,dataset_1,0,0
ربي وكيلكم,-1,dataset_1,0,0
حتى تطلع عندي كونيكسيو مليح نبارتاجيها مع العايلة 😂😂,-1,dataset_1,0,-1
يا وحبسوا رناتي لي راكم ديروها لناس بلاةلعلم نتاعها بابا كبير من نعيطله نلفا سولكينغ يغني وانا بابا انسان مدين ما يحبش الغناء واش هاد الخدمة 😒😒,-1,dataset_1,0,0
الانترنيت تاعكم تخدم من 12 تاع ليل حتان 12 زوالا,0,dataset_1,1,0
Tfooh,-1,dataset_1,0,0
T7akmo ghi f connexion bezaf 3likom,0,dataset_1,1,0
اضعف شبكة في الجزائر روحو تنيكو بعيد,-1,dataset_1,0,0
اودي خليو اورانج نتاع فرنسا دير ريزو في بلاد الشعر راهم مرضونا نجمة جيزي وموبيليس قاعدين غير تسرقو يا لكلاب,-1,dataset_1,0,0
الانترنت راهي اكتر من السلحفاة واش حابين اكتر,-1,dataset_1,0,0
صاحبي ملخر شريحة هايلا ماكسي Pour le meilleur,0,dataset_1,1,0
على الكونيكسيوا الزينة تاعكم الله يذلكم,-1,dataset_1,0,0
هاذي سرقة ولا كيفاش رانا بدرهمنا مناش نطلبو فيكم راهي جاية دالتكم مع المنجل الله لا تربحكم من المدير حتى لخر فيكم تربحو زبي,-1,dataset_1,0,0
💔 Wlh Ghiir Bzf 😏😂,0,dataset_1,1,-1
Ba9i nessena fi raid shadows legend 😂 sur mobile hada sa3a rani nel3ab ghir archero,0,dataset_1,1,-1
معليش اديرو تقارير تعكم بالعربي ؟,0,dataset_1,1,0
خري خاير فري فاير 💪💪,0,dataset_1,1,0
Nik matkoum ya wlad 9hab,-1,dataset_1,0,0
ما نوع المودام بالضبط,0,dataset_1,1,0
لماذا توقفت خدمت 3Gفي شريحتي,0,dataset_1,1,0
هه.طوب 4ج نتاع موبيليس تصل الى77جيڨا في الشهر ب500دينار فقط,-1,dataset_1,0,0
راكو زاين صفر زيادة في الصورة يرجى التصليح 😅,-1,dataset_1,0,-1
نهار تحسنوا تدفق الانثرنت في جيجل تم نحكيو,-1,dataset_1,0,0
منحوسش نطير كما لي راه طاير في لافوطو ويحوس على ريزو نحوس غي في بلاصتي ونحكم,-1,dataset_1,0,0
ياو روحو لو كان مراهوش يأذن لواحد يزرع البطاطا هنا,-1,dataset_1,0,0
ياجيزي اطلڨو الكونكسيون راها حابستلي من الصباح,-1,dataset_1,0,0
الشبكة في رغاية تتقطع كل 10دقائق نرجوا منكم. اصلاح هادا الخلل راهوا من الجمعة الماضية. 😘😘,-1,dataset_1,0,0
وين راهي الجودة تاع الانترنيت ..من 17مساء الى 00:00 ميتة ولا توجد صمطوها يا جيزي مكتوش هك ..والله بزاف عيينا منكم,-1,dataset_1,0,0
هه منكم بالصح هه,0,dataset_1,1,0
الشبكة في باب زوار شبه منعدمة,-1,dataset_1,0,0
ولاية الجلفة الأنترنت مقطوعة منذو ساعة 13 إلى حد الأن ما الذي يحدث,-1,dataset_1,0,0
"YAW DIROU LBATEL, DIROU HADDA FI HYATKOUM YZEH BAH NRIY7OU FI DYARNA TRANQUILLE",-1,dataset_1,0,0
احسن شبكة في تدفق الإنترنت في دزاير بالنسبة ليا,1,dataset_1,2,0
كونيكسيو حبست عندي,-1,dataset_1,0,0
يا جماعة عندي بيس جيزي شريتها جديدة متمشيش فيها 4g كيفاش نرجعها 4g,0,dataset_1,1,0
ردو على الإنشغالات تاعنا راني ابعتلكم في الخاص عروض إمتياز عند تشكيل*44# نلقى غي عرض 300 دج وعلاه قالكم ملياردير أنا، خطوني من هذا العرض كاين عروض تاع 600 و 800 و 100 دج بركاونا مالشكيل تاعكم,-1,dataset_1,0,0
العرض تاعكم غالي و في مناطق عدة لا توجد تغطية ولا تستطيع ان تستهلك حتا 100 ميغا من العرض,-1,dataset_1,0,0
حنا مازال رانا في 3G تخيل دوار فيه 4G ودائرة تابع ليها ما فيهاش,0,dataset_1,1,0
مكانش الأنترنت منعدمة تماما. خدمو الريزو تاعكم. تغيير الوجهة أصبحت ضرورية.,-1,dataset_1,0,0
علاه عدت من نفلكسي تدو دراهم هذا وين اكتفية دتهملي,-1,dataset_1,0,0
FL conixion kayn mobilis 1 Apres oorreedoW mba3d Allo wla walo Wmba3d makayn walo,-1,dataset_1,0,0
آنترنت مكانش اليوم في ولاية غرداية من 14:00 إلى حد الساعة اين الخلل ؟!,-1,dataset_1,0,0
"مرحبا, ندعوك للتواصل معنا على الخاص عبر Messenger و إفادتنا برقمك و معلوماتك الخاصة للنظر في طلبك شكرا عبد المؤمن من جازي",0,dataset_1,1,0
"مرحبا,نعتذر عن هذا الإشكال ونحيطكم علما أننا بصدد تغطية كامل التراب الوطني تدريجيا لكي نوفر افضل خدمة لجميع زبائننا الكرام إبقوا معنا على إتصال لمعرفة كل جديدشكرا لتفهمكم :slightly_smiling_face: عبد المؤمن من جازي",0,dataset_1,1,0
Djezzy السلام عليكم حبيت نسقسيكم عندي ىابيس جيزي قديمة و عندها بزاف ملي غلقتوها و دوك راني نعيط لهداك نميرو يقولولي موقف حاليا راني حاب نسترجع هداك الرقم ولكن كانت على الاسم تاع الوالد تاعي والا تقدرو توفرولي هداك الرقم على اسمي وشكرا,0,dataset_1,1,0
ولا نقلكم ديرونا ديك لعفسة تاع كي تفليكسي ويخلاصولك جيغات يمشي لفب حتان وقت لي يخلاص شهر فيه وش قلتو,0,dataset_1,1,0
نحونا إلزامية الاشتراك ب 50 ألف باش تفعل عرض فايسبوك ولا يوتيوب غير محدود في جيزي إيزي سيكون أفضل عرض على الإطلاق 🙏🙏💪💪,0,dataset_1,1,0
يابن عمي ديروا هدا في حياتكم ومدولنا الباطولييست دراهمي اكل رآهم عندكم اقلبهملي باه نفليكسي,-1,dataset_1,0,0
أنا عندي هكذا 0.4 ك.ب سرعة أقل من السلحفاة. جيراني مكاش عندهم بيس جيزي انا وحدي.,-1,dataset_1,0,0
ترقد على لاڨوش نكونيكتي ب 3g وكي ترقد على لادروات نكونيكتي ب 4g شبيكم جيزي 🤔,-1,dataset_1,0,0
هه أين الجودة العالية تتكلمون و كأننا في العالم الأول كل عروضكم انترنت فيها ضعيفة جدا 50 جيغا تستهلك منها1 جيغا بالمدابزة ..ارجو من كل قلبي ان تعود جيزي الى ايامها الاولى ..راحت عليكم,-1,dataset_1,0,0
قريب دالتكم هلكتونا بالسرقة، واش من فايدة من ليميقا والانترنيت منعدمة عندكم؟؟ همكم المال اما الخدمات الله يفتح,-1,dataset_1,0,0
او نتوم ثاني حابسين برك على رواحكم ببساطة النمي روحو ديرو رب الموديم و الويفي تاع adsl و هنيونا لاه ظال تتستو لجيزي هاكذ ؟,-1,dataset_1,0,0
الشبكة رديئة خلال هذه الأيام,-1,dataset_1,0,0
اذا تعرفوا بلي الشركة الوطنية للاتصالات السلكية و..ما تمدلكمش الحجم الكافي للتدفق علاش تكثروا العروض علابالكم بلي التدفق قليل,-1,dataset_1,0,0
وش بيها الكونكسيون,-1,dataset_1,0,0
من 02 مساء حتى الآن الآنترنت ميتة ومتقوليش تواصل معانا عبر الخاص لأن هاذ المشكل ما يخصنيش وحدي بل هو مشكل يخص ولاية غارداية بأكملها بالإضافة لولايات أخرى ماهو السبب وكيف ومتى سيتم التعويض,-1,dataset_1,0,0
مكانش الكونكسيون من 2نتاع لعشية حتى لهذاوين جات ومسنجر مزال مايمشيش أين الخلل؟!!؛!,-1,dataset_1,0,0
ما عندكم لا انترنت لا بلا فرانات. بركاكم من الطراطق.,-1,dataset_1,0,0
كيفاش نعرف بلي غلقتولي البيست,0,dataset_1,1,0
عروض غالية الثمن والأنترنت ضعيفة في كل مكان ، أين هي الجود يرحم والديك,-1,dataset_1,0,0
جيزي خير من موبيليس الانترنت طيارة بصح غير بوضع طروا جي الكاتجي مكانش عندنا وش هو الحل,0,dataset_1,1,0
راكم تسرقولي كريدي شحا من مرة بزاف وكي تجي تعيط تقولك رصيدك فارغ,-1,dataset_1,0,0
غي الشكيل ..زيرو ف زيرو.. و زيد رفعتوا أسعار الفواتير .. السرقة,-1,dataset_1,0,0
ما هي طريقة الحصول على100دج انترنات ؟,0,dataset_1,1,0
المودام مليح والانترنت ماشي مليحة . اذا ماكاين والو .,-1,dataset_1,0,0
عندكم الشعر ماشي الجودة العالية,-1,dataset_1,0,0
للوقاية من فيروس كورونا ساهمو في زيادة تدفق الانترنات لانه معظم المواطنين يمكتون في بيوتهم فساهمو في ترفيه عن المواطن لا تجعلوه يفكر في الكورنا ويعاني من الانترنات,-1,dataset_1,0,0
لي باص تاعكم واحد مايوالمو تحسبو في ناس تخدم غير على الانترنت خلي لي باص تاعكم في المعقول وماتبصيوش 200دج,-1,dataset_1,0,0
في البلد الشقيق شركة الاتصال اطلقت انترنت مجاني للوقاية من كورونا #تحت شعار ريح في الدار وكنكتي لكن لم نري مبادرة مث هذهبل في الجزائر فقط يستغلون الفرص لنهبالتاجر في المنسباتالصيدلي في الامراضوالشركات الاتصال نقصت في التدفق والنهب من قبل كاين وزيد السعر,-1,dataset_1,0,0
كيفاش حبيت نشريها والكنوكسيو مكاش,-1,dataset_1,0,0
في دارنا مكاش تدفق عالي,-1,dataset_1,0,0
700 da / mois pour 15 Go ..c'est gratuit..😅 merci Djezzy,-1,dataset_1,0,-1
Hicham هاوليك المودم الجديد,0,dataset_1,1,0
سلام عليكمDjezzyعلاش المسنجر مراهش يمشي والانترنيت ضعيفة فهمونا علاش تقلقت واش هدا,-1,dataset_1,0,0
هاذيك جيغا او تيرا ما رانيش نشوف مليح,0,dataset_1,1,0
ياو 3G علاش حبستوها عندي,-1,dataset_1,0,0
هل يحتوي على العرض 50 ألف للشهر,0,dataset_1,1,0
8500دج 150جيغا هه. 😂😂🤦‍♂️🤦‍♂️🤦‍♂️🤦‍♂️🤦‍♂️,-1,dataset_1,0,-1
غلقولي la puce تاعي البارح كيفاش ندير باش ترجعوهالي,0,dataset_1,1,0
واش لي راكم تصرفو على الاشهار لوكان قمتم بأصلاحها جيدا,-1,dataset_1,0,0
"مرحبا, ندعوك للتواصل معنا على الخاص عبر Messenger و إفادتنا برقمك و معلوماتك الخاصة للنظر في طلبك شكرا عبد المؤمن.ك من جازي",0,dataset_1,1,0
"""مرحبا, ندعوك للتواصل معنا على الخاص عبر Messenger و إفادتنا برقمك و معلوماتك الخاصة للنظر في طلبك شكرا عبد المؤمن من جازي""",0,dataset_1,1,0
4جي أقسىمها على عدد ليمودام في الدشرة تجدها 0.001 جي.,-1,dataset_1,0,0
طاحتلي بيست دجيزي بغيت نبلعها معرفتش افيدوني بليز,0,dataset_1,1,0
تتمسخرو بينا الدول الشقيقة راهي عندهم كونيكسيون اليميتي بمبالغ رمزية,-1,dataset_1,0,0
ندعوك للتواصل بنا على الخاص و تقديم رقمك الهاتفي و العنوان بالكامل لنتمكن من تحويل طلبك إلى المصلحة التقنية.,0,dataset_1,1,0
لقد تم الرّد على رسالتك في الخاص. شكراً لتواصلك بنا 🙂,0,dataset_1,1,0
ريزو ومكاش كفاش تكون كاين انترنت ياخي حالة,-1,dataset_1,0,0
ياجازي قولو الا غلقتولي البيست,-1,dataset_1,0,0
كيفاش نرجع لابيس تاعي 4g,0,dataset_1,1,0
الشريحة تسكرت، ممكن نفتحها,0,dataset_1,1,0
حابة انسقسيكم اليوم ياك كونيكسيو راهي باطل مي ماهيش تمشيلي تبقى غير تخرجلي هاديك الدويرة ادور ندخل فالفايسبوك مي اتروح انشوف لي ميساج ميدخليش لاه ؟؟😭😞😭😞,-1,dataset_1,0,0
مرحباندعوك لمراسلتنا على Messenger لمساعدتك من فضلك.نحن في الخدمة :),0,dataset_1,1,0
شبكة أنترنيت معندمة تماما.. أظنكم تغردون خارج السرب,-1,dataset_1,0,0
انا كونيكسيو جيزي تحكملي غير في السطح,-1,dataset_1,0,0
المدينة الجديدة بسيدي عبدالله ..(المعالمة)..الانترنات.وحتي المكلمات 0/100,-1,dataset_1,0,0
س :سؤال كيفاه الواحد عنده الرقم تاعوه في 16 سنة او اكثر و تصرلوا ظروف يلقى الرقم تاعوه عند انسان ثان..اخطونا من كلمة سيستام 3 اشهر رانا متاعقدين طول مع djezzyو hop ..نقول ليكمmauvaise affaire m3a Djezzy,-1,dataset_1,0,0
سلام عليكم نريد طلب المساعدة للإشهار للصيام و الدعاء يوم الخميس ، لرفع البلاء على أمة محمد صلى الله عليه و سلم. الإبتلاء من الله فلا ملجأ ولا منجى الا الله ،دعاء الصائم لا يرد لعلى و عسى ان ينظر الله الينا برحمته و ليس لاعمالنا.,0,dataset_1,1,0
مرحبا،الرجاء مراسلتنا عبر الرسائل الخاصة وتقديم رقمك الهاتفي مع العنوان الكامل من فضلك لتحويل طلبك للمصلحة التقنية.زهرة من جازي,0,dataset_1,1,0
مرحبا، للتأكد من خطك، الرجاء تقديم رقمك الهاتفي على الخاص من فضلك. زهرة من جازي,0,dataset_1,1,0
سلام ؛ ندعوك للتواصل بنا على الخاص و تقديم رقمك الهاتفي و العنوان بالكامل لنتمكن من إفادتك. شكراً، نسرين.ب من جازي 🙂,0,dataset_1,1,0
مرحبا، نحن نسعى لتقديم أحسن الخدمات، في حالة مواجهتك لأي اشكال فيما يخص التدفق الرجاء مرسلتنا على الخاص و تقديم أكثر معلومات من فضلك. زهرة من جازي 🙂,0,dataset_1,1,0
مرحبا، فيما يخص ال Messenger فلقد كان إشكال عام، و فيما يخص التغطية في حالة مواجهتك لنفس الإشكال الرجاء مرسلتنا على الخاص و تقديم رقمك الهاتفي من فضلك. زهرة من جازي,0,dataset_1,1,0
مرحبا، عرض مودم Pack Djezzy 3ayla متوفّر في 3 باقات كما يلي : 1- باك عايلة 700 دج : شريحة انترنت USIM مع رصيد 15 جيغا صالح لمدة شهر + مودام 2- باك عايلة 7500 دج : شريحة انترنت USIM مع رصيد 60 جيغا صالح لمدة 3 أشهر + مودام 3- باك عايلة 8500 دج : شريحة انترنت USIM مع رصيد 150 جيغا صالح لمدة 6 أشهر + مودام زهرة من جازي 🙂,0,dataset_1,1,0
"صباح الخير ؛ لإضافة الجيل الرابع في خطك ، ندعوك للتوجه لوكالة جازي في ولاية 4G لتغيير شريحتك الحالية إلى شريحة USIM 4G وامضاء العقد مع الإحتفاظ بنفس رقم الهاتف. ثم ماعليك إلا ضبط اعدادات هاتفك ""Mode Réseau"" على 2G/3G/4G. شكراً، نسرين.ب من جازي 🙂",0,dataset_1,1,0
يرجى التواصل بنا على الخاص لنتمكن من إفادتك.,0,dataset_1,1,0
الانترنيت ضعيفة في الليل,-1,dataset_1,0,0
بلدية تامسة ولاية المسيلة غير مغطاة بخدمة الجيل الثالث,-1,dataset_1,0,0
كون تريڨلوا الإنترنت قبل بش نقدروا نشوفوا سيري كي الناس 😕,-1,dataset_1,0,0
الانترنت ضعيفة جدا جدا في المساء,-1,dataset_1,0,0
منك بصح زعمة نقدرو نشوفو سيري,0,dataset_1,1,0
اين مسابقات؟؟,0,dataset_1,1,0
سقمو الكونيكسيون في بني مراد راهي تعيي,-1,dataset_1,0,0
السلام عليك الانترنات راهي ضعيفة من 18:00الى23:00 شوفونا حل في اسرع وقت الكل راه يشكي,-1,dataset_1,0,0
نقصو سوما ميا ومتين بزاف وكثرو ليجيڨا,-1,dataset_1,0,0
Vis a vis *-*,0,dataset_1,1,0
See,0,dataset_1,1,0
رجعولي عروض امتياز لي نحيتوهملي عندهم اكثر من شهر ملي راحولي، نولي نتفرج,-1,dataset_1,0,0
نعتذر عن هذا الإزعاج، ندعوك للتواصل معنا على الخاص و تقديم رقمك الهاتفي والعنوان وكذلك احداثيات المنطقة (GPS) لتحويله الى المصلحة التقنية.,0,dataset_1,1,0
كاش جديد خالتي زهرة 😊,0,dataset_1,1,0
😂😂علاه الكونيكسيو تاعكم تصلح نتفرجو بيها ؟؟,-1,dataset_1,0,-1
السلام عليكميوجد انقطاع في شبكة الجيل الثالت على مستوى بلدية غرداية منذ حوالي شهرين وبالضبط في الهوائي المثبث على مستوى سطح الفرع البلدي لحي ثنية المخزننرجوا منكم التدخل العاجل لاصلاح الخلل وشكرا,-1,dataset_1,0,0
المشكل ليس في الكمية ولاكن في النوعية للاسف الشديد التغطية والسرعة ناقصة بالبزاف,-1,dataset_1,0,0
عدلوا سرعة الانترنت أولا لأنها جد ضعيفة و لا تمثل 4G أقل من 2G. ماهذا التدهور و التقهقر في شبكة الانترنت و سرعتها. العروض جيدة بالفعل لكن الخدمة مع الأسف 1/5,-1,dataset_1,0,0
وين راهي زهرة الكونيكسيو راهي ضعيفة,-1,dataset_1,0,0
Ripondiw prvi 3alh ma tahtmoch ba zbon,-1,dataset_1,0,0
الانترنت جد ضعييفة عدلو انترنت تاعكم من بعد هدرو على العروض راكم تعيو,-1,dataset_1,0,0
السلام عليكم لم أستطع التحويل من djezzy special إلى hayla maxi هل من حل,0,dataset_1,1,0
Réseau a3yan bezaf,-1,dataset_1,0,0
عندي بيس جيزي قديمة كيفاه نحولها 4g,0,dataset_1,1,0
الأنترنت من الأسوء إلى أسوء من الساعة 17 حتى 1 ليلافى ولاية تلمسان,-1,dataset_1,0,0
الريزوا مش مريقل 😪,-1,dataset_1,0,0
من فضلكم أجبوني علا سؤال راه فلخاص,0,dataset_1,1,0
Cnct d3ifa bezaf,-1,dataset_1,0,0
لقد تم الرّد على رسالتك في الخاص. شكرا لتواصلك بنا 🙂,0,dataset_1,1,0
تلمسان الحناية التعاونية منعدمة تماما مكان لاريزوا لا انترنات,-1,dataset_1,0,0
و عليكم السلام و رحمة الله و بركاته الرجاء مراسلتنا على Messenger و تقديم رقمك الهاتفي للتأكد من نوع خطك و امكانيات التحويل المتوفرة فيه. شكرا، نسرين من جازي 🙂,0,dataset_1,1,0
جيزي والكل مبريزي خدمات ضعيفة,-1,dataset_1,0,0
والأنترنت كيفاه حكايتها ؟,0,dataset_1,1,0
السلام.. مزال العرض تاع 12G,0,dataset_1,1,0
إنقطاع كبير إن لم أقل معدوم في بلديات ولاية ميلة خاصة بلدية زغاية,-1,dataset_1,0,0
جيزي كيفاش نعرف بلي لابيس مكتوبة على اسمي🥺🥺,0,dataset_1,1,0
جاوبني,0,dataset_1,1,0
فيديو تاع 5 دقائق ميحبش يمشي وتوقلو10 ملاين بركاكم من الخرطي,-1,dataset_1,0,0
ندعوك للتواصل معنا على الخاص و تقديم رقمك الهاتفي و العنوان بالكامل لنتمكن من تحويل طلبك إلى المصلحة التقنية.,0,dataset_1,1,0
الانترنت 4g وضعيفة مدينة الجلفة,-1,dataset_1,0,0
تدفق الانترنات ضعيف جداا,-1,dataset_1,0,0
واش هو الكود انتاع 600الف باش تاكتيفي الأنترنات في جيزي,0,dataset_1,1,0
ياو reseaux ميصلحش خاصة المساء,-1,dataset_1,0,0
سلام عليكم جيزي او العمال لي راهم فيهالابيس تاعي تسكرت المشكل ماشي هناالمشكل داير لحماية تاع كونت قوقل تاعي ب نيمرو تاع جيزي مانقدرش ندخل للجميل تاعي حتان جي رسالة لرقم هاتفي المهم علابالي مفليكستش منذ العصر الحجري بصح على الاقل كي جي تسكروها ابعثو ميساج 😕,0,dataset_1,1,0
يوجد مشكل فالتغطية في شلغوم العيد ولاية ميلة منذ 3اشهر بالتحديد حي هواري بومدين معنات فالمكلمات وانعدام تام لل4g اغلبية المشتركين غيرو المتعامل للعلم وكالت جيزي شلغوم العيد تعلم بالمشكل,-1,dataset_1,0,0
Djezzy كرهنا من هاد الإجراءات الشكلية تاعكم راكم ديتوا المعلومات تاعي مئة مرة و حتى حاجة ما تسكمت غي بركاونا من الهف,-1,dataset_1,0,0
Djezzy the best,1,dataset_1,2,0
Kifh activi 1500,0,dataset_1,1,0
Reppd,0,dataset_1,1,0
يكذب او يخرط نعرفو مليح قالك10ملاين تكذبو علي الحين ولا الموتا🤔🤔😉😉,-1,dataset_1,0,0
شرشال ماكاش 4g,-1,dataset_1,0,0
عروض جيدة نوعا ما ولكن تغطيةشبكة ضعيفة للأسف,-1,dataset_1,0,0
😋😋كيف نسجل ف سمانة انترنت مهدات,0,dataset_1,1,0
The witcher 🔥😻,1,dataset_1,2,0
رجعولي امتياز تاع 100 دج,0,dataset_1,1,0
التغطية تكاد منعدمة في ولاية البليدة مدينة العفرون خصوصا المنطقة الجنوبية للمدينة..معاناة مع التغطية بأتم معنى الكلمة 😏,-1,dataset_1,0,0
Trop de coupures de connexion le soir,-1,dataset_1,0,0
من فضلكم انترنات 600 تع شهر انترنات محدودة ولا غير محدودة,0,dataset_1,1,0
واشبيه ريزو ليوم,-1,dataset_1,0,0
عندي عرض جيزي امتياز 100 دينار فيه 300 دينار نحو كل الشبكات و لكن ما مكتوبش فيه حجم الانترنت .. حابة نعرف شحال فيه من جيقا,0,dataset_1,1,0
سلام عليكم ..خدمات جيزي عندي مشكل ما ريبونديتو عليا ..,-1,dataset_1,0,0
مرحبا، الرجاء مراسلتنا على الخاص من فضلك لمعالجة طلبك. زهرة من جازي,0,dataset_1,1,0
سلام، ندعوك لتقديم رقم الهاتف وكل هذه المعلومات على الخاص لتوجيه طلبك للمصلحة التقنية من فضلك. شكرا، زهرة من جازي,0,dataset_1,1,0
سلام، ممكن ان العرض لا يحتوي على الأنترنت، للتأكد على مستوانا نعوك لتقديم رقمك الهاتفي على الخاص من فضلك. شكرا، زهرة من جازي,0,dataset_1,1,0
سيتم الرد على رسالتك فور الإطلاع عليها 🙂,0,dataset_1,1,0
مرحبا، العروض تختلف حسب نوع خطك، ننصحك بتحميل تطبيق Djezzy المتوفر على Android و iOS، يسمح لك بالإطلاع على كل العروض المتوفرة في خطك مع السعر و مدة الصلاحية 🙂 كذلك يمكنك التسجيل مباشرة فيها بطريقة سهلة و تتبع استهلاكتك كذلك 🙂 روابط التحميل هنا : يمكنك كذلك تشكيل *720# أو *707# شكرا، زهرة من جازي,0,dataset_1,1,0
سلام، باش تعرف كل جديد، ما عليك غير زيارة موقعنا الإلكتروني على الرابط التالي : زهرة من جازي,0,dataset_1,1,0
Thank you 🙂,0,dataset_1,1,0
نص مدينة تشتغل عادي مكالمات وانترنات ونص الاخرى انترناتى فقط,-1,dataset_1,0,0
سلام، الرجاء تقديم أكثر توضيح حول طلبك لنتمكن من إفادتك. زهرة من جازي,0,dataset_1,1,0
سلام، ندعوك لتقديم عبر رسالة خاصة (Messenger) رقمك الهاتفي والعنوان وكذلك احداثيات المنطقة (GPS) لتحويله الى المصلحة التقنية. زهرة من جازي 🙂,0,dataset_1,1,0
سلام، ممكن أكثر توضيح حول الإشكال الذي تواجهه من فضلك ؟ زهرة من جازي,0,dataset_1,1,0
سلام، العروض اللّي تلقاها في اطار برنامج الوفاء امتياز هي عروض ترويجية و متغيرة، يمكنك أنك تشكّل *44# في كل مرة باش تعرف كل جديد. زهرة من جازي 🙂,0,dataset_1,1,0
ياو اطلقو 4G في مدينة القل ولاية سكيكدة واش راكم تستناو,-1,dataset_1,0,0
لابيس راكبا نورمال غلقتوهالي بفف 2020 ومازالكم تسرقو,-1,dataset_1,0,0
الرجاء مراسلتنا على Messenger لمساعدتك من فضلك,0,dataset_1,1,0
يرحم والديكم شكون هاذ اللي راكم طالقينو يدير فالتسويق والاشهار منين راكو تجيبو فيهم ،ادمين الباجة هاذي .. سقط متاع ،,-1,dataset_1,0,0
نسقسي هذي برك و نروح لي يجاوب على ليكومنثار خالص !! هاا دخلوني نخدم,0,dataset_1,1,0
الإنترنت راهي ضعف من 6الى10 مساءً شوفون حل,-1,dataset_1,0,0
مرانيش مأمن.. أما بلاد نتوما,-1,dataset_1,0,0
النت ضعيفة جدا خاصة في الليل ، الصور لا تضهر فما بالك الفيديوهات.,-1,dataset_1,0,0
Bo Kesri arwah tchouf pleaase 😂😂,0,dataset_1,1,-1
J'aime beaucoup le offre de djezzy Mes La Connexion is Bad,-1,dataset_1,0,0
"Bonjour,Nous vous prions de nous excuser pour la gêne occasionnée. Avez-vous un problème de débit?Merci Abdel Moumen.K de Djezzy",0,dataset_1,1,0
J'ai un problème de débit,-1,dataset_1,0,0
Avez-vous un problème de débit ?,0,dataset_1,1,0
معليش جاوبوني في البريفي عندي سمانة ملي بعثتلكم تقول بعثت للأمم المتحدة,-1,dataset_1,0,0
مرحبا،لقد تم الرّد على رسالتك في الخاص.زهرة من جازي,0,dataset_1,1,0
حبيت نسقسي على جيزي سبيسيال واش فيها,0,dataset_1,1,0
سلام Khaled،عرض جازي SPECIAL متوفّر في صيغة الدفع المسبق و الدفع البعدي حسب اختيارك :) ب 200 دج تستفيد من مكالمات نحو جميع الشبكات بصفة غير محدودة، 25GO انترنت، رسائل مجانية نحو جازي و 30 SMS نحو الشبكات الأخرى لمدة شهر. كل التفاصيل هنا : من جازي,0,dataset_1,1,0
هل تزال تباع شريحة جيزي 400da تع 6 شهور فيها 150go,0,dataset_1,1,0
مرحبا،نعم شريحة Djezzy Internet متوفرة في كل محلاتنا، للإطلاع على مزاياها اضغط هنا من فضلك : من جازي :),0,dataset_1,1,0
عندي اشكال قلتولي ابعث في الخاص ؛ بعثتلكم عندي سمانة و ما جاوبتونيش !!,0,dataset_1,1,0
تم الرد على رسالتك في الخاص.نسرين من جازي 🙂,0,dataset_1,1,0
Djezzy شكرا,1,dataset_1,2,0
وانا عندي اكثر من شهر ملي بعثتلكم ومازال ماجاوبتونيش وكي نعيط لايتم الرد ممكن جاوبوني اذا بغيتو زعما,0,dataset_1,1,0
يالكونيكسيو راه كارثة عندكم ياجيزي,-1,dataset_1,0,0
مرحبا،نعتذر عن الإزعاج، الرجاء مراسلتنا عبر الرسائل الخاصة وتقديم رقمك الهاتفي مع العنوان الكامل من فضلك لتحويل طلبك للمصلحة التقنية. عبد المؤمن.ك من جازي 🙂,0,dataset_1,1,0
الريزو و الكونيكسيون راه يعيي 😑,-1,dataset_1,0,-1
رقمي 0770308235حاب نحبسها واش الإجراءات اللازمة,0,dataset_1,1,0
مرحبا،يرجى التواصل بنا على الخاص لنتمكن من إفادتك.نسرين من جازي 🙂,0,dataset_1,1,0
هذي كونفور ؟؟,0,dataset_1,1,0
من فضلكم صلحونا مشكل الانترنيت راها ضعيفة راكم مش تمدونا فالجيغات باطل ياو رانا نخلصو يااو,-1,dataset_1,0,0
مرحبانعتذر عن هذه الاضطرابات في الشبكة وندعوك لتقديم عبر رسالة خاصة(Messenger) أكثر توضيح على الاشكال في التغطية والأنترنت بالمنطقة التي تتواجد بها مع رقمك الهاتفي والعنوان وكذلك احداثيات المنطقة (GPS) لتحويله الى المصلحة التقنيةشكراً :),0,dataset_1,1,0
جاوبوني فالخاص 😡,0,dataset_1,1,0
والله درتو فينا مزية حنا ذوي الإحتياجات الخاصة,1,dataset_1,2,0
Amira Belamri غايتنا ارضائكم 👌🙂,0,dataset_1,1,0
واش يليق الواحد يعرش باش تردو عليه فالخاص,-1,dataset_1,0,0
مرحبا نأكد لك أنه سيتم الرّد على رسالتك في الخاص فور الإطلاع عليها.شكرا على تواصلك بنا 🙂,0,dataset_1,1,0
علاش كي يكمل عرض هايلة بزاف تنحوا عرض. 500 دج تاع 20 g هاذا تحايل,0,dataset_1,1,0
مرحبا،عرض Extra 500 هو ميزة تضاف عند تشغيل احدى عرضي 1200 او 1500 الشهرية في خطك HAYLA BEZZEF، حيث مدة صلاحية ميزة Extra تتبع نفس مدة صلاحية العرض الشهري المشغّل.زهرة من جازي 🙂,0,dataset_1,1,0
جيزي اكسترا واش اخبارها كي يخلاص عرضي هايلة بزاف تنحيوها عيب عليكم,0,dataset_1,1,0
Ziane Djillali مرحبا،مدة صلاحية ميزة Extra تتبع نفس مدة العرض الشهري المسجل فيه.زهرة من جازي 🙂,0,dataset_1,1,0
هل يمكن اعادة تحويل شريحتي من 4G الى 3G القديمةكما كانت في السابق، مجرد سؤال و شكرا.,0,dataset_1,1,0
"مرحبا,نحيطكم علما أن هذه الخدمة غير متوفرة.نشكر تفهمكمعبد المؤمن من جازي.",0,dataset_1,1,0
Djezzu,0,dataset_1,1,0
Djezzy مشكورين وبالتوفيق.,1,dataset_1,2,0
الا هدكم ربي نحولي لالين خلولي رقم وحدو. رني نخلاص باطل لفكتور رني نخلصا غير علا جال الرقم,-1,dataset_1,0,0
ادم محمد اسلام مرحبا،هل تقصد تحويل خط دفع بعدي نحو دفع مسبق من فضلك ؟ زهرة من جازي 🙂,0,dataset_1,1,0
يا ردو عليا ف للخاص علاش راكم تأكتفولي ف الانترنات خسترتولي دراهمي,-1,dataset_1,0,0
عندي شريحة جيزي3Gكيفاش ردها 4G,0,dataset_1,1,0
مرحبا، لتفعيل خدمة الجيل الرابع في خطك يجب التوجه لوكالة جازي من فضلك لأن هذا يتطلب تغيير الشريحة.زهرة من جازي :),0,dataset_1,1,0
la connexion est très faible c'est zéro dommage pour opérateur Djezzy,-1,dataset_1,0,0
"Bonjour, Afin de transmettre votre requête vers le service concerné, prière de nous contacter par message privé et nous communiquer votre numéro de téléphone ainsi que votre adresse exacte. Zahra de Djezzy",0,dataset_1,1,0
للاسف كل يوم يفقدون الثيقة من الزبائن ،بهدا العقلية ، نحن نرسلكم عبر الخاص.,-1,dataset_1,0,0
Soufiane Mohammedi وي عندك الحق خويا,0,dataset_1,1,0
سرعة التدفق ضعيفة، فيرجى تحسين خدمة الأنترنت,-1,dataset_1,0,0
Jawboni☺,-1,dataset_1,0,0
"مرحبا,كيف يمكننا مساعدتكعبد المؤمن.ك من جازي",0,dataset_1,1,0
والله غير خدمة الشبكة تحت الصفر في باب الزوار وزيد تبعتلهم في المسنجر المشكل تاعك ما يجاوبوكش يعرفو يدو غير الدراهم,-1,dataset_1,0,0
"مرحبا,نعلمكم أنه سيتم الرد عليكم في أقرب وقت ممكن نظرا للكم الهائل للرسائل التي نتلقاهانعتذر منكم و ونشكركم على التفهم.عبد المؤمن,ك من جازي",0,dataset_1,1,0
ياا و جاوبونا فلخاص,-1,dataset_1,0,0
علاه ديتولي خمسالاف 😤😤,-1,dataset_1,0,0
مرحبا، نأكد لك الرصيد لا يضيع دون التسجيل في عرض من العروض، الرجاء تقديم رقمك الهاتفي عبر رسالة خاصة لنتأكد على مستوانا من فضلك.زهرة من جازي,0,dataset_1,1,0
حاجة جديدة ومليحة يا جدك بدينا نتقدمو شوي,1,dataset_1,2,0
💪🏾😎,1,dataset_1,2,0
Djezzy 🌺🌺,1,dataset_1,2,0
عندي شريحة نخلص بالفتورة كل شهر 130 الف عندي 4 اشهر نخدم في بلدية صغيرة مافيهاش تغطية نتاع دجيزي نجم نحبسها مؤقت,0,dataset_1,1,0
ممكن الرد على رسائلي المبعوثة على الخاص,0,dataset_1,1,0
Djezzy هذا الرد لي درته خويا لعزيز لوكان جاوبتني على الاستفسار تاعي على الخاص,0,dataset_1,1,0
اذا ممكن مانقدرش نفليكسي من عندي لشخص آخر جربت 770 و والو زعما وينو المشكل تخرجلي كود MMI غير صحيح,0,dataset_1,1,0
عيطت ل 77 و جربت كود 780 و والو,0,dataset_1,1,0
مرحبا، لتحويل الرصيد من خط جازي الى خطوط جازي مسبق الدفع أو جازي كونترول يكفي تشكيل العبارة *770*رقم المراسل*100دج≥ المبلغ المحول≥50 دج* الرمز الشخصي للتعبئة (00) # زر المكالمة ثم تأكيد الارسال ب 1 وتكلفة هذا الارسال 10 دج فقطو تقدر كذلك ترسل الرصيد بطريقة أسهل و أسرع من خلال تطبيق جازي المتوفّر على iOS و Android على روابط التحميل : من جازي,0,dataset_1,1,0
عندي مشكل في الشاريحة ديالي وماعنديش كريدي نعيط ولمساج ديالكم نرعتلكم يخرج من المسانجر وحدو ولازم نريڨلي الخلل ليعيطلي يخرج لإتصال عند رقم ثاني,0,dataset_1,1,0
مرحبا، الرجاء مراسلتنا على Messenger و تقديم رقمك الهاتفي من فضلك.زهرة من جازي,0,dataset_1,1,0
عندي مشكل في الشريحة، لا استطيع استقبال المكالمات و اذا حاولت الاتصال لا استطيع أيضا، مع العلم ان الشريحة سارية المفعول.,0,dataset_1,1,0
مرحبا،يرجى التواصل بنا على الخاص و تقديم رقمك الهاتفي مع الإسم و اللقب لنتمكن من إفادتك.نسرين من جازي 🙂,0,dataset_1,1,0
علاش نعيطو 77 مكانش الصوت. والله راه عندي مشكل,-1,dataset_1,0,0
مرحبا،تفضل بطلبك نحن في الخدمة.نسرين من جازي 🙂,0,dataset_1,1,0
سلام عليكم حبيت نعرف كيفاش ن désactivé الرنة لراكم دايريناهالي للعلم هذاوين فليكسيت دراهمي راحوا وزيد اكتيفيتوها من عندكم تمسخير هذا في العيد رسلولي كود وديزاكتيفيتها,-1,dataset_1,0,0
أماني أمينة مرحبا،لالغاء خدمة RANATI ما عليك إلا ارسال كلمة QUIT عبر SMS نحو الرقم 2020.زهرة من جازي 🙂,0,dataset_1,1,0
ولا اتصال ب خدمة 2020 واختيار 5,0,dataset_1,1,0
إلغاء خدمة الرنتي من أساس,0,dataset_1,1,0
Djezzy علاش متربونديوش على ليمساج,-1,dataset_1,0,0
Djezzy شريت نميرو جديد وراهم مواقفينه,0,dataset_1,1,0
راني نفلكسي كل يوم راكم تنقصو دراهم كل يوم تروح الفين حتى يوصلو 0 !!ولي نعيطلو يطلع نمرو ديالي نمرو بريفي !!,-1,dataset_1,0,0
مرحبا، نأكد لك الرصيد لا يضيع دون التسجيل في عرض من العروض، الرجاء تقديم رقمك الهاتفي عبر رسالة خاصة لنتأكد على مستوانا من فضلك. نسرين من جازي 🙂,0,dataset_1,1,0
حابة ترجعولي لا بيس تاعيي حلوهالي بسك غلقتوها دون سابق إنذار 😭 وراني محتاجتها😔⁦🤦🏽‍♀️⁩,-1,dataset_1,0,0
مرحبا،يرجى التواصل بنا على الخاص و تقديم رقمك الهاتفي لنتمكن من إفادتك.نسرين من جازي 🙂,0,dataset_1,1,0
راني داير عرض تاع 30جيقا ماحبتش تخدم..؟؟!!,-1,dataset_1,0,0
مرحبا،ماهو الإشكال تحديدا من فضلك ؟نسرين من جازي 🙂,0,dataset_1,1,0
"votre centre d appel est une vraie catastrophe je ne sais ps que font vos superieurs, depuis une semaine que je fais une reclamation pour du credit perdu sans aucun retour(envoyé via la messagerie fb) , un message m a été envoyé par une certaine nesrine mais je vois pas de réactivité dans le traitement du probleme !! Djezzy",-1,dataset_1,0,0
"Bonjour Ymen, Pour une prise en charge de votre requête, nous vous invitons à nous contacter par message privé svp :) Zahra de Djezzy",0,dataset_1,1,0
انا ربحت power bank من التطبيق كيفاش نديه راني هدرت معاكم ف بريفي 🙂👌,0,dataset_1,1,0
مبروك عليك 😀 سيتم الإتصال بك في أقرب وقت لإستلام هديتك.نسرين من جازي 🙂,0,dataset_1,1,0
Ma puce a été bloquée sans m'avertir ?? Pourtant j'ai déposé le dossier le jour où j'ai acheté la puce ?? Djezzy. J'ai rien compris ??,0,dataset_1,1,0
"Bonjour, Prière de nous communiquer votre numéro de téléphone par message privé afin de vérifier à notre niveau svp.Zahra de Djezzy",0,dataset_1,1,0
Djezzy merci je me suis déplacé auprès de l'une de vos agences c'était la mise à jour de l'authentification ?? Mais ce qui m'a énervé c'est le blocage de la puce sans m'avertir ? Au moins il fallait m'informer par un simple message 🙁🙁car j'ai eu des communications importantes ??,-1,dataset_1,0,0
فليكست بالبطاقة الذهبية موصلوش او راحو النقود 😠😠😡😡,-1,dataset_1,0,0
مرحبا،يرجى التواصل بنا على الخاص و تقديم رقمك الهاتفي مع الإسم و اللقب لنتمكن من التأكد على مستوانا من فضلك.نسرين من جازي 🙂,0,dataset_1,1,0
ديتولي ديميل يا الله ديك ديميل نا ندير بيها مشروع لي نفليكسيها تدوها 😭😭,-1,dataset_1,0,0
Comment puis je désactiver l'abonnement quiz renew :(,0,dataset_1,1,0
"Bonjour,Il vous suffit juste d’accéder à l’interface Instawin , cliquez sur « Mon compte » et annuler la souscription. Zahra de Djezzy :)",0,dataset_1,1,0
كيفاه نحول البيس من 2G الى 4G عندي كتر من 4 سنين ملي شريتها و كواغطها راحولي معنديش درك,0,dataset_1,1,0
ۥٰ ۥٰ روحي لاميزون جيزي يبدلوهالك وباطل ماتخلصي والو ماتنسايش برك بطاقة التعريف,0,dataset_1,1,0
Silla Sihem مرسي,0,dataset_1,1,0
"مرحبا، لإضافة الجيل الرابع في خطك ، ندعوك للتوجه لوكالة جازي في ولاية 4G لتغيير شريحتك الحالية إلى شريحة USIM 4G وامضاء العقد مع الإحتفاظ بنفس رقم الهاتف. ثم ماعليك إلا ضبط اعدادات هاتفك ""Mode Réseau"" على 2G/3G/4G. نسرين من جازي 🙂",0,dataset_1,1,0
وبشحال نبدلها دراهم شحال,0,dataset_1,1,0
التغيير مجاني :),0,dataset_1,1,0
سلام.عندي انستغرام متمشيش راني داير تاع 1500da الحل(يوتيوب فيسبوك عادي ),0,dataset_1,1,0
Younes Younes رانا كيف كيف,0,dataset_1,1,0
Youcef Bénaboura راك تشوف راهم يعيو,0,dataset_1,1,0
فليكسيت بالدهبية وين راهم دراهمي 🤬🤬,-1,dataset_1,0,0
مرحبا، للتأكد على مستوانا، ندعوك لتقديم رقم الهاتف على الخاص من فضلك.زهرة من جازي :),0,dataset_1,1,0
Djezzy راسلتكم,0,dataset_1,1,0
لقد تم الرّد,0,dataset_1,1,0
سلام بغيت نسقسي نيميرو تاعي في اسمي و غلقوهلي للعلم كنت نفليكسي فيه و نهدر عادي ؟؟,0,dataset_1,1,0
"Salut ! J'avais un petit problème j'ai activé une connexion internet de 600 Da jlé utilisé 2jours et depuis ce matin j'arrive pas à me connecté ni transmettre des appels , et même vous m'avez suggérée d'appeler le 77 mais ils disent qu'ont m'a pas autorisé a effectué l'appelle 👽J'attends votre solution !et répondez moi sur messenger le plus vite possible 👿",-1,dataset_1,0,0
لماذا تم قطع الخط الخاص بي,0,dataset_1,1,0
Ça fait 5 jours que je ne peux plus me connecter à internet à cause d'une baisse de débit. Débit actuel : 0.10 MapsDébit habituel : +15 MapsÇa ne touche que moi cette baisse de débit. Tous les autres ont des débits normaux.Donc donnez moi une réponse ou aidez moi à régler ce problème. Sinon je vais être obligée de changer d'opérateur.Ce n'est plus possible cette situation ! PS : Après minuit le débit revient à la normal pendant 1 heure puis il redescend à 0.10 Mbps.Et répondez à mon message privé. Il me faut des réponses. C'est la moindre des choses.merci !!,0,dataset_1,1,0
"Bonsoir, C’est pris en charge en MP :) Zahra de Djezzy",0,dataset_1,1,0
Djezzy merci infiniment !! 🙏,1,dataset_1,2,0
لا يمكنني الاتصال بمصلحة الزبائن وتم غلق الشريحة لا ادري لماذا ؟,0,dataset_1,1,0
نحيتو العروض *44# علاه ريبوندي فالبريفي 😑,-1,dataset_1,0,-1
مساء الخير،عروض امتياز هي عروض ترويجية و متغيرة، شكّل *44# في كل مرّة باش تعرف كل جديد :) زهرة من جازي,0,dataset_1,1,0
اوكي معليش ريبوندي فالبريفي خي شيعتكم نحن في خدمتكم وباه ترببونديو نن,0,dataset_1,1,0
واش بيها البيس تاعي فيها ريزو وفيها ليزونيتي وين نجي نعيط ماتقبليش,-1,dataset_1,0,0
حبيت انرجع الشريحة تاعى امتياز كيماه نعمل,0,dataset_1,1,0
مساء الخير،امتياز ليست عبارة عن شريحة، بل هي عروض ترويجية و متغيرة، شكّل *44# في كل مرّة باش تعرف كل جديد :) زهرة من جازي,0,dataset_1,1,0
كيفاه نبدل بيس فاتورة إلى بيس عادية,0,dataset_1,1,0
مصباح ونا نعيطلكم متهزوش وله صكرتولي لبيس🤔🤔,0,dataset_1,1,0
Nøüh Nøüh صكرناها جيبلي نمرو لي قتلك عليه نرجعوهلك لنس.. 😂😂,0,dataset_1,1,-1
Nøüh Nøüh 😂😂,0,dataset_1,1,-1
مرحبا، لمساعدتك، ندعوك لتقديم رقم الهاتف على الخاص من فضلك.زهرة من جازي,0,dataset_1,1,0
رجاءا ردو عليا فالخاص 😔,0,dataset_1,1,0
لقد تم الرّد :),0,dataset_1,1,0
Djezzy شكرا ☺️,1,dataset_1,2,0
بعث خاص اومتردوش علش نحيتولي فلكسي. 100 الف,-1,dataset_1,0,0
جوبي عل كلمي,0,dataset_1,1,0
من فضلكم اتصلت بكم مرار لتحسين الخدمةوقدمت قائمة توقيعات ل60 شخصهل من حل بارك الله فيكم,0,dataset_1,1,0
بن صوشة عبد الكريم أنا تانيك راني كيما نتا عندي مشكل الريزو مكاش و الأنترنت ثقيلة قلولي أبعثلنا في الخاص نميرو ديالك . عنوان …الخ بعثتلهم مزال حتى لذوك محلولي المشكل راهم يتمسخرو بينا نجمة خير منها كونكسيو خفيف ريزو كاين واش تبان مع جازي الخرطي,-1,dataset_1,0,0
صاحب الأبتسامةحطيتلهم القائمة على مستوى الوكالة ودرت جميع الإجراءات لكن للاسف,-1,dataset_1,0,0
بن صوشة عبد الكريم win taskon,0,dataset_1,1,0
Msila,0,dataset_1,1,0
مرحبا نأكد لك أنه سيتم الرّد على رسالتك فور الإطلاع عليها.شكرا على تواصلك بنا 🙂,0,dataset_1,1,0
حسنو من خدمة الانترنات,-1,dataset_1,0,0
Faite une application pour les iPhone 🙂,-1,dataset_1,0,0
"Bonsoir,Nous vous remercions pour votre proposition et sachez que nous travaillons toujours pour assurer votre satisfaction totale. Nous vous demandons de rester branché pour être au courant des prochaines surprises.Merci 😊",1,dataset_1,2,0
ياجازي انا راني في 400 نقطة.. وين راهي جائزة تاعي,0,dataset_1,1,0
Aibi Chaouki انا عندي 13760 نقطة ،ماعلابلناش كيفاش راهم اخيرو !!,0,dataset_1,1,0
Djamel Amnap ربي يجيبها لنا زينة ان شاء الله ياخويا,0,dataset_1,1,0
Djamel Amnap ربي يوفقك خويا عزيز ان شاء الله تستاهل كل خير,0,dataset_1,1,0
يا راجل واش من خير ، جابلي ربي راهم يديرو فأسموات مغلوطين 😁,0,dataset_1,1,0
Aibi Chaouki انا عندي جازي هبال هل فيها النقاط وكيف اطلع عليها شكرا اخي.,0,dataset_1,1,0
كيفاش نحيها يرحم باباكم كلالتلي كامل دراهمي,0,dataset_1,1,0
Samya AlimRina ماتلعبيش وماتجاوبيش 😁,0,dataset_1,1,0
Djamel Amnap مالعبت ما جاوبت وبقاو ياكلولي الدراهم 🤔,0,dataset_1,1,0
Djezzy راسلتكم في بريد الصفحة ولم يتم الرد 🤨,0,dataset_1,1,0
يا حافيظ !!🤔خليني نطل على الصولد تاعي,0,dataset_1,1,0
Djamel Amnap هه غير روح اضرب طلة انا في يومين طيرولي عشرالاف,0,dataset_1,1,0
"مرحبا،يمكنك إلغاء اللعبة من خلال تطبيق جازي في خانة اللعبة INSTAWIN ثم الضغط على "" Mon compte "" ثم إلغاء الإشتراك :) زهرة من جازي",0,dataset_1,1,0
حبيت نحيها رحمة على والديكم كيفاه ملاتلي دراهمي ولى نحي puss,0,dataset_1,1,0
مرحبا،الرجاء تقديم أكثر توضيحات حول طلبك لنتمكن من إفادتك.زهرة من جازي,0,dataset_1,1,0
من فضلكم بالنسبة لعروض امتياز لا تظهر عندي جميعها و في ارقام اخرى تظهر اكثر من عرض. اين المشكلة,-1,dataset_1,0,0
Sara Ben nafs lmochkil,0,dataset_1,1,0
"مرحبا,العروض اللّي تلقاها في اطار برنامج الوفاء امتياز هي عروض ترويجية و متغيرة، نحن نسعى جاهدين لكي يستفيد منها جميع زبائننا, يمكنك أن تشكّل *44# في كل مرة باش تعرف كل جديد.",0,dataset_1,1,0
سقمو كنكسيو ريزو ناقص بزاف 2020مزلنا نشكو من ريزو كنكسيو والله بروتو رنا في عاصمة حراش,-1,dataset_1,0,0
Svp qololi kifach nehiha,0,dataset_1,1,0
الانترنت ثقيل جدا,-1,dataset_1,0,0
مرحبا، الرجاء مراسلتنا عبر الرسائل الخاصة وتقديم رقمك الهاتفي مع العنوان الكامل من فضلك لتحويل طلبك للمصلحة التقنية.نسرين من جازي 🙂,0,dataset_1,1,0
3lah ki nchakal *44# maybanouch les offres imtyaz,-1,dataset_1,0,0
Miral Boukerfa na7awhom 3ndi tani,0,dataset_1,1,0
"مرحبا,العروض اللّي تلقاها في اطار برنامج الوفاء امتياز هي عروض ترويجية و متغيرة، نحن نسعى جاهدين لكي يستفيد منها جميع زبائننا, يمكنك أن تشكّل *44# في كل مرة باش تعرف كل جديد.نسرين من جازي 🙂",0,dataset_1,1,0
W mana9darch nactivihom,0,dataset_1,1,0
مرحبا،ممكن أكثر توضيح من فضلك ؟زهرة من جازي :),0,dataset_1,1,0
ردوا على رسائل الخاص,-1,dataset_1,0,0
مرحبا،لقد تم الرّد على رسالتك في الخاص.زهرة من جازي :),0,dataset_1,1,0
مرحبا علاش الانترنت ثقیلة وواش معنتها کی یکتبولی delais de connexion depasseارجو الرد,0,dataset_1,1,0
ردو علينا في الخاص 😡😡عندي استفسار,0,dataset_1,1,0
هجاوبوا راني نستنىDjezzy,0,dataset_1,1,0
Djeezy ممكن سؤال,0,dataset_1,1,0
مرحبا،تفضل بطلبك، نحن في الخدمة :) زهرة من جازي,0,dataset_1,1,0
Djezzy هل نحن نحصل على الأنترنيت مجانا منكم ؟,0,dataset_1,1,0
خويا من فضلكم رقم تاعي تغلق لاني لم اعبئ منذ فترة ردو لي رقمي لاعبىء من جديد والتمتع بعروضكم.,0,dataset_1,1,0
من فضلك لماذا تم غلق شريحتي لجازي بالرغم من أنني كنت اشحنها دائما ارجو الرد وما أفعل في هذه الحالة,0,dataset_1,1,0
مرحبا،الرجاء مراسلتنا على الخاص و تقديم رقمك الهاتفي مع الإسم و اللقب لنتمكن من إفادتك.نسرين من جازي 🙂,0,dataset_1,1,0
Djezzy نفىس المشكل و مشكل انكم بعتوها مباشرة مالقري قديمة عندي ميهمك لازبون لا والو تموتو غ على دراهم,0,dataset_1,1,0
Djezzy أرجو الرد السريع لأنني في أمس الحاجة لها 😭😭,0,dataset_1,1,0
Djezzy وأنا كذلك أغلقت بدون سبب,0,dataset_1,1,0
Djezzy صرعتونا بتواصل معنا على الخاص اكثر من ثلاث ايام دون رد راكم فرحانين بالانترنت لي تقدموها للزبائن 🙄🙄,-1,dataset_1,0,-1
ارواحي بريفي نسرين,0,dataset_1,1,0
Djezzy نسرين ارواحي بريفي,0,dataset_1,1,0
Djezzy سراقيين باقي يومين على الفاتورة تخلصوا .. مهم نهارين و باباي دجيزي دقيقة باش تطلعلك فوطو تاع الفيس و اليوتوب زبل تفوه على خدماتكم,-1,dataset_1,0,0
جامي فتحت هذي المسابقة عندي,0,dataset_1,1,0
السلام عليكم فلكسيت ب دفع الكتروني بالبطاقة الذهبية نحولي قيمة فليكسي بصح ملحنيش لشريح نتاعي ارجو حل المشكل,0,dataset_1,1,0
صباح الخير،يرجى التواصل بنا على الخاص لنتمكن من التأكد على مستوانا من فضلك.شكرا، نسرين من جازي 🙂,0,dataset_1,1,0
ياخوتي والله راني مستعجبة علاش راكم تنقصولي من الدراهم تسرقولي ب30دج و40دج علاش قالولكم مانيش نستحق الدارهم حتا تدوهم والله عيب عليكم وزيد نعيطلكم لاحياة لمن تنادي الدراهم تعرفو تسرقوقهم وباش تريبوندو نن😤😤,-1,dataset_1,0,0
اغلقتولي لبيس اتصلت بكم في الخاص ووضعت رقمي ولم تجيبو وعلاش يا سادة,-1,dataset_1,0,0
مرانيش نقدر نبعث لمساج علاه,0,dataset_1,1,0
لبيس اغلقتوها وعلاش واش كاين قلتولي ابعث في الخاص راني بعثت وما رديتوش عليا الوو,-1,dataset_1,0,0
كي نشري بوس جديدة جيزي عادية يعني و تكون جديدة نلقا فيها عروض امتياز ولا لالا كما العرض تاع ستين الف ؟!؟,0,dataset_1,1,0
عندي 30 جيقا وراني نخدم بالفيس بوك مجاني فهموني دروك أطلقوا ا الانترنت ردوا عليا الصباح تخدم ودروك راحت كامل اتقوا الله ..,-1,dataset_1,0,0
Djezzy الانترنت ماراهيش تخدم حتى درت فيسبوك مجاني الآن باش نبعث هذا التعليق,0,dataset_1,1,0
ابعثتلكم في الخاص,0,dataset_1,1,0
ردوا,-1,dataset_1,0,0
رڨلوها من فضلكم,-1,dataset_1,0,0
من البارح ماكان والوو,-1,dataset_1,0,0
علاش ركم تدولي في ليزنتي دولة تكل فينا ونتوما ثان 😠,-1,dataset_1,0,0
"فليكسيت من الكونت من 04/08/2020, وما دخلتنيش دراهم في التلفون، وراني نعيط لخدمة الزبائن ما ترفدوش، ونبعثلكم في السيت وفي المسنجر ما تردوش عليا، تحبو نروح نشكي لوكيل الجمهورية ول كيفاه؟",-1,dataset_1,0,0
أنا فلكسيت بالبطاقة الذهبية على الموقع تاعهم قالك خطا يرجى المحاولة بصح نحاولي 600 من الكونت اعطيني الرقم نعيطلهم,-1,dataset_1,0,0
مرحبا Ania، لقد تم الرّد على رسالتك في الخاص و التي تحتوي على نفس الطلب.زهرة من جازي :),0,dataset_1,1,0
الخدمة تاعكم تراجعت بزاف والكونكسيون كارثة فالعشية وفالليل واقيل ضربوكم بعين ياجازي,-1,dataset_1,0,0
مرحبا،نحن نسعى لتقديم أحسن الخدمات، في حالة مواجهتك لأي تذبذب في الشبكة ندعوك للتواصل معنا على الخاص وتقديم رقم الهاتف من فضلك.زهرة من جازي,0,dataset_1,1,0
السلام عليكم Djezzyعندي شريحة جازي ملينيوم حاولت نحولها لجازي كارت مابغاوش ايا وقفتها ودوكا قالولي تقدر تردها كارت الشريحة مازال فيها الريزو اسكو تقدرو تفتحوها وتردوها كارت ؟؟,0,dataset_1,1,0
مرحبا، الرجاء مراسلتنا على Messenger و تقديم رقمك الهاتفي من فضلك لمساعدتك.زهرة من جازي :),0,dataset_1,1,0
ا مبروك تاعك و روح افشب شريحة شريتها شهرين و رميتها اضعف انترنيت نجمة خيرمنكم,-1,dataset_1,0,0
السلام عليكم لقد تم غلق شريحتي جيزي اتصلت بمصلحة الزبائن لم يتم الرد عليا.اريد استرجاع شريحتي,0,dataset_1,1,0
كاش واحد يقولي les renvoi d'appel بلكريدي ولا لا علي خاطر دارتو وراحلي كامل لكريدي,0,dataset_1,1,0
سلام،هذه الخدمة مجانية، الرجاء تقديم أكثر توضيحات حول التحويل الذي قمت بتشغيله من فضلك ؟ زهرة من جازي,0,dataset_1,1,0
نحن سكان بلدية عشعاشة دائرة عشعاشة بولاية مستغانم و التي يبلغ تعداد ساكنها أكثر من 70ألف نسمة . حيث نعاني من نقص وفي بعض الأحيان إنعدام التغطية لشبكة جيزيللتذكير أننا نعاني من تذبذب في تغطية شبكة جيزي منذ أكثر من 10أيام حيث لا نستفيد من أدنى الخدمات مثل المكالمات العادية ناهيك عن سوء خدمات الإنترنتلذا نحن نطالب بصليح الخطأ في اقرب وقت ممكنلأن الوضع كارثي بكل المقاييس,-1,dataset_1,0,0
مرحبا، الرجاء مراسلتنا على Messenger و تقديم رقمك الهاتفي من فضلك لمساعدتك.زهرة من جازي,0,dataset_1,1,0
عندي اكثر من 6اشهر عروض امتياز ماتبدلتش ؟؟,0,dataset_1,1,0
Djezzy كانت تتغير مي عندكم وقت connexion ماشي مليحة ثقيلة وامتياز ماغيرتوش فيها مام عروضك جديدة 😒 عادية مابقاتش هايلة كيما كانت,0,dataset_1,1,0
Slm chkoun ya3tini Num ta3 khadamat Djezzy rani ma7tajato stp,0,dataset_1,1,0
مرحبا،تفضل بطلبك، كيف يمكننا مساعدتك ؟ زهرة من جازي,0,dataset_1,1,0
قمت بالغاء الاشتراك ونزع التطبيق ولم يتوقف استنزاف الرصيد كل يوم لم يبقى الا رمي الشريحة.😡😡,0,dataset_1,1,0
الريزو مكاش في المنطقة التي اسكن بها وهي مدينة الاربعاء بالبليدة فما بالك المناطق الداخلية او الصحراء باه نعيطو مكانش او منحكيلكش على الانترنت التاعكم راها نشوفوها غير فالإشهارات او كي نعيطو لخدمة الزبائن يديرولنا كاسيطا تدور وانت كول روحك ولا اكلاطي مخك,-1,dataset_1,0,0
"مرحبا,نحيطكم علما أنه من أجل أخذ طلبكم بعين الإعتبار يجب التقرب لأقرب وكالة جازي مرفوقين بشكوى تتضمن أسماء ارقام و إمضائات 10 اشخاص قاطنين على الأقل في المنطقة المعنية وذلك لكي تتمكن افرقة التقنية من معاينة المنطقة و إيجاد حل لهذا الإشكال.نعتذر مرة أخرى عن هذا الإزعاجشكرا لوافائكم و ثقتكم",0,dataset_1,1,0
Djezzy فقدت رقمين مميزين جدا واحد اكسبتو اكثر من عشر سنين وفيه معظم اصدقائي من زمن الجامعة,0,dataset_1,1,0
حبيت ندير الغاء كلاتلي كامل كريدي,-1,dataset_1,0,0
نحن سكان بلدية (( عشعاشة مركز )) دائرة عشعاشة بولاية مستغانم و التي يبلغ تعداد ساكنها أكثر من 70ألف نسمة . حيث نعاني من نقص وفي بعض الأحيان إنعدام التغطية لشبكة جيزيللتذكير أننا نعاني من تذبذب في تغطية شبكة جيزي منذ أكثر من 10أيام حيث لا نستفيد من أدنى الخدمات مثل المكالمات العادية ناهيك عن سوء خدمات الإنترنتلذا نحن نطالب بصليح الخطأ في اقرب وقت ممكنلأن الوضع كارثي بكل المقاييس__,-1,dataset_1,0,0
"مرحبا,نحيطكم علما أنه من أجل أخذ طلبكم بعين الإعتبار يجب التقرب لأقرب وكالة جازي مرفوقين بشكوى تتضمن أسماء ارقام و إمضائات 10 اشخاص قاطنين على الأقل في المنطقة المعنية وذلك لكي تتمكن افرقة التقنية من معاينة المنطقة و إيجاد حل لهذا الإشكال.نعتذر مرة أخرى عن هذا الإزعاجشكرا لوافائكم و ثقتكمعبد المؤمن,ك من جازي",0,dataset_1,1,0
Djezzy سلام عليكم صباح الخيرقدمت طلبي كم من مرة ودون جدوىوزملائي كذلكحتى راسلتهم عن طريق موزع الرسائل وموزع الصوتي,0,dataset_1,1,0
علاه متردوش بريفي 😐,-1,dataset_1,0,0
Un nouveau canal ce distribution vient de naître bravo a ce nouveau partenariat et beaucoup de succès👏👏,1,dataset_1,2,0
تعرفو غير الكذب اللعبة اصلا ماتمشيش,-1,dataset_1,0,0
السلام عليكم.. اريد اقتراح تعديل في التطبيق وهو اضافة خاصية حذف سجلات الشحن وتحويل الرصيد والانترنت.. لانني جربت فعل هذا ولم اقدر.. وشكرا,0,dataset_1,1,0
Djezzy ani b3atelkom privé,0,dataset_1,1,0
قلنالكم ديرو 20 GB ب 100 da في hayla maxi,0,dataset_1,1,0
راني ف 6 اشهر مفليكسيتش هابالاكو تبلعوها والله نديرلكم ثورة,0,dataset_1,1,0
Mâ Lîfęčënt ماتفليكسيش خير,0,dataset_1,1,0
نت (ping) الالعاب (en linge)سيء جدا نرجو منكم اصلاح المشكل,-1,dataset_1,0,0
علاه سكرتولي البيس تاعي مالقري مزالت جديدة ماعندهاش شهرين وديما نفليكسيلها 🙄🙄,-1,dataset_1,0,-1
Ana l3abt w rbaht un tlp condor t9 plus,1,dataset_1,2,0
الله يرحم والديكم واش بيها كونكسيو رانا نعانو ولا حابين نبدلوكم فهمونا ..!!,-1,dataset_1,0,0
Saduki Amine انا بدلت هاد الشهر عانيت خو روح شكيت شحال من خطرة ايا ما حبوش يفهمو بلي راني نشري بدراهمي روح جبت اوريدو سويش خير منها ض,-1,dataset_1,0,0
Saduki Amine مام انا راهي عندي ثقيلة خليتهها و فليكسيت لاوريدو خفيفة و الله,-1,dataset_1,0,0
ga3 kifkif chkit o walou radi nchri mobilis pixx 200,-1,dataset_1,0,0
Saduki Amine نفس المشكل بدأ قبل العيد بيومين,-1,dataset_1,0,0
هه انا عندي جازي و أوريدو و موبليس والله كيفكيف كامل كونكسيون الإسم 4g واللقب 3g والعمل 2g,-1,dataset_1,0,0
Remila Kenzo صاحبي واش هم العروض تع اوريدو سويتش,0,dataset_1,1,0
انا عندي اسبوعين ملي بعثلكم المعلومات و راهي عاد كيما كانت,-1,dataset_1,0,0
عيطولي بنميرو حابة نعرف اذا تاع شركتكم,0,dataset_1,1,0
بعثتلكم من سمانة مرديتوش,-1,dataset_1,0,0
عندي مشكلة في نمغو نتاعي كي نبغي نعيط كاش واحد تقول كاست عيط 77 نتمي رد ها ردو في خاص علينا,-1,dataset_1,0,0
Boualem Haouche انا تاني صراتلي كيفك لبارح كانت نورمال,0,dataset_1,1,0
Yousra Sousita مزال عندك مشكلة ولا تحلت,0,dataset_1,1,0
مزالت صراتلي ليوم برك لدرك مزالت,0,dataset_1,1,0
Yousra Sousita مشكلة عندهم في سستامبعثلهم في خاص,0,dataset_1,1,0
Boualem Haouche والله بعثتلايوجد رد 😌,0,dataset_1,1,0
Yousra Sousita مام انا. هبلونا والله بعثلهم بارح مكانش رد,-1,dataset_1,0,0
هيه والله كارثة,-1,dataset_1,0,0
انا البينات ماطلعوليش وختي غلقوهالها وماحبوش يردو عليا فالخاص,-1,dataset_1,0,0
Yousra Sousita روحي ليهم وخلاص,0,dataset_1,1,0
دنيا زاد راه صاري كارثة,-1,dataset_1,0,0
كونكسيون ضعيفة بزاف مرضتونا,-1,dataset_1,0,0
منجمش نفليكسي علاه 😐,0,dataset_1,1,0
مرحبا،الرجاء تقديم اكثر توضيح على الطلب مع رقمك الهاتفي عبر رسالة خاصة (Messenger) لتحويله الى المصلحة التقنية شكرا,0,dataset_1,1,0
واش بيها الشريحة تاعي مايطلعولهاش ليدوني,0,dataset_1,1,0
جاوبو,-1,dataset_1,0,0
جيزي عندنا في بلدية الولجة ولاية سطيف مباشرة يروح الضو تروح وهذا المشكل نعاني منه منذ سنوات وهذا ما جعل الكثير يتخلون عنها الى شركات اخرى بعدما كانت هي الرائدة,-1,dataset_1,0,0
"Repondiw f prv ya li wlat 3ndkom cnx rahj , kant mliha te9btoha",-1,dataset_1,0,0
Djezzy عندي كثرمن شهر ملي بعثت ماريبونديتوش,-1,dataset_1,0,0
بغيت نقول لكل لعمال والقائمين في هده الشركة نيكماتكم واحد بواحد ومستعد لأي شكوى تقدم ضدي يولاد لقحاب تاكلو فدراهم ناس,-1,dataset_1,0,0
ممكن رد على خاص,-1,dataset_1,0,0
يوجد مشكل في خطي لا في الشبكة لأني جربتها في عدة مناطق وغيرة الهاتف وقمت بتبديل شريحة سيم لدي فرع جازي وغيرت من 4g إلى 3g وجربت كل الطرق بدون جدوى اتصلت ب 77 ثلات مرات و تقدمت إلى فرع جازي مرتين والإجابة نفسها خلل في الشبكة وانا اقول ليس عيب في الشبكة بل في خطي لأنها لا تتعدي في التدفق 30k وهذا منذ 30-07-2020 الي يومنا هذا مع العلم باقتي من 200DA .هل ستقومون بعلاج الوضع لأن الأمر أصبح لا يطاق مع العلم أنكم لا تعوضون الزبون عن الأعطال اذا بقي الأمر مع نهاية الباقة سالغي عقدي معكم لأني أدفع مقابل خدمة جيدة لا بخدمة أسوء من السيئ. الوجهة موبيليس pixx200. إن لم تستحي فافعل ما شئت.,-1,dataset_1,0,0
Sad Dam le mm problem 😣😣,0,dataset_1,1,0
ردو علينا في خاص الله يهديكم,-1,dataset_1,0,0
لاكونيكسيو راهي ناقصه بزاف,-1,dataset_1,0,0
هاذي ابليكاسيون تع جيزي لي يمدولك 10 go نقدر نديرها زوج خطرات و لا خطرة برك,0,dataset_1,1,0
علاش ماتردوش فالخاص ونتم تقولو ابعث رسالة فالخاص,-1,dataset_1,0,0
Ma3lich tgololi kifah ngl3 free mn messenger 😑😑Hblni mani n9d nchof waloo,0,dataset_1,1,-1
ممكن رد عليا فل الخاص,-1,dataset_1,0,0
صحا مين ندي لكادو لي ربحته في تطبيق جيزي,0,dataset_1,1,0
ليكتا تحسنو شبكتكم,0,dataset_1,1,0
علاش وقفتولي رقمي مع انو قديم وعندو 17 سنة عندي حسبي الله فيكم,0,dataset_1,1,0
نبعتولكم فالخاص ماتردوش عيطتلكم قلتولي ملفك مزال ماطلعش 17 سنة مزال ماطلعش الله يهديكم,0,dataset_1,1,0
ردوا عليا بريفي,-1,dataset_1,0,0
فليكسيت 100 دج منين لحقت اكتيفاوهالي وحدهم هدرة و انا كنت راح ناكتيفيها كونكسيون واش ندير !,0,dataset_1,1,0
السلام عليكم انا نسكن في بلدية الدويرة حي 1400 مسكن كاين مشكل فالريزو تاع جيزي صح كاين لونتان بصح دايرينو شباح برك مكاش كامل كونيكسيو جيك شوية خفيفة مع الفجر تلحق 10 تاع نهار تتقال ومن بعد مع لعشية كارثة عظمى تحس روحك راك في بلاد مبتدئة 2 تاع الليل وتقيلة ماشي هكا خاوتي واش فيها كي ديرو ريزو كيما تاع حيدرة كيما تاع سيدي يحيى تسما هوما بشر و هنا حيوانات انا هكا نفهمها رانا في 2020 عيب وعار كبير الكونيكسيو مكاش ولا تلحق تقيلة روحو البلدان المجاورة المروك و تونس شوفو كيفاش الكونيكسيو تاعهم والله غير ديقلي ديرولنا كاش تقرير باش يجو يديرولنا ريزو مليح تاع جيزي حق ربي غير رانا نعانيو . ومن بعد كي ماتوليش تخدم بجيزي يبعتولك كاش طفلة تعيطلك وي خويا علاش ماراكش تستعمل في جيزي كيفاش نستعملها وهي تقيلة انا نشوف لي تخرج عليا نشوف حاجة ماخير نديرها,0,dataset_1,1,0
أرجو الرد في الخاص من فظلكم ❤️,0,dataset_1,1,0
Djezzy نخاف وقت هذا يطول,0,dataset_1,1,0
لما لا تردون على انشغالات زبائنكم,-1,dataset_1,0,0
هل يمكن استعادة بطاقة سيم عندها مدة طويلة موقوفة اريد استرجاعها من جديد,0,dataset_1,1,0
ريڨلونا الانترنت على وجه ربي الواحد راح يجهل راكم توكلوا ولادكم في الحرام🤬🤬,-1,dataset_1,0,0
السرعة رديئة بعد اكتمال 600MG يعني تصبح 2G !! انا بالحميز بالعاصمة (زعمة) اريد الحل او اغير الشريحة مع العلم انا زبون مند 2003,-1,dataset_1,0,0
Djezzy يا اخي انا اتنقل بعدة اماكن بالعاصمة المشكل ليس بالمكان ،مشكلتي هي انكم تحددون سرعة النت بعد كمية محددة من الاستهلاك ارجو حل ، اريد تحميل لعبة 2G سانتضر 3ايام لاحملها 😤,-1,dataset_1,0,0
Djezzy pouvez vous répondre aux messages en privé,0,dataset_1,1,0
Djezzy والريزو واش بيه 20kb /s الله يهديكم,-1,dataset_1,0,0
Djezzy حسنا راني بعثتلكم المشكلة نتاعي في الخاص جاوبوني برك راه الميساج لي بعثتو عندو عام ومرديتوش,-1,dataset_1,0,0
ما نوع الشريحة التي فيها عرض 600دج,0,dataset_1,1,0
"مرحبا,العروض اللّي تلقاها في اطار برنامج الوفاء امتياز هي عروض ترويجية و متغيرة، يمكنك أن تشكّل *44# في كل مرة باش تعرف كل جديد.نسرين من جازي 🙂",0,dataset_1,1,0
ماعليش رقم للاتصال بكم لانو عندي مشكل فلابيس تاع جيزي,0,dataset_1,1,0
Faible débit.,-1,dataset_1,0,0
Salut Nous vous invitons à nous contacter par message privé en nous communiquant votre numéro de téléphone ainsi que votre adresse exacte.Nous nous ferons un plaisir d'y répondre et vous aider. A votre service :),0,dataset_1,1,0
ياو ريڨلو كونيكسيون ولا ريبونديو على عزريني ماكمش دايرين فيا مزية اني نفليكسي بدراهمي احشمو شوي راكم تاكلو فالحرام,-1,dataset_1,0,0
Djezzy راني باعت ألف رسالة و بعتلكم دلائل على أنو كونيكسيون عيانة بزاف مكاش ڨاع و ديرولي في تقراو و ناتهدروش ماكمس دايرين في عزريني مزية,-1,dataset_1,0,0
Youssouf Da Ddy نفس المشكل اخي اسوأ اتصال انا راني نخمم في موبيليس ولا اوريدو,-1,dataset_1,0,0
Nour Stamina أوربدو هايلة 😍😍 اي عندي مي جيست ماعنديش دراهم باه نفليكسي برك و جيزي عندي 40 جيجا راهي هكك و صاي,-1,dataset_1,0,1
Lamiss Simone انا ثاني الايموجي هذاك يلعبلي عالمورال اكثر من التعليقات تاعهم 😅😅,0,dataset_1,1,-1
Lamiss Simone yay fel msnger khlaweli vu 🤬🤬 wlad la7ram lokan t7argo homa.we mat7argtch Lebanon,-1,dataset_1,0,0
A lot of message sent but no responce coming from you guys,-1,dataset_1,0,0
It's already done :),0,dataset_1,1,0
لو كان تحبسونا الميساجات بالفرنسي ماذا بكم تبعتوهالنا بالعربيه هكذا، المشكل الكبير راه الريزو ناقص عينه منكم,-1,dataset_1,0,0
وقفتو. رقمي. القديم لماذا؟؟,0,dataset_1,1,0
علاه راكوم تهدرو بالفرونسي و اشهاراتكم اوكل لازم اكون فيها فرونسي مرقتوها . زعما محلبين ولا واش,0,dataset_1,1,0
كونوكسيو راحتلي غاع فليكسيت لبارح,-1,dataset_1,0,0
يا خوتي لنترنت راها في حالة ريقلونا ريزو يرحم ولديكوم وزيد نعيطلكم تجي لاكاساة وماعد يتكوبا اارقلونا ..,-1,dataset_1,0,0
مكانش منها مام انا وزادوني في لفتورة جاتني 900الف وهية نخلص 150الف وقالولي خلصها قلتلهم لالا يسرقو في ناس نورمال مكانش منعا جيزي تحيا موبيليز ولا اوريدو,-1,dataset_1,0,0
ياساراقين ماتحشموش جابو علينا بدون رسوم وبدون ليزينيتي ياالسراق كليتولنا,-1,dataset_1,0,0
حنا انفصلات الجزائر ما خلاتناش نلعبوا game بلا ما نكفروا :'(,-1,dataset_1,0,0
Cherithom ga3 2 fois A chaque fois yema tkaserhali ps1 ps2 gameboy Ps4 rabi rah saterha,0,dataset_1,1,0
البوست جميل جدا شاهدته مع صديقي واستفدنا كثير ، اتغيرت حياتنا تماما بعد مشاهدته ، كما ارسلته لجميع اصدقائي فاعجبهم وانبسطوا وتغيرت حياتهم كذلك ،اوصلته لباقي المدينة فتغيرت حياتهم بدورهم وتعلمو درسا في غاية الاهمية ..و الان نعمل على ارساله الى اوربا واسيا لنغير حياتهم,1,dataset_1,2,0
Hna habine Djezzy toueli andha 20 méga de cennect wela dirou box,0,dataset_1,1,0
اطلقو الكونيكسيو باركاو ما تتمسخرو بينا رانا نخلصو بدراهمنا ماناش نطلبو عليكم,-1,dataset_1,0,0
انا مفهمتش حاجة نكونكتي شوي في فايسبوك نلقى روحي كليت بزاف les donnes Pourtant فايسبوك ما ياكلش بزاف الانترنت Bizzare,-1,dataset_1,0,0
وعلاه يعني هدي لفرونسي لمخلطة بالعربيياخويا ساهلة، ديرو فيديو بالعربيةو ديرو واحد اوخر بالفرنسي قدقدلب حاب يتبع عربي يلقى هواه و لخر كيف,0,dataset_1,1,0
ياودي اهدري عربي باين ولا فرونسي التخلاط مكلاه,0,dataset_1,1,0
علاش رجعت كونكسيون تيعكم تعيي 😒🙃,-1,dataset_1,0,-1
مرحبا، نعتذر عن الإزعاج، الرجاء مراسلتنا عبر الرسائل الخاصة وتقديم رقمك الهاتفي مع العنوان الكامل من فضلك لتحويل طلبك للمصلحة التقنية.نسرين من جازي 🙂,0,dataset_1,1,0
Djezzy زعمة علاش كتبتي نسرين من لخر 🙃,0,dataset_1,1,-1
ردو علينا في خاص من فضلكم,-1,dataset_1,0,0
اConnexion ثقيلة بزااف ريقلوها وممبعد حطو عروض,-1,dataset_1,0,0
Rī Mā واش حبيبة ناكتيلنا ڨاع اللغة العربية,-1,dataset_1,0,0
Ahm Ed هي من بكري مهرودة,-1,dataset_1,0,0
Rī Mā 😂😂,0,dataset_1,1,-1
وهذي لهجة ماشي لغة العربية,0,dataset_1,1,0
Rī Mā كوناكسيون ؟😂😂,0,dataset_1,1,-1
Ahm Ed هه ترجمة حرفية ل connexion هه,0,dataset_1,1,0
Rī Mā الله على الترجمة 😂😂,0,dataset_1,1,-1
هه وباللغة العربية واش نسميوها هه والله ماعمبالي,0,dataset_1,1,0
Rī Mā انا تني 😂😂,0,dataset_1,1,-1
B1 هكا هه,0,dataset_1,1,0
Rī Mā حمبوك متقظيش تضحكي بل ايموجي 😂😂,0,dataset_1,1,-1
Malek Malik 🤨,0,dataset_1,1,0
اطلقو لنترنات راهي ثقيلا. 😡😡😠 رني نفلكسي ومنستفيدس.. راح نقطعكم,-1,dataset_1,0,0
Houssem Bouflih كرهتها راح ندير. موبليس,-1,dataset_1,0,0
Houssem Bouflih نخلص 200لف وثقيلا رهج,0,dataset_1,1,0
حتى نكونكتي أنا ونزيد نبرطاجيها بتقولي ميساج ودنا يومين حبستولي لابيس,-1,dataset_1,0,0
عيب كبير تسكن في وسط المدينة و ما عندكش التغطية داخل البيت و الانترنت ضعيف جدا ، جيزي من سيء الى اسوء تطبيق djezzy réseau لا يعمل لا توجد صيانة للهوائيات عيب كبير,-1,dataset_1,0,0
"Djezzy je confirme la mauvaise connexion ces jours ci,",-1,dataset_1,0,0
Brikh Optimiste moi aussi je confirme la mauvaise connexion j'ai fait plusieurs réclamations malheureusement aucune suite. Je m'excuse Djezzy c'est un opérateur de merde 😤,0,dataset_1,1,0
Djezzy السلام عليكم .لقد قمت بمراسلتكم في الخاص عن مشكل التغطية ولكنكم لم تقومو بالرد على انشغالاتنا لحد الان,-1,dataset_1,0,0
EL Rey Ressan يطيلك شعر خرا حنا مناش عيباد ول,-1,dataset_1,0,0
Ilyes Koni عياونا يا خويا الله يهديهم,0,dataset_1,1,0
Copié et Cole.. Hhh had offre and ooredoo dork yehakmokom kima mara lifatete hh,-1,dataset_1,0,0
EL Rey Ressan والله مكاش حتا تعويضات,0,dataset_1,1,0
Djezzy عندكم نفس الرسالة من ديسمبر و نتوما تڨولو المصلحة التقنية ياو فاقو شبعتونا كذب و سلمي على زهرة من جيزي,-1,dataset_1,0,0
EL Rey Ressan عندك الحق خو إبتلاء هدو وتبعتلهم ميريبونديوش شواكر,-1,dataset_1,0,0
Djezzy salam tu peux me repond en privé,0,dataset_1,1,0
Djezzy على الخاص 😂,0,dataset_1,1,-1
Djezzy و لكل يتألم,-1,dataset_1,0,0
والله نفس المشكل,0,dataset_1,1,0
EL Rey Ressan بدل المتاعمل و تهنا انا واحد راح نبدل و راح ندير حملة ضد شركة هاذي,0,dataset_1,1,0
يا رب. فليكسيت زوج مرات 100 دج يا رب تسرقو فينا عيناني يا ربي. نعيطولكم مترفدوش الله ياخذ فيكم الحق يا سراقين.,-1,dataset_1,0,0
Djezzy راسلتكم على الخاص مي متردوش😡,0,dataset_1,1,0
نقدرو نتشاركو معاهم الرصيد و النترنت في اي وقت نحبو,0,dataset_1,1,0
مانراسلوك مازبي نتوما لي راسلو شيكوركم قولولي اطلق شوية كونيكسيون ولا روح قود,-1,dataset_1,0,0
جيزي في ورقلة هايل بزاف,0,dataset_1,1,0
مازال ماقراوش الميساج تاعي قالك راسلنا على الخاص الله ينعل والديكم,-1,dataset_1,0,0
EL Rey Ressan جازي ملكوها صهيوني يتجسس على الجزائر لازم غلقوها,0,dataset_1,1,0
ريزو عندنا راه E,0,dataset_1,1,0
أعدلوا الشبكة من بعد نبارطاجيو مع الأهل كل يوم نعانيو من الانترنت تاع جيزي اذا كملت هك رايحة نبدلها,-1,dataset_1,0,0
حسبنا الله فيكم ياسرقين وفي المصلحة التقنية تاعكم,-1,dataset_1,0,0
Djezzy Djezzy #نسرين ما تقوليلش انتِ هي لي تقولينا (ان هاتف مراسلك مغلق) والله الى تعجبنى لافوة نتاعك شا ڨلتي عليها نديرو دي في دي انت عليك فليكسي كل شهر و انا كل يوم نعيط في رقم طافي و نسمع صوتك,0,dataset_1,1,0
Djezzy سلام عليكم ارسلت لكم في الخاص ارجو الرد,-1,dataset_1,0,0
ياو الخرا ماشي سراقين,-1,dataset_1,0,0
أمال أمولة ما تجيش غير هاك و توكلي ربي مشي سااهلة نعلي شيطان,0,dataset_1,1,0
سارة سيرين جازي ملكوها صهيوني يتجسس على الجزائر لازم غلقوها,0,dataset_1,1,0
عندي كثر من شهر منين بعتلكم معلوماتي ماعييتوش رواحكم خلاص وماقريتوش الميساج زدت عيطتلكم جبتوا بيا الوقت الحاجة الي درتوها كانت لاكونيكسيون تروح مع الصباح درك تعكست ولات تروح من لعشية وتحي في نص ليل,-1,dataset_1,0,0
البيسا تاعي اغلقتوها ولا تحرڨت ماهوش يطلعها التلفون كامل 😠😠..ممكن تجاوبو,0,dataset_1,1,0
مرحبا،الرجاء مراسلتنا على الخاص و تقديم رقمك الهاتفي لنتمكن من إفادتك.شكرا، نسرين من جازي 🙂,0,dataset_1,1,0
عندي مشكل ردو,0,dataset_1,1,0
كيف يمكنني مساعدتك ؟نسرين من جازي 🙂,0,dataset_1,1,0
ممكن الاجابة في اقرب وقت,0,dataset_1,1,0
حسنو في خدمات الانترنات و من بعد حطو الاعلانات و العروض,0,dataset_1,1,0
Djezzy جاوبيني على الخاص,0,dataset_1,1,0
والله ما تحشمو وجهكم صحيح.أسوء شبكة نقال بالجزائر، هنيئا لكم على هذا الإنجاز,-1,dataset_1,0,0
شبكة تقيلة ،يلابقات هكذا راح تكون حملة المقاطعة جيزي على مستوى الوطن,-1,dataset_1,0,0
عندي إنشغال يرجى الرد في الخاص,0,dataset_1,1,0
تم الرد على رسالتك في الخاص.شكرا لتواصلك بنا، نسرين من جازي 🙂,0,dataset_1,1,0
Fahmouni 3lesh na7itouli les offres imtyaz malgré fidele m3akom m 2008Kifesh li chra la puce lbare7 3ando imtyaz wli la puce ta3o 9dima 3la sa7at chohada ma3andouch had1 tmaskhir hada,-1,dataset_1,0,0
Redhwane Med إن شاء الله بربي 😂😂,0,dataset_1,1,-1
عندك الصح انا البيس تاعي عندها و16 سنة راهي عندي ومكان فيها حتى امتيازات انا نبدل راح ندير اوريدو مام ريزو ناقص فيها يرحم باباك نفلكسي120 يعطيك 30 جيقا وريزو عيان هذا الشهر راحتلي 25جيقا هكاك,-1,dataset_1,0,0
Hocine Hb wlh rahom ytmesakhro,0,dataset_1,1,0
محمد مسعودي نتا تاكتيفي تاع 100 دج يناحوهالك ويديرولك تاع 1200 ماعليش تاكتيفي تاع 1200 ينحوهالك و يديرولك تاع 1500 مانيش فاهم واش راهم حابين ؟؟,0,dataset_1,1,0
Redhwane Med ياو ننصحك اشري اوريدو لاقولد ضرك راني في دار ركبناها في مدام ربعة رانا نكونكتو وعادي متبلوكيش اوريدو مليحة,-1,dataset_1,0,0
محمد مسعودي عندك الصح,0,dataset_1,1,0
الله يهديكم حسنو الشبكة راكم تسرقو فينا َمكانش أنترنات حسبنا الله ونعم الوكيل فيكم,-1,dataset_1,0,0
أمال أمولة بدل مراح تستراح,0,dataset_1,1,0
راه خاصنا العروض ليكانو كاينين من قبل وين راهم دجيزي راهي هي التالية,0,dataset_1,1,0
Hbltoona b conx t9iila rah nbadl réso t3kom hda chaque fois nriklamo w n3yto ou m Kyn wlo,-1,dataset_1,0,0
Saduki Amine صح صح خو راهم يتمسخر بينا لازم كامل نبدلو هكدا باش مرة أخرى يعرف قيمة الزبون واش تعني ليهم مرڨوها بزاف,-1,dataset_1,0,0
بلوكولي رقمي بلا سبب ورحت نريكلامي قالولي ما نرجعهولكش و ذوكا كي جربت عيط لرقمي لقيتكم بعتوه لشخص اخر . ولمزية كنت داير رقم خلاف مع الكونط تاع الفيسبوك التعامل معاكم خصارة في خصارة,-1,dataset_1,0,0
سرعة الشبكة مثل السلحفاة، هه هه هه هه، بطيئة، و ثقيلة ثقيلة ثقيلة جدا، خدمة رديئة، راكم تاكلونا 400دينار وو الخدمة ما كان والو حسبنا الله ونعم الوكيل، السحت,-1,dataset_1,0,0
تعلم من الحياة والله غير عندك صح,0,dataset_1,1,0
لكي تبحر غي النت تنتظر الثالثة صباحا هه الى غاية 9 صباحا قضي الامر تولي تسايس غير فيها باش تفتح باحة برك. شبعتونا خرطي ..ما فائده العروض وانت متقدرش تستغلها,-1,dataset_1,0,0
ريقلو رواحكم كونكسيون هادي ولا ماتقولي لا عنوانك ولا ولايتك راها مكاهة وين تروح اقلع عليا المحدودية و خليني ناكل العرض تاعي كما نحب #يااو_بدرااهميي_منيش_نطلب_عليكم,-1,dataset_1,0,0
ولله اني نستنا نكمل فلانترنات لي بقات لعاد تزدو تديو مياتلف من عندي كانت لاباس بيها وبعد ثلاث شهور تقلو نسرقو فيها غير ضرك تتسقم غير ضرك ولاكن لاحياة لمن تنادي نرجع موبليس ويرحمها ربي,-1,dataset_1,0,0
Khellef Abdelhamid اشري نجمة خويا تتهنی كنت بجيزي شريت نجمة فور,-1,dataset_1,0,0
Ismail Baziz انا عندي نجمة عيانة و جازي فور,1,dataset_1,2,0
Pablo Escobar Chelifiano خرطي جيزي عندي لي بيس كل نجمة احسن,-1,dataset_1,0,0
راهي خاصتنا غير الهدرة و وجع الراس و النميمة الله يهديكم,0,dataset_1,1,0
نسبة التغطية باكبر دائرة عين البيضاء بام البواقي رديئة جدا جدا عندما تتحدث داخل المنزل او محل لا تستطيع اتمام المكالمة حتى الخروج للشارع ناهيك عن الانترنت ضعيفة ايضا و وكالتكم المحلية هنا تعلم بهذا المشكل و تقول انها اخطرتكم بهذا المشكل لكنكم لم تقدموا لهم المساعدة او الحل ننتظر الرد لاننا ننوي جميعا هنا في عين البيضاء تغيير المتعامل و شكرا راسلناكم على الخاص ولم تجيبو,-1,dataset_1,0,0
انا كان عندي خط جيزي و لكن رميتها و شريت اوريدو لان الريزو كامل مكانش تبهديلة و المشكل هو انا بعيد على العاصمة 30 كلم فقط نقولكم حاجة غير حبسوها خير والله هه,-1,dataset_1,0,0
السلام عليكم اكتفيت عرض 70دج 3 جيقا فيسبوك و1جيقا انترنت بصح عطيتولي 3جيقا فيسبوك برك وانترنت ماتمشيش هذي سرقة عيني عينك ولا كيفاش,-1,dataset_1,0,0
و الله يلا عيب كبير عليكم cnx راها شبه معدومة عندكم باقيلي 3 أيام و يكملي إشتراك و باقيلي 20 جيڨا غادي تروح باطل فيديو فيه 2 مينيت ما نقدش نتفرجه cnx ما تمنهاش للعدو,-1,dataset_1,0,0
عندي الشرائح 3 اي اوريدو ماشاء الله موبيليس ماشاء الله جيزي كارثة مدة شهر عندي 50 جيڨا استهلكت 1.3 جيڨا او كي رحت نشكي فشلولي اركايبي روح دير هاك امبعد حاجة وحدخرة اخر حاجة اقترحوها عليا اني انبدل تليفون . المهم باش ايقولو ان عندهم مشاكل في الشبكة متسمعهاش منهم سراقين,-1,dataset_1,0,0
علاه تكذبو علينا كل يوم تخرجنا بي pus جديدة و أنتما أنترنت تعكم ضعيفة بزااف و مشكيل في وسط البلاد أومكاش,-1,dataset_1,0,0
جازي مستوى نتاعكم وخدمات راهي من سيئ إلى الاسوء .الانترنت ضعيف جدا. حسنو خدمة الانترنت احنا رانا زبائن مراكمش تسدقو علينا,-1,dataset_1,0,0
شا نبارطاجي يرحم والديكم ال début ڨاع مكاش و تزيدو ديرو إشهار و مشي حشمانين عيب عليكم تسرقو فينا و ماذا بيكم ردو إمكانية التعليق بالصور و الفيديو باه نرسلو لكم les preuves.,-1,dataset_1,0,0
علاه هي كاينة انترنت حتى نبارطجيو كانت عندي 50 جيڨا نستهلك 200 ميڨا نظرا للسرعة العالية عندكم اعطيونا وجوهكم,-1,dataset_1,0,0
مسؤولين تاع جازي اختاروهم يخروضوا الناس العملاء بيهم ربحت جازي,-1,dataset_1,0,0
سلام عليكم عندي مشكلا في نيمرز ديالي كي عيطلو تخرج مغلق مؤقتا,0,dataset_1,1,0
Linda Li انا ثاني عيطتلهم قالولي ماش نتا برك لي غلقنالك الخط.. لله يلعنهم,-1,dataset_1,0,0
قمت بشحن شريحتي جيزي عبر الحساب البريدي (بالانترنت) بمبلغ 100 دج ولم يتم ادخال الرصيد الى هاتفي، اتصل على خدمة الزبائن ولا أحد يرد رفم الانتظار الطويل، وراسلتكم على الخاص ولم أجد رد أيضا..,-1,dataset_1,0,0
علاش متردوش على الرسائل في الخاص,-1,dataset_1,0,0
عندي مشكل صغير,0,dataset_1,1,0
عندي مشكلة في نمغو نتاعي كي نبغي نعيط كاش واحد يقولي مسجل صوت عيط 77,0,dataset_1,1,0
نكتيفي 150 الف ب40 جيغا والسرعة 15kb ريقلو السرعة مباعد زيدو في العروض,-1,dataset_1,0,0
"مرحبا,نعتذر عن الإزعاج ,هل تعانون من مشكل في التدفق ؟ شكرا عبد المؤمن.ك من جازي",0,dataset_1,1,0
كونكسيون جيزي تساوي السلحفات عرض سلحفات لجازي,-1,dataset_1,0,0
Djezzy تدفق ضعيف جدا وانعدام الشبكة داخل البيت في وسط بلدية بني حواء,-1,dataset_1,0,0
تزرزق ماشي تدفق,-1,dataset_1,0,0
Djezzy رانا نعانو من شبكه ثقيله جدا جدا جدا هبلتونا,-1,dataset_1,0,0
Djezzy عبد المومن نتا يخي عندك جيزي باطل جاك نورمال جاك نورمال التدفق ؟ او مكانش تدفق خلاص 😡,-1,dataset_1,0,0
ياودي رايحة نهبل ناكتيفي تجيني لكونكسيون تقيلة تقتل أعدلوهانا ومن بعد ساهل نبارطاجي لدزاير قاع 😑😑,-1,dataset_1,0,-1
لازم نحوسو على بلاصة فالدار باش نقدرو نتصفحو فالفيسبوك وهو فالاصل ميحتاجش تدفق كبير. واش من 4g راكو دايرينها,-1,dataset_1,0,0
Djezzy لازم نخير وين نفيكسي التليفون باش نقدر نكونيكتي خاطر الريزو يروح حبيبنا,-1,dataset_1,0,0
Djezzy نحتاج إلى هوائي جازي بمشتة أولاد ڨاسم، بلدية عين الحجر ،ولاية سطيف,0,dataset_1,1,0
Djezzy وجهك صحيح و تزيد تسقسي,0,dataset_1,1,0
Djezzy هه راكم غالطين مش تدفق هذا اسمو النت بالتقطير هه,-1,dataset_1,0,0
مستاء جدا اشتريت شريحة 0770 شبكة ضعيفة جدا لا استطيع تمرير اتصال داخل منزلي و الاتصال بالانترنت مستحيل جازي شبكة ضعيفة جدا في حي صمايدية بلدية حمادي و قد سجلت هذه الملاحظة ثلاث مرات و لا نتيجة آخر مرة اعبء رصيد في هذه الشريحة,-1,dataset_1,0,0
عندما أدفع 200daمقابل 60giga ولا أستفيد منها بسبب التدفق الضعيف واتصل ب 77 مرتين وأغير الشريحة وتبقى الإنترنت ضعيفة (تدفق لايتجاوز 50k) هنا يجب محاكمتكم لانها تعتبر سرقة (العصابة) ومن الاخير سوف أرجع موبيليس يا الخ..,-1,dataset_1,0,0
على حساب ما فهمت راكم طلقتوا عرض جديد تاع 80giga باش يتمشا راكم تعطلوا في عرض هايلة وتقولوا مشاكل تقنية راهي عندنا..راكم في الجزائر ديروا واش حبيتوا لأن سياسة الاحتكار ،ولو يوجد منافسيين تولوا تطلبوا وتحلوا باش يرجعولكم الزبائن ..جازي والكل يتعذب,-1,dataset_1,0,0
تدفق الانترنت ضعيف جدا كانت عندي بيس جيزي هاربة كل شهر نخلص 1500 باطل واش درت نحيتها دوكا راني مهني الحمد لله,-1,dataset_1,0,0
هات يكيفوني انا برك ومنبعد ساهل ودرك نرجعو للامتياز علاش عندي 9 اشهر ملي نحيتوهم ومرجعتوهمش وعندي مدة وانا نبعتلكم فالخاص ومترجعوش,-1,dataset_1,0,0
بإذن الله هذي لخرا نزيد نكتيفي في الجيزي تاع شعر لي تديو في دراهمنا باطل تقول نطلبو فيكم لاكتيفازيو تخلاص في 08 ومنبعد نحرقها 😡😡,-1,dataset_1,0,0
أخطأت لكي أسدد الفاتورة لابونمو تع 0770 قمت بتصعيد رصيد ألف دينار الآن أود تحويلها لفاتورة من فضلكم كيف يمكن لي تحويلها إلى دفع فاتورة لابونمو ؟,0,dataset_1,1,0
كفاش نفليكسي من بيس لبيس و كفاش نستفيد من عرض تع 600دج,0,dataset_1,1,0
مرحبا،لتحويل الرصيد من خط جازي الى خطوط جازي مسبق الدفع أو جازي كونترول يكفي تشكيل العبارة *770*رقم المراسل*100دج≥ المبلغ المحول≥50 دج* الرمز الشخصي للتعبئة (00) # زر المكالمة ثم تأكيد الارسال ب 1 وتكلفة هذا الارسال 10 دج فقط.شكرا، نسرين من جازي 🙂,0,dataset_1,1,0
ممكن نساعدة؟انت راني دايرا عرض نتاع 800دج ومزالي ميغا مي خلاصولي رصيد نتاع البونيس نتاع العرض لو انا فعلا عرض اخر بغرض. المكالمات العرض الأول يتنحا ولا يبقا ساري؟,0,dataset_1,1,0
مرحبا،ممكن أكثر توضيح على الطلب من فضلك ؟نسرين من جازي 🙂,0,dataset_1,1,0
حابا تعطوني عرض نشغل ب50دج مكالمات نحو كل الشبكات بلا انترنت,0,dataset_1,1,0
نسرين ارواحي بريفي 😂,0,dataset_1,1,-1
Djezzy انا جمال من اوريدو,0,dataset_1,1,0
Djezzy هه,0,dataset_1,1,0
يا نسرين يهديك ربي,0,dataset_1,1,0
ربحت ecoutuer عندي يومين ماعيطوليش . ماعلابالي كيفاش مدايرين ماعلابالي كيفاش نجيبهم ؟ فهمونا Djezzy,0,dataset_1,1,0
مبروك عليك، سيتم الإتصال بك في أقرب وقت لإستلام هديتك 🙂,0,dataset_1,1,0
عندي بيس جيزي راها تجيني موقف مؤقتا وتقولي عيدي 77 وانا معنديش لكريدي ايا ضرك كيفاش ندير,0,dataset_1,1,0
Gü Neş حتى انا وكي عيطت من رقم خلاف خسرولي غير لكريدي شحال من خطرة مراهمش يستقبلو في المكالمات,0,dataset_1,1,0
يسعدنى ان تنضمو لصفحتنا الهدف منها ان يستفيد المواطن الجزائري على مجموعة الخدمات دون تنقل و من المنزل كما يمكنك العمل و التدريب معانا و الربح من منزلك لا تنسو الاشتراك و اللايك. رابط الصفحة,0,dataset_1,1,0
رسلتلكم في الخاص ومجاوبتوش,0,dataset_1,1,0
Repondè svp au privè j'ai envoyè un msg,-1,dataset_1,0,0
Djezzy مصلحة الزبائن راهم ميردوش علاه,0,dataset_1,1,0
"cet emoji "":)"" me met en colère tous les temps !!",0,dataset_1,1,0
Djezzy حلاب تنفيقي في مدمات,-1,dataset_1,0,0
Gü Neş mam ana am tjini hkdaa,0,dataset_1,1,0
Gü Neş mam ki drt 77 mhbach tji😑,0,dataset_1,1,-1
حبسوهالك راها عندك فيها فاتورة لازم تخلصيها قبل ما تزيد باش يطلقوهالكديري حسابك كل ما طولي تزيد الفاتورة مالا روحي لجيزي ولا اي محل خلصي الفاتورة. راها تبقا تزيد,0,dataset_1,1,0
هقوليلهم روحو كشمة محل وهزي معاك هوية ملخر او يجوك مركز 😂😂,0,dataset_1,1,-1
هاي نسرين تحلبتلك بلي نتي خلاطة تعيطي لناس من طرف,0,dataset_1,1,0
ياتل راني باعثتلك في لخاص ها ردو,0,dataset_1,1,0
انا خلاص اخر يوم نزيد نستعمل فيه جيزي هذي اسوء انترنت واتصالات و اسوء شركة في الجزائر وزيد كل مرة يزيدو سعر تعبأت الرصيد والمشكل انهم متاكدين انو شريحتهم احسن من الباقي ياسراقين,-1,dataset_1,0,0
Cĥặříɱ ɱŏuśặặß فواش شرحتهم احسن من الباقي,0,dataset_1,1,0
كيف تحول 100da من شريحة جازي إلى شريحة جازي أخرى ؟,0,dataset_1,1,0
مرحبا،لتحويل الرصيد من خط جازي الى خطوط جازي مسبق الدفع أو جازي كونترول يكفي تشكيل العبارة *770*رقم المراسل*100دج≥ المبلغ المحول≥50 دج* الرمز الشخصي للتعبئة (00) # زر المكالمة ثم تأكيد الارسال ب 1 وتكلفة هذا الارسال 10 دج فقط.نسرين من جازي 🙂,0,dataset_1,1,0
Djezzy ردو اعليا يا سرقين اعرفو على اشكون اتردو كان مركمش غالطين بينو لينا المشكل نعرفوه,0,dataset_1,1,0
قلييع قلبي على نسرين من جازي وانا حميدة من تيغنيف🙋‍♂️,0,dataset_1,1,0
نريد تفعيل ميزة شحن العاب متل فريفاير,0,dataset_1,1,0
Rabeh Roaug اا ويديروهالنا رانا فلفايدا نص دراهمنا يروحو بضحكة,0,dataset_1,1,0
جيزي يحلبو بزااف 😕,-1,dataset_1,0,0
EL Namse 😂😂,0,dataset_1,1,-1
Adell Amine Nassim ردي عليا في الخاص,0,dataset_1,1,0
كفاه اسبي!,0,dataset_1,1,0
نسرين بريفي بب نقلشك بليبو هه,0,dataset_1,1,0
Djezzy بصبص نسرين,0,dataset_1,1,0
EL Namse b dmo3 😂😂,0,dataset_1,1,-1
سرقين 600اللف تدوها قع .رجعولي دراهمي .,-1,dataset_1,0,0
ردو عليا راسلتكم,-1,dataset_1,0,0
Djezzy لا لا الرصيد راحلي مرت بصح رجعتوه,-1,dataset_1,0,0
Djezzy ااه يا نسرين نحكمك نقطعك,0,dataset_1,1,0
الريزو تاع جيزي فمنطقتنا مكاش كامل ديرولنا حل رانا نعانو مع الريزو تاع جيزي بارة وحدة مكاش,-1,dataset_1,0,0
نسرين ممكن نرتبط 🌷,0,dataset_1,1,0
ע. ע. עבדלי تحلاب عيناني🙃😱,0,dataset_1,1,-1
Djezzy نسبة التغطية باكبر دائرة عين البيضاء بام البواقي رديئة جدا جدا عندما تتحدث داخل المنزل او محل لا تستطيع اتمام المكالمة حتى الخروج للشارع ناهيك عن الانترنت ضعيفة ايضا و وكالتكم المحلية هنا تعلم بهذا المشكل و تقول انها اخطرتكم بهذا المشكل لكنكم لم تقدموا لهم المساعدة او الحل ننتظر الرد لاننا ننوي جميعا هنا في عين البيضاء تغيير المتعامل و شكرا راسلناكم على الخاص ولم تجيبو,-1,dataset_1,0,0
Yacine Djo كون مجاتش جيزي كون طيحتلك,0,dataset_1,1,0
Djezzy هلا نسرين🙂😂😂,0,dataset_1,1,-1
Chelbi Badr Eddine ياخو روح صيد بعيد 😑,0,dataset_1,1,-1
ڨولونا برك لي زينيتي وين راهم يروحو راهم ينقصو بلا ما نهدر,0,dataset_1,1,0
نفليكيسو في باطل ريزو عيان وكونيكيسيو ثقيله,-1,dataset_1,0,0
Yyy rasa ta3kom conx washbiha nkhalso 1500 da conx ki ta3i sagmoha,-1,dataset_1,0,0
Rã Hîm رانا كيف كيف والله دير اوريدو راهم يقولو كونكسيون راهي مليحة فيها ذو ليام,-1,dataset_1,0,0
كيفاه نتواصل معا لاجونس دجيزي من فظلكم,0,dataset_1,1,0
مرحبا،تفضل بطلبك كيف يمكنني مساعدتك ؟نسرين من جازي 🙂,0,dataset_1,1,0
وعلاه من مدة طويلة ماتغيرت عندي عروض امتياز ؟,0,dataset_1,1,0
"مرحبا,العروض اللّي تلقاها في اطار برنامج الوفاء امتياز هي عروض ترويجية و متغيرة.نسرين من جازي 🙂",0,dataset_1,1,0
ريڨلونا connexion بارك الله فليكم حنا أو نسوفريو رانا مسلكين بالدراهم ماكمش تصدقو علينا,0,dataset_1,1,0
اسوء شريحة و اضعف انترنت و اسوء شركة و متعاملين في الكون تقول راكم في العصر الفكتوري يا بن عمي بارة مكاش,-1,dataset_1,0,0
بعيدا عن العرض وعن الموضوع ، كاش عروض عمل في المؤسسة ؟ رانا مشومرين,0,dataset_1,1,0
الانترنت جيزي ولات تستهلك بزاف تقول راني مبارطاجي للكوكب كامل علاه,-1,dataset_1,0,0
جيزي اكبر شبكة سيئة من ناحية الانترنت تحسب راك تطلب عليهم ونتا تخلص بدراهمك,-1,dataset_1,0,0
كنت دايماً نشكركم بصح هذي المرة قرعتوها بالعرض تاع بيناتنا ..يتسما درتو سارفور و نحيتو سارفور ..احمودة الانترنت في العرض تاع 150 هايلة بززاف كي صرالها؟؟ ..من نهار العيد رانا نكونكتو ب2 كيلوبايت .,-1,dataset_1,0,0
اومباعد يقولك حنا ضد دولة بسبت هادوا ناس دزاير محباتش تتسقم,0,dataset_1,1,0
عندي شحال وانا نلعب ببجي بجيزي البينڨ تحت 200 والله جامي كحلت عليه 😑,0,dataset_1,1,-1
Ramzi Boughazi 😢قارع لساعتين تاع صباح تولي خفيفة تامنش عقلك 😢💔,0,dataset_1,1,0
Younes Hadjidj نبكر كشغل خدمة 😂,0,dataset_1,1,-1
Ramzi Boughazi هذي الخبزة,0,dataset_1,1,0
Ramzi Boughazi ادخل ادخل راها مليحة 🤣,0,dataset_1,1,0
Younes Hadjidj كت نلعب ضرك 😂😂,0,dataset_1,1,-1
الربي لاه راكم تسرقولنا فالرصيد تصيدونا وقت لي نفليكسو تهردونا والله لحراام عليكم كنتو فوور وليتو 0 و ماتأكديلي ماوالو يا نسرين ماعندي حتى عرض انا و كل مرة خاليينني حرام عليكن,-1,dataset_1,0,0
منين خرجت عندي بزااف ماشفتكش الله يغيبك كرهتني سيرتو في رمضان وليت نهتور بيك 😐😐,0,dataset_1,1,0
كيفاش راكم تسرقو ليزينيتي بلحلال و لا بلحرام باسكو راهم غير في تزايد,-1,dataset_1,0,0
شو شو كي دايرداير كالمهراس اربك تقول حبة باذنجان اتفووه لعنة الله عليك,0,dataset_1,1,0
Raouf Hammoudi بومدين لايت 🤣🤣نكماصا ني.ك مطرف,0,dataset_1,1,0
رسلتلكم استفسار فالخاص في 6 اشهر مارديتوش راكم مخصرين معايا دجيري هاذي ڨاع مشي عقلية انا تردولي دراهمي الله يسهل .. والله سيريو اصبحتم أسوأ شبكة,-1,dataset_1,0,0
حاب نسقسيكم دوك نتوما طلابين نكون نعيط يديرولي غنية (ابوني في نغمتي باه تسمع موسيقى كي لخرا ) راهي موزنبيق خير منا,-1,dataset_1,0,0
اجيزي ليزينيتي كيصرالهم؟فليكسيت 30 الف لقيت عندي 17 الف,0,dataset_1,1,0
Ayoub Kalem والله 😏😏,0,dataset_1,1,0
مكانش واحد مدحكم ولا تكلم عليكم بالخير نصيحة ياإما تعدلو رواحكم ولا سكرو احسن,-1,dataset_1,0,0
اريد ان ازيل خاصية مسنجر مجانا و النظر إلى صور دون autorisé les données,-1,dataset_1,0,0
Ki t9iss drahmak 3la publicité chakla hh w tkharajha m les employeurs 🤣🤣,-1,dataset_1,0,0
كاش واحد ربح يبين روحه فتعليق ؟,0,dataset_1,1,0
Rh Abderhmane انا,0,dataset_1,1,0
Rh Abderhmane ختي ربحت في رمضان بصح قالولي كاين وقت لي نلعبو فيه,0,dataset_1,1,0
كنت راح نشري جيزي قريت التعليقات بدلت رايي نكره السراقين أنا .اصلا الواحد غلط ما هدرش نحيتوهالو مانوليش ليها,-1,dataset_1,0,0
HaNad El Djilani اخطيك عندي ألين والله ماتصلح النت خماج عزك الله,-1,dataset_1,0,0
نتوما سراقين والكونيكسيو تاعكم تكمل ديركت الله خلصت كونيكسيو تاع سيمانة قعدت نكونيكتي فايسبوك قعدت ساعة وكملتلي راكم تسرقو عيناني,-1,dataset_1,0,0
Nadir Gemes ايه تروح لجيغا بزاف,0,dataset_1,1,0
Arafat Abdallaoui ايه,0,dataset_1,1,0
وين راهم إشهارات جيزي القديمة دك راهم غير يخلطوا فوضى و رداءة يدفع عليها المال,0,dataset_1,1,0
خويا ربي يعيشك لكان راك تقرى في الكمونتار تاعي حم بوك ماتزربش في الهدرة غي بسياسة مانا قابضين والو غير بعقلك وفهمنا وحدة وحدة دنيا ماهيش هاربة,0,dataset_1,1,0
سلام جماعة جيزي والله غير عيب عليكم حنا في 2020 مزلنا نعانو خدمة رديئة وتغطية ضعيفة جدا في ولاية ڨالمة لازم نكون قريب لنتان تاع جيزي باش نكونكتي وفليل انسا حاجة اسمها انترنت لاكان مكمش قادرين عليها بيعوها وهنونا سوردنا راحو باطل وربحنا غير تكسار الراس نرجو منكم الاهتمام بهذه الولاية وتحسين خدماتكم,-1,dataset_1,0,0
بإذن الله تخلاص لابونمو ماتزيدش تركب بيس جيزي فالتيليفون تاعي ..لاريزو يصلح ولا أنترنت بش تكونيكتي لازم تعس على الناس حتى يرقدو 👎,-1,dataset_1,0,0
حمة إليٱس ڤاع خويا تا انا حلفت تكملي هاد لخطرا قيس والديها ونجيب اوريدو,-1,dataset_1,0,0
من قوة جيزي فور . لي زونيتي يتهدرو وحدهم,-1,dataset_1,0,0
سؤال برك علاش مع الصباح الكونكسيون تطير وكي تلحق العشية تولي كيما الفكرون بصح غير ندير VPN تعاود تولي خفيفة،يعني المشكل ماشي فالازدحام، نتوما راكم تنقصولها,-1,dataset_1,0,0
إدريس جاد اعطينا اسم vpn فرار,0,dataset_1,1,0
Mākh Lõufi Ufo vpn,0,dataset_1,1,0
ندخل دار تولي جيل ماقبل الجاهلية يعني خارج تغطية نخرج من الدار تطلع الجيل الرابع خخ و سرعة النت 🐌 نخلص 1500دج 40 جيجا هذيك متمني نستهلك نصفها خخ,-1,dataset_1,0,0
Hakim Bouderah هه عندك الحق 😏😏,0,dataset_1,1,0
ماراحش تريقلو الكونكسيون و تردوها كيما كانت ايا حنا غادي نعتازلو دجيزي كامل العائلة و لي معايا يدير جام,-1,dataset_1,0,0
يا نتوع الجزي يرحم بابكم قولولي بك لي زينيتي نشرجي من تاكلوهملي من كشغل راني نعمر في بيدون مخروق.,-1,dataset_1,0,0
Djezzy,0,dataset_1,1,0
و شحال غومني هذا بنادم ما ضحك ما بكي شكلة فوق لرض,-1,dataset_1,0,0
Youcef Mhd ولله نت تخمم كما انا,0,dataset_1,1,0
كنت حاب ندير بيس جيزي بصح ملي شفت هاد لبنادم اقسم بالله مراح نشريها,-1,dataset_1,0,0
كل العروض لمليحة نحيتووها ، مش ناس كل قادرة علي 200 ألف تفليكسيها كل شهر أنا كنت ندير انتاع 120 شهر زدتو نحيتوها ، ما عندكمش مصداقية و كونكسيو ضعيفة,-1,dataset_1,0,0
خدمات رديئة جدا زد لذلك هذا الاشهار مكرهلي حياتي خاصة في رمضان كان يخصلي صيامي..,-1,dataset_1,0,0
Chkil f chkil djezy Di ta3 chkopi ga3 mchi coniction tahya oredoo,0,dataset_1,1,0
Ya khra ya zbel 1200 ditouhali mniytkom rakom 3abyin khawno 100 200 machi ga3 1200 we zid service client normalement batel n3ayt bdrahem we tdouli les unités we matrfdouch lah latrbahkom,-1,dataset_1,0,0
جيزي رجعولي بريفي قولتولي ابعثلنا المعلومات تاوعك مبانش خباركم,-1,dataset_1,0,0
مرحبا،سيتم الرّد على رسالتك في اقرب وقت 😊,0,dataset_1,1,0
Djezzy رجعولي قولولي الكادو تاعي وين راه ربحتو في رمضان,-1,dataset_1,0,0
Djezzy عندكم سمانة ملي قلوتولي ابعثلنا المعلومات تاوعك تتمسخرو بيا,-1,dataset_1,0,0
كيفاه ندير بيناتنا,0,dataset_1,1,0
نعتذر عن ذلك، سيتم الإتصال بكي لإستلام الهدية في اقرب وقت 🙏,0,dataset_1,1,0
Djezzy من رمضان و نتو تقولو هاذ الكلمة,0,dataset_1,1,0
عندي جيزي مفيهاش كنكسيو خلاص فهمونا,0,dataset_1,1,0
Dal Queen وانتي. علاش. مزلتي.. تامني.. بالخرطي. تاعهم. انا.. كان.. يقولولي 😜.. الشمس.. تطلع. في الصباح مانصدقهمشكوني. متهنية. 😂😂يعرفو للتبلعيط,-1,dataset_1,0,-1
ممكن تقولولي كيفاش نقدر نتصل بجيزي باش نسكر لابيس تاعي؟,0,dataset_1,1,0
David Rivera مرحبا، الرجاء الإتصال بنا على الخاص 😊,0,dataset_1,1,0
من فضلك اليوم جيت نعيط لقيت الخط موقف مؤقتا مافهمتش علاش و نحتاجها عاجلا,0,dataset_1,1,0
Kheira Bekhedda مرحبا،يمكنكي الإتصال بنا على الخاص لتلبية طلبك 😊,0,dataset_1,1,0
دجزي علاه صكرتولي ابيس تاعي,-1,dataset_1,0,0
انا من 2006 و هي عندي و اليوم لقيتها مغلوقة و البارح برك هدرت بيها,-1,dataset_1,0,0
محبتوش تردو فلخاص,0,dataset_1,1,0
Kheira Bekhedda والله كيفي من 2008 وهي عندي وبلعوهالي نهار العيد,-1,dataset_1,0,0
راه عندي مشكل في لبيس جيزي ردوا علينا,-1,dataset_1,0,0
Djezzy المشكل نتاعي لبيس جيزي كانت تمشي عادي ودرك ودرك كتبلي فشل الشبكة يعني متبلوكتش عندها 5 سنين 5,-1,dataset_1,0,0
يا اخي جاوبونا علاش هكذا رقمي نحتاجو علاش وقفتوهلي اليوم,-1,dataset_1,0,0
بعثتلكم ختي جاوبيني,0,dataset_1,1,0
تم الرد.,0,dataset_1,1,0
رجعونا امتياز,0,dataset_1,1,0
Djezzy ردو علينا في الخاص,0,dataset_1,1,0
لماذا لا أجد امتياز ب600 دج ؟,0,dataset_1,1,0
PRV,0,dataset_1,1,0
"Bonsoir, Nous vous remercions de nous avoir contacté. Nous allons vous répondre le plus vite possible, merci =)",0,dataset_1,1,0
هل سيتوفر الشحن جواهر فري فاير من شركتم اتمنا الرد,0,dataset_1,1,0
عندو الحق ناس كامل تشحن بالرصيد و نتوما اصلا كونكسيون كي ناس ما طلڨتوهاش,-1,dataset_1,0,0
علاه سكرتولي لابيس ومحابينش تفتحوها,-1,dataset_1,0,0
من فضلكم كيفية تحويل رصيد من البطاقة الذهبية للتلفون ؟,0,dataset_1,1,0
السلام عليكم،تتيح خدمة الفاتورة الإلكترونية دفع الفواتير لجميع المشتركين بأمان تام ، وذلك من خلال موقع جيزي.لمعرفة المزيد ، ندعوك لزيارة قسمDjezzy E-FACTURE على موقعنا على الرابط أدناه :,0,dataset_1,1,0
Djezzy للاسف ما نقدرش ندخل للصفحة لانو ماعنديش انترنتلهاذا حبيت نحول رصيد من البطاقة الذهبية و ناكتيفي انترنت,0,dataset_1,1,0
كثر خيركم Abdessamad Kim,0,dataset_1,1,0
لابيس تاعي سكرتوها علاه,0,dataset_1,1,0
مرحبا،يرجى التواصل بنا على الخاص و تقديم رقمك الهاتفي مع الإسم و اللقب لنتمكن من إفادتك. 😊,0,dataset_1,1,0
حنا نخلصو كونيكسيون تاع شهر 150 الف فيديو في مسانجر ما يمشيش 5 ثواني,0,dataset_1,1,0
アヌースアヌス アヌースアヌス والله العظيم غير عندك الحق نخلصوا أنترنت 1500 دج و فوكال ميمشيش,-1,dataset_1,0,0
Djezzy رني بعثلكم في الخاص,0,dataset_1,1,0
Djezzy الأنترنت راني ضعيفا منذ شهر وراني نفليكسي 1200 ولى 1500,-1,dataset_1,0,0
Djezzy والله كانت جيزي فوور بزاف منذ شهر وذوركا ولات ثقيلا بززاف,-1,dataset_1,0,0
Djezzy بعثتلك بارح مساج ردي عليا نت برك,0,dataset_1,1,0
Djezzy ريڨبونا يرحم والديكم في أقرب وقت,0,dataset_1,1,0
mm moi,0,dataset_1,1,0
من حشية محبتش تمشي فيسبوك حتى دخلت من اوريدو,-1,dataset_1,0,0
جيزي كذابة تشكيلهم يقولولك دير لابيس تاعك في ال un و كي تقوللهم ديجا راهي في ال un يقولولك دوك نرسلولك configuration . ياو فاقو djezzy اطلقو الكونيكسيو راكم تسرقو فينا . انتوما تاني عصابة,-1,dataset_1,0,0
عبد المالك اي بلعاني و زكارة و سرقة يطلفو عروض جيدة يكسبو بيها الزبائن و ممبعد يرجعوها ثقيلة و يطلقو عرض جديد و خفيف باش نبدلو العرض و تشري بيس جديدة,-1,dataset_1,0,0
Djezzy اي اطلقو الكونيكسيو مكان لا خلل تقني و لا هم يحزنون انتوما هوما لي راكم دايرين النقص هذا جربت الكونيكسيو تقريبا في كل شمال الجزائر جيبها من تيزي وزو حتى لعين تيموشنت نفس المشكل,-1,dataset_1,0,0
Abdoun Khan khouya ana krahte nbedel mobilise wlh grave y3ayou daymen ndire 1500 après jiblek kelbek,-1,dataset_1,0,0
アヌースアヌス アヌースアヌス même chose je souffre énormément aucune connexion,-1,dataset_1,0,0
علاش وقفتولي لا بيس بلا سبب جاوبونا,-1,dataset_1,0,0
مرحبا،يرجى التواصل بنا على الخاص و تقديم رقمك الهاتفي لنتمكن من إفادتك.شكرا، نسرين من جازي 🙂,0,dataset_1,1,0
رسلتلكم ومجاوبتوش,0,dataset_1,1,0
Djezzy رني بعتلكم وماجوبتونيش,0,dataset_1,1,0
شبكة الانترنيت في جازي راهي رديئة جدا مليتها وكرهت لوقتاش هذا المشكل,-1,dataset_1,0,0
حسنو نوعية الشبكة ، 15 سنة اشتراك لم ارى جازي بهذا السوء,0,dataset_1,1,0
Djezzy راسلتكم 66 الف مرة لكن لا احد يجيب ، عندي اربعة اشتراكات جازي ، نخلص تقريبا عشرة الاف دينار شهريا ، مقابل خدمات كارثية ، كل شهر نقول ضرك يسڨموها,-1,dataset_1,0,0
Med Ali Larabi بدل ياخي هوما لي خاسريين أنا نرجع موبيليس خير,-1,dataset_1,0,0
ردو علينا فالخاص,-1,dataset_1,0,0
تم الرد.شكرا لتواصلك بنا، نسرين من جازي 🙂,0,dataset_1,1,0
عندي لابوس جازي كي ندير 99 يخرجلي النيميرو تاعها بصح يصوني عند وحدوخر ردو عليا فالخاص من فضلكم,-1,dataset_1,0,0
سڤمو الريزو كان روعة عندو سمانة في حالة فسد خلاص نهار العيد مكانش لليوم شوي تحسن,-1,dataset_1,0,0
Salim Kalfa Fox تحيا موبيليس هاذو غي شكيل كي البريد الصوتي كي مصلحة الزبائن ..خرا,-1,dataset_1,0,0
Sad Dam khouya habite nbadel ndire mobilise wsh tkoul mliha ??,0,dataset_1,1,0
سلام غلقتولي خطي رغم انو عندي اقل من شهر ملي شريتو,0,dataset_1,1,0
وين راهي العروض لي كنتو موفرينها علاه قلعتوها وزيد الريزو راه قليل كنتو جايبينها غايا ومن بعد خسرتوها,-1,dataset_1,0,0
كنتو دايرين امتياز مكان والو حبستولي راسي,-1,dataset_1,0,0
Djezzy وي درتها او مفهاش,0,dataset_1,1,0
لابوس قديمة,0,dataset_1,1,0
حسنونا الريزو رانا ملينا من الإنتظار..,-1,dataset_1,0,0
Djezzy ردو علينا في الخاص راني من صباح نبعث,-1,dataset_1,0,0
الأنترنات تاع جيزي عيانة بزاف في بوسعادة. راني نخمم نبدل الخط إلى متعامل آخر,-1,dataset_1,0,0
Msg privé envoyè veuillez rependre svp,-1,dataset_1,0,0
ممكن تجاوبوني فلخاص ؟,0,dataset_1,1,0
استعملت خدمة FlexyNET لإرسال الجيڨات ممكن تقولي شحال تبقى باه توصل عندي ؟,0,dataset_1,1,0
لاكونكسيو تعكم ميتة نشرجي 100دج في الشهر باطل اصلحو ريزو تعكم ومبعد ديرو العروض,-1,dataset_1,0,0
سلام راه عندي مشكل فالانترنت كل شهر ندير الباقة تع 40gb يوميا كي تلحق الساعة 13:15 بالضبط تروح الانترنت تماما .,0,dataset_1,1,0
عندي جازي مطلعش الكنكسيو والو تقيلة,-1,dataset_1,0,0
اني راسلتكم في الخاص على جال الانترنت راهي كارثة ريڨلوها ولا خليونا نشوفو طريق اخرى رانا كرهنا,-1,dataset_1,0,0
Yassine Menasra هادا ريزو ولا واش انا عياتني كانت تمشي دوك حبست,-1,dataset_1,0,0
Khalef Sif Elislam بربي ان شاء الله خويا هاذ المرة لخرة لي نفليكسي فيها,-1,dataset_1,0,0
اودي كونكسيون كي صرالها ؟,-1,dataset_1,0,0
Djezzy اوك 🙂,0,dataset_1,1,0
هي لازم الشرائح الثانوية تكون متصلة ب هاتف ذكي و لا نو ؟و هل أستطيع تغيير الارقام الثانوية أثناء سريان العرض ؟ ارجو الرد و التوضيح أكثر في ما يخص العرض .,0,dataset_1,1,0
واش ملعرض تخلص 150 تدخل للمسنجر فيديو ميمشيش تدخل بنجمه يمشي نورمال جابلي ربي نحبسو ملجيزي هاذي تعيي,0,dataset_1,1,0
جايبينها جايبينها بهايلة بززاف ومبعد قرعتوها ..بهذي التبهديلة تاع بيناتنا 💩💩.الانترنت راحت كامل .من نهار العيد الى يومنا هذا ولا كي درتو العرض الجديد راح العرض تاع 150 في ذاك الشيئ ياو فاقو ..والله ويبقى هكذا غير ترجعو كما كنتو من قبل واحد ما يستعمل جيزي ..,-1,dataset_1,0,0
بصح وعلاش مركمش تريبونديو على الخاص تبعت ميساج يقولولك أبعت العنوان و الإسم إلى آخره ومنبعد لا حيات لمن تنادي ميعاودوش يشوفو و ميصلحوش الضعف الكارثي لي راه صاري فالريزو و cnx لينتا تستمر هذي الوضعية راني 10 أيام بلا cnx,-1,dataset_1,0,0
مرحبا جيزي فليكسيت 120الف عملت عرض30جيجا مشات الانترنيت ساعة ومبعد راح الدوني موبيل ماعادش رجع درك نقدر تهدر بها بالصح الانترنيت مكانش بدلت الشريحة لمودم جيزي ونفس المشكلة مكانش الإنترنيت ماداافعل؟؟,-1,dataset_1,0,0
وقفتولي رقم ديالي وكي تصلت تقولولي ملفك ومنعرف وبطاقة تعريف وانا رقم ديالي من 2004 وهو عندي كيفاش مكاش ملف,-1,dataset_1,0,0
راكم غير تخرطو عرض اقل اغراء من العروض الموجودة .لماذا تخسروا في الاشهار باطل المسؤول عن التسويق ديما يحب يكسر شركة جيزي ؟؟,-1,dataset_1,0,0
العروض تاع امتياز..800دج .و100دج.وعلاش وقفتوهم..بدون سابق انذار..والريزو اصبح كارثة..راكم تحاوزو في الغاشي..الخدمة رديءة جدا..واس بيكم كنت ملاح اوبعد هميتوها..حافظو على الزباءن..كارثة..؟؟,-1,dataset_1,0,0
النفاق الشقاق،وين راهي كونيكسيو ،تقول الماء جي وتروح.حسبنا الله ونعم الوكيل .,-1,dataset_1,0,0
والله يا دجزي ومومبليس سرقتو أكثر من سلال واويحي وبوشوارب والعصابة كاملة تبعو في الريح لي الشعب مكانش رقابة تسرقو في الفليكس وتسرقو في الانترنات تشري باقة بي 100الف وسرعة الانترنات تقيلة واغلب الاوقات مكانش خلاه,-1,dataset_1,0,0
ضعيف جدا هذا الإشهار.. خاصة من ناحية التمثيل .. الناس لي راهم يديروا فيه يهدرو بسرعة كبيرة وفي هذا الحالة ما يفهمكش الشعب و الممثلين هذوا راهم بانو بلي يديروا في اشهار .. اتصلوا بخاوتكم التوانسة عندهم نقاط اتصالات واشهارات بأقل تكلفة و أفكار جد راقية و تخلي المشاهد يهتم بالعرض,-1,dataset_1,0,0
من فضلكم ديرونا عرض هدرا برك بدونانترنت بسومة معقولة(لأن هناك أشخاصتستغن عن انترنت في الموبايل) و شكرا على خدمتكم,-1,dataset_1,0,0
رانا نعانوا رانا نعانوا رانا نعانوا مع كونكسيون و الله عيب تقول 4G هادي 2G . والله عيب زبون يعاني وبالرغم قدمنا شكاوي عدة ولكن دون جدوى الله يهديكم .,-1,dataset_1,0,0
يا تحسنو الخدمة تاعكم. لي مخلصينكم عليها قبل ولا نبدلو كل الى متعامل اخرى انذار ..,-1,dataset_1,0,0
على ديك الكونكسيو العيانة حسنوا شوية الخدمة تاع الانترنيت,-1,dataset_1,0,0
لا صحة عيدكم لاوالو رجعو لي رصيد نتاعنا وافتحو مصلحة زبائن واحد لايعو د يسمعكم لكلام عيب راهو,-1,dataset_1,0,0
لا صحا عيدكم لا والو ريڨلو الكنكسيو راها تعيي كما نتوما و من بعد نقولولكم صحا عيدكم,-1,dataset_1,0,0
اعطوهالي رصيد مانحتاجش صحى عيدكم تاعكم وريقلو الكونيكسيو راهي كوليرا,-1,dataset_1,0,0
عيدكم مبارك❤️تقبل اللّٰه منا ومنكم وغفر لنا ولكم,0,dataset_1,1,0
العيد اسلامي والدولة الجزائرية مسلمة عربية لغتها الرسمية العربية والتهنئة بلغة فافا فرنسا لانحتاج تهنئتكم,0,dataset_1,1,0
نكماصا مطرف نعيد خخ,0,dataset_1,1,0
عيد اضحى مبارك ، تقبل الله منا و منكم صالح الأعمال،..,0,dataset_1,1,0
كونكس تع جيزي كيما عشوة العيد,0,dataset_1,1,0
عيدكم مبارك سعيد وحسنونا الريزو4G برك,-1,dataset_1,0,0
عيدمبارك للجميع ان شاء الله .الريزو من الصباح لحد الان ما كانش في ولاية الوادي,-1,dataset_1,0,0
وراهي الكونيكسيون منبعد نعيد عليكم,-1,dataset_1,0,0
Ha rsloona msg tfakroona had l3am 3ndna ri ntoma 😔,0,dataset_1,1,0
عيدکم مبارك سعيد کل عام وانتم بخير,0,dataset_1,1,0
الريزو ناقص عندنا بزااف هذي شحال من عام كي تدير لدوني تقريبا تحكم غي شرطة في الريزو وتمشي,-1,dataset_1,0,0
عيدكم مبارك وكل عام وانتم بخير,0,dataset_1,1,0
عيدكم مبارك سعيد ،كل عام وانتم بخير,0,dataset_1,1,0
كل عام وانت بخير واقرب إلي الله سبحانة وتعالي عيد سعيد عليك وعلي اسرتك.,0,dataset_1,1,0
تحية اخوية للجميع و عيدكم مباركبعد استىئذانكم واستسماحكم اخوتي اخواتي اكتبوا اسمائكم في بروفايلاتكم بالعربية ان كنتم تحبونها فعلا ثم اطلبوا من الغير مخاطبتكم بلغة الضاد المحفوظة بقوة الرحمان جل علاه.تحياتي..,0,dataset_1,1,0
Joyeux fête l3id djezzy,0,dataset_1,1,0
ياريث جيزي ديري عروض مثل موبليس ونجمة,-1,dataset_1,0,0
عيد سعيد مبارك، الشبكة 4G في الشهرين الأولين مليحة ولكن هذا الشهر فيه تذبذب!؟.,-1,dataset_1,0,0
هدا وين فليكسيت د مالقيتهمش و بعتلكم ميساج و مكانش غيبونس؟؟ ؟؟,-1,dataset_1,0,0
سقمو الريزو ومنبعد قولو صحا عيدكم,-1,dataset_1,0,0
هاو كيفاه السنا متفكرتوناش بميساج تاع تهنئة العيد 😒🤔 ولاتلفتوا العشرة صاي,0,dataset_1,1,0
مديتولنا دقائق باطل باه نغافرو ومنبعد قولو صح عيدكم,-1,dataset_1,0,0
عيد مبارك الريزو كرهنا جاو الفريق تاع الصيانة الهوائي كان يمشي ويحبس ضرك ولى كي المهبول اخدموه,-1,dataset_1,0,0
عيدكم مبروك جيزي ڨاع مي في خاطر زهرة برك ..زاغا عيدكم مبارك سعيد 🌹🌹,0,dataset_1,1,0
Stivane Stiv صح عيدكم 🙂,0,dataset_1,1,0
عيد مبارك و سعيد فيه الخير والبركة والقوة والصبر والصحة والرحمة بإذن الله سبحانه وتعالي الرحمان الرحيم بالعباد والبلاد,0,dataset_1,1,0
Saha aidkoum w kol 3am w ntouma bikhir Snn ta9drou tmadouli numéro tae service dylkom Bach naeytlkom aendo prplm f la puce,0,dataset_1,1,0
تقبل الله منا ومنكم صالح الأعمال والطاعات,0,dataset_1,1,0
🎊🎉عيدكم مبارك 🌠تقبّل الله منّا و منكم✨وكل عام و أنتم بألف خير❇💜💛💚👍,0,dataset_1,1,1
صح عيدكم 🙂,0,dataset_1,1,0
ياو ميساج باش نعيد على لافامي مالحقش بالكونكسيو تاعكم ربي وكيلكم,-1,dataset_1,0,0
عروضكم اصبحت ضعيفة جدا لمذا,-1,dataset_1,0,0
اسوء شبكة الاحسن موليلبس,-1,dataset_1,0,0
بون.كوراج.ولازم.عليكم.تحسنو.كونكسيون,-1,dataset_1,0,0
صح عيدكم مديروش كونيكسيوا باطل بمناسبت عيد الاضح,0,dataset_1,1,0
عندي جازي هايلة حبيت نحولها إلى عرض ميفوتش 120 و احسن من هايلة كفاش ندير و ماهو العرض 6 جيقا قليلة,0,dataset_1,1,0
خاوتي باج متاعي تلقو فيه صور بروفيل شابين للبنات و لولاد عاونوني بجام ربي يعيشكم 💛,0,dataset_1,1,0
الكونكسيو مكانش حتى الشريحة لا تعمل الوضع لا يطاق اقسم ب الله عيب نجي نعلق نقول هكدا بدل ما نقول مشالله كونكسيو هايلة ؤريدو 4G راهي خير من جيزي علا الف مراة 😞😞😓😓,-1,dataset_1,0,0
Chkoun l ra7 andeh réseau ta3 djezzy ! Mais c grave!! Smataa,-1,dataset_1,0,0
البارح فليكسيت 500 و درت عرض اكسترا تاع 500 واليوم ملقيت والو راني نعيط بصح مكاش رد,-1,dataset_1,0,0
عيدكم مبارك عندي مشكلة ممكن خاص,0,dataset_1,1,0
ني عيد ني شكوبي الريزو ماكاش راني بأوريدو الباطل تاعها خير من 40 جيقا تاعكم,-1,dataset_1,0,0
Kifach hadi lbarh faliksit 1500 dork l9it fiha 127 sara9in,-1,dataset_1,0,0
الكونيكسيون مكاش و كي جي تقيلة اسوء شريحة هي جيزي 👎🏻👎🏻👎🏻,-1,dataset_1,0,0
"Vous m'avez couper ma ligne qui avait un problème technique car je ne pouvais pas appeler avec, en plus de ça quand j'appel le service client vous m'annoncer que vous êtes pour la lute contre le covid 19 et quant je demande un conseiller vous me dite que c'est 100 da /minute c'est quoi se vole",-1,dataset_1,0,0
لا تربحكم ان شاء اللهكليتولي 20 الف اليوم لا تربحكم🙃,-1,dataset_1,0,-1
سلام عليكم سي نورمال في 27 جويلية درت أبونمو تاع 1500 عتاولي 50 جيڤا معا 300دج هدرة و ليوم 31 جويلسة خلاصلي كولش يعني بعد 3 أيام.. من فضلك جاوبني ✋🏼🖐🏼👋🏼,0,dataset_1,1,0
اليوم مقتليش صاحا عيدك تحيرت عليك والله ياك مكومش زعفنين مني😢,0,dataset_1,1,0
صح عيدكم وكونكسيون ثقيله ما عدتش كيما كانت والله اوريدو خير منكم ،علاش ما تشوفوش حل في اسرع وقت مع نهاية الشهر تلقوا نصف الزبائن راح لاوريدو,-1,dataset_1,0,0
فهمونا برك علاه تسرقونا ليزينيتي ؟؟,-1,dataset_1,0,0
اليوم سرعة الانترنت خراا بكل بساطة اسؤا خدمة انترنت فالعالم يعني انا يوم كامل سرعة الانترنت لم تتعدى 80kbs,-1,dataset_1,0,0
يجزي من فضلك الرد انا استلفت 20 دينار ولكن لدي أمر طارئ كيف اتسلف من جديد الرد,0,dataset_1,1,0
اسوأ تغطية انترنت فالجزائر جربت اوريدو حسيت بفرق شاسع لا مجال للمفارنة,-1,dataset_1,0,0
وشبيكم تكتبو فرنسي يا شركة اسرائيل والخونة لمزية بدلت اوريدو افضل منكم 100مرة,0,dataset_1,1,0
فليكسيت 1500 اكتيفيت الانترنيت بصح تقيلة 24 ساعة مداري فاليل خفيفة راهي 33k/s م علاه ماراني نقد لا نتفرج لا والو,-1,dataset_1,0,0
Bonne fête Djezzy Prière d'améliorer votre connexion .,0,dataset_1,1,0
مدينة مليانة ولاية عين الدفلى نطلب منكم 4G رانا نعانو من الكونيكسيون.,-1,dataset_1,0,0
صح عيدكم رجعونا العروض تع امتياز,0,dataset_1,1,0
"C'est quoi le problème, depuis jeudi soir "" Vous n'êtes pas autorisé à effectuer cet appel""",0,dataset_1,1,0
je n'oublirais jamais 46 kbp/s de c'est deux jours de l'aid .. les 1500 DA/ moi irons pour la switch d'ooredoo mennael fouk .. bey bae djezzy-rahdj .,-1,dataset_1,0,0
كيف اغير من خدمات هبال إلى خدمات امتياز,0,dataset_1,1,0
عيد الأضحى مبارك للجميع يارب كل عام وأنتم بألف خير بس كون غير بعثتولنا رسالة والله لا عيب عليكم حتى اوريدو وموبليس بعثولهم وانتوما غير في فيس برك,0,dataset_1,1,0
Cnx dyalkom wlat te3yii ya dini 6.30 ta3 sbah makach cnx offre hayela bezaaf wlat leguyaa bezaaf,-1,dataset_1,0,0
عندي مشكل علاه قفتولي شريحة تاعي و نعيط خدمة الزبائن ميهزوش !!,0,dataset_1,1,0
سڨمولونا ريزو ره عيان 2020مزلنا نحوسو على ريزو وعلى كنكسيو في عاصمة في الحراش تمسخير والله تخسرو في زباين ديلكم اريدو فور بزااف والله بلبونس تقظر تعيط مصلحة زباين نتوما لزم نفلكسو به نهدرو معاكم,-1,dataset_1,0,0
انا لا اتلقى منذ مدة عروض امتياز كيف يمكنني الاستفادة مجددا من عروض imtiyaz,0,dataset_1,1,0
خدمة الإنترنت جد رديئة، وخدمة المكالمات أسوء.متى يتم تحسين الخدمة لتكون على قدر المبالغ التي ننفقها على شبه خدمة الإتصال؟؟,-1,dataset_1,0,0
عيدكم مبارك كونكسيون في جيجل طاهير بالضبط ف نواحي الدكارة و ماجورها اتقل مايكون اصلحو المشكلة,-1,dataset_1,0,0
والله باش دخلت نكومنطي هنا حتى غلقت وشعلت بيانات الهاتف 2 مرات أسوء كونيكسيون منذ شهرين اليوتيوب مليحة ام كامل الالعاب اونلين و الفيسبوك. وانستاغرام لا علاقة الميساج مانقدرش نشوفهم وراني داير 40 GB,-1,dataset_1,0,0
سكان المملكة يطالبون بنت مجاني هدية العيد اذا حبيتو زعما .,0,dataset_1,1,0
صحى عيدكم زيدولنا شويا فالكونكسيو,-1,dataset_1,0,0
يا واجبوني خصني كود pin نسيتو 😑😑,0,dataset_1,1,-1
سلام عليكم صحاا عيدكم عندي شريحة جيزي confort استبدلت عرض من 1500DA الي 200DA من بعد بي غالط استبدالت عرض 300DA اريد رجوع الي عرض أول أو ثاني,0,dataset_1,1,0
Aid moubarek a tous,0,dataset_1,1,0
لما لا تردون على رسائل,0,dataset_1,1,0
غلطت درت لانترنات مجاني ومعرفتش نحي جدها رني نمشي باطل تعكم مخرجتش عليا او كيفاه نحيهاا,0,dataset_1,1,0
saha aidek Nesrine taa3 djezzy hh,0,dataset_1,1,0
كل عام وانتم بي الف خير,0,dataset_1,1,0
عيدك مبارك مام نتوما نسرين وزهرة فالغيبية 💕,0,dataset_1,1,0
مافهمتش انا ناكتيڤي الانثرنث لمدة شهر.وكي نغليكسي باع نعيط تدوهم هادي سرقة ولا واش؟ثلاث مرت نفليكسي ما مشتركة حتى في خدمة يتسرقوارجو الرد,-1,dataset_1,0,0
عندي اشتراك 75 جبغا ب 200 لكن لضعف الجودة استعمل فقط اثنين او ثلاثة,-1,dataset_1,0,0
صح عيدك 🙂,0,dataset_1,1,0
مرحبا،يرجى التواصل بنا على الخاص و تقديم رقمك الهاتفي مع الإسم و اللقب و تاريخ الميلاد لنتمكن من إفادتك.نسرين من جازي 🙂,0,dataset_1,1,0
صح عيدكم 😍😍بصح حاولو تحسنو الانترنت لأنو تعبتنا راهي ثقيلة بزاف,-1,dataset_1,0,1
j'ai reçu le telephone gagné grace a shake and win aujourd'Hui merci djezzy et sa7a 3idkom,1,dataset_1,2,0
ريبوندي عل جدنا فلخاص,-1,dataset_1,0,0
عيد سعيد وكل عام وانتم بخير 🎊🎉 معكم دائما نقطة بيع 🎈,0,dataset_1,1,0
Saha 3idkom svp ripondiw f prv,0,dataset_1,1,0
عيدكم مبارك وكل عام وانتم بخير وصحه وعافيه,0,dataset_1,1,0
Franchement kifkom kif elhoukouma entouma fi blad wa hena fi blad!! La journée makah connexion allah yahdikom!,-1,dataset_1,0,0
معنديش جيزي نتابعكم في خاطر زهرةزهرة عيدك مبروك,0,dataset_1,1,0
سرعة إنترنت ثقيلة مذابيكم جيزي شوفونا حل 4G وسرعة350kbs رانا غي في وهران مفهمناش هذا ريزو,-1,dataset_1,0,0
ديرونا الانترنات مجاني بمناسبة العيد غي نهار ومعليش,0,dataset_1,1,0
صحا عيدكم جيزي⁦☺️⁩,0,dataset_1,1,0
صح عيدكم و كل عام و انتم بخير و شيئ آخر نريد باقة جديدة ليوم العيد و ربي يوفقكم,0,dataset_1,1,0
ماتزكيوش علينا لابغا 2gانترنات برك,0,dataset_1,1,0
اي وشبيها كونيكسيو ولا غير انا,0,dataset_1,1,0
حسنو في الكونيكسيو راهي مرض مكاش خلاص,-1,dataset_1,0,0
كل عام انتوما بخير ليكيباج جيزي دمتم متألقين و ديما بالجديد 💞,1,dataset_1,2,0
لماذا لا تردون علي رسائل في الخاص انترنت فاشلة واتصالات خردة انا ناكتيفي بدراهمي ماشي صداقة من عندكم لماذا لا تقومون بتعديل واصلاح هوائيات الانترنت والاتصالات مع انكم تعلمون ان شركتكم اصبح خردة ولا تقومو برد علي شكاوى نحن نطالب مصلحة المستهلك باخد هذا الامر بعين الاعتبار واتخاد الاجرائات الازمة في بلاد الغرب الانترنت حق كل مواطن مثل الاكسجين اما في بلادي بدراهمي ومش قادر نستخدم لا الانترنت ولا نقدر نعمل اتصال,-1,dataset_1,0,0
الشهر الماضي عبئت 1500 دج 40 جيغا. لم أستعمل إلا 22جيغا و انتهى الشهر و خسرت 18جيغا سرقة كالعادة. و ذلك بسبب التضييق و الانقطاع و التوقف. المصطنع من الشركة لسرقتنا. بطريقة ذكية. الله لا يربحكم.,-1,dataset_1,0,0
Djezzy machi khrito fiha chwia Draham ta3arfo tadohom w service 0 tfou 3likom tala3touli la tension bl connexion ta3 ..,0,dataset_1,1,0
a connexion segmoha ghi thblona w repondo f privé,-1,dataset_1,0,0
اولا عيدكم مبارك كل عام وانتم بخير ثانيا ارجو منكم النظر في طلبي وشكرا .,0,dataset_1,1,0
لايوجد اي جديد,0,dataset_1,1,0
رانا في 2020 مزال ماعندناش 4G في دائرة العبادية ولاية عين الدفلى,-1,dataset_1,0,0
صح عيدكم حابة نعرف كيفاش نحول نقاط جيزي الى انترنت,0,dataset_1,1,0
عيدكم مبارك وكل عام وانتم بخير خففولنا فالكونكسيون راهي ثيقلة ل 4G,-1,dataset_1,0,0
ياو سقمو لكونيكسيون ومكلاه تقولولي تعال للخاص على خاطر ماتردوش,-1,dataset_1,0,0
Anda ttela Zahra inass saha l3idim,0,dataset_1,1,0
Ani bgratwi yzbi flixsit dawhomli djezzy ta3 zbi,-1,dataset_1,0,0
ريقلونا الكونيكسيو واشبيها هذو الايامات راهي ما تصلحش ارجو عدم التجاهل والاهتمام بالزبون,-1,dataset_1,0,0
ya djezzy 3lach rakom gla9toli la pus ??,0,dataset_1,1,0
احموودة لكنكسيو كي صرلها,0,dataset_1,1,0
عيد سعيد درونا عروض ملاح,0,dataset_1,1,0
ياجيزي بإسمي و اسم العايلة الكريمة نطلب ترجعولي على الميساج تاعي عيتوني معاكم,-1,dataset_1,0,0
انترنت مجاني شكل *54629*864-65# حسام قاضي,0,dataset_1,1,0
كل عام وانتم بألف خير❤🍯,0,dataset_1,1,0
Kawthar hedi sa7bti sr9tiwlha drahmha rj3ohmlha l3id 3id,0,dataset_1,1,0
التغطية ضعيفة جدا و الانترنت تبقي وتخونها لاننا لانستعملها كلها بسبب التغطية الضعيفة كذالك المكالمات ،يجب عليك اعادة المكالمة على الاقل مرتيين لتتمكن من الكلام 😢😕😫😡😡,-1,dataset_1,0,0
بلاد شكوبي ميصلح فيها والو,-1,dataset_1,0,0
الله لا يتربحكم ياالسراقين 3 مراات وانا نفليكسي ندخل باه ناكتيفي نلقاها راحت,-1,dataset_1,0,0
اولا انتم منافقين تردو على تعليقات التهنئة و لي فيها مشاكل الزبون لا نظن مهمتكم الاولى تصليح مشاكل الزبون و أخذها بعين الاعتبار ثانيا انتم سارقين وكيلكم ربي,-1,dataset_1,0,0
كش عروض للعيد اودي خلونا نتمتعو بشوي كوناكسيو *-*,-1,dataset_1,0,0
ني صحة عيدكم ني شكوبي سراقين ياناس اخطاكم من جيزي كونيكسيون خری تحيا اوريدو كونطر علی جيزي,-1,dataset_1,0,0
عيد مبارك وكل عام وكنكسيو مكاش وثقيلة ودرهمنا ربي يخلف 😂😂,-1,dataset_1,0,-1
محمد محمد هه رواح شوف حتى جيزي و ترد على تعليقات بالوجوه 🤣🤣 حاسب غير الحلابة لي عندنا فالقرووب يديرو هاك,0,dataset_1,1,0
عيد اضحى مبارك,0,dataset_1,1,0
او اكلقونا لميغات راهي ليوم 31 جويلية يا ناس يهديكم ربي راني نعيط ميريبونديش في سرفيس,-1,dataset_1,0,0
عيد مبارك وكل عام وانتم بخير,0,dataset_1,1,0
اعطولنا انترنت وانا كرهنا زيرو,-1,dataset_1,0,0
رجعولنا عرض 1500نتاع 40جيغا شهرين مشي شهر هكذا احنا ما نخسرو ونتوما ماتخسرو زباءنكم,0,dataset_1,1,0
انظروا إلى التعليقات يا دجيزي بفف,0,dataset_1,1,0
تفوه عليكم جيزي تع شعر,-1,dataset_1,0,0
صح عيدك جيزي شوي اتهلى كونيكسيو ظعيفة وعروظ شوي تقال,1,dataset_1,2,0
عيدكم مبارك تقبل الله منا ومنكم صالح الأعمال يارب,1,dataset_1,2,0
Aid mabrouk..msg privé envoyer veuillez rependre svp,0,dataset_1,1,0
Djezzyعيدكم مبارك نطلب منكم إستحداث عروض جديدة عليكم مراعات غلاء عروضكم وعدم تلبيتها إحتياجات الزبائن,-1,dataset_1,0,0
أنا ترجعولي درااهمي ما دخلني سراقين لي يفليكسي تدولو دراهمو vive اوريدو نكونيكتي بالزيرو و نشوف ليفوطو ملفوق سراقين لواحد ما يجي يفليكسي بسيف مبعد تنقصولو منهم,-1,dataset_1,0,0
Djezzyسلام عليكم سي نورمال في 27 جويلية درت أبونمو تاع 1500 عتاولي 50 جيڤا معا 300دج هدرة و ليوم 31 جويلسة خلاصلي كولش يعني بعد 3 أيام.. من فضلك جاوبني ✋🏼🖐🏼👋🏼,0,dataset_1,1,0
حسنونا فالانترنات راهي بزاف عيانه.اوريدو راهي فوور بزاف,-1,dataset_1,0,0
.,-1,dataset_1,0,0
عيدكم مبارك وكل عام وانتم بخير وصحة وعافية إن شاء الله,0,dataset_1,1,0
الله لا تربحكم كي نتوما كخدماتكم,-1,dataset_1,0,0
لماذا لا تردون علي رسائل في الخاص انترنت فاشلة واتصالات خردة انا ناكتيفي بدراهمي ماشي صداقة من عندكم لماذا لا تقومون بتعديل واصلاح هوائيات الانترنت والاتصالات مع انكم تعلمون ان شركتكم اصبح خردة ولا تقومو برد علي شكاوى نحن نطالب مصلحة المستهلك باخد هذا الامر بعين الاعتبار واتخاد الاجرائات الازمة في بلاد الغرب الانترنت حق كل مواطن مثل الاكسجين اما في بلادي بدراهمي ومش قادر نستخدم لا الانترنت ولا نقدر نعمل اتصالبلدية ابن باديس ( الهرية سابقا ),-1,dataset_1,0,0
لكونيكسو راهي ضعيفة بزااف لاه هذا,-1,dataset_1,0,0
مزالت تتباع دجيزي هبال تاع 15g مدى الحياة ؟,0,dataset_1,1,0
Djezzy Salit,0,dataset_1,1,0
كيفاه نكتيفي جيزي,0,dataset_1,1,0
الله يحفظكم دجيزي بعثولنا لبونيس تاع شهر Djezzy smart خلاصتلي لكوناكسيو ولهدرة وغدوا لعيد بزاف حتى 1شهر 0781494722لالين تاع 1300دج,1,dataset_1,2,0
Cnx t9ilaa 3lchv,-1,dataset_1,0,0
مشكل كبير في تدفق 3g 4g. تواصلت معكم في الخاص ولا رد؟🤔,-1,dataset_1,0,0
Rbe7t f app djezzy ecoutuer kifach ne9der nestalemhom . Redou 3lina yaww,0,dataset_1,1,0
هدرت معاكم فالخاص Djeyzz,0,dataset_1,1,0
لقد فزت بسمارت فون الأسبوع الماضي شحال نقعد باش نستلم الهدية اخت نسرين و لا زهرة كيف كيف,0,dataset_1,1,0
ردوا على الخاص,0,dataset_1,1,0
Elle est ou la 4g ??,0,dataset_1,1,0
مبروك عليك ، سيتم الإتصال بك من طرف المصلحة المعنية في أقرب وقت.نسرين من جازي 🙂,1,dataset_1,2,0
ردو علخاص ❤,0,dataset_1,1,0
مبروك عليك ، سيتم الإتصال بك في أقرب وقت لإستلام هديتك.نسرين من جازي 🙂,1,dataset_1,2,0
عندي اشتراك تاع 1300 دج شهريا ب خدمات محدودة جدا ؛ أريد ارجاع شريحتي عادية كما كانت للاستفادة من عروض مثل عرض هايلة ، تقربت من مصلحة الزبائن و تم اخباري بأن هذه الخدمة غير متوفرة !! أريد حلا من فضلكم,0,dataset_1,1,0
Okht nessrine cnx ta3kom deyra ki lkhra w chokran 🙄,-1,dataset_1,0,-1
رجعو في الخاص ولا هزو علينا برك منبعد ساهلة,-1,dataset_1,0,0
Repondiwlna f prv cnx t9ila bzf,-1,dataset_1,0,0
مانيش كليكو ..مي حبيت نعطي وردة حمرا برك لزاغا 🌹🌷📣🎀🎁و نقولها عيد سعيد كل عام وانت بخير .. ونقول لنسرين .. الألعاب تاعك هذوا فرحوا بيهم بزاف الحراڨة لي راهم في سبانيا ..وراهم ندمانين وقالونا مظية مارجعوش البوطيات رانا جايين نعيدوا معاكم غدوة إن شاء الله 😎,0,dataset_1,1,0
سراقين الله ينعلكم كونيكسيون تع شعر تقيلة على اتصالات الجزائر,-1,dataset_1,0,0
Djezzy ردوا فالخاص,0,dataset_1,1,0
رد فالخاص,0,dataset_1,1,0
الرد في الخاص من فضلك,0,dataset_1,1,0
نسرين صح عيدك سمحيلي مشفتش الستاتوا راني ب 0 😢,0,dataset_1,1,0
فليكسيت 500 الف ماعنديش سمانة مشات شويا واليوم حبست خلاص شوفلنا المشكل وين عل وجه ربي. سينو نحرق جد لابيس,-1,dataset_1,0,0
اعطونا الانترنيت انتاعنا يا ولاد لحرام يا السراقين,-1,dataset_1,0,0
تخلونا حتا نفكسيو 1500دج اومبعد الكنكسيو تولي تقيلة اليوم الكونيكسيو عيانة كامل والله ندمت لي فليكسيت لوكان بدلت خير ياك رانا نفليكسيو بدراهمنا اطيونا حقنا 40 جيچا تاعنا هادا ماكان اليوم ليلة العيد الكنكسيو ماكاش و الله عييتونا,-1,dataset_1,0,0
واش من انترنت عندكم بالنسبة للعرض نتاع بارطاجي راكم ديتيو 20Goمن عندي هذا هوا البارطاج 😏🙄😡🧐 قصدكم ؟؟ ناكتيفي 1500daونستهلك غير 15Go من 40 سما 25 ليكم 😡🙄😏,0,dataset_1,1,-1
علاش كنكسيو مكاش علاش 🙄,-1,dataset_1,0,-1
ياو فري فاير يابنت ناس,0,dataset_1,1,0
علاش ماديروناش عرض فيه انترنت غير محدودة مثل باقي المتعاملين,-1,dataset_1,0,0
كيفاش ناكتيفي تاع 600 دج. عندي جيزي هبال,0,dataset_1,1,0
اودي ريڨولي ريزو راني في ان اميناس ريزو كان كاين ومنبعد راح اوو بزاف دوك انا رني مأكتفي شكون لي راح يعوضلي,-1,dataset_1,0,0
من صباح الريزو مقطوع و مين يجي الانترنت ما تخدمش اليوم 4 أيام في هاد الحالة حلو المشكلة,-1,dataset_1,0,0
السلام عليكم هل عرض هذا متوفر حاليا ؟؟CLÉ USB 4G + 1 SIM INTERNET + 1 GO À SEULEMENT 2300 DACLÉ USB 4G ZTE MF8311 Go chaque mois valables 12 moisSIM Internet prépayée Incluse,0,dataset_1,1,0
شكرا لك 🙂 صح عيدكم.,1,dataset_1,2,0
اسوء شبكة على وجه الارض,-1,dataset_1,0,0
وين راهي الانترنت ياو اطلقو جدها,-1,dataset_1,0,0
هذه المرة خلاص يسمو كم سيفيني باذن الله,-1,dataset_1,0,0
3ayb 3likom khwantoli 10 mil flixiteha dawartoha khyana,-1,dataset_1,0,0
سياسة الدم البارد. تغطية الجيل الرابع لشركتكم بدائية . في تونس الشقيقة صدقوني الانترنات رها الطير وأنتم تتمسخرو بأمة كاملة,-1,dataset_1,0,0
نقدر ناكتفي extra 300 مرتين ولا تلاتا في نفس الشهر ؟.. عندي جيزي هبال,0,dataset_1,1,0
"مماطالات جازي1.العفو ، نحن في الخدمة .2.سنقوم بتحويل هدا الاشكال إلى المصالح المختصة لكي يتم تصليحه في أقرب وقت3.مرحبا،نعتذر عن الإزعاج و لكي يتم توجيه طلبك الى المصالح المختصة للمعالجة يرجى تقديم :- العنوان بالكامل '' الولاية/ البلدية/ الدائرة/ الحي (رقم العمارة / رقم المنزل)'' مع تحديد معلم قريب من الحي (مدرسة/مسجد..) من فضلك.شكراً،نسرين من جازي.لكن العمل ولا النتيجة غير ملموسة، أين الخلل، نسرين زهرة أو حمادي!؟ 🤔حلونا مشكل التدفق 3g, رانا سامح في 4g",-1,dataset_1,0,0
احيطكم علما انني كسرت الشريحة و شكرا عفوا 🐸,-1,dataset_1,0,0
بركاو متكذبو عل ناس,-1,dataset_1,0,0
البينغ راه 100,0,dataset_1,1,0
وعلاه كل تحميل برامج جديدة وخدمات ومواقع جيزي تحتسب على الزبون مقارنة مع الشبكات الاخرى مجانية حتى موقع جيزي ليس مجازي,0,dataset_1,1,0
اني فزت معاكم متى استلم هدية,0,dataset_1,1,0
Djezzyيا اخت نسرين ولا زهرة ردو عليا فالخاص راني بعتلكمسلام عليكم سي نورمال في 27 جويلية درت أبونمو تاع 1500 عتاولي 50 جيڤا معا 300دج هدرة و ليوم 31 جويلسة خلاصلي كولش يعني بعد 3 أيام.. من فضلك جاوبني ✋🏼🖐🏼👋🏼,0,dataset_1,1,0
طنظحتظتزختةزك,0,dataset_1,1,0
ؤمطموكت ؤفنباةه,0,dataset_1,1,0
😇😇,1,dataset_1,2,0
مقدرتش نشوف لفيديو بسبة لكنكسيو تاعكم,-1,dataset_1,0,0
سراقين,-1,dataset_1,0,0
مرقري سرقتوني ومزال نتعامل معكم لاخطار انا مشي سراق,-1,dataset_1,0,0
Free fire,0,dataset_1,1,0
تطبيق مايشتغلش في الايفون 🤷🏻‍♂️,0,dataset_1,1,0
Mohamed Kellouche مرحبا،تطبيق جازي متوفر على App store :) زهرة من جازي,0,dataset_1,1,0
Num de votre service client svp,0,dataset_1,1,0
"Fedjer Djaouida Hafsa Bonsoir,Le numéro du service client est le 77 ou le 07708577 depuis un autre numéro, vous avez aussi la possibilité de nous contacter par message privé pour vous aider :) Zahra de Djezzy",0,dataset_1,1,0
ياو سڨدو الكنكسيو و هاذ العروض زيدوهم فرواحكم,-1,dataset_1,0,0
جاوبونا على الخاص,0,dataset_1,1,0
كونكسيو ديالكم هي ولات تحلل فيا تقولي ما تفورصنيش هدايا هو مقدوري .. شغل جيت نسافر و ركبت فوق فكرون و بديت تقولو ازرب,0,dataset_1,1,0
عندي بيس جيزي حبيت نردها كارت ميموار شكون يعرف الكود كيفاه,0,dataset_1,1,0
مافهمتش,0,dataset_1,1,0
بن علي مرحبا،عرض BINATNA يسمحلك باش تشارك نفس الرصيد مع أفراد عايلتك 👨‍👩‍👦‍👦 تحدّد رصيد الأنترنت و المكالمات حسب احتياج كل واحد 😍 و أيضا تراقب استهلاتكم 👌يحتوي على ثلاث باقات مختلفة : 200، 300 و 400 و متوفّر في كل خطوط جازي للدّفع المسبق و حتى خطوط Djezzy Confort و Special التي تحتوي على ميزة Control !لتشغيل العرض ماعليك إلا تشكيل *720# أو مباشرة من خلال تطبيق جازي :) كل التفاصيل هنا : من جازي,0,dataset_1,1,1
يرحم والديكم رح تهبلوني بليميساج تاوعكم راكم ديرونجيو فيا نحل شيما ونفاصي اابن عمي اخطوني,-1,dataset_1,0,0
راكم فوور كون تزيدو برك #4__جي في بلدية #الوطاية ولاية #بسكرة 💋💋,1,dataset_1,2,0
Khalifa Rouibah مساء الخير،شكرا، نحن نعمل جاهدا على توفير تغطية الجيل الرابع في كل المناطق :)زهرة من جازي,0,dataset_1,1,0
هدا رجعتو عليه ياسراقين,-1,dataset_1,0,0
سما تردو غير علي تعليق إجابي,0,dataset_1,1,0
Djezzy منافقين ردو على الخاص,-1,dataset_1,0,0
رجعولي دراهمي، راني من 04/08/2020 من فليكسيت بالبطاقة الذهبية وما دخلتنيش مع انكم قصيتو من الكونت تاعي، والخدمة تاعكم تع الزبائن ما تردوش والخاص بعد شحال باه ردو عليا وقالولي بعثنا طلبك للمصلحة التقنية وما جاني والو في شحال من يوم..,-1,dataset_1,0,0
Hope Ania Natir انا صراتلي خليتك علا ربي,0,dataset_1,1,0
ﻣﺮﻭﺍﻥ ﻟﺨﻀﺎﺭﻱ هه ربي رحمتو واسعة، بصح نو مش نخدم وندمر ونستنى 3 اشهر باه تدخلني خلصة شهر وتزيد تروحلي 100 دج في الهواء كون مديتها صدقة ما تغيضنيش,0,dataset_1,1,0
Hope Ania Natir انا والله غير شريت موبيلس,-1,dataset_1,0,0
ممكن بريفي Hope Ania Natir,0,dataset_1,1,0
50 go b 300 da w zid cnx 2g hh riglou cnx w mmba3d dirou les offre,-1,dataset_1,0,0
دجيزي ها عطوني شوية ميغات صدقة عليكم ولا نتوما تتعاملوا غير بالدراهم,0,dataset_1,1,0
عبدالقادر بديك يعطوك كي تطلع تطبيق نتعهم,0,dataset_1,1,0
Nassim Nino واش من تطبيق؟؟,0,dataset_1,1,0
تلقاه في بلاي ستور اسمو جيزي,0,dataset_1,1,0
Nassim Nino تعيش خويا,0,dataset_1,1,0
علاه متحبسوس وتقلبوها محاجب,-1,dataset_1,0,0
سلاماعلاه مكانش ريزو تاع جيزي بالمعدر بباتنه,0,dataset_1,1,0
وعليكم السلام تم الرد على رسالتك في الخاص و التي تحتوي على نفس الطلب.نسرين من جازي 🙂,0,dataset_1,1,0
Djezzy الحمد لله انكم رديتمهناك شئ محير اعلاه هاتف مصلحه الزبائن مغلوق,0,dataset_1,1,0
استعملت التعبئة عبر الانترنت بالبطاقة الذهبية ، الدراهم ديتوهم و لكريدي مالحقنيش ، مع العلم انني درتها الشهر الماضي بدون مشاكل ؟!,0,dataset_1,1,0
Salah Khs مساء الخير،للتأكد على مستوانا ندعوك لتقديم رقمك الهاتفي على الخاص من فضلك 🙂زهرة من جازي,0,dataset_1,1,0
Djezzy مراكيش تردي على الخاص.راكم تمسخرو بينا,0,dataset_1,1,0
Djezzy.. Ani médit numero privé w msg privé..répendez svp,0,dataset_1,1,0
Keyser Söze prkoi t a le même problème ?!,0,dataset_1,1,0
Salah Khs شوف كون يريبونديولك نجري حفيان,0,dataset_1,1,0
Salah Khs يا ولدي دير اوريدو و هني راسك لي مازال يخدم بالجيزي مهبول,0,dataset_1,1,0
Said Fellahi ايا زهرة ديري القلب خلي صاحبنا يشيان,0,dataset_1,1,0
ياو سقمو ريزو نتاعكم يا خويا كيفاه نفليكسي والكونيكسيو عيانة بزاف ماتصلحش تمشي دقيقة وتروح ساعة علاه,-1,dataset_1,0,0
كفاه نحي كويز هذا كل يوم تدولي دراهم 😑,-1,dataset_1,0,-1
"Sai Chaima مرحبا،يمكنك إلغاء اللعبة من خلال تطبيق جازي في خانة اللعبة INSTAWIN ثم الضغط على "" Mon compte "" ثم إلغاء الإشتراك :) زهرة من جازي",0,dataset_1,1,0
شكرا سوف اجرب مع العلم اني درت تسجبل الخروج من التطبيق و كي محيت تطبيق عاود نحاو,1,dataset_1,2,0
السلام عليكم ..أظن أننا زبائن عندكم منذ اعوام لكن لا أدري ما هته المعاملة التي تعاملون بها زبائنكم .. البارحة وصلني ميساج بلي راح تغلقولي الخط اذا لم اتوجه الى نقطة بيه لتأكيد معلوات الخاصة بي علاش المنكر هذا ترونسبور مكنش كيفاش راح نديبلاصي انا ضرك و بالزيادة نهار لول شريتها من لاجونس جيزي و اذا على 4 g احكموها عندكم ماعندي ماندير بيها .. من بكري كونكسيو رديتوها مهيش مليحة و ريزو عيان .ليكن في علمكم انو بمجرد انكم تقفلولي الخط راح نبدل الخدمة و نخلي جيزي . و راني عيطت لسارفيس كليو ما جاوبوش و بعثت ميساج لصفحة فايسبوك و ما جاوبتوش و بعثتلكم ايمايل و ما جاوبتوش بمعنى انو خان الوقت لي يخليكم لواحد و يبدل الوجهة الى متعامل آخر .,-1,dataset_1,0,0
Plum Eria انا عيط في 77 يشنفو عليا,0,dataset_1,1,0
Maram Mira كفاش يشنفو عليك,0,dataset_1,1,0
Maram Mira انا ما يهزوش عليا كامل,0,dataset_1,1,0
أنا بيس و رقم عزيز عليا كوپاوه .. وقالك روح لاجونس في عز الكورونا .. سمحت فيه للأسف,-1,dataset_1,0,0
Amir Alger hkk ra7 tsrali mn9drch n déplacer f hed corona w ida 3la 4g m3ndi mndir biha,-1,dataset_1,0,0
راكم تسرقو عيني في عينك 40 جيغا راحت في 15 يوم كيدايرة ذي ها فهموني وزيد كون غير كاين كونيكسيون مليحة ،، حسبنا الله ونعم الوكيل ،، تخسر 150 الف باش تكونيكتي بزيرو الله يجيبهالكم,-1,dataset_1,0,0
او سرعت التدفق مكاش واش ندير بلانترنات تاعكم رايحة تجبلي القلب,-1,dataset_1,0,0
لماذا النت ضعيف جدا و في تقطع مستمر . يجب في كل مرة اطفأ البيانات تم اعيد تشغيلها 🤔 هل تشرحون لنا من فضلكم,-1,dataset_1,0,0
الله يهديكم ديتولي 500 دج يوم10/08/2020 تسلفت وفليكسيت وانتم ديتوهالي بعرض مبهم extra 500دج والله مانسمحلكم الا اذا رجعتولي 500دج,-1,dataset_1,0,0
واش نبارتاجيو يرحم والديكم كنكسيون راه كاريث,-1,dataset_1,0,0
Djezzy المشكل مهوش في الرقم المشكل فر الريز مكانش عندنا انتان تع ديجزي من لي ركبتهو و هو مازال ماشي 1G,-1,dataset_1,0,0
انا عندي جيزي هايلا بزاف كنت نفليكسي 100دج يعطيوني 20 جيغا واليوم جيت نديره ملقيتش حتى عرض لاه,0,dataset_1,1,0
"Pourquoi à Bejaia la couverture Internet est faible, mais encore pire",-1,dataset_1,0,0
ختي و لا خويا حبيت نسلف كريدي كينفليكسي تنحيهوملي كاينا ولا لا لا ?,0,dataset_1,1,0
ياو معليش تقولولي وش صاري لل لابيس كي نعيط بيها يقولولي عيطي ل 77 وكي نعيط مكاين والو,0,dataset_1,1,0
كيبو بية حتى انا هك صرالي قالولي ادي فوطو كوبي نتاع لاكارط ولبيس وروحي عندهم يبدلولك بيس يمدولك وحدة 4G,0,dataset_1,1,0
"Salam, ma puce est bloquée et vos agences sont fermées tte la journée..cmt faire je veux garder mon num, ya t'il un numéro pour régler ce problème ?",0,dataset_1,1,0
مزال 5 ايام مع جازي ، يخلاص لابونمو تاع شهر هذا منزيدش ضربة ، نخلص 100 دج في الشهر ، 5 خطوط ، باش تتصل تحاول 5 مرات ، انقطاع في المكالمات ، انترنت جد بطيئة او منعدمة ، مثال بسيط شهر راح يخلاص استهلكت 2.5 جيغا من اصل 25 جيغا ، تبهدلو ، تبارطاجو لحزاڨ بيناتكم ماشي انترنت,-1,dataset_1,0,0
Med Ali Larabi انا صكروهالي لبيس نتاعي وكي نعيطلهم في 77 يشنفو,-1,dataset_1,0,0
Maram Mira مشكل تاعك تقدري تحليه بالتنقل الى احد مراكز جازي ، بصح المشكل الكبير اصبح في الشبكة المهترئة، ريزو خردة,0,dataset_1,1,0
Med Ali Larabi بصح بعيد باش نروح وزاد الضروف ماسعدتنيش عيط 77 قتلهم افتحوها سمانة بك بداو يشنفو,-1,dataset_1,0,0
Maram Mira سلامت راسك ، ياك عندك البديل,-1,dataset_1,0,0
Med Ali Larabi مزية دايرة موبيليس,-1,dataset_1,0,0
الاغلبية الساحقة في التعليقات تشتكي من سوء الخدمة وضعف الانترنيت. الحل الوحيد هي اوريدو عن تجربة. كل شيء فيها مليح وعروض روعة,-1,dataset_1,0,0
Zawech Aek كي بعضاهم تفوه عليهم,-1,dataset_1,0,0
Djalel Frih اوريدو فور كان عندي جيزي و قلعتها فرق كبير بزاف,-1,dataset_1,0,0
Zawech Aek والله يا خويا أوريدو في قسنطينة زبالة أعزك الله ريزو تاعها كارثة خاصة في مناطق لخارج المدينة شو مكانش فمابالك كونيكسيو,-1,dataset_1,0,0
قسنطينة وي علابالي عيانة فيها اوريدو مي نحكيلك على العموم في الجزائر اوريدو احسن ريزو عن تحربة,-1,dataset_1,0,0
مكانش كيفاش نبارطجيو الريزو لي راهو 0 ؟,-1,dataset_1,0,0
كي يكون عندنا رصيد 30G و تروح غير ف لحنش يدور مانزيدش نكتيفي,-1,dataset_1,0,0
سلام راكم غلقتولي لابيس ومش تردو,0,dataset_1,1,0
لقد تم الرد على رسالتك في الخاص.نسرين من جازي 🙂,0,dataset_1,1,0
يرجا تحسين انترنات راهي ضعيفا بزاف,-1,dataset_1,0,0
النت أصبح جد ضعيف حتى لا أقول منعدم.. حتى أصبحت أظن بأنه مجاني من شركتكم مع العلم أننا ندفع كل شهر اتصلت بمصلحة الزبائن وطرحت المشكل عليهم وأنا في انتظار الرد الذي أظنه لن يكون 😠,-1,dataset_1,0,0
اكبر عملية اختلاس الأموال جيزي نشارجي 1500 كونيكسيوا خرا كي تعيط لهم باه يهدروا معاك لازم 15 دقيقة و كي تقولهم مكانش الكونيكسيوا يقولولك دير 77,-1,dataset_1,0,0
نخدم بيها وحدي و ماهيش تمشي وكان نزيد عائلتي كي يصرا 😏,-1,dataset_1,0,0
هديك لكونكسيو الباهية حتى نزيد نبارطاجيها,1,dataset_1,2,0
شكرا لكم أحسن خدمات في الجزائر .40 ثانية باه تخرج الصورة و تشوفها .شكرا لكم 🌹,1,dataset_1,2,0
اخر اشتراك مع جيزي.. و نعرف تولو تصدقو فيها باطل..ايلا عندي ذرة تاع حق امام ربي منسمحش,-1,dataset_1,0,0
راني سوفريت باش قدرت نعلق من ضعف الانترنت من فضلكن شوفولنا النشكل تاع الانترنت. و الله راهي اضعف انترنت في العالم,-1,dataset_1,0,0
رةعو علينا فالخاص. و شوفولنا النشكل تاع الانترنت,-1,dataset_1,0,0
ﺍﻟﺴﻼﻡ ﻋﻠﻴﻜﻢ ﺍﺭﻳﺪ ﻃﺮﺡ ﻣﺸﻜﻠﺘﻲﻋﻠﻴﻜﻢ ﻭﻫﻲ ﺃﻥ ﺷﺮﻳﺤﺘﻲ ﺟﻴﺰﻱﺿﺎﻋﺖ ﻣﻨﻲ ﻭ ﺗﻘﺪﻣﺖ ﻟﻤﺼﺎﻟﺢﺍﻷﻣﻦ ﻭ ﺗﺤﺼﻠﺖ ﻋﻠﻰ ﺗﺼﺮﻳﺢﺑﻀﻴﺎﻉ ﺍﻟﺸﺮﻳﺤﺔ ﻋﻨﺪﻣﺎ ﺍﺧﺬﺗﻬﺎ ﺍﻟﻲﻭ ﺍﺳﺘﺮﺟعﺖ ﺍﻟﺸﺮﻳﺤﺔ Directionﺍﻋﻄﻴت لي ﺑﺮﻗﻢ ﻣﺨﺘﻠﻒ ﻋﻦ ﺭﻗﻤﻲﻋﻠﻤﺎ ﺑﺄﻥ ﺍﻟﻤﻮﻇﻔﺔ ﻗﺎﻟﺘﻠﻲ ﺣﺘﻰﻟﻐﺪﻭﺓ ﺑﺎﺵ ﺗﺘﺮﻳﻘﻞ ﺍﺳﻜﻮ ﻧﻌﺎﻭﺩ ﻥ ﻟﻲ ﻟﻴﻬﺎ ﺑﻠﺨﻒ ﻭﻻ ﻧﺴﺘﻨﻰﺟﺎﻭﺑﻮﻧﻲ ﺍﻟﻠﻪ ﻳﺴﺘﺮﻛﻢ ﺍﻟﻘﻀﻴﺔ ﻣﻬﻤﺔﻭ ﺭﺑﻲ ﻳﻌﺎﻭﻧﻜﻢ,0,dataset_1,1,0
كي يكون تكون لكنكسيوا بعدين نبرتجيو لكنكسيوا 0 وكي نعيطلطم مترفدوش ربي وكلكم,0,dataset_1,1,0
ولا زدت تعاملت معاكم انا مانسواش كل شهر نفليكسي 1500 وانترنت تاعكم رهج بقاو على خير شهر هدا نتفارقو,-1,dataset_1,0,0
انا قمت بتعبئة رصيدي عن طريق تطبيق جازي باستعمال البطاقة الذهبية القيمة المالية حذفت من حسابي البريدي الا اني لم اتلقى تعبئة رصيدي بحجة أن العملية لم تنجح في حين أن المبلغ المالي تم حذفه من حسابي البريدي بعثت بالاحتجاج عبر الماسينجر الا انه لحد كتابة هذه الأسطر لم يقرأ احتجاجي,0,dataset_1,1,0
آ نسرين من جازي شوفينا حل كونيكسيو عيانة باش علقت طيفت ليدوني 120خطرة شيشان كونيكسيو تاعها خفيفا على تاعكم,0,dataset_1,1,0
الانترنت راهی ضعیفه بزاف راکم راح تخسرو زبائن بزاف,-1,dataset_1,0,0
يا رب عريتوني ني دخلت ب 0 دراهمي ديتوهم بصح ب0 رخسكم نتوما سراقين و البيس هاذي نكسرها ضرك,-1,dataset_1,0,0
انتر نات راهي ضعيفة وعلاه تتمسخرو بيا ربي يهديكم,-1,dataset_1,0,0
هه كلو برطجي مع عيلتك هه اوو القونكسيو 10ياام وهيا حبا وشبيك جازي راكي بيا من راسك,0,dataset_1,1,0
راحت عليك يا جيزي وتزيدي علينا الخرطي والكذب والسرقه يا عباد ربي 40 g ما نقظرش حتى نكومنتي كي العباد ،وهذك تع تعيطي في مسنجر ما نحكيش خير ،,-1,dataset_1,0,0
بعد ما كانت جيزي احب متعامل ليا ياا الاهكم بزااف الكونيكسيون ثقيلة بزاف بزاف لدرجة انك في ثانية تخرج من الاسلام عادي لوكان كاينة كونكيرونص والله غير تتحركو و تلبو 90% من طلبات الزبائن ياك رانا نخلصو ؟ بدراهمنا ديرها غالية شوية و كونكسيون خفيفة واحد مايشكي من السعر نظرا لجودة الانترنت ربي يهدينا و يهديكم,-1,dataset_1,0,0
لا رصيد لا عزريين الدنيا خسرت دراهمي باطل شريت بيس مشيت بيها شهر وبلعتوها بعدما فليكسيت فيها ورحت للوكالة تاعكم لقيتها مبلعة,-1,dataset_1,0,0
Djezzy ردو على الخاص,0,dataset_1,1,0
علاش خدمات الامتاز للانترنت ولات تخص البعض دون البعض الآخر. والله تحيرو واحد تمدولو ولوخر لا لا. فهمونا علاه,0,dataset_1,1,0
Djezzy يا زهرة خاص عندي مشكل,-1,dataset_1,0,0
يا زهرة والله ربحت 10 جيغا كي شكشكت مي اسمحيلي نولي نسقسي على نسرين غير ريبونداتلي على الكومنتار ربحت شكرا نسرين,1,dataset_1,2,0
زهرة أين أجد رمز التحقيق,0,dataset_1,1,0
فليكسيت 400دج راحوا في دقيقة علاه,0,dataset_1,1,0
رد على الخاص,0,dataset_1,1,0
ممكن ٱكثر توضيح على الطلب من فضلك ؟نسرين من جازي,0,dataset_1,1,0
مبروك عليك 😁نسرين من جازي ^^,1,dataset_1,2,0
باجة فيها 4 ملاين تفاعل 60حسنو انترنت ثقيلة جدا😠,-1,dataset_1,0,0
Kfh na7i game portal ta3kom ray datli swared kamel,0,dataset_1,1,0
أنترنت عندكم ثقيلة بزاف شوفونا حل,-1,dataset_1,0,0
ليوم نفروها هاداوين فليكسيت 100da راحتلي بلا والو غير لخير كشما تساالولي 😒😒 و الله غير سيريوو ملحقتش ناكتيذيها راحت اصلا كي دخلت لبون لقيت فيه غير سبعالاف و بداو ينقصو و من بعد اكتيذيت تاع طرواميل ب واحد جيغا قالولي دوك يلحقك ميساج ملحق والو ؟!!,-1,dataset_1,0,0
اعطوني باش نلغي الاشتراك فكامل العروض ديالكم لي يعرف يبعتليي نفليكسي باش ناكتيذي الانترنت تولوو تدوهم متمسخروش بينا,0,dataset_1,1,0
يا جيزي الله يهديكم نتوما شركة مسلمة ياك قطعتولنا كونيكسو زيدتولنا ريزو وش حبيتو ؟؟,-1,dataset_1,0,0
Merci Djezzy pour votre débit de Connexion merdique,-1,dataset_1,0,0
مرحبا ، لقد تم الرّد على رسالتك في الخاص و التي تحتوي على نفس الطلب.زهرة من جازي,0,dataset_1,1,0
"علاش رصيد تاع المودام ولا مايبانش؟ كان يبان في الأول و عندما راحت الكونكسيون و لا الرصيد مايبانش!؟ كانت مليحة كونكسيون في البداية فقط و دوك كارثة، 400DA تاع 150GO, خسارة معاكم الإشتراك تاع المودام.",-1,dataset_1,0,0
سمحتو في عربيه وبهدلتو الفرنسيه وسميتوها لهجة جزائريه,0,dataset_1,1,0
meilleur invention chemma anti covid (y),0,dataset_1,1,0
اعطيني كود نلغي بريد صوت ي,0,dataset_1,1,0
يا زهرة قوليلهم يسقمو ريزو موليتش نقدر نلعب فري فاير ولا بوبجي غير ندحل يقتلوني كوكنسيو راهي تقيلا بزاف,-1,dataset_1,0,0
جيزي دايرين مودام 4G .?,0,dataset_1,1,0
Djezzy يا ودي رجعولي لا بيس تاعي منيش قادرة نتنفس 😭😭سكرتوهالي بلا سبة فيها كريدي و كل يوم نهدر بيها مفهمتش لاه تسكرو فيها. بعثت في الخاص مكن والو,-1,dataset_1,0,0
الدراهم ينقصو بعد مانفليكسي بلا ما نهدر بيهم انا لابيس تاعي عندها 16 سنة جامي سرالي هكذا ظرك راني راح نبدلها و ندير اوريدو كل يوم تروحلي 30دج بلا ما نهدر ولات سرقة عيني عينك,-1,dataset_1,0,0
This is awesome ..,1,dataset_1,2,0
جاوبو على الخاص تعيشو,0,dataset_1,1,0
يانسرين ،يازهرة عندي مشكل تعيشو رجعولي بريفي 🙄,0,dataset_1,1,-1
Vraiment votre service é nul ..nn seulement tnahiw les unités ghir haka w tactiviwhom w ma trepondiwch 3la les réclamations👎,-1,dataset_1,0,0
رايح يخلاص عرض 1500daومازالت الانترنت جد ضعيفة خاصة من 8 وروح 🤨🙄😏 خسارة ناكتيفي وفلخر نستعمل 12Goمن 40G😡😡,-1,dataset_1,0,-1
جيزي عندي مشكل ارجو رد,-1,dataset_1,0,0
عندي مشكل حول جيزي,-1,dataset_1,0,0
وشا لحبيبا😂 جيت نسقسي دوكا كان نكتيفي نتاع هايلا بزاف نتاع 1500 اسكو كي يخلصو لي جيقا كاين نتاع 300 و يزيدولي لي جيقا؟,0,dataset_1,1,-1
Aw régliw réseau brk,-1,dataset_1,0,0
ياودي ريقلونا جد جد جد لنترنات لوحد كره جد كلش بسبت لنترنات هاذي,0,dataset_1,1,0
وين راهي هذي نسرين نحتاجها,0,dataset_1,1,0
نشالله تردولنا على لخاص,0,dataset_1,1,0
ختي مانيش نقدر نشعل لي دوني تاع جيزي ،وراني ماكتيفيا,0,dataset_1,1,0
ممكن أكثر توضيح على الطلب من فضلك ؟,0,dataset_1,1,0
والله جيزي هي لمخيره جربت موبيليس كرهت النهار لزدت فيه وجربت نجمه معحبتنيش وجيزي رحمه ربي بارك الله فيكم,1,dataset_1,2,0
كيفاش نبدل من هايلة ماكسي لجيزي هبال؟,0,dataset_1,1,0
Répond à nous svp.,0,dataset_1,1,0
"Personnellement la voiture électrique car je suis très intéressé,",0,dataset_1,1,0
نشكركم على وفائكم =),0,dataset_1,1,0
تعلمي بلغتنا العربية الفصحى يا أختي ، ما هذه اللغة الهجينة التي تؤذي السامعين؟,0,dataset_1,1,0
جازي علاه مترجعولناش خط alo otaمع الو ساهل ماهل غير ألو ولا والو :),0,dataset_1,1,0
3lAch rakom tenahuli les unités wa9il RANI NFliKsi b lema,-1,dataset_1,0,0
حبيت برك نقلكم وفرولنا القوة فالأنترنت برك أخطيكم من الروبوات,0,dataset_1,1,0
علاه كي ندير كونيكسيون تاع 0 نلقاكم تدولي دراهم؟,-1,dataset_1,0,0
راني بعثتلكم على الخاص ريبونديو..جيزي,0,dataset_1,1,0
اطولي الكادو نتاعي لا بغيتو زعما,0,dataset_1,1,0
لقد تم الرّد Rînad :),0,dataset_1,1,0
شكرا، لقد تم الرّد على رسالتك في الخاص كذلك,0,dataset_1,1,0
"Bonjour, Comment puis-je vous aider ? Zahra de Djezzy",0,dataset_1,1,0
مرحبا، لقد تم الرّد على رسالتك في الخاص و التي تحتوي على نفس الطلب.زهرة من جازي,0,dataset_1,1,0
واش تهدرر خخ نقدرو نقدرو و تحكي هاك تقول حنا لي خلقنا و خترعنا و المشكل يبهيو في الحالة ملخر اوريدو خير منكم 😀😀🖕🏻,-1,dataset_1,0,0
الكونيكسيو نتاع جيزي كانت هيا لمخيرا والآن للأسف رجعت بطيئة جدا جدا سواردنا رايحين في الريح,-1,dataset_1,0,0
فليكسيت مقبيل 1200دج لقيت 920دج وعلاش ردولي على الكمنتار تعييشو,0,dataset_1,1,0
La culture générale ? Et.les Termes que vous utilisez la c'est quelle langue ?,0,dataset_1,1,0
"حنا حابين ترجعولنا امتياز 600 دج رني ضربت طلة و لقينها مكاش , راحت , نحيتوهالي .",0,dataset_1,1,0
جميل جدا ، ما وصل إليه الإنسان باذن الله تعالى .طبعا انتم مشكورون على هذا الموضوع .إلا أنه هناك ملاحظة مهمة واعذرونا على ذكرها ، ألا وهي رجاءا أن تستعملوا لغة واحدة العربية مباشرةً أو الإنجليزية أو .. غيرها .لأن هذا يؤثر على الجيل الناشئ .طبعا لاباس في تسمية الآلات وغيرها بين قوسين لكن التعبير الانشائي يكون بلغة واحدة أي لغة كانت كما ذكرنا .ونعلم أن شركة جازي رائدة في هذا المجال .شكرا ، نتمنى لكم التوفيق .,1,dataset_1,2,0
تعيشو شكون عندو جيزي هايلة بزاف صح كنشريها جديدة ونفليكسي60الف يعطوني لجيgا شهر,0,dataset_1,1,0
بدلو علينا الفرنسية الانجليزية احسن لعالم راهو تقدم ماتبقاوش فالمأخرة,0,dataset_1,1,0
Comment puis-je récupérer mon numéro de djezzy connect ?,0,dataset_1,1,0
يا زهرة ولا نسرين سؤؤل فقط لماذا الانترنت ضعيفة في الالعاب يحدث لاق اتمنا ان تردي يا نسرين تالي زهرة مشكيتش ترد🥺😄,-1,dataset_1,0,0
دراهمنا نمولوا اليهود ..جيزي مولاها يهودي هاد الشي علابالكم بيه . من أجل مصالحكم مستعدين تبيعوا ارواحكم وخاوتكم ..تحيا موبيليس حماري خير من عود الناس,-1,dataset_1,0,0
هاذوك الي كانو يتشنفو علينا ويخيرو لبنات غير الزين ولاطاي والعقلية صفر باش يتشنفو بالرغم انهم اغبياء يا درا مازال تتشنفو ولا راكم تحكمو الناس برا باش يدخلو عندكم.,0,dataset_1,1,0
انا كلما نفليكسي فيها يسرقوهملي مافهمتش علاش راني في المئة وخمسين الف ودوك راني دايرتها غير نغوسوڤي برك نقعد نخدم على الجيزي كرهتها والله مافيهاش حتى فايدة,-1,dataset_1,0,0
"التكنولوجيا الجديدة تعتمد اللغة الانجليزية ، ديرو روبورتاج كامل بالعربية ولا المصطلحات الأصلية الإنجليزية، مافهمتش لاه ترجموا كلش للغة الفرنسية الميتة . 3D Printer, GPS Global Positioning System, AI Artificial intelligence..",0,dataset_1,1,0
لي يسمع هدي لي تهدر يجيه القيء ما هدرت عربية ما هدرت فرونسوية عقلية الشعر تاع لفرونسي لي رخستنا,0,dataset_1,1,0
هدرا معوقة درك الشعب البسيط يفهم المصطلحات لي قلتيهم ؟ فشك نتي و ماشي فاهمتهم 😒,-1,dataset_1,0,0
كانت عندي شريحة منذ 17 سنة مافليكسيتش في بداية الحجر غلقتوهالي وهي شريحة عمل مهمة جدا بالنسبة لي، شانقولك يا نسرين ويا زهرة الله لا تربحكم كينتوما كيجيزي تاعكم.,-1,dataset_1,0,0
راني في يومين كونكسيو مكاش 👎👎,-1,dataset_1,0,0
و الذي يصادف عيد ميلادي، اعطوني رصيد هدية عيد ميلاد 😂,0,dataset_1,1,-1
المجد و الخلود للشهداء الأبرار و تحيا الجزائر و ريڨلو الهم نتاع الريزو نتاعكم الواحد تصويرة مراهش تتطلعله,0,dataset_1,1,0
هل عرض جيزي امتياز 600 دج تفليكسها يمدولك بونيس متوفر ؟؟,0,dataset_1,1,0
بمناسبة عيد الاستقلال نطلب منكم تطوير شبكة الإنترنت التي لا تصلح نهائيا للأسف 😥😥,-1,dataset_1,0,0
ماكانش promotions بالمناسبة؟,0,dataset_1,1,0
تغيير المتعامل مع ابقاء الرقم هو الحل الامثل لضعف الشبكة في الجزائر ، كل زبون يختار الشبكة القوية والقريبة منه,-1,dataset_1,0,0
تحيا الجزائر الله يرحم الشهداء. 🇩🇿🇩🇿🇩🇿🇩🇿🇩🇿🇩🇿🇩🇿🇩🇿🇩🇿💪💪,1,dataset_1,2,0
ربي يرحم شهدائنا الابرار,0,dataset_1,1,0
ربي يرحم شهدا لوكان تعطونا بونيس دليل على انكم تحترمون زبائنكم,0,dataset_1,1,0
الله يرحم شهدائنا الابرار,0,dataset_1,1,0
لله يرحمهم جيزي ديرولنا بونيس ياك نعرفوكم قادرين عليها ماتخيبوناش,0,dataset_1,1,0
تحيه الجزائر ويحي جيشها ويحي رئسنا وربي يحفظ بلادنا من كل سوء,0,dataset_1,1,0
المجد و الخلود لشهداءنا الابرار-عاشت الجزائر حرة مستقلة يدا واحدة و موحدة دائما حكومة و شعبا و جيشا,0,dataset_1,1,0
الحمد لله على نعمة الحرية و الإستقلال.تحيا الجزائر و المجد و الخلود لشهداءنا الأبرار.,0,dataset_1,1,0
"⁦✍️⁩ الشيخ العربي التبسي -رحمه الله :"" من عاش منكم فليعش بعداوة فرنسا ،ومن مات فليحمل معه هذه العداوة للقبر "" علموها لأبنائكم",0,dataset_1,1,0
لن انسى ان دجيزي استثمرت في السوق الجزائرية في وقت حرج ..ايام العشرية السوداء ووفرة فرص عمل لأبناء الجزائر ..شكرا الله يعينكم,1,dataset_1,2,0
تاع جيزي راكم هاذي الايام تاكلو في السحت وديرو في الحمقى ولاكريز نفلكسيو الانترنت نلقاوها كاو هذا لاه ريقلو رواحك ولا خليونا نبدلو البيس والله عيتونا 😷🤕😓,-1,dataset_1,0,0
مايدي ربي يرحمو خلاها كلمة قال لوكان يولي الإستعمار نحكيلو وش دار فينا الإستقلال💔,-1,dataset_1,0,0
ان شاء الله الجزاىر داىما حرة مستقلة،والله يرحم الشهداء الابرار,0,dataset_1,1,0
الله يرحم الشهداء، ان شاء الله تولي الإنترنت مليها يهديكم ربي.,-1,dataset_1,0,0
Djezzy ياو مدولنا سمانه باطل انترنات و مكالمات تعرفو الشعب يحتفل مع جيزي جامي فرحتونا اودي,0,dataset_1,1,0
Salut ..l agence ta3 bab azouar w9tach t7al l sba7 svp.. mrc,0,dataset_1,1,0
3lh mchi kima rana ga3 manzidouch netulisiw djezzy psQ rs zbal w drahemna yroho f batel cbn hbso chwia rokhs w bedlo les puces kahlouhom y3icho fiha wahdhom,-1,dataset_1,0,0
احتفالكي ياجييزي ملموس احسن هه ياو فقر,0,dataset_1,1,0
ما درتو حتى لقطة تحتافلو و خلاص اعطيونا شهر باطل من 5حتى ل5,0,dataset_1,1,0
هل يتم الرد على الرسائل التي يتم إرسالها إلى الصفحة ؟؟!,0,dataset_1,1,0
السلاك عليكم اذا قدرتو تردو على الميساج في أسرع وقت متبخلوناش الشريحة تاعي قفلتها بالخطأ و معرفتش كي نجب code puk تاعها باه فنتحها و الوصل ما لقيتهش .. رسلت لكم في الخاص نيميرو تاعي,0,dataset_1,1,0
كل ما نفليكسي تخونو لي كريدي حسبنا الله فيكم,-1,dataset_1,0,0
يرحم والديكم و على وجه ربي و ديروها مزية و شوفولنا المشكل تاع الانترنت. راهي ثقيلة و رانا نخسرو في صواردنا بااطل,-1,dataset_1,0,0
وعلاش هيلا بزاف مافيهاش امتياز تع 800و600😞😭وكيفاش ندر بش ندير تع 60 و80,0,dataset_1,1,0
حولت البيس تاعي ل ايزي وماحبتش ترجع كيما كانت بليز جاوبوني كيفه نرجعها,0,dataset_1,1,0
الله يرحم الشهداء وانتم ريڨلو لكونيكسيو ومبعد ساهل,-1,dataset_1,0,0
انا نسكن حدا اونثان تع جيزي وراني نعاني كومونثار ميخرجوش 🤒😠😠,-1,dataset_1,0,0
جيزي حانفليكسي إن شاء الله ماتدوهمش كيما المرة لي فاتت Sinon نتقابلو عند ربي ولن أغفر,-1,dataset_1,0,0
القضية الثانية هي شبكة الانترنت و التدفق الضعيف تاعها يا سبحان الله في اوقات الذروة صورة منقدروش نشوفوها و الله غير منكر,-1,dataset_1,0,0
الواحد كل ما يفليكسي 100da تديوهالو اونبليس الكونيكسيو راها ف 0 نزيدلكم وليميساج متريبونديوش عليهم الرب العالي كرهتونا وزيدو تقولو رانا فلخدمة شوفونا حل ولا الواحد يروح لجيها خلاف,0,dataset_1,1,0
يا جازي فهموهالي درك عندي ماكتيفيا 600 امتياز هدرة باطل لجازي وبونيس 1500 دج ومانقدرش نعيط ني لجازي ني للشبكات الاخرى. فهموني درك علاش المنكر هذا,0,dataset_1,1,0
آمين :),0,dataset_1,1,0
Ntoum ta djezzy ga3din takhedmou wla techethou n3ayt l 77 ou 07708577 makyn walou neb3th fl fb makyn walou . 9fltou l agence hna fi guelma wana mctivi ou puce mblokiya . Cheti maytehalch problem l agence nahregueha,0,dataset_1,1,0
عروض امتياز هذا شحال مابان عليها خبر في هذ الفترة العصيبة محتاجينها أكثر من السابق شخصيا ماكنتش نكمل ڨاع ليجيڨا الي كانت في العروض و عن المكالمات كيما كانوا يجيوا في العروض كان يوليوا ليكم يعني هذا هو الوقت باش تعوضونا,0,dataset_1,1,0
وعلااه لنترانات راهي مكانش اربي. وش. بيكم. هذاا وشي هذا ااستغلال والسرقة,-1,dataset_1,0,0
الجزائر جاءت بالتضحية وجازي لماذا تسرق أموالي بلعبة instaquiz رغم اني غادرت للعبة كل يوم تأخذ من الرصيد هذه سرقة,0,dataset_1,1,0
خاوتي ربي يفرحكم و يسعدكم عاونوني و باه نكسي روحي و خياتي والله ماني خدام ،و لي يعرف كاش وزين ولا خدمة قولولي في اي بلاصة نروح نخدم مهم حلال ، و ادعولي ربي يفرجها علينا,0,dataset_1,1,0
ربي يرحمهم بادن الله 🤲 مي سرعة تدفق الانترنت عندكم جد ضعيفة 🤠🙄😏,-1,dataset_1,0,-1
Esq peut-on réclamer sur l' implantation des antennes relais de téléphonie mobile à proximité de nos habitats et que tout le monde au courant de dangers des champs électromagnétique,0,dataset_1,1,0
wentoma wektach tahtaflou b 3G ? wela mazal ?,0,dataset_1,1,0
Bghit n activi 100 da kifach ndir?,0,dataset_1,1,0
انقطاع في المكالمات كل الوقت الى متى؟ الزبون يخلّص و انتم لا توفرون الخدمة,-1,dataset_1,0,0
قالك #سلطة_الضبط تقوم بالاستفتاء بين المتعاملين..و لحد الآن الكل يقوم بالتصويت من اجل ايقاف المتعامل #جيزي و وضعه حيز الاقصاءبسباب الريزو العيان,-1,dataset_1,0,0
شوفولنا حل للصور في الماسنجر، طولتو بزاف,0,dataset_1,1,0
علاش ما راكوش تردو في الخاصعليكم من الله ما تستحقون😩😣,-1,dataset_1,0,0
دجيزي باغي ندير شريحة تاع فليكسي ؟؟,0,dataset_1,1,0
علاه ماتردوش فالخاص ولا في لتعليقات موبيليس واوريدو يردو فتعليقات,-1,dataset_1,0,0
سرقتوني في 10 جيجا الله لا تربحكم كيفا ندخل للفايس ساعة ينقصو 2 جيجا وش التمسخير هادا؟,-1,dataset_1,0,0
اودي سقمو الكنكسيون ما محرز باينة بلي يهز الشباك,-1,dataset_1,0,0
آنسة جيزي علاش كي نعيطولكم على كشم مشكل ديرولنا رنة الانتضار ومتهزوش و تديولنا لفليكسي على الباطل,0,dataset_1,1,0
تبلوكاتلي la puce ديالي عندها 4 اشهر ومقدرتش نروح لمصلحه جازي ماهو الحل,0,dataset_1,1,0
الانترنت ضعيفة جدا. بالمقارنة مع المتعاملين الأخرين. علاش أين الخلل.كرهنا خلاص. عروض بدون فائدة,-1,dataset_1,0,0
ردو علينا فلخاص,0,dataset_1,1,0
علاش ماتديرولناش ميزة الشحن من الرصيد ل الألعاب(فري فاير،ببجي،كول اوف ديوتي) 🧐💔.؟!,-1,dataset_1,0,0
ريقلونا جد الريزو وقوولنا فالانترنت وشنو هذا تحسب راني عايش فلعصر الحجري,-1,dataset_1,0,0
وشبيها كونيكسيو مانقدرش نلعب اونلاين,-1,dataset_1,0,0
Rependez moii,0,dataset_1,1,0
ا خويا راه عندي مشكل في شريحة تاعكم ريبوندي في خاص,0,dataset_1,1,0
علاش مراكمش تريبوندو ف خاص علاش راه عندي مشكل ف شريحة لازم ديرولي حل,0,dataset_1,1,0
سلام عليكم عندي شريحة جازي كانت تمشي اومبعد حبستوهالي ممكن نعرف علاش شكرا,0,dataset_1,1,0
مكاه عفسة نتاع كريدي 100,0,dataset_1,1,0
ربحت تليفون في تطبيق جيزي منذ اكثر من شهرين حتي الان مبين عليه ممكن توضيح عليه,0,dataset_1,1,0
علاش كراني نفليكسي تدوهم,-1,dataset_1,0,0
سما مراكش ناوي ترد في خاص,0,dataset_1,1,0
كيفاه ندير باه نشوف ليفوطو بالزيرو تع جيزي 😞😪,0,dataset_1,1,0
كيفاش نحول شريحه جازي من 3G الى 4G,0,dataset_1,1,0
كيفاش نحي رنتي في جيزي,0,dataset_1,1,0
0779596008 هذا نميرو تاعي حمباباكم الكونيكسيون ضعيفه بزاف ديرولنا حل والله نكسر قسام لابيس ملي عرفت هذي جيزي ما ربحتش,-1,dataset_1,0,0
السمانة هادي ريزو ناقص وفري فاير ماحبتش تمشيلي نرجو منكم اصلاح الخلل في اقرب وقت ليجيغا خلاصو ومادرت بيهم والو,-1,dataset_1,0,0
Conexion grave t9ila rigliwalna had l prblm,-1,dataset_1,0,0
سلام خدمة جيزي راح نقدم طلب ماشي كل خطرة تدولنا لاكونيكسيو استهدو بالله شعب قاعد فالدار و زيد كي يشري جيزي و يفليكسي كونيكسيو ضعيفة لدرجة ما تتصوروهاش أنا وحدة شريت ماشي شريحة وحدة عندنا 7 شرائح فالدار و نفس لبروبلام تاع كونيكسيو نطلبو منكم تعديل هاد العطل ماشي كي نعيطولكم تقولونا بدلو الشريحة من SIM2 إلى SIM1 و تستهزاو بينا حنا تاني عندنا خدمة و قراية تعطلنا غير علجال هاد الاضطراب في شبكة الإنترنت نرجو الرد و شكرا,-1,dataset_1,0,0
Kol manaflixi tadoli 25da,-1,dataset_1,0,0
راح جهلونا والله متريبونديو علينا بدراهمك ومتكنكتيش ياخي بلاد يا خي,-1,dataset_1,0,0
فليكسيت وديتو الكريدي,-1,dataset_1,0,0
كونيكسو دوكا متريڨلوهاش ولا كيفاش,-1,dataset_1,0,0
فليكسيت 40جيغا ب 150 ألف وفاللخر باه ندخل لصفحتكم ونكتب تعليق نحكم عام ؟! لوكتاه تبقاو هكذا تسرقو فينا ياك مراكمش تصدقو علينا ؟!,0,dataset_1,1,0
جازي كاين وحد عرض شباب في امتباز ومنبعد راحلي عىض علاه,0,dataset_1,1,0
ردو في المسنجر الله لا يخليكم,0,dataset_1,1,0
افريقيا اللعينة سوف يعاني الجيل القادم مع التقدم بسبب تخلفكم لكن في الاخير كل شيىء يزول حتى انتم انه هراء حقيقي,-1,dataset_1,0,0
سلاممكن التوضيح أكثر من فضلكم حتى نسطيع افادتكم شكراً,0,dataset_1,1,0
اكتيفيت نت ومحبتش تمشي باسكو تخرجلي 3g مالقري تيليفوني يقبل 4g نورمال قولولي كيفاش نبدل لابيس 4g,-1,dataset_1,0,0
البارح فليكست 1500واليوم سكرتولي بيس كفاه ندير باه نفتحها,0,dataset_1,1,0
سلام رقم الهاتف من فضلكم حتى نفيدكم بمعلومات أكثر شكراً زهير. ب من جازي,0,dataset_1,1,0
السلام عليكم كيفاه كل مل نفليكسي تدولي انا درت رنتي مرة وحدة بصح وليتو كل خطرة تعاودوهالي,0,dataset_1,1,0
والله حاب نفهم علاه من نفلكسي دراهمي الكل يروحو ابسط حاجة فليكسيت 100 لقيتها 25,0,dataset_1,1,0
Djezzyكفاش نحول الخط الى امتياز,0,dataset_1,1,0
تقولو راسلونا ونتم مترجعوش علا ميساج والله اصبح خط جيزي سيء للغاية اذا متحلوش المشكل والله نغير الخط لنجمة او موبيليس,-1,dataset_1,0,0
كرف هذو تسرقو الدراهم عيناني فليكسيت 150 دج خلصت في دقيقة,-1,dataset_1,0,0
بقداه ندير migration,0,dataset_1,1,0
يرجى اصلاح الانترنت,-1,dataset_1,0,0
لبنق عيان في لعبةلواحد بسواردو ومايكونكتيش والله حرام,-1,dataset_1,0,0
جاوب فالخاص من فضلك,0,dataset_1,1,0
Djezzy والله ماتحشمو رسلتلكم ڨاع في شحال ومارديتوش عليا على اقل غي ردو عليا وقولولي وين رآه مشكل,-1,dataset_1,0,0
وليت منقدرش نفليكسي فلا بيس تاعي كاش حل رجاءا بعتلكم فل بريفي متريبونديوش😑😑,-1,dataset_1,0,-1
Salut Je veux savoir qu'est qu'elle la connexion Djezzy toujour je joue en 4G le ping est de 900,0,dataset_1,1,0
صباح الخير ،لقد تم الرّد على رسالتك في الخاص.زهرة من جازي,0,dataset_1,1,0
عندي عرض في جازي تاع 1200دج انترنات وهدرة مجانية مع جازي و 2500دج مع باقي الشبكات وانا عندي بزاف ملي ندير هدو العرض وعندي عائلة في الخارج كنت نعيطلهم من قبل عادي والأن في هدا العرض الاخير تقولي دير خدمة ترانكيلو ومتحبش تفوت المكالمة نرجو منكم توضيح,0,dataset_1,1,0
Djezzy ها ردوا عليا في الخاص راه عندي مشكل في النت ضعيف بزااف وثاني حتى المكالمة,-1,dataset_1,0,0
Djezzy ردو علينا عالخاص نستفسروا على هدية لي ربحتها في رمضان لدرك لا خبر عليها لا فيها سرقة خبرونا,-1,dataset_1,0,0
بصح هكذا خالوطة .. علاش لازم نشري عرض 1200دج و في أخر الشهر نزيد 300دج باش تولي 60 جيغا .. أعطونا 60 جيغا ب 1500 ديركت خير !,0,dataset_1,1,0
Ch3al puce izzy,0,dataset_1,1,0
دورك دخلت الى التطبيق و وجدت انكم نزعتوا عرض 1200دج = 30 جيغا وأصبح 10 جيغا فقط يعني عندما اجمعهم 1500 = 40 جيغا .. هكذاك اشتري عرض 1500 بدون خالوطة أفضل .. شكون هذا اليهلول يالي وجد هذا الفكرة في جازي !؟,0,dataset_1,1,0
مرحبا، هو عبارة عن ميزة Extra أي يضاف مع عرض آخر.زهرة من جازي :),0,dataset_1,1,0
كي تولي تمشي مبعد ساهل 😑😑 ناكتيفيو مية و خمسين الف مبعد ما تمشيش وش فالمفايدة !!؟,-1,dataset_1,0,-1
نحب نكوناكتي واه بصح باطل ما تيڨزيستيش معاكم عمي جيزي؟,0,dataset_1,1,0
علاه متحبوناش نكونيكتو حتى يكملو الجيڨا يوصل شهر تقطعوها,-1,dataset_1,0,0
جازي كيفاش نديزاكتيفي خدمات 404 ديتولي كامل دراهمي,0,dataset_1,1,0
مافهمتش ممكن واحد يفهمني ؟,0,dataset_1,1,0
كاين عرض ب 1200 دج,0,dataset_1,1,0
لكادو تاع رمضان مبانش خبرو راه قريب ثلث شهور,0,dataset_1,1,0
بكم سعر مودام جيزي 4g ؟؟,0,dataset_1,1,0
شريت بيس جديدة ومقراش ريزو كفاه نفتحها,0,dataset_1,1,0
ياخويا مع الكورونا هاذي وتزيدو تبلعونا البيس وانا في بلاصة بعيدة مع العلم اني كل شهر نخلص على يهر روطار تبلعولي البيس لهلا تربحكم جيزي,-1,dataset_1,0,0
اوهادي اتكمل في نفس الشهر ولا شهر جديد,0,dataset_1,1,0
انا مفهمتش علاش مودام تاع جيزي مكاش وين روح منلقاش,0,dataset_1,1,0
R3pondiwl 3lina f prv apres kulchi sahel,0,dataset_1,1,0
Votre connexion es de plus en plus pire depuis quelques mois,-1,dataset_1,0,0
كيفاش نح نتع ال quiz 🤬🤬,-1,dataset_1,0,0
عندي 5 ايام كونكسيون عندي راهي ثقيلة بزاف مع العلم انو كاين لي معايا عندو جازي كيفي تمشي نورمال وعلاش,-1,dataset_1,0,0
بغيت غير نفهم علاش ركم تنحو درهم من لكونت رغم أني تصلت يبكم ألف مرة على هدا مشكل ولا حياتن لمن تنادي شكون ره عنده نفس مشكل,0,dataset_1,1,0
عندي مشكل عندي مدة منين نفليكسي تديوهم,-1,dataset_1,0,0
كيف تحول دجيزي الى الهايلة ماكسي,0,dataset_1,1,0
عروض امتياز رجعتوهم مي عرض تاع 80الف كاين ولا لالا مشفتوش فالقائمه,0,dataset_1,1,0
3lsh nahitoli l3ard te3 600 da 😔🤦,-1,dataset_1,0,0
انا ح تكمل 40 g زدت نتاع 20g شحال تبقى اسكو شهر ولا سمانتين ولا تكمل نهار تخلاصلي 40 g,0,dataset_1,1,0
الكونيكسيون كانت لباس بيها نهارات فاتو بصح عنها 3 ايام عمات عينها ياسر مش قشوي ياجازي ديرولنا راي رانا نعانو مع الكونكسيون تع الخرطي هذي 🙏,-1,dataset_1,0,0
سلام،مدة صلاحية مزايا Extra ل HAYLA BEZZEF هي نفس مدة صلاحية التسجيل الشهري المشغل في خطك.زهرة من جازي :),0,dataset_1,1,0
مرحبا، كل التحويلات المتوفرة في خطك المسبق الدفع تجدها بتشكيل *720# و اتباع الخطوات.زهرة من جازي :),0,dataset_1,1,0
"مساء الخير،يمكنك إلغاء اللعبة من خلال الضغط على الثلاث الخطوط الموجودة أعلى شاشة هاتفك على اليمين ثم الضغط على "" Désinscrire"" :) زهرة من جازي",0,dataset_1,1,0
سلام عليكم .. مدولي عروض امتياز لابغيتو زعمة,0,dataset_1,1,0
مساء الخير،نأكد لك أنه سيتم الإتصال بك مجددا فور توفّر هديتك، الرجاء الصبر من فضلك.زهرة من جازي :),0,dataset_1,1,0
مرحبا،ما نوع الخط الذي تستعمله من فضلك ؟ زهرة من جازي,0,dataset_1,1,0
تم الرّد :),0,dataset_1,1,0
مرحبا،ممكن أكثر توضيح من فضلك ؟زهرة من جازي,0,dataset_1,1,0
مرحبا كريم،البلدان التي يمكنك الإتصال بها عند تشغيل 1200 هي كالتالي : فرنسا، المملكة العربية السعودية، تونس، المغرب، إسبانيا، النمسا، الصين، تركيا، كندا، بلجيكا.زهرة من جازي,0,dataset_1,1,0
Djezzy puce *hayla* La connexion f hala ti3kom 3ndha smana t3ayef mis à jour mahbtch diir dgilaa yaser dirolna hal,-1,dataset_1,0,0
السلام عليكم أحيطكم علما بأنه لديكم أفشل شبكة أنترنت على مستوى ولاية البويرة و ما يجاورها شبكة تسبب لك الإرهاق العصبي و التعب النفسي,-1,dataset_1,0,0
"مرحبا,نعتذر عن الإزعاج ,هل تعانون من مشكل في التدفق ؟ شكراعبد المؤمن.ك من جازي",0,dataset_1,1,0
حولوهالي.لجيزي هبال.انتاع100,0,dataset_1,1,0
تقيلة رهج الله يهديكم شعب هدا راضي مفهمتش,-1,dataset_1,0,0
الأخت djezzy الكونكسيون تواحشناها في سكيكدة حتى بطلت ما نلعبش pubg و الغاشي كامل هنا دوروها موبيليس يرحم والديكم ريڨلوها كرهتونا حياتنا,-1,dataset_1,0,0
انا عاملة نتاع 800 وكانت عندي نتاع 600نحيتوها علاش,-1,dataset_1,0,0
نحيتيو الإمتيازات خلاه 😒😒,-1,dataset_1,0,0
الانترنات ضعيفة ضعيفة جدا معكم في هاذه الايام حسنو الخدمة او نتنازل علي خدمتكم,-1,dataset_1,0,0
انترنت سيئة للغاية حسنو تغطية نتاعكم واهدرو مع العلم انني من مشتركين جيزي واذا بقات هكذا راح اصبح غير مشترك,-1,dataset_1,0,0
انا بقاتلي الانترنات 30 جيقا وغدوة 15 جويلة تخلاصلي مدة شهر اسكو كاين حل باه ماتروحليش ولا لازم نعاود نفليكسي 1500 جديدة,0,dataset_1,1,0
12Goكملتلي في نهار وحد,0,dataset_1,1,0
من فضلكم الغيولي اشتراك في كويز لي معندو حتى معنى معدتش نقدر نعبي رصيدي طول كل مرة تنحولي رصيد مع اني العين اشتراكي ومسحت التطبيق نهائيا والله بزاف اتصلت بكم لاوحياة لمن تنادي,0,dataset_1,1,0
أنترنت ضعيفة جدا,-1,dataset_1,0,0
ريقلونا سرعه تدفق انترنت راهي زيرو عييتونا,-1,dataset_1,0,0
هربت من موبيليس طحت فيكم علاه ماتردوش على الخاص ماعندكمش call centre ولا كيفاه فهمونا !,-1,dataset_1,0,0
INTERNET Nulle !!,-1,dataset_1,0,0
ماهو جديد ليمودام وماهي إمتيازاتها,0,dataset_1,1,0
باه ندير هذا العرض واش نشكل ممكن رد😶,0,dataset_1,1,0
الانترنيت رجعت تقيلة بواف حسنو من الخدمة,-1,dataset_1,0,0
الخدمة راهي كارثية كنكسيو لازم تنوض بكري باش نكونيكتي . وفي المساء كاارثة رانا نخلصو في الدراهم . او كرهنا,-1,dataset_1,0,0
salamdjezzy,0,dataset_1,1,0
فلكسيت 1200 سرقو منها 250 علاش متخافوش ربي,-1,dataset_1,0,0
المشكلة الكبيرة هي أن كل مرة اريد إرسال رسالة صوتية تخرجلي خياراتكم مرات دون قصد نزيد نخلص معطيات Pardon mais ergonomiquement parlant 0/20,-1,dataset_1,0,0
نشاكي يخرجو غير العروض الهدايا مكاش,0,dataset_1,1,0
نسرين زيدي ريبوندلي باش نربح كما المرة لي فاتت 😌زهرة سمحيلي مي سمحت فيك الى بغيتي زعما 🙄,0,dataset_1,1,-1
اطلقوا كونكس برك,-1,dataset_1,0,0
شكرا جازي لقد فزت ب هاتف ذكي ريبوندي عليا في خاص اخت زهرة عندي استفسار,0,dataset_1,1,0
Msg privé envoyer..veuillez prendre en compte svp,0,dataset_1,1,0
تستهزاو بينا وشمن شيكي تخلصهم بدراهم مش باطل,-1,dataset_1,0,0
علاش أنترنت في جازي ثقيلة بزاف حتى مولينش نقدرو نستعملو الأنترنت,-1,dataset_1,0,0
واش بيها جيزي هادا ليام؟ عندي هايلة بزاف، نحب نتيليشارجي أفلام خاصة أوقات يكون الضغط قليل و بالتالي تكون السرعة أكثر، لكن هذه الأيام تهبط حاجة أكثر من واحد جيغا تثقال، بمعنى توصل لواحد جيغا من التليشارجومو تولي بطيئة و بطيئة جدا و كأنها شيء متعمد، على خاطر ماش مرة واحدة تصرالي..اذا بصواردنا و زيد تتعمدو ثقلونا سرعة التدفق واش بقى مالا ؟,-1,dataset_1,0,0
مساء الخير، جرّب حظّك كل يوم كاين هدايا للرّبح :) زهرة من جازي,0,dataset_1,1,0
دجيزي كيفاش ندير ربط بين المكالمات بغيت نديرها ومخرجتش,0,dataset_1,1,0
انترنت ضعيفة جدا جدا,-1,dataset_1,0,0
Répondez moi en privé svp,0,dataset_1,1,0
رجعت بيس تاعي لجيزي هايلة وندمت كيفاش نحيها ؟؟,0,dataset_1,1,0
ماذا فيما يخص ضعف التدفق 3g et 4g?راسلتكم في الخاص، ولا رد!!,-1,dataset_1,0,0
مرحبا،مبروك، لقد تم الرّد على رسالتك في الخاص :) زهرة من جازي,0,dataset_1,1,0
ريزو ناقص بزاف والتغطية نتاع الانترنيت شبه منعدمة في بلاصة لي نسكنو فيها,-1,dataset_1,0,0
ران بعتلك مشكل في خاص ردي عليا يازهرة,0,dataset_1,1,0
حسبي الله ونعم الوكيل فيكم راكم تسرقولي ليزينيتي,-1,dataset_1,0,0
او فتحونا لابيس علاه لمنكر هدا,-1,dataset_1,0,0
الشبكة ضعيفة 😢👎🏻,-1,dataset_1,0,0
اطلقونا 4gربي يهديكم حقرتونا,-1,dataset_1,0,0
كي نفليكسي يسرقولي خمسالاف شكون لي راهي تدي فيها زهرة ولا نسرين 😒,-1,dataset_1,0,0
يخصنا عرض لأنترنت غير محدودة,0,dataset_1,1,0
"Ou et comment joué?,??",0,dataset_1,1,0
عندي اشتراك 1200دج كي نحب نتصل بخدمة الزبائن تقولي رصيدك غير كافي ؟؟ عندي مشكل غلقتولي شريحة جيزي ؟ الى متى هذا اللامبالات بالزبون ؟ اذا ما فتحتوش الشريحة ناكدلكم اني نغير المتعامل نحو موبيليس,-1,dataset_1,0,0
انترنت سيئة,-1,dataset_1,0,0
انترنيت رديئة جدا ، رغم انني في العاصمة ، واش يقول لي يسكن برا,-1,dataset_1,0,0
تم الرّد,0,dataset_1,1,0
خدمة امتياز متوقفة منذ اكثر من 15 يوم .. اين الخلل؟؟ ومتى يتم اصلاحه؟؟,0,dataset_1,1,0
و الكادو ديالي وقتاه يجيني انا بعثتلكم فالخاص رجعو عليا 😩😩,0,dataset_1,1,0
Djezzyأحيطكم علما بأنه لديكم أفشل شبكة أنترنت على مستوى ولاية البويرة و ما يجاورها شبكة تسبب لك الإرهاق العصبي و التعب النفسي,-1,dataset_1,0,0
لماذا لاتردوا في الخاص؟تردوا برسالة وبعدها متزيدوش تبانوا,0,dataset_1,1,0
راني بعثتلكم ميساج على الخاص يرحم والديكم ريڨليولي لفليكسي تاعي ترجعولي ميساج علامات استفهام تستغباو فينا ولا وشنو,0,dataset_1,1,0
جيزي علاش وقفتولي لبيس تاعي,0,dataset_1,1,0
ردو عليا خاص,0,dataset_1,1,0
افليكسيلي 100da ولا ندورها موبيليس,-1,dataset_1,0,0
سلام جيزي ربحت معاكم des accessoires واش ربحت exact و وواش ندير باش نجيبهم,0,dataset_1,1,0
زهرة راها تلاقي خخ 🤣🤣في منافسة محتدمة بين زهرة ونسرين زعما فاها علاوة كي يربوندو عليما واحد كثر من 🙄,0,dataset_1,1,-1
كي نديروا ينقص الرصيد و لا لا لا ؟!,0,dataset_1,1,0
ا جيزي على وجه ربي واش العروض تاع امتياز هذي درت 30 جيغا ما تسواش 30 ميغا ب100الف ما هذا ؟؟و البيس ولاة ما تقبلش لي بون ما هذا يا هذا ؟,0,dataset_1,1,0
Djezzy نوكل عليكم ربي اذا ماقلتوليش كيفاه نح الكويز راني خااسرة كل يوم 25 دج.. اودي.الناس كامل راها تعاني حطو منشور مسقم كيفاه نديزاكتيفوها ولا جاوبوني هنا الرحمة على الوالدين,-1,dataset_1,0,0
عندي مشكل فالبيس تاعي كي نجي نعيط تقولولي عيطي ل77وكي نعيط ل 77تزيدو تقولولي عيطي ل 77وكيفاه ندير انا دك من فضلك شوفولي حل وزيد راني نسكن بعيدة على لاجونس تاع جيزي لازم نديبلاصي باه نروح ليها ومع لمرض اك تعرفو نورمالمو ديرو حسابكم للحجات اذي ارجو الرد في اقرب وقت,-1,dataset_1,0,0
شكرا جيزي لقد استلمت هدية,0,dataset_1,1,0
كونكسيون ثقيلة بزاف هدو ليامات وعلاش,-1,dataset_1,0,0
الانترنت واش بيها هذو ليامات رانا نخلصو بدراهمنا ومكان والو ؟؟,-1,dataset_1,0,0
اكتيفيت 800 دج عطاولي 15 جيڨا و200 دج هدرة مي 3 ايام حبست مهيش تخدم بطاقة سيم و مزال ما استعملتهاش كيفاه ندير و راهي تخرجلي اسم المستخدم واش نكتب ربي يخليكم جاوبوني,0,dataset_1,1,0
السلام عليكم جيزي هي الافضل من ناحية العروض وجامي سرقتوني كي نكتيفي ولا نفليكسي فقط الفيسبوك راو ثقيل بزاف حتى نعيا,-1,dataset_1,0,0
عييت ما نشاكي و ما ديت والو العروض غير هي تتعاود و كل يوم ..,-1,dataset_1,0,0
ياجدكم كونكسيو كامل راحت هكاك لاريزو لوالو بعثتلكم بريفي ردو ياك بدراهمنا مناش نطلبو فيكم,-1,dataset_1,0,0
4 أيام ول cnx تقيلة.. (قريب مكاش قع) مفهمتش دوك نخلص cnx باش ما نستعملهاش؟؟ وكي يخلاص الشهر تنحو gb لي مستعملتهمش؟؟ (alger),-1,dataset_1,0,0
من فضلكم ردو عليا في الخاص,0,dataset_1,1,0
"Yak je ne suis pas obligé d être connecté avec la 4G de Djezzy, je peux le faire avec la WIFI de la maison normal!??",0,dataset_1,1,0
الانترنت تاعكم للاسف صفر فوق صفر,-1,dataset_1,0,0
ياو ملي فليكسيت وانا ندعي عليكم او قريب يخلاص الشهر وفيديو كي الناس مانقدرش نتفرجلو يفوت عليا سوايع وانا نصيد فريزو حيخلاص الشهر والكونكسيون رهج ندمتوني على الساعة لي فليكسيت كان بقيت بفيس زيرو ارحم دراهم مانيش نلقاهم مرميين فلرض اني نطيح ونوض باه نطمهم فلخر مانخدمش بيهم لا كونكسيون كي الناس لا هدرة تتمسخرو بينا ولا بعمركم الله لاتربحكم 😡😡,-1,dataset_1,0,0
يا الخراالريزو تاع ال4g طالع و كونكسيو ثقيلة و مينداك تروحاتصالات الخرا كامل سراقين المتعاملبن تع دزاير,-1,dataset_1,0,0
خدمة انترنت رديئة جدا دون المستوى حسبنا الله ونعم الوكيل فيكم .. كل شهر نخلص 1500 دج بصح جامي استعملت ربع تاع ليجيغا هادوك والله ما نسمحلكم,-1,dataset_1,0,0
ربحت سمارت فون ليوم وبعثتولي ميساج ! اذا كان ايريس ولا كوندور خليوه عندكم مع احتراماتي,0,dataset_1,1,0
عمال جيزي يأكلون الحرام جهنم تنتظرهم بفارغ الصبر,-1,dataset_1,0,0
واش هذ الكونكسيون الواحد كره منكم والله الناس تشكي وانتم عاجبكم الحال,-1,dataset_1,0,0
انا درت عرض1500daوندمت شد انترنات3ايام فقط وكيلكم ربي جيزي 20سنة سرقة ومشبعتوش,-1,dataset_1,0,0
pourquoi votre site pour recharger en ligne ne fonctionne pas ? j'essaie depuis plusieurs jours .,0,dataset_1,1,0
دجيزي الله يحفظكم بعثولنا لبونيس لكونكسيو ولهدرة تاع لالين 1300دج خلاصولنا وعدوا لعيد نقارعو حتى 1فشهر؟ 0781494722,0,dataset_1,1,0
Stp.انا راحتلي تبحرتلي لابيس تاعي ..وحابه نعاود نرجعها..والفاتوره تاني تبحرتلي..قولولي كي ندير باش نردها ..محتاجتها ضروري..,0,dataset_1,1,0
تخلونا حتا نفكسيو 1500دج اومبعد الكنكسيو تولي تقيلة اليوم الكونيكسيو عيانة كامل والله ندمت لي لليكسيت لوكان بدلت خير,-1,dataset_1,0,0
سرعة تدفق منعدمة هاد ليام حتا وليت نفكر باش نبعلع جدها ونبدل الشريحة . ياو ريڨلوها لهلا تربحكم انشالله,-1,dataset_1,0,0
صحا عيدكم ولا بهديكم ربي اعطوني الكادو تاعي عندي ثلاث شهور ملي ربحتو ملحقش🤦‍♂️🤦‍♂️🥺🥺,0,dataset_1,1,0
انترنث سيئة عندي 12 جيغا مقدرت ندير بيها والو مكانش الكوناكسيو ساعة تروح ساعة تجي,-1,dataset_1,0,0
جيزي حسنو من الخدمة يرحم والديكم راهي موبيليس احسن من ناحية كونكسيو ماتخليوناش نبدلو .,-1,dataset_1,0,0
ها قوليلي برك جد الفوطو لي يبعثوهالي ليه لازم نكليكي عليهة وتكتب استعمل الأنترنات باش تخرج هاو خلي جدهة تخرج هكاك يعني لازم دلي الخدمة,0,dataset_1,1,0
زهرة جامي ربحت تربحوني ليوم الى بغيتي زعمة 🙄,0,dataset_1,1,-1
كيف الغي ميزة accesoires رني ربحتها الان بصح علابالي شهر جاي تبقاو تكولي كريدي منحتاجش واش هو كود لالغائها يرحم بوك متقوليش خاص خلي عام باش يستفاد ناس,0,dataset_1,1,0
الشبكة و الانترنت ضعيفة جدا,-1,dataset_1,0,0
Comment désactiver une bonne flis pour toute le gratuit de messenger djezzy il me saouullee,-1,dataset_1,0,0
Khoya repondi b3atlk f prv !!,0,dataset_1,1,0
ما كانش مصداقية معاكم غير الكذب انا ربحت في رمضان تلفون حتى الدرك ماعطيتوهليش,-1,dataset_1,0,0
Wathik Kd مساء الخير،ناكد لك أنه سيتم الرد على رسالتك فور الاطلاع عليها. زهرة من جازي 🙂,0,dataset_1,1,0
عرض تاع 600دج هايل علاه نحيتوه او ربي يعاونك زهرة..؟,0,dataset_1,1,0
سلام علاش مانقدرش نأكتيفي عرض يوتوب غير محدود ولا فايسبوك غير محدود في شريحة جيزي إيزي بلاما نخلص 50 ألف تع الإشتراك ياريت لو تلغو الاشتراك في شريحة جيزي إيزي,0,dataset_1,1,0
عندي réclamation توجور نبعثلكم في الخاص ولكن لا حياة لمن تنادي,0,dataset_1,1,0
وراه التلفون نتاعي اللي ربحتو قبل ونرعد نتفاهمو,0,dataset_1,1,0
امتياز 100علاش نحتوه,0,dataset_1,1,0
ظال نشيكي مصحلي والو,0,dataset_1,1,0
ممكن أكثر توضيح من فضلك ؟,0,dataset_1,1,0
Conx ta3kom kolyoum hagda??!! Rani abonné jdid,0,dataset_1,1,0
من فضلكم كيف اشتراك في مسابقة حملت تطبيق جيزي,0,dataset_1,1,0
عندي اشكال,0,dataset_1,1,0
نعم، ما عليك غير تهز الهاتف ديالك بعد تشغيل التطبيق 🙂حظ سعيد ، نسرين من جازي.,0,dataset_1,1,0
خرجت بلي ربحت power bank كيفاش نديها ؟,0,dataset_1,1,0
سلام عليكم اخي حبيت نغير الشريحة تاعي نرجعها شريحة عادية,0,dataset_1,1,0
أن شاء الله نربحو حاجة مشارك يستنا بتوفيق,0,dataset_1,1,0
منيش فاهم كفاش ندير باه نشارك,0,dataset_1,1,0
الله يبارك فيكم.أنشاءالله.رابحين.معكم,1,dataset_1,2,0
السلام عليكم,0,dataset_1,1,0
عندي مشكل,-1,dataset_1,0,0
و حكاية quiz instawin كفاش نلعبوها,0,dataset_1,1,0
عندي مشكل فجازي كل منفليكسي تنحولي,0,dataset_1,1,0
إن شاء الله =),-1,dataset_1,0,0
Younes Heran Ulrمرحبا ، لقد تم الرّد على رسالتك في الخاص و التي تحتوي على نفس الطلب.زهرة من جازي,0,dataset_1,1,0
ما كاش منها 150 دج راحو باطل علاه هالدا تسرقوا فالناس حرام,-1,dataset_1,0,0
كلتونا غير الدراهم مكان والو,-1,dataset_1,0,0
ريقلولنا الكونيكسيون لا بغيتو زعما,-1,dataset_1,0,0
شبكة ضعيفة فهمني كيفاش نخدم بيها,-1,dataset_1,0,0
تم الرد على رسالتك في الخاص.🙂 نسرين من جازي,0,dataset_1,1,0
خدماتي معاكم راه عندها عمر من سنة 2006 برقمي هذا 0771423.. ربحونا معاكم راني خاسة بزاف دراهم عندكم هه رجعونا شوي,-1,dataset_1,0,0
مرحبا ،لعبة Shake and Win لا تكلف رصيد ، فقط يجب الدخول للتطبيق و تحريك الهاتف لإكتشاف الهدية.زهرة من جازي :),0,dataset_1,1,0
وعليكم السلام :),0,dataset_1,1,0
كيفاش ندير كنطلع الابلكاسيو باش نربح,0,dataset_1,1,0
قلتولي نفتحولك الخط ديالك ونتوما عيطتولي وبعد بلعطتوني,0,dataset_1,1,0
اليوم وصلتني الهدية، شكرا جيزي,1,dataset_1,2,0
Djezzy هية أسوأ شركت أتصالات في كل الجزائر و ممكن في العالم، لو لم يكن رقمي مرطبط بشغلي لرميته في القماما حيث تنتمي djezzy.,-1,dataset_1,0,0
عندي مشكل في بطاقتي من فضلكم جاوبوني,0,dataset_1,1,0
مرحبا،ماهو الإشكال من فضلك ؟ كيف يمكننا مساعدتك ؟زهرة من جازي,0,dataset_1,1,0
مفهمتش انا سقسيت على الانترنت واش بيها رجعت مثل السلحفات وانتم قلتولي عطينا رقم المنزل واش دخل رقم المنزل في انترنت الهاتف,-1,dataset_1,0,0
شبكة ضعيفة,-1,dataset_1,0,0
Msg privé,0,dataset_1,1,0
تم الرد على رسالتك في الخاص.نسرين من جازي,0,dataset_1,1,0
كنت ماكتيفي 800 دج تاع عرض امتياز .خلصتلي البارح رحت فليكسيت ضرك باه ناكتيفيها مالقيتهاش . العروض تاع امتياز كامل راحو بقات غير تاع 190 دج !! علاه يعني علاه وش ندير بيها هاذي . كان عرفتكم نحيتوها والله مانفليكسي . اذا ماكمش راح تردوها قولولي,-1,dataset_1,0,0
نحيتولي ريزو تاع نت و عندي ريزو ميقدروش يعيطولي ناس موقف علاش هكا مزالي ١١جيقا تاع نت علاه كوبيتلي نت نعيطلكم مكاش ني خدمة زبائن ني والة,0,dataset_1,1,0
علاه نحيتو عروض امتياز,0,dataset_1,1,0
راني نستناا تيليفون تاعي عندي شهرين ملي ربحت 😩😩,-1,dataset_1,0,0
ريڨلونا جد لاكونكسيو زهرة من جيزي ختي علي وجه ربي ني نلعب بوبجي تتعاودلي اللقطة 175775 مرة ريڨلوها يرحم شوابين هاه,-1,dataset_1,0,0
كيفاه لحكاية هادي,0,dataset_1,1,0
ربحت ايكوتور كيفاش نجيبهم 🙄 ولا تبعتوهم ؟,0,dataset_1,1,-1
كي نفليكسي تسرقولي لزينيتي,-1,dataset_1,0,0
رجعولنا العرض تاع امتياز100,0,dataset_1,1,0
يا ودي الواحد كان قاعد نورمال حتى سكرتولو لابيس لاه يعني لاه 😭,-1,dataset_1,0,0
J'ai pas encore reçu mon cadeau ça fait 3 mois,0,dataset_1,1,0
مفهمتش كيفا نلعب ؟,0,dataset_1,1,0
هل استطيع الفوز ب ليجيغا اكتر من مرا,0,dataset_1,1,0
مشكل في تدفق الأنترنيت كليتونا 🤬🤬,-1,dataset_1,0,0
الانترنت مازالت ضعيفة 😡😏🙄,-1,dataset_1,0,-1
واش هوما الهدايا و ريقلونا الكونيكيوا اذا بغيتوا زعما,0,dataset_1,1,0
ممكن استفسار ؟؟,0,dataset_1,1,0
عرض امتياز علاش نحتوحه,0,dataset_1,1,0
Doka ana andi Izzy haba nglbha imtiyaz na9dr min nglbha w naactiviha n3wd nrdha Izzy kima knt ??,0,dataset_1,1,0
دايمن. تخلاص كونكسيو. قبل. 3 جوغ. علاه ??,0,dataset_1,1,0
الله يبارك فيكم انشاء الله,1,dataset_1,2,0
صباح خير,0,dataset_1,1,0
شكرا وصلني الكادو تاعي 😍😍,1,dataset_1,2,1
حث على التفكير التأمل,0,dataset_1,1,0
زهرة توحشناك الى بغيتي زعمة 😪,-1,dataset_1,0,0
امتياز علاش مرجعتوش تاع 80الف 😑,-1,dataset_1,0,-1
عندي لبيس جيزي عندها بزاف عندي مي دوك تبلوكات معلباليش سبب ونا راني محتاجها بزاف مقدرتش نتقرب لكاش نقطة تع جيزي بسبب عدم وجود نقل ادا كان ممكن تعطولي حل اكون فلمتناول باش نرجع لبيس في اقرب وقت وشكرا,0,dataset_1,1,0
رجعولي امتياز تاع 60الف ولا 80الف,0,dataset_1,1,0
Arezki Aziz كاين منها ولا غير هدرا 🤔🤔,0,dataset_1,1,0
وبهذه المناسبه يا مدام جيزي هاكي 👈🔨,0,dataset_1,1,0
"ما نزيدش نشارك خلاص .. هذه المسابقات تخليك تطمع و من بعد تربح الريح و يطيح لك المورال و تقول أنا ما عنديش الزهر و في الحقيقة ""اللاعب حميدة و الرشام حميدة "" = ""زيتنا في دقيقنا"" !",-1,dataset_1,0,0
وين راح العرض تاع 60جيقا!!,0,dataset_1,1,0
ريقلونا الكونيكسيو الرحمة على والديكم,-1,dataset_1,0,0
انا جبتها machine ومربحتش,-1,dataset_1,0,0
كيفاش تتلعب هادي مسابقة,0,dataset_1,1,0
هه راح بلاي,0,dataset_1,1,0
لماذا انترنيت تنفذ بسرعة يعني لي ميغا ثم ثم يخلاصو,-1,dataset_1,0,0
باصيتونا بهاذ لالين باغي نرجع الرقم نتاعي عادي و ايرجون,-1,dataset_1,0,0
Li rbah yji ygolna hna la sah,0,dataset_1,1,0
ديرونا مطولا شهرية سحب,0,dataset_1,1,0
شكرا :),1,dataset_1,2,0
واش بيها الانترنت والريزو ماكانش خلاص هاذ النهار؟,-1,dataset_1,0,0
الإتصال والأنترنات راهي كارثة في بلدية الياشير برج بوعريريج مانقدرش حتى نتاصل ب خدمة الزبائن,-1,dataset_1,0,0
المسابقات شاركنا بصح الهدايا حاجة ماوصلت ، راني من رمضان من مسابقة شايكي واربح ، لليوم مالحقتنيش الهدية لي ربحتها 😏,0,dataset_1,1,0
هل هو عرض متوفر على *44# من فضلك ؟,0,dataset_1,1,0
قانون المسابقة دايرين أربع فائزين وذرك ولا واحد..!,0,dataset_1,1,0
ديما نلعب والربحة مكاش,0,dataset_1,1,0
العفو، هذا واجبنا :),0,dataset_1,1,0
خدمونا ل 4 جي في جيجل برك,0,dataset_1,1,0
زعما صح,0,dataset_1,1,0
"J'ai deux numéros Djezzy l'un quand je contacte ma femme me répond, l'autre numéros je n'arrive pas à la rejoindre la standardiste qui me répond.",0,dataset_1,1,0
Djezzy أنا راهم نحاولي عروض إمتياز هاذي عندها شهر مع أنه رقمي قديم لماذا,0,dataset_1,1,0
كونكسيون عندها زوز ايام راهي كارثا,-1,dataset_1,0,0
لعقوبة لينا مربحنا والو,0,dataset_1,1,0
3lh l 4g te3 djeezy twila khfifa ghi f lil w t9ila f sbahh,-1,dataset_1,0,0
مرحبا،الرجاء تقديم رقم الهاتف مع الإسم و اللقب على الخاص لمعرفة سبب التوقف و إمكانية الإسترجاع.زهرة من جازي :),0,dataset_1,1,0
يا Djezzy زيدولنا في حجم الإنترنت في عرض 200 دج 60 جيغا قليلة ويمكن أن تخفضو في مكافئة المكالمات التي تبلغ 700 دج نحو باقي الشبكات,0,dataset_1,1,0
Ghir a3edlou reseau nta3kom aw habelna,-1,dataset_1,0,0
جيزي ماذا يحدث في الريزو انتاعكم هاذه الأيام والله العظبم كاارثة بكل المقاييسصواحي العاصمة هه,-1,dataset_1,0,0
لو نعرف لمن أشتكيكم والله لن أتأخر دقيقة واحدة السرقة ولا محاسب,-1,dataset_1,0,0
بعثت رسائل على الخاص منذ 3 أيام ولكن لا حياة لمن تنادي,0,dataset_1,1,0
زهرة ديري لافار وزوجي في وقت الكورونا ما تخسري لا دراهم لا قاطوا و دراهم العرس ديروا بيهم فواياج 😁,0,dataset_1,1,0
المهم سرعة تدفق الانترنيت ثقيلة بزاف بالرغم من انها 4G,-1,dataset_1,0,0
Connexion 4 g ماتصلحش فراك سي بون وليت مانأكتيفيش غير على جال التغطية تاعكم ارتقو ناس راهي ف 5g وحنا 4 g زعمة والفايدة قرنون,-1,dataset_1,0,0
مع كل احتراماتي،بصح لوكان ماشي ماد النومرو للناس لوكان هاذي مدة ملي كملت معاكم، و راني بهاد النومرو فالعشرة سنين ممديتولي حتى أوفر شباب,0,dataset_1,1,0
انا ديما ندير 40جيغا ونستهلك غير 10جيغا والباقي نتحوهالي علاش هكذا تحوسو نبدلو الشبكة ونروحو كامل لمبليس ولا نجمة,-1,dataset_1,0,0
جي تلعب وتشارك حتى تلقا 50 الف ولا 10 الف راحت,0,dataset_1,1,0
ريڨلو غير الكونكسيو راعي ثقيلة فوق لازم مكلهالنا بل جوائز,-1,dataset_1,0,0
مساء الخير للجميع.أنا.نساتن.فيكم.تبعاتوان.بش.كونكتي,0,dataset_1,1,0
منين نفليكسي نلقى الكريدي رااح ربي وكيلكم يا جيزي راكم تفقدوا في الزبائن تاعكمهاذ LA puce ضرك نكسرها ونرميها,-1,dataset_1,0,0
قالك #سلطة_الضبط تقوم بالاستفتاء بين المتعاملين..و لحد الآن الكل يقوم بالتصويت من اجل ايقاف المتعامل #جيزي و وضعه حيز الاقصاء,0,dataset_1,1,0
قرعة كاس افريقيا . ضربتوا عليها النح ..؟,0,dataset_1,1,0
ذكريات مدارس ومتوسطات و ثانويات تلمسان,0,dataset_1,1,0
هذي شريحة جديدة ولا تصلح مع اي شريحة؟,0,dataset_1,1,0
كويز راهو يديلي فادراهم كيفاش نلغيه,0,dataset_1,1,0
منذ اسبوع الشبكة رديئة جدا وخاصة الانترنات 0٪ يانمار,-1,dataset_1,0,0
راني نفلكسي تدولي,-1,dataset_1,0,0
جيزي وين راه الكادو تاعي من رمضان مبانش و متقولوليش روخي بريفي نظل نبعث ليميساج مترجعوش,-1,dataset_1,0,0
نسيتو رابط,0,dataset_1,1,0
يا حسراه، هديك الكونكسيون 2g wella 1g ونزيد نبارطاجيها، انا تبانلي راكم غالطين فالبلد، وزيد اعطولي وجهكم الناس كامل تشكي وتعاير فيكم وانتما مكوفين روحكم كيشغل ماراناش معاكم,-1,dataset_1,0,0
عندي جيزي شركات الريزو والو كي نكون فالبيت,-1,dataset_1,0,0
عندي مشكل ما يخرجوليش اختيارات امتياز,-1,dataset_1,0,0
ربحت سمارت فون لبارح برك شحال باه يوجد !,0,dataset_1,1,0
علاش نحيتولي عروض إمتياز، نبدلكم بأوريدو خير,-1,dataset_1,0,0
استفسار,0,dataset_1,1,0
ريقلو كنكسيو يرحم والديكم,-1,dataset_1,0,0
بينوا رواحكم عندي هدرة معكم ومكالاه تريبونديو عليا بالروبوت,0,dataset_1,1,0
فهموني علاش مرانيش نقدر نعيط من لبارح راهي تخرجلك الخط موقف مؤقتا راه رصيد فيه دراهم وهدرت بيها حبستولي الخط ولا ريزو لي راه كما انا يفهمني على وجه ربي ورجعولي في الخاص,0,dataset_1,1,0
علاش غلقتولي puce ديالي علاش العشرة تاع عشر سنين و غلقتوهالي و المشكل كل شهر نفليكسي 1500دج,-1,dataset_1,0,0
علاه نقدر نستعمل غير 1 go في النهار الأنثرنث انا مسلك عليها وندير واش نحب فيها نستعمل 1 جيغا مبعد تصبح سرعة منخفضة,-1,dataset_1,0,0
"مرحبا،يمكنك الغاء تسجيلك في لعبة Instawin من خلال الضغط على الثلاث الخطوط الموجودة أعلى شاشة هاتفك على اليمين، ثم الضغط على ""Désinscrire"" :) نسرين من جازي",0,dataset_1,1,0
جيزي ريزو رى راه كارثة مانيش نقدر كامل ندخل مع العلم عندي لي جيجا وهذا في الاول كان هايل.,-1,dataset_1,0,0
لا أستطيع اجراء مكالمة نحو جازي و الشبكات الأخرى وتخبرني المتحدثة أن رصيدي غير كافي وتقع اتصالي. رغم أنني مشتركة في عرض جازي امتياز 1200 دج ولدي رصيد إضافي. أريد حلا لو سمحتم. لأنني اتصلت بمصلحة الزبائن وعند تم تحويلي لتقديم شكوى، أخبرتني مجددا أن رصيدي غير كاف,-1,dataset_1,0,0
دايما ينقص كريدي 250دج واش هو السبب,-1,dataset_1,0,0
للأسف نحن هنا في مشرية ولاية النعامة مزالنا +H الناس راها قريب 5 جي و حنا منطقة الظل نتمنو غي 3 جي تتأفيشا في موبيل تاعنا,-1,dataset_1,0,0
علاش نحيتولي تاع امتياز,0,dataset_1,1,0
حاب نفهم حجا علاه انا مكتيفي و كونيكسيو مكانش فهموني برك,-1,dataset_1,0,0
دايمن ينقصلي الكريدي بلا ما نعيطأنس من المنزل 🙂,-1,dataset_1,0,0
كرهتونا بي هاذي لنترنات,-1,dataset_1,0,0
"مرحبا,ندعوك لتقديم المزيد من التفاصيل شكرا عبد المؤمن من جازي",0,dataset_1,1,0
ْعلُاش يالجيزي نحيتولي العرض نتاع الف دينار لي راه مع العروض نتاع امتياز *44# عاد مافيها والو هذي بيس,0,dataset_1,1,0
لقد تم الرّد Riyad :),0,dataset_1,1,0
قبل الترويج لعروض جديدة، حسنوا الشبكة و تدفق الانترنت للعروض الحالية على الاقل.. لا ريزو لا انترنت لا جد ماليكم، متعاملين الهاتف النقال ثلاثتكم شلة عصابة لنهب اموال الزبائن مع رداءة الخدمة.. #جيزي و الكل يتألم و يعاني,-1,dataset_1,0,0
المشكل أنهم يطلڨو عرض يقولو هايل ب ألف دينار 40 جيقا وكلش باطل حتى تحشم تحس روحك رآهم يصدقو عليك هذا في الإشهار طبعا بصح في الواقع غير تروح للعرض هذاك تبدأ المعاناة غير يخلاص وتجي تعاود تشارجي يقلك ما تقدرش لازم 1500 دينار هذيك المرة الأولى برك لابيس هدية من عند جيزي تقول عطاوهالك باطل والأنترنت 40جيڨا تاكل منها 15 والباقي تلقى غير الحنش يدور في النص وقبل وقت النهاية ب خمس ساعات يقلك خلاص لازم تشارجي المهم نصب وإحتيال أمام الملأ وعادي متخير حتى متعامل كامل كيف كيف,-1,dataset_1,0,0
عروض امتياز مغلوقة عندي علاه؟؟,0,dataset_1,1,0
M3a Djezzy tmoute mkrizii ou charekk mafrizii ou rala drahmek t visé 🤣🤣,-1,dataset_1,0,0
ارجو منكم تحسين تدفق الانترنت,-1,dataset_1,0,0
الانترنت في منطقتنا سيئة جدا وحتى من اجل المكالمات نرجو ان تنضرو الى هذه الحالة,-1,dataset_1,0,0
كونيكسيو كي وجوهكم و نزيد نبارطاجيها ، انا وحدي و مانيش سالك .. ان شاء الله هذا الشهر تالي مع جيزي تاع الهم,-1,dataset_1,0,0
شحال قيمة هذا العرض,0,dataset_1,1,0
في تمنراست خدمات جازي موجودة ولكن ولكن الكونيكسيو تقدر تقول منعدمة 0,-1,dataset_1,0,0
makanch reseau,-1,dataset_1,0,0
Saber Retma مرحبا،نعم Saber تفضل بطلبك :) زهرة من جازي,0,dataset_1,1,0
Nedjaa Ramdhne مساء الخير،عروض امتياز ترويجية و متغيرة.زهرة من جازي 🙂,0,dataset_1,1,0
20 جيڨا ألفين دينار 😂😂 منيتكم جازي لوكان جات غير انترنت مليحة ثقيلة وتدفق ضعيف اصلا كرهتها جازي رني نستنى نكمل درهمي وندير اوريدوا احسن قرعتوها كل مانعطلكم النت ضعيف ما تديروا حتى شي,-1,dataset_1,0,-1
يااو غير نحكمها انا ومن بعد نبارطاجيها راني حاصلة فيها راكم كارثة قبل مادير الجديد وطيحو علينا خشان انتهلاو ريڨلو القديم برك 😐,-1,dataset_1,0,0
الشهر التالي مع جيزي مكانش منها خسارة الدراهم كونكسيون مكانش ولا ثقيلا الحجر وكونكسيون ثقيلا ومنعدمة أغلب الوقت بزاف فقنا بكم,-1,dataset_1,0,0
أنترنت جيزي تعلمك الصبر .. تعلمك تتأمل فالتفاصيل تع الهاتف تاعك .. تعلمك تتنفس غير بالعقل بش ماتكونصوميش الأكسيجين بزاف ..ااسي ⁦☝️⁩,-1,dataset_1,0,0
راكم شايخين علينا واش تبارطجي على الأنترنت الزينة.تقول راكم تصدقوا علينا المهم هدا المرة راني أكتيفيت شهر بصح الشهر الجاي تحيا أوريدو و نزيدوا,-1,dataset_1,0,0
زعما راهي الانترنات كاينه خصنا غير نبرتاجيوا هلكتونا قاعدين نخلصوا غير في الدراهم والكنكسيون يجيب ربي😖😖,-1,dataset_1,0,0
حتى توفرو لنا الجيل 4 ،لا 4 و لا 3قدمت عدت شكاوي و لا حيات لمن تمادي و الله حسبنا الله و نعم الوكيل,-1,dataset_1,0,0
أتلقوا cnx مشي تروجوا لعروض جديدةعندها كتر من سمانة في حالة كارتية وزيد لا رد عن الشكاوي لا تبرير للمتعامل الا مبالات حسبي الله و نعم الوكيل,-1,dataset_1,0,0
شحال من مره وانا نعيط لكم على جال الخط نتعي نهار كامل وانتم تتمسخرو بيا وتڤولولي رانا فوتناك للمصلحة التقنيه راكم حاسبني كاز ولا تركتور ولا كاميو راح ندير مراقبة تقنية,-1,dataset_1,0,0
L’application Djezzy sur iOS est en panne!,-1,dataset_1,0,0
كونكسيو تعيف,-1,dataset_1,0,0
واحد لايزيد ياكتيفي فلبيس تاعكم🤢🤢,-1,dataset_1,0,0
J'ai un problème de connexion dans ma puce djezzy,-1,dataset_1,0,0
Chhl prix ?,0,dataset_1,1,0
.dz l’application sur ios ne marche pas,-1,dataset_1,0,0
غير أعدلوا الانترنت برك ما نحتاجوا والوا عندكم وحد الكونكسيون تعيف تعيف ..,-1,dataset_1,0,0
كذابين لاكونيكسيو والو موبيليس خير والله سgمو لاكونيكسيو تاعكم,-1,dataset_1,0,0
💓,1,dataset_1,2,0
Cnx teayi,-1,dataset_1,0,0
Cnx ta3 zbii roho t9wdo machi khirr,-1,dataset_1,0,0
الكونكسيو عندكم لا تطاق,-1,dataset_1,0,0
الكنكسيو تاعكم ما تصلحش و 100جيڨا واش دير بيها خرطي,-1,dataset_1,0,0
كذابين 200 Da تعطيك 20G ويفضو في سمانة,-1,dataset_1,0,0
يا كونيكسو ثقيلا,-1,dataset_1,0,0
نسرين تاع فيسبوك مكاشها ؟,0,dataset_1,1,0
#حملة_مقاطعة_جيزي رداءة كبيرة لاتطاق,-1,dataset_1,0,0
Kifech najouter des gens l’offre dyali rani fateh l’application mais j’ai rien trouvé ? .dz,0,dataset_1,1,0
Internet nta3kom suck,0,dataset_1,1,0
How to share a contest🤔🤔,0,dataset_1,1,0
Djezzy prv prv,0,dataset_1,1,0
Djezzy.dz hayla,1,dataset_1,2,0
علاه كونيكسيون راهي تقيلا هاد اليامات,-1,dataset_1,0,0
ولي كادو وينتا ندوهم,0,dataset_1,1,0
خاوتي هذه صفحة جزائرية جديدة تنشر أمثال بالفرنسة مترجمة إلى العربية أدخلو و شوفو المحتوى إدا عجبكم ديىدرو آبوني🌹💝,0,dataset_1,1,0
".polaire7 Ne vous inquiétez pas, notre équipe vous contactera dans les plus brefs délais pour récupérer votre cadeau",0,dataset_1,1,0
سيتم الإتصال بك في اقرب وقت,0,dataset_1,1,0
.i.a.d_b تقدر تتصل بنا عبر Dmبرقم هاتفك و معلوماتك حتى يتم النظر إلى المشكلة و حلّها,0,dataset_1,1,0
وقتاه تحطولنا النتائج تاع الاسبوع الاول من اللعبة الجديدة لي طلقتوها,0,dataset_1,1,0
Riglona connexion te3 3g yerham waldikom 😅,0,dataset_1,1,-1
راح يكون قوة,1,dataset_1,2,0
راح يكون أسطوري كي لعادة 🔥👽,1,dataset_1,2,0
دلاع راه غالي,0,dataset_1,1,0
👌👌💪💪,1,dataset_1,2,0
😍😍🇩🇿🔥🔥,1,dataset_1,2,1
.benblal شكرا على المعلومة,0,dataset_1,1,0
بااينة,0,dataset_1,1,0
.dz عفوا,0,dataset_1,1,0
.benblal 🤣🤣,0,dataset_1,1,0
69: im back🤪,0,dataset_1,1,0
Kifach tactivi hadi izzy??,0,dataset_1,1,0
👏👏🙌🙌,1,dataset_1,2,0
اواه معجبنيش اليوم لعب ناقص شويا,-1,dataset_1,0,0
نطالب من جيزي التواصل مع فري فاير لاضافه خدمه الشحن عبر رقم الهاتف ليتمكن اللاعبين الجزائريين من الشحن بفري فاير عبر رقم هاتفهم جيزي وسيكون لهذا الامر فائده كبيره لكم حيث سيشتري عدد اكبر من الجزائريين شريحه جيزي وتحصلون على زبائن اكثررجاءا نريد الشراكة بين جيزي ولعبة فري فاير سيساهم في اقتناء عدد كبير من الجزائريين لشريحه الهاتف جيزي واستعمالها,0,dataset_1,1,0
"Certainly, as usual, he is a distinguished riad always and forever, oh my God, how much I want to score the most adequate goals, good luck to him 🙏",0,dataset_1,1,0
سقمونا كونكسيون راهي تقيلا,-1,dataset_1,0,0
❤️❤️❤️❤️❤️❤️❤️,1,dataset_1,2,0
😮,1,dataset_1,2,0
.u نشكرك على الاقتراح 😊,0,dataset_1,1,0
._.1y8._.d سلام، شريحة IZZY متوفرة في كل محلاتنا بسعر 300 دج، وعرض IZZY500 متوفر فيها بتشكيل *720# زهرة من جازي :),0,dataset_1,1,0
.dz aa oky puce w7dha ana 3ndi djeezy brk,0,dataset_1,1,0
.dz هل سيتم العمل عليه ؟,0,dataset_1,1,0
ادخلو سطوري ديالي اضربو دارة ❤️,0,dataset_1,1,0
الخطرة الجاية يدير حالة 😉,0,dataset_1,1,0
.blk You're mad? 👀,0,dataset_1,1,0
.dz ان شاء الله 😂😂,0,dataset_1,1,-1
افضل من اداءكم في الانترنت 🙂,-1,dataset_1,0,0
😂❤️,0,dataset_1,1,-1
عميقين هه,1,dataset_1,2,0
.xx ch7al am y5lso fik 😂😭😭,-1,dataset_1,0,-1
99$ per second,-1,dataset_1,0,0
.xx y5y 3ami9 y5y apparently t9l9 had klma aya mnaidech n9ymk 9wd,-1,dataset_1,0,0
9awdi,0,dataset_1,1,0
😇 مرحبا بيكم لافامي 🌹🔥,0,dataset_1,1,0
non hada instru ta3 la chanson Booba - Glaive même Thenx hazha men 3ando,0,dataset_1,1,0
والله مالڨري شوية تقيلى مي تحيا جيزي 👏👏🔥,1,dataset_1,2,0
💗,1,dataset_1,2,0
Do you want to be motivated ? Check my profile please 💗,0,dataset_1,1,0
tgouli 3om9 wenta tossef rouhek comme pianiste w singer fel bio te3ek 😂😭😭😂😂 hayawan,0,dataset_1,1,-1
Glave 🤣🤣 booba 🤣🤣 izzy 🤣🤣,0,dataset_1,1,0
"ألق نظرة على خواطري و إقتباساتي و ثريد ربما تجد مايلامس قلبك✨ ⠀⠀✦ ⠀ ⠀ ⠀⠀* ⠀⠀. . ⠀⠀✦⠀⠀ ⠀⠀ ⠀⠀☄️ ⠀ ⠀⠀. . ﾟ . . ✦ , .⠀⠀☀️ * .. . ✦⠀ , * ⠀ ⠀ ,⠀⠀. ⠀ ⠀. ˚ ⠀ ⠀ , . . *⠀ ⠀ ⠀✦⠀ . . . ⠀🌕 . 🚀 ˚ ﾟ . .⠀ 🌎⠀‍⠀‍⠀‍⠀‍⠀‍⠀‍⠀‍⠀‍⠀‍⠀‍⠀, * ⠀. . ⠀✦ ˚ *.⠀ . . ✦⠀ , .",0,dataset_1,1,0
mdrr tssema nta li 3ami9 non ? Ya hayawan thder 3a niya jabri,0,dataset_1,1,0
dm my,0,dataset_1,1,0
ilove you dm my,0,dataset_1,1,0
.mansourii oui mam anan,0,dataset_1,1,0
العمق😆😆😂😂,0,dataset_1,1,-1
Wtf vintage wch dkhlo f djezzy,-1,dataset_1,0,0
win jebtini yar7am babak 😂🙄 ay tfou7 l7ala hna 😂😂,0,dataset_1,1,-1
Abonnez vous😮,0,dataset_1,1,0
mchi nikmk,0,dataset_1,1,0
🦟🦟,0,dataset_1,1,0
wlh hada win dkhelt l toilette w chft l fou7a li darha had lbahloul hna sma7li sa7bi 😂😂,0,dataset_1,1,-1
🤦‍♀️😂😂,0,dataset_1,1,-1
متابعة مردودة في الحين 🔥🔥متفاعل ناار 🌋🌋,0,dataset_1,1,0
نتوما خرطي في خرطي,-1,dataset_1,0,0
لغناية هدي سكنتلي في راسي😹😹,0,dataset_1,1,0
بييت جامد,0,dataset_1,1,0
تبحث عن كتابات لستورياتك ؟ تحب الكتابات القصيرة ؟ محبة للأدب🖇️ والخواطر🖋️ و الروايات 📕و الاقتباسات📍_ تحب المعلومات متنوعة؟ مثل كيف أخشع في صلاتي 💙_ تحب قصص مثل قصة نمرود ، يأجوج ومأجوج_ ألعاب في ستوري مثل لو خيروك و أسئلة ومسابقات أبوني والله ماتندموا ⁦❤️⁩✨,0,dataset_1,1,0
مزية حبستو تع ريفكا و ستانلي😂,-1,dataset_1,0,-1
.algeriens.official اقرا على روحك يودي,0,dataset_1,1,0
Cnx fe djezzy so bad aa deep,-1,dataset_1,0,0
fhemti 3lash 3ndi puce djezzy 🙄😂,1,dataset_1,2,-1
mam ana😢😢 wsh n9olkum Djezzy merci bcp ki tfkrtona,1,dataset_1,2,0
.algeriens.official بركا ما تتمسخر يا خويا,0,dataset_1,1,0
تد🌴🌴,0,dataset_1,1,0
العمق⁦↖️⁩⁦↖️⁩,1,dataset_1,2,0
Manquent n1 wesmoo😂😍😍,1,dataset_1,2,-1
الإنستا تاعو بليز 🙂,0,dataset_1,1,0
الي حابه تسمان الي حابه تبيض بشرتها و تتهلى فيهاا و الي حابه تطول شعرها و تقويه و تتعلم تحط مكياج و تعرف كلشي على المايك اب تدخل عندي تشوف و 😍😍ديرلي ابوني با يوصلك كل جديد,0,dataset_1,1,1
".xx neta retard af,beghit nechof la réaction ta3 khtek ki tchot kifach tehdar f les pages officiel,hechmt f plastek",0,dataset_1,1,0
"Abonné moi toujours jdid.""dymn live flil"",,""échange de pub""🙏❤️🔥",0,dataset_1,1,0
Nchlh frere ❤️,0,dataset_1,1,0
As,0,dataset_1,1,0
اشهار يبان تاع ريحا و زيد سرعة تاعكم 🐢,-1,dataset_1,0,0
شكون يفليكسي لينا عشرلاف نبرطجو ويفي شوي خهه 😏,0,dataset_1,1,0
Li ychof had lpub yhasso affaires ta3 مخ*رات,0,dataset_1,1,0
Safi 5 Go fi nhar ye5lasou tdir insta.. Yaklou fi nhar ya5lasou mais bon courage 👏👏,1,dataset_1,2,0
انترنت 👎👎,-1,dataset_1,0,0
Connexion mkhalta bel ma,-1,dataset_1,0,0
لمحبي الرسم 🎨🖌️ ادخلوا حساب صديقتي رسوماتها رائعة إذا اعجبكم رسمها إدعموا موهبتها تحتاج إلى دعمكم هذا حسابها الخاص بالرسم,0,dataset_1,1,0
Ghil 0 wala cnx taekom,-1,dataset_1,0,0
Ta7ya orido,-1,dataset_1,0,0
صفحة تهتم بالراب الجزائري وكل اخبار المغنين عشاق الراب ابوني عندي نسحقكم 💉🔥,0,dataset_1,1,0
Tm,0,dataset_1,1,0
اين موراد اودية انا لا اراه والا قطعتو بيه 😂,0,dataset_1,1,-1
عجبني اللول شباب هادا ماكان والموسيقى 😒,-1,dataset_1,0,0
نعدين بالاك انتوما و الكونكسيو تاعكم سراقين آخر مرة راح نفليكسي عندكم,-1,dataset_1,0,0
El edit chabab bezaf el ha9,1,dataset_1,2,0
._.grap شراكة راح يديروها مع أوريدو يا حماار,0,dataset_1,1,0
._.grap وين غالي نتا وين قالو مياتلف تجيبلك ألف جوهرة. شوف يالحمار مياتلف تجيبلك خمسمية جوهرة و هاداك هو لبري ماغالي ماوالو. دك ماشي يجي طلاب كيما نتا و دبر عليهم وش يديرو. أشحن كيما نتا كيما ناس ولا قود,0,dataset_1,1,0
لا و الله كيما راني نقولك عدنا مياتلف تجيبلك الف جوهرة,0,dataset_1,1,0
._.grap 23=100demond w 100=100demond,0,dataset_1,1,0
صاحا علاه راك مركز على كلمة حمار 😒🙂انا حياتك كاملة اني جايبها دراسة و تجي نتا فتالي تقولي حمار. هاذي هيا لحاجة لي خلاتنا فلخر كل واحد عاس لاخر يغلط يظحكر عليه ما يغلطش يردوه غلطان,0,dataset_1,1,0
._.grap كامل قاريين و كامل نعرفو زيد قولي تقرا خير مني و سيونتيفيك. ريح عاقل شباب 🙌,0,dataset_1,1,0
._.grap أنا مياتلف ولله غير تجيب لي خمسمية وعشرين ديامون. برك إدا كان عندك لبونيس من شوب تو جيم لتم يجيك الدوبل.,0,dataset_1,1,0
اذا كان يديرو شراكة مع اريدو و حنا ما تنفعناش علاش يديروها و ماشي راني نهدر على لعبة فري فاير و بس راني نهدر عليهم قاع اي لعبة تعتمد على الشحن خاصة في هاذي ظروف يلزم كل واحد يحكم بيتو وزيد كاين لي ما عندوش دراهم باش يشحن و مين داك يشوف صحابو شاحنين تحكمو لقنطة 😂😂هخهخهه عيد مبارك,0,dataset_1,1,-1
._.grap وي صح ياخو عندك لحق. بصح وقتاش لعيد. علاش لحق 😅😅,0,dataset_1,1,-1
هخهه انا حمد الله كملت قرايتي 19عام كامله 😂😂,0,dataset_1,1,-1
"""و انا مانيش ""طلاب",0,dataset_1,1,0
هخههخخهه,-1,dataset_1,0,0
._.grap هه أنا مازالني دوزيام فليسي تسما مازاال🤣🤣. بصح مع فري فاير أنسى تقرا,0,dataset_1,1,0
ما بقالوش 😂,0,dataset_1,1,-1
والله كيما راني نقولك عدنا مياتلف تجيبلك الف جوهرة و ثلاثة و عشرين تجيبلك ميات جوهرة نتوما عندكم راهم يغلو,0,dataset_1,1,0
بركا ما تخرى,-1,dataset_1,0,0
علاه نتا ما تخراش هخهخهه,0,dataset_1,1,0
Booba z3ma,0,dataset_1,1,0
Ml 9wt la cnx t9illa m9derttch nchof la pub💔😐,-1,dataset_1,0,0
5 جيغا حشيها فزكك,-1,dataset_1,0,0
مدلي ل اشهارة ل والو الانترنات نتاعكم خرا خرا خرا خرا خرا 💩💩,-1,dataset_1,0,0
وختك تخرى,-1,dataset_1,0,0
حمد الله انا عندي خوت وحدة مزوجة و مولات دار خير منك نتا طالع هابط,0,dataset_1,1,0
za3ma deep ya chkopi انا حزين 😂⁦🏳️‍🌈⁩ راكي فاهمة,0,dataset_1,1,-1
شوف صحبي متكترش معايا الهدرة يالدراري🙌🔥,0,dataset_1,1,0
انا عمري 22و حمد الله,0,dataset_1,1,0
كلب على روحك,-1,dataset_1,0,0
نتا علاه راها كالياتك طيحتلك قوتلك حاجة 😒😪😪وجوه شكوبي عطي لروحك قيمه,0,dataset_1,1,0
Cv,0,dataset_1,1,0
mmlihach!!,0,dataset_1,1,0
Votre application bug et vous m'avez roux 100da sans pouvoir jouer :),-1,dataset_1,0,0
جديد فرص العمل و التوظيف في القطاع العام و الخاص,0,dataset_1,1,0
flixit nhitoli drhm whdhom puc jdida dertha ma mktivi walo flixit 1500Da rht l dar l9itha 1420Da,1,dataset_1,2,0
كيف اوقف اشتراكي في هذا الكويز,0,dataset_1,1,0
L’application sur iOS est bloqué 😭,-1,dataset_1,0,0
🖕🖕😏,-1,dataset_1,0,0
👏👏aux gagnants,1,dataset_1,2,0
ديتولي خمسلاف وين راحت,-1,dataset_1,0,0
باغي نربح وندي تيليفون,0,dataset_1,1,0
بلاي ستيشن 4 عندي,0,dataset_1,1,0
اريد مشارك,1,dataset_1,2,0
.bjm جبوهولي الله يسهل 🤣,0,dataset_1,1,0
😎,0,dataset_1,1,0
Abonne vous sur mon compte svp ادعموني 😭,0,dataset_1,1,0
شارك و اخسر معانا 25 دج كل يوم هايلة اللعبة هادي 🙂,-1,dataset_1,0,0
"Svp, comment me désabonner d'instawin qweez, j'ai desinstaller l'application djezzy, et en rechargent du crédit ,j'ai été débité de 25da et j'ai reçu un msg comme quoi j'ai renouveler l'abonnement, alors que je n'ai guère joué ! C'est de l'arnaque ça",-1,dataset_1,0,0
وش هي الاعبة,0,dataset_1,1,0
ما اسم الاعبة,0,dataset_1,1,0
Je voudrais bien une ps4 poire commencé ma carrière,0,dataset_1,1,0
sais ça il faut acheter les questions 😑,0,dataset_1,1,-1
dokhli f application w f mn compte w diri désincrire 🤗,0,dataset_1,1,0
.10,0,dataset_1,1,0
"merci bcp, je viens de me désinscrire 💪",0,dataset_1,1,0
كذابين 🤬🤬,-1,dataset_1,0,0
Mrc énormément 💪💪😊,0,dataset_1,1,0
p2k,0,dataset_1,1,0
Charkt mn b3d nahit l'application ms koul mnflixi nlgahm na9sin wyjini msj mn lo3ba,0,dataset_1,1,0
Pk mdirohach en arabe ?,0,dataset_1,1,0
".ik._.ram._x مرحبا،يجب الغاء تسجيلك في لعبة Instawin من خلال الضغط على الثلاث الخطوط الموجودة أعلى شاشة هاتفك على اليمين، ثم الضغط على "" désinscrire"" زهرة من جازي :)",0,dataset_1,1,0
مساء الخير،تقدر تغيّر اللغة للعربية من خلال الضغط على الثلاث الخطوط الموجودة أعلى شاشة هاتفك على اليمين :) زهرة من جازي,0,dataset_1,1,0
زعمة كون نربح يمدولي كادو من الكادوات هاذو,0,dataset_1,1,0
يا ريقلو تطبيق راه يجيني غي جولة وحدة في يوم😭😭,-1,dataset_1,0,0
.dz شكرا❤️❤️,0,dataset_1,1,0
علاش مكانش فالايفون 😩😩,-1,dataset_1,0,0
خفونا الانترنت تاع جيزي يا ودي راها تقيلة على اتصالات الجزائر🙄🙄,-1,dataset_1,0,-1
Il faut achetée des questions 😶,0,dataset_1,1,0
".dz svp win nalka ces 3 traits , au niveau de l'application djezzy app ?",0,dataset_1,1,0
كيف المشاركة,0,dataset_1,1,0
مكانش منها,-1,dataset_1,0,0
Comment participer ?,0,dataset_1,1,0
كفاش انشارك,0,dataset_1,1,0
L'application cesse de fonctionner a chaque fois je clique sur instawin !?,0,dataset_1,1,0
Ya rbk société Kima djezzy Machy 9adrin dirou Application Tesla7 ?,-1,dataset_1,0,0
تعرفو تجيبو غير لقحاا..,-1,dataset_1,0,0
merci ❤️ c'est gentil,1,dataset_1,2,0
500DA كي تروح لدر ثقيل والله مفهت انا رني نسرق ولا رني نشري لنترنت تع الجزائر ثقيل 🤕🤕,-1,dataset_1,0,0
كدب على الجزائر لوكان يجي واحد امركيا يموت لكدب,-1,dataset_1,0,0
❤️🔥,1,dataset_1,2,0
.amara_bm 😂😂 كارثه نت والله منتبهت بصح عندك الحق هعهه,0,dataset_1,1,-1
500da Instagram berk pour 15jrs !! C n'importe quoi,-1,dataset_1,0,0
اشتريها واربح تقاشر خوضر مجانا,-1,dataset_1,0,0
اذا كنت نلقا هذو فيها ايه نشريها 😂😂,-1,dataset_1,0,-1
😂😂 ضفاك,0,dataset_1,1,-1
gol l Djezzy ychoflna faracha,0,dataset_1,1,0
haha syed ysma3 kpop,0,dataset_1,1,0
.cvctus emba3d?,0,dataset_1,1,0
كامل ديvوايو هكا كش شغل مكان حتى وحدة محترمة في دزاير. ينعل الراسة تاعكم,0,dataset_1,1,0
.s ترافيس سكوت خاف منها خهخ,0,dataset_1,1,0
i was looking for this comment 😂😂,0,dataset_1,1,-1
😂😂🔥,1,dataset_1,2,-1
.sn.794 اين هي القوة؟ انني لا اراها,0,dataset_1,1,0
*عميقات 🙂😂,0,dataset_1,1,-1
nn mtjbdouch billie m3a hdo 😂,0,dataset_1,1,-1
.edits نتمسخر برك,0,dataset_1,1,0
.sn.794 علاه مسحته علاه😂😂,0,dataset_1,1,-1
يا جيزي اعطينا نستمتعو بيها شويا مشي على الكونكسيو راني 😉,-1,dataset_1,0,0
.ssa_ma deep,0,dataset_1,1,0
هذا كيستيون ما يحتاجش سؤال,0,dataset_1,1,0
3lch t9olo hakka 😂😂,0,dataset_1,1,-1
.edits خاطر معرفتك طفل ولاطفلة,0,dataset_1,1,0
.cvctus wedh 9awdek nta nasma3 jalti wella cha3bi wella chkoupi. Nta wch 9awdek?? Addi 7kaytek w 9awed wasmek barka latatkhayel 3lina b les animes te3ek w kipoupek,-1,dataset_1,0,0
.sn.794 😂😂 شبيبة عطشانة,0,dataset_1,1,-1
Bghit nfham asq la pouse qui tachriha ida khalas crédit tamchi normal machi lazam tflixi gratuit,0,dataset_1,1,0
Mfhmtch wach dkhal la pus f hado les tof,0,dataset_1,1,0
زبي🍌,-1,dataset_1,0,0
who's this model lol she looks lit asf,0,dataset_1,1,0
HOES MAD X),0,dataset_1,1,0
😕😂,0,dataset_1,1,-1
Ybano sisters,0,dataset_1,1,0
"The english language is an international language to express and communicate, tho fi bladi le3ziza dayrinha chghol li ygol kelma biha rah artist wela ..🤔",0,dataset_1,1,0
Ilov you Faouzia,0,dataset_1,1,0
.dz 😂😂,0,dataset_1,1,-1
Tssawar mla7 yhablou bs7 koun jat wrahom maktouba machi .dz,0,dataset_1,1,0
Rani jay Mal9itch win nbat kayen place 9rib ta3rfih,0,dataset_1,1,0
عاشت اللحظة تاع صح 😂😂,0,dataset_1,1,-1
.edits 😂😂 تمصخرش 😂😂,0,dataset_1,1,-1
.s علابيها ايمينم راه ساكت هاد اليامات وانا نقول سيد كي صراله 😂😂,0,dataset_1,1,-1
نميلوا و منطيحوش 😂✌😏😂,0,dataset_1,1,-1
khi hala ykhi,0,dataset_1,1,0
مام باطل وما نديش جيزي,-1,dataset_1,0,0
.s 😂😂بينا عليها,0,dataset_1,1,-1
ربي اجيب الخير,0,dataset_1,1,0
😂😂متلحقوش اوغوبيات تقلقوش حتى فالتصوير 🤣,0,dataset_1,1,-1
.edits هه او. حكمو شوك 😂😂,0,dataset_1,1,-1
😂😂 خليها برك مخلوقة حشمناها 😂😂,0,dataset_1,1,-1
مزية كاين تقنية الvار 😂😂,0,dataset_1,1,-1
لبنات في🙋🏻 صفحتنا تلقاو صوالح تاع لبنات🌸👑 (وصفات 💄، نصائح👝 ، تدابير 👒، ضحك 😹، حلول لأغلب مشاكل البشرة💅🏻 و جسم💎..) مرحبا بكم 😚💎💖,0,dataset_1,1,0
homa darohom bach yachro,0,dataset_1,1,0
.luci_fer 😂😂,0,dataset_1,1,-1
.s بطاقة حمراء 😂,0,dataset_1,1,-1
هذو سور من جماعة اللغات,0,dataset_1,1,0
حشاوهالي ياخو,0,dataset_1,1,0
nshlh,0,dataset_1,1,0
وشمن زلات يرحم باباك تقوليهم تقاشر,0,dataset_1,1,0
لحبشي كون جا طفلة,0,dataset_1,1,0
المهم يكون وردي,0,dataset_1,1,0
"Le seule pays du monde li au lieu de commenter 3la les offres ychouf f bnet ennas , c'est une PUB pour des OFFRES , شعب غامل ، جايح ، تحت المستوى و مكبوث",-1,dataset_1,0,0
عميقين⁦↖️⁩⁦↖️⁩⁦↖️⁩⁦↖️⁩,1,dataset_1,2,0
جيزي مايهديكش ربي و تطلقيلنا كونكسيو باطل ، اون+ قولي لجارتك موبيليس تاع شكوكو تخفف الكونكسيو 💔😒,-1,dataset_1,0,0
هيه بصح انا مفهمتش علاه راهوم فاتحين رواحوهم 😕⁦☹️⁩,-1,dataset_1,0,0
🤙🏻🤙🏻☑️,0,dataset_1,1,0
خصني فليكسي 100da,0,dataset_1,1,0
Nchriha 3la jal zlat hado,0,dataset_1,1,0
😂😂 تسلل واضح,0,dataset_1,1,-1
زعما هذو يمثلون الفئة الشابة تاع البلاد 🙂,-1,dataset_1,0,0
.cp720 😂😂,0,dataset_1,1,-1
hh t9ray maana nti tan 😂😂?,0,dataset_1,1,-1
😢t,-1,dataset_1,0,0
🔥🔥👏,1,dataset_1,2,0
مكانش عرض تعطيولي نيميرو طفلة لي دايرة بوني 😂,-1,dataset_1,0,-1
euh ya kho tdihom tkhalihom 3ndak 15 jr tan😂😂,0,dataset_1,1,-1
hh mliha hadi 😂😂,0,dataset_1,1,-1
ماهيش مليحة خاوتي ننصحكم بجيزي هبال 👌🏻👌🏻,1,dataset_1,2,0
"Vive la pub de Dima Ooredoo c'est jeune c'est frais, cella aucun sens avec des filles très masculins..😣 big flop",1,dataset_1,2,0
cest vous les filles du Spot? Désolé mais c'est quoi ce style 😂 trop Bou3lem c'est pas beau du tout vous êtes plus belles et stylées dans vos comptes. BIG Flop pour Djezzy .bmi,-1,dataset_1,0,-1
😂😂💔,-1,dataset_1,0,-1
look at this shit,0,dataset_1,1,0
❤️❤️❤️❤️❤️😍❤️❤️❤️❤️,1,dataset_1,2,1
انترنت انتل راهي جيا غير وجدو مقبرتكم,-1,dataset_1,0,0
شحال تحكم,0,dataset_1,1,0
Rockstar games and rockstar north,0,dataset_1,1,0
Rockstar games,0,dataset_1,1,0
.oubachir,0,dataset_1,1,0
Rockstar games est Rockstar north,0,dataset_1,1,0
"rockstar north, rockstar games",0,dataset_1,1,0
ROCK STAR,0,dataset_1,1,0
rockstar games🙃♠️,0,dataset_1,1,-1
Rockstar,0,dataset_1,1,0
Rokstar games,0,dataset_1,1,0
Rockstar North .cavalier.1 .touati2 .px .khilou Likiw commentaire svp,0,dataset_1,1,0
Rockstar 🔥,0,dataset_1,1,0
Bayna mchi rockstar,0,dataset_1,1,0
hadi gta5 bsa7 9alk en general ta3 grand thef auto,0,dataset_1,1,0
Le jeux est développé par l'entreprise ROCKSTAR NORTH et édité Par ROCKSTAR GAMES et CAPCOM .34,0,dataset_1,1,0
J'arrive pas à participer puisque l'application quand j'appuie sur le quiz sa referme message d'erreur ( djezzy ces arêtes ) .dz,0,dataset_1,1,0
"Rockstara games(Grand Theft AutoGTA) is a series of action-adventure gamesMike DaillyLeslie Benzies and Aaron Garbut. It is primarily developed by British development house (formerly DMA Design), and published by its parent company, . The name of the series references the term ""grand theft auto"", used in the United States for )😂",0,dataset_1,1,-1
hadj ta3 gta kamel,0,dataset_1,1,0
.dz le développeur de cette jeux est David David Jones et les deux frères Dan et Sam Houser voila la réponse Djezzy et merci,0,dataset_1,1,0
.i.s.s.a__x Rockstar,0,dataset_1,1,0
Rockstar North,0,dataset_1,1,0
rockstar,0,dataset_1,1,0
Rokstar,0,dataset_1,1,0
Rockstar games and rokstar north,0,dataset_1,1,0
Rockstar Games,0,dataset_1,1,0
Rockstar gamers 🌟première gta c'est en 1990 jpns ?,0,dataset_1,1,1
rockstar games,0,dataset_1,1,0
Rockstar gemes 😜,0,dataset_1,1,0
Rokstar games🔥,0,dataset_1,1,0
Rokstar .abed.dz 😍😍,1,dataset_1,2,1
Rockstar games eat rockstar north .dla,0,dataset_1,1,0
انشأت من طرف الاخوة دان هاورز,0,dataset_1,1,0
Rockstar & North Rockstar,0,dataset_1,1,0
Gta online,0,dataset_1,1,0
Gta 5,0,dataset_1,1,0
._.youyou._.x_om,0,dataset_1,1,0
Rockstar games and Rockstar north👌💛🔥,1,dataset_1,2,0
Enfin on parle des gameur ❤️,1,dataset_1,2,0
Question facile il faudrait ajouter la difficulté tout le monde sais que sais Rockstar,0,dataset_1,1,0
Rockstar game,0,dataset_1,1,0
Dévelopèe par Rockstar Games,0,dataset_1,1,0
Rockastar games,0,dataset_1,1,0
Games Rockstar,0,dataset_1,1,0
Rock star games,0,dataset_1,1,0
Rockstar north .technologie,0,dataset_1,1,0
Rockstar games .med_31,0,dataset_1,1,0
Rockstar games 🔥❤️🔥❤️,1,dataset_1,2,0
rockstar games and rockstar north,1,dataset_1,2,0
.dz rockstar game,0,dataset_1,1,0
R🌟,0,dataset_1,1,1
rockstar eya dirou jaime bach jarbah,0,dataset_1,1,0
Rockstar games et rockstar North,0,dataset_1,1,0
Rock star ⭐️ games,0,dataset_1,1,0
.5,0,dataset_1,1,0
.amed.54379,0,dataset_1,1,0
.hd,0,dataset_1,1,0
5,0,dataset_1,1,0
Rockstar games شكون ما يعرفش 😂😮,0,dataset_1,1,-1
Rockstar games🔥🔥,1,dataset_1,2,0
rockstar games et rockstar north,0,dataset_1,1,0
خدمة الزبائن كارتة، لا احد يجيب على 77 و تقولي رصيدك غير كافي رغم انه عندي 200دج!!,-1,dataset_1,0,0
Rockstar games est rockstar north,0,dataset_1,1,0
Rockstar North et rockstar GAMES normalement,0,dataset_1,1,0
._raouf_.x,0,dataset_1,1,0
.raouf_.x rockstar games,0,dataset_1,1,0
Enfin dertou haja mlihaa ❤️❤️❤️,1,dataset_1,2,0
🔥😍🔥,1,dataset_1,2,1
WE did it for you 😉,1,dataset_1,2,0
Dirouni nakhdam m3akom 😃🔥,1,dataset_1,2,0
شهر ول*-*,0,dataset_1,1,0
Déposy CV 😁,0,dataset_1,1,0
We need gaming offers,0,dataset_1,1,0
We're working on that 😁,0,dataset_1,1,0
Pour 15jours !!,0,dataset_1,1,0
.boug_mohamed 15 jours🤦‍♀️🤦‍♀️,0,dataset_1,1,0
.boug_mohamed L'offre est valable pendant 15 jours 😊,0,dataset_1,1,0
.dz 😍,1,dataset_1,2,1
.dz علاه مخليتوهاش شهر 😁,0,dataset_1,1,0
.dz j’ai un cv professionnel de football 😁⚽️,0,dataset_1,1,0
Thkem réseau f 10% ta3 territoire dz 🌝,0,dataset_1,1,0
Fl9bi7 🤑💥w3ra di❤️❤️❤️😍💯,1,dataset_1,2,1
.bouch.ra_ Oui 😊,0,dataset_1,1,0
Contactez-nous par dm en nous communiquant votre numéro de téléphone et vos coordonnées GPS pour que l'on puisse régler votre soucis 😊,0,dataset_1,1,0
.ya 😉😉,0,dataset_1,1,0
.dz لوكان ترجعوها شهر وتزيدولها شوي لابغيتو زعما,0,dataset_1,1,0
T9ebtouha be 15j 😂😂,0,dataset_1,1,-1
kanet djaya mli7a 😂,0,dataset_1,1,-1
Kifach nchri sim m3a corona dk,0,dataset_1,1,0
W 600 da,0,dataset_1,1,0
"L'offre est bien, mais on aimerait qu'il y ait d'autres option plus avantageuses pour un moi '' 10GO pour 600da for example '' ça serait plus attractant surtout pour les jeunes d'une part, et de l'autre vous gagnerez plus de clients fidèles. Merci",0,dataset_1,1,0
عندي فكرة كيما نتاع ايزي بصح ماشي انستا وحدخرا,0,dataset_1,1,0
I wasn’t ready for this joke 😂😂,0,dataset_1,1,-1
Merci pour votre suggestion 😊,0,dataset_1,1,0
Mais un peu de sourire 😀,0,dataset_1,1,0
"Pourquoi faire du moment que la connexion est nul ,la 4G est inexistant.",-1,dataset_1,0,0
EST ce que la puse Izzy est desponible f Alger centre ? Wala ghir f Oran?!,0,dataset_1,1,0
Les 5go chhal men wa9t bache ikhlassou esque pendant 15jours🤨 ?,0,dataset_1,1,0
Oui,0,dataset_1,1,0
Elle est disponible dans toutes nos boutiques Djezzy 😊,0,dataset_1,1,0
😁😁,0,dataset_1,1,0
Loukan khir les 5go dirohom pendant 20 jours mais l'offre hayla brk les 5go c tout,0,dataset_1,1,0
Ga3 les puces djeezy ?,0,dataset_1,1,0
Za3ma 7ta 😂😂 wlh m3a lowel 7sbali d hadok ta3 sa3ohom ya mo7sinin😂😂 makhdomin ki tlalba😂,0,dataset_1,1,-1
Tchd 15 jour 5 go ??,0,dataset_1,1,0
.dz merci à vous on aimerait que ça soit opérationnel 🙂,1,dataset_1,2,0
"عندي بيس نورمال نقدر نجعها ""هايلة""",0,dataset_1,1,0
L'offre elle est loin de nos besoin,-1,dataset_1,0,0
Ya pas moyen que vous faite une offre que avec GB d'internet en convertissent les appelle illimité et SMS en GB parceque ya des gens qui utilise beaucoup d'internet,0,dataset_1,1,0
Facebook illimité !,0,dataset_1,1,0
Est ce que je peux migrer de ma puce haya bzf vers izzy ?,0,dataset_1,1,0
شحال دير la puce ديالكم ايزي ؟,0,dataset_1,1,0
Makanch ta3 youtube illimités?,0,dataset_1,1,0
Kayen izzy f BLIDA ?,0,dataset_1,1,0
😁😍,1,dataset_1,2,1
عرض iZZY متوفر على مستوى كل محلاتنا بسعر 300 دج 🙂,0,dataset_1,1,0
أفضل عرض درتوه جيزي ونشكركم بزاف بزاف على هذي الحشوة,-1,dataset_1,0,0
العرض متوفر على مستوى كل وكالات جازي 🙂,0,dataset_1,1,0
Esque lazam naflexy 500 da berk wala kima ta3 1 mois 500 w 500 ca fait 100 da .. Fahmouna 😇😉,0,dataset_1,1,0
.dz مرسي 🐸,0,dataset_1,1,0
السلام عليكم حبيت نعرف هل الانترنات تمشي علي حساب الخط او نوع الشريحة .,0,dataset_1,1,0
نتما درتو publicité أو انا جبتوو,0,dataset_1,1,0
.dz ok,0,dataset_1,1,0
Zidoulnq f lcnx 5Go matekfich,0,dataset_1,1,0
T3ayo ki ntoma ki Mobilis ki Ouredoo Gu3 0 😑😑 5go yahdro 3liha elnas même pas 1jour ttkhlas,-1,dataset_1,0,-1
Nrmlmnt gratuit 🙂 mais me3lish akem mshoumrin je cc ..,1,dataset_1,2,0
Follow,0,dataset_1,1,0
3jbokom hdou al3ibad bdloihom chuia kayn bzff 3ibad wdoukhrin:/😂,0,dataset_1,1,-1
كي نفليكسي 50 الف قداه يعطوني,0,dataset_1,1,0
za3ma ybano deep rak faham😂😂,0,dataset_1,1,-1
العرض لمدة 15يوم او شهر؟,0,dataset_1,1,0
Izzy akber hechwa f tarikh,-1,dataset_1,0,0
اكي,0,dataset_1,1,0
😂😂 من هذه المخلوقات,0,dataset_1,1,-1
Ça reste ta3 400 da mieux pondent 1 mois 😔,-1,dataset_1,0,0
تعرفو غير تسرقو دراهم..نفليكسيو تدوهملنا 👌,-1,dataset_1,0,0
لازم شريحة جديدة ? 🙄,0,dataset_1,1,-1
15jours,0,dataset_1,1,0
المسؤول عن الإعلانات عندكم يتعاطى حشيش🤣,-1,dataset_1,0,0
fiha les offre imtiyaz qowa *44# les offre qowa b 600da 3ndk 12go ou ilimité ou 1500 da mliha comme mm kho,0,dataset_1,1,0
lazem nachri la puse izzy,0,dataset_1,1,0
Li kan 3andah Izzy ma9bel y9der ydir had l3afssa,0,dataset_1,1,0
👆😁😍,1,dataset_1,2,1
مفهمتش هذا اشعار تع بpuce ولا فيلم رعب😂,0,dataset_1,1,-1
كيشفل ما درتو والو 5G انترنت تخلاص في يومين,0,dataset_1,1,0
Ha les cadeaux te3 shake kifeh,1,dataset_1,2,0
العميقين طغاو يا زح,0,dataset_1,1,0
.__28 yaa ghaya 😍,1,dataset_1,2,1
Esq il y a un offre pour 30jrs!!,0,dataset_1,1,0
Ana 3andi puce djezzy na9der ndira Izzy ??,0,dataset_1,1,0
💕💕,1,dataset_1,2,0
bs7 riseu ta3kom for WLh 😂🔥,1,dataset_1,2,-1
Bshh ana mzll mnedi 5 gb😢,-1,dataset_1,0,0
Thrcho bina 300da?? 300da la puce fargha w tflixi 500da sama twali 800da l 15jours alors fi chher 1300da 10Go berk yarbi ychdolk nher thrcho bina tm3o fina je préfère nchri ta3 1400da fiha 300da crédit w 40Go parapor sama mdertona afer ma walo au contraire,-1,dataset_1,0,0
الجماعة هادو ماعندهمش انستا,0,dataset_1,1,0
Comment activer cette magnifique offre ?,1,dataset_1,2,0
Es que il y a Une différence entre puce Izzy et puce Djezzy ??,0,dataset_1,1,0
روحو الله يعطيكم ربعين ديڨه 😑 قالك ربعين چيڨا قال😏😏,-1,dataset_1,0,-1
الكونيكسيون تاعكم تتريقل غير كي تقرب تخلص لابونمون ..ومبعد كي تعاود تفليكسي تعود حليمة لعادتها القديمة,-1,dataset_1,0,0
رجعولنا تاع 100 و 20g,0,dataset_1,1,0
Oorido khir ni 7ayr,-1,dataset_1,0,0
Connexion 00,-1,dataset_1,0,0
ثقيلة كي وجوهكم بعد فليكسيتها غدوة تكملي شهر و مزالت كيما راهي من 40 جيغا بقاتلي 25 جيغا,-1,dataset_1,0,0
علاش كي تكمل المدة و يبقاو لي les octéو لا les giga تسرقوهم ما تحشموش ياك هذوك دراهمي من المفروض تخلوهم و الله المستعان,-1,dataset_1,0,0
الجازي مليحة ماشاء الله في الشارع ولكن عند دخولك للمنزل بايباي ريزو 😂,1,dataset_1,2,-1
مزايا شابين بصح حسنو الريزو شويا,1,dataset_1,2,0
Djezzy braavoo 👏👏rakom ttawro mn say2 ila aswa2 😑😑,1,dataset_1,2,-1
عرض مؤقت ولاا دائم 😑,0,dataset_1,1,-1
أسوء خدمة أنترنت فالعالم,-1,dataset_1,0,0
يعطوك حتى الف جيق المشكل فريزو ضعيف تروح غير باطل,-1,dataset_1,0,0
كونيكسيو تاعكم تقيلة👎,-1,dataset_1,0,0
"#تنبيه غلطة كامل نديروها 👌لما تدعي لشخص متوفي كاين ناس تغلط بالدعاء ( الله يرحمه ويغفر له و يجعل #مثواه الجنة ) ▪يا جماعة كلمة مثواه غالط ، مثواه هي بقاع جهنم مكان في جهنم وبئس المصير ، {أليس في جهنم مثوىً للمتكبرين} انما الصح إلى مفروض ندعي بيه ، الله يرحمه ويغفر له و يجعل ""#مئواه"" الجنة هذا الدعاء صح واذكركم بكتاب الله سورة النازعات ( وأما من خاف مقام ربه و نهي النفس عن الهوى فإن الجنة هي المأوى ) وليس المثوى بارك الله فيكمالله اعلى واعلم ربي يثبتنا على الحق#أنشرها_ليستفيد_غيرك #منقول#",0,dataset_1,1,0
40 جيقو ماشي 40جيقا الله يذلكم بيكم بها اكبر سراقين هوما نتوما أسوأ إنترنت,-1,dataset_1,0,0
Nik matkom ya wlad l9hab sara9in ta3 zbi,-1,dataset_1,0,0
Connexion merdique 00🤮🤮👎👎,-1,dataset_1,0,0
تخفاف غير من3:00 تع صباح ل 11:00,1,dataset_1,2,0
عرض تع صحاب شكارة زواولة لالا,0,dataset_1,1,0
يعني 0.4انترنات يا سراقين,-1,dataset_1,0,0
ابوني مردودة في الحين❤️❤️,1,dataset_1,2,0
هايلة ❤️ رهي عندي.. والناس لي راهي تقولك مشي مليحة ياو قبل متشرو عفسة فيريفيو لاكاين ريزو في بلاصتكم .. فالجي جيزي هبال,1,dataset_1,2,0
Stp 3andi puce Abonnement 0770 rani nkhals la facture b 1300 ymadouli ri 6G 3touni code Bach nbadal 25G,0,dataset_1,1,0
كذب اللانترنات تخلص في 10ايام,-1,dataset_1,0,0
Yakhi la connexion ta3 ezmar 😢,-1,dataset_1,0,0
Bsa7 mokalmaT totlo rizo wla kifh,0,dataset_1,1,0
ياا اليهوود اخخ تفو,-1,dataset_1,0,0
انا ملي سمعت المالك تاع جيزي يدعم في اسرائيل منزيدش نديرها وتعود الكونيكسيو باطل بعد..,-1,dataset_1,0,0
aktivi 4G fi tilifon tamchi mlih,0,dataset_1,1,0
Mauvais pus dartha fi hyatii zbal matasla7ch,-1,dataset_1,0,0
Wallah w diroha b 15 dinars w ma nechrihach 3la connection chabba li 3andom,-1,dataset_1,0,0
Ooredoo😍😍djezy💩💩,-1,dataset_1,0,1
La connexion taoila bazaf mataftah walo lazem tregliwaha,0,dataset_1,1,0
تجي خير كون تبقى لا نهائية لمدة شهر 👌وما تنقصش,0,dataset_1,1,0
راكي كيفي كونيكسيوا ثقيلة تخفاف غير من 4 تاع صباح حتى 8تاع صباح ممبعد تولي ثقيلة بزاف وزيد تبلع وتاكل بزاف ثم ثم تخلاص 50 Go خلاصتلي في 15 يوم يسرقوا في الناس 😑 بلاد شكوبي نورمالموا هذي جيزي ينحيوها ديراكت شركة زبالة وخدمات زبالة,-1,dataset_1,0,-1
ريزو ضعيفة كي زبل تاعكم اخدمو بركاكم سرارقا,-1,dataset_1,0,0
من افضل الشبكات في بطئ الأنترنت,-1,dataset_1,0,0
تخدمي في لجيزي نتي حتى راكي تهدري هك,0,dataset_1,1,0
yawdi dart forfait ta3 200mil li fih 60 go ou mkfynich khlstli dirona 3fsa taslahh,0,dataset_1,1,0
تسلك با الشهر وتكونكتي با الزهر معكوم انتوما كلام فاحش 😡,-1,dataset_1,0,0
المشكل مشي في ثقيلا ولا خفيفة والفتها حبست على جتلها البوببجي فهموني غير انا يا ربي 20 يوم تخلاص ياك شهر علاش ديرونا كما هاك واش حبيتو,-1,dataset_1,0,0
.dz.34 Rani nahdar wach khradj 3liya ou manakhdamch 3andhom 😒😒🤔,-1,dataset_1,0,0
ماتش بوبجي متقدرش تلعبو,-1,dataset_1,0,0
Connexion ta3kom dayra ki zebi yfaD chhar hada nikomo na9Ssemha 3la 100 dertoli Lattention,-1,dataset_1,0,0
.dz.34 هه,0,dataset_1,1,0
.dz.34 بابنسبة لموبيليس راها فوور,-1,dataset_1,0,0
كذب اونباغسون,-1,dataset_1,0,0
موبايس أحسن من djezzy.dz❤️❤️,-1,dataset_1,0,0
Djezzy a33,-1,dataset_1,0,0
😏انا والله طيارة كونكسيون تاع جيزي نطفي الويفي ونكونكتي باها بلاك بلاصتك مافيهاش ريزو مليح,-1,dataset_1,0,0
ديالك هه,0,dataset_1,1,0
يا ودي الكونكسيو و في حالة تاعكم ولات تعيف,-1,dataset_1,0,0
flw me 😂😍,1,dataset_1,2,-1
كيفاه نفتح الأوفر تاع *44#,0,dataset_1,1,0
محتاجة صديق يجيني بريفي,0,dataset_1,1,0
Rpd à.mn message,0,dataset_1,1,0
Hayla bezzaf رانا نسوفريوا يرحم والديكم عدلوها,-1,dataset_1,0,0
يا سراقين يا خوانا,-1,dataset_1,0,0
أكبر سراقين هم جازى,-1,dataset_1,0,0
جيزي تبهدل بزاف ماشي هايلة بزاف,-1,dataset_1,0,0
وي مام انا تثقال مي مور 00:00 ترجع طير,1,dataset_1,2,0
راهي تقيلة بزاف احشمو شويا و ردوها كيما كانت على الأقل,-1,dataset_1,0,0
oui la cata connexion,-1,dataset_1,0,0
La connexion catastrophe wasm hada 3eyit ne3ayet l service client walou mahabitouch tahachemoi c gravee wlh,-1,dataset_1,0,0
Nulle nulle,-1,dataset_1,0,0
Chhal tQilla bezzaff chriikii,-1,dataset_1,0,0
كونكسيو تاع تتي,-1,dataset_1,0,0
Cnx rahi t9ila جنازة,-1,dataset_1,0,0
كونكسيو تع قريش تبا لكم,-1,dataset_1,0,0
الشعب كامل يشتكي ولا واحد قالكك كونيكسيون مليحة و حتى انا عندي جيزي نكونيكتي بيها ڨراف عيانة و حابين بوجوهكم صحاح و ما يعرڨوش و ديري في بيبليسيتي و تقولي 1500دج,-1,dataset_1,0,0
من يوم درتو التصفح المجاني للفيسبوك خربت النت.. انا مشترك مياينيوم 1500دج تعطيك 25go يفوت الشهر نستهلك 5go فقط من ثقلهاا الله غالب كون ماشي الرقم قديم عندي والله نحيها.. إن شاء الله يدخلو خدمة تغيير المتعامل مع الإحتفاظ بالرقم والله اول واحد يبدل.,-1,dataset_1,0,0
لكونيكسيون 40gوثقيلة وتكمل بلخف مغدوعة 👌👌,-1,dataset_1,0,0
اذهبوا انكحو انفسكم LOOSERS,-1,dataset_1,0,0
🤢🤢🤮🤮🤢🤢🤮🤮🤥🤥🤢🤢🤮🤮🤢🤢🤮🤮,-1,dataset_1,0,0
.mlk99,0,dataset_1,1,0
تحيا لجيزي كونطرا على وجوه زبي,1,dataset_1,2,0
ريزو يعيي بفف🐌🐌,-1,dataset_1,0,0
فليكسيت 500دج باش ناكتيفي تاع 6جيڨا ايا كي جيت ناكتيفيها لقيتهم نحاولي 20 دج الفين ظك هاذي بلاك هاذي 😂😂,0,dataset_1,1,-1
سرااقين تروح بلخف 40 جيقا تاعكم,-1,dataset_1,0,0
اطلقونا الكونكسيو وساهل,-1,dataset_1,0,0
صفحة للقرآن الكريم ادعمنا ❤,0,dataset_1,1,0
سواردكم حرام كونبكسيون زبالة ماتليقش و ريزو يروح اللي يحبوه ربي يخرج من بلادكم خلاص .,-1,dataset_1,0,0
انا من مستغانم 28 سنة يتيم الأم و فقير بسيط جداً والله راني مريض ومغبون وضاقت عليا وراني نقرى بالمراسلة ونقرى في مركز التكوين والله راني مريض ومغبون وضاقت عليا حتاجيت مساعدة ولو بسيطة جدا نعاون روحي حتى يفرج ربي وخيركم ما ننساه وندعيلكم طول حياتي,0,dataset_1,1,0
سماطت كونكسيو او ريزو والو نقصين,-1,dataset_1,0,0
تريد توجيها لانشاء مشروعك الخاص!! تابع صفحتنا,0,dataset_1,1,0
Conx bzzf T9ila wlat,-1,dataset_1,0,0
شوف السطوري و طلع لي زابوني ↖️,0,dataset_1,1,0
bessah la qualite ta3 lconnexion zeero f had loffrw,-1,dataset_1,0,0
شبكة جيزي رديئة خاصة في عاصمة اصبحت تتقطع و ثقيلة خاصة من 19 سا تاع لعشية ، لاشارج بزاف في جيزي,-1,dataset_1,0,0
اسوء شبكة هي جيزي و لاشارج بزاف و يوتوب يتقطع خاصة من سابعة مساءا و ما فوق الكونيكسيو مرض,-1,dataset_1,0,0
كي شغل هدي جديد,0,dataset_1,1,0
Oui hayla bzxf very f chbb Ms 3ndi question kifch ndir gaming connection??,0,dataset_1,1,0
Mais hadou lyamat connexion grave d3ifa 💔💔,-1,dataset_1,0,0
كنت راح نشري جيزي مي كي سمعت بلي كونيكسيون تقيلة بطلت😮,-1,dataset_1,0,0
.staps c'est vrais ??,0,dataset_1,1,0
Rakom grv tesr9ona normalement un mois une semaine nsiboha khlaste c injuste,-1,dataset_1,0,0
فندم,0,dataset_1,1,0
.dz علا صكرتولي شريحة,0,dataset_1,1,0
.jidel مرحبا،الرجاء تقديم رقم الهاتف مع الإسم و اللقب على الخاص لمعرفة سبب التوقف و إمكانية الإسترجاع.زهرة من جازي,0,dataset_1,1,0
.dz تعال على خاص,0,dataset_1,1,0
.dz هذا رقم هاتف الذي توقف 0776931254,0,dataset_1,1,0
جازي سرقة عيني عينك,-1,dataset_1,0,0
.dz وقتاه ترجعو الكونكسيون كيما كانت؟,0,dataset_1,1,0
c normal mzl mal7agnich lcadeau ta3i te3 shake and win??,0,dataset_1,1,0
"mafhamtech 3lach ""40 G""tro7 them them fi chhar ?",-1,dataset_1,0,0
.dz لم استلم هديتي التي فزت بها في مسابقتكم,-1,dataset_1,0,0
.sadek نتا تان تقيلة عندك.بارح و ىيوم ول غي عندي؟,-1,dataset_1,0,0
ama hadiya sahby,0,dataset_1,1,0
صدقني صاحبي غير كل يوم ثقيلة وراح نبدلها باسكو عييت منها,-1,dataset_1,0,0
.khalil.rouabah Mm ana,0,dataset_1,1,0
.hafid jss pas kifah,0,dataset_1,1,0
يا ودي روحوا نتوما سراقين 😉🤟,-1,dataset_1,0,0
ماسبب تقديم العروض لبعض الزبائن دون الجميع,0,dataset_1,1,0
Application fel iOS makach,-1,dataset_1,0,0
و اخيرا 🙏🙏,1,dataset_1,2,0
Ça serait bien de rajouter le paiement de facture CIB directement sur l'application. Pour éviter d'aller sur le site web surtout quand on est en déplacement. Vous nous rendrai un immense service,0,dataset_1,1,0
Li rba7 f chaké mazal mamduluch cadeaux ydir j'aime,0,dataset_1,1,0
.dz ya tfriwha m3aya prv ya ndirlkum prblm mlkher rani srxx arwa7o prvv ou fhmuni sinon norla9ha chreka ta3kum hadi😡😡,-1,dataset_1,0,0
🙄🙄 كيف لك ان تسكرها ارواح نمدلك ايدي اشريها خير,0,dataset_1,1,-1
زهرة شوفينا حل لجماعت iPhone ملقيتش التطبيق ف App Store 😏,0,dataset_1,1,0
.khalil.rouabah yasarqo f la consomation kho meme ana 40 Go takhlas f meme pas 20 jours,-1,dataset_1,0,0
yawedi déjà ana 3andi 7 jours meli activitha déjà rahi 25G,-1,dataset_1,0,0
Pour système iOS?,0,dataset_1,1,0
💖🌹💞💞💕💕🇩🇿🇩🇿🇩🇿🇩🇿🇩🇿🇩🇿🇩🇿,1,dataset_1,2,0
🐐🐐 cnx t3 diq khtra khra,-1,dataset_1,0,0
Quelle coincidence entre deux ep d'akashic records nedkhol f insta et me voila,0,dataset_1,1,0
❤️❤️❤️❤️❤️❤️❤️❤️,1,dataset_1,2,0
W 3lah chi hada kamel 🤦🏻‍♂️ crypter lkyboard ta3ek + vérifier الاتصالات الخارجية li fel pc ta3ek li tchek fih blokih w thana darba whda 🤷🏻‍♂️😁,0,dataset_1,1,0
Asm3 golhoom ytlgona chwi konx fliil g3rtona s7bi fb lite ma7bch ymchili,-1,dataset_1,0,0
Merci pour les infos j’ai bien aimé la série,1,dataset_1,2,0
Mr6 ❤️❤️ DJEZZY,1,dataset_1,2,0
parmi gae les puces c’est la seul li mndmtch 3liha,1,dataset_1,2,0
"Sûrement ram mperatyini F PC, F tlf wzid même wakila F ma vie réel",0,dataset_1,1,0
merci à vous pour votre fidélité 😍💪,1,dataset_1,2,1
merci à vous 😁,1,dataset_1,2,0
😂😂 rahoum dayrin el hafla alors,0,dataset_1,1,-1
mestkhesses a sidi 😂😂,0,dataset_1,1,-1
تابعني و راح يوصلوك 2 اضافتين من عندي ..قسما بالله,0,dataset_1,1,0
أنا خاصني #دجيزي تابعني على الأنستڨرام الله يسهل😂😂,0,dataset_1,1,-1
.dz 😂😂 rakoum ga3 ma3rodhin 💃🍻,0,dataset_1,1,-1
Aya bela3 aya aya chekme aya,-1,dataset_1,0,0
الشحن جوهر فري فاير برصيد,0,dataset_1,1,0
Yaw rahi la cnx fi trig bir snab 💩💩,-1,dataset_1,0,0
متابعة ومردودة🔥🔥,1,dataset_1,2,0
Vis a vis 5 ❤️💪💪,1,dataset_1,2,0
Mabrouk 3lik 🎉,1,dataset_1,2,0
.dz 👏❤️❤️,1,dataset_1,2,0
بلباركة عليك خو,1,dataset_1,2,0
يسلمك خويا ❤️,0,dataset_1,1,0
khrej?,0,dataset_1,1,0
خرج بصح مزال مطلقوهش فنتفلكس,0,dataset_1,1,0
😢ما عنديش الزهر,0,dataset_1,1,0
Gg 👏,0,dataset_1,1,0
c'était très serré la prochaine fois nchalah 💪🎉,0,dataset_1,1,0
Mabrouk Alik Aussi 🎉🎉,0,dataset_1,1,0
Mazel d'autres occasions 💪💪,0,dataset_1,1,0
when u don’t do contract with spotify and netflix when we can pay accounts using credits ?,0,dataset_1,1,0
.dz الله يسلمك,0,dataset_1,1,0
Merci ❤️,1,dataset_1,2,0
Kich njmo nrbho !!,0,dataset_1,1,0
Mdr,0,dataset_1,1,0
وش راكم تلعبو ووش هي الجوائز 🤔 .dz,0,dataset_1,1,0
ممكن تشتاركو بقناتي وتدعموني بليز قناتي محتوى العاب بس من نوع اخر اصمم بيوت فيه فا ادعموني ياإخوان رابط قناتي في البايو,0,dataset_1,1,0
تريد هاتف آيفون 11 مجانا ؟ لقدر ربحته مجانا اربحه انت ايضا ، فقط ادخل لهذا الموقع الموتق من جوجل قبل نفاد الكمية من هنا 👈 google.com/search?q=site:win.rob7ak.com,0,dataset_1,1,0
متوفر عنا الي يريد يشتري des comptes netflix و comptes fortnite و توزيعات و هداية كل فترة و فترة,0,dataset_1,1,0
.er.gui.ah.me.d,0,dataset_1,1,0
6awak lcempte wla la,0,dataset_1,1,0
.dz ؟؟ !؟,0,dataset_1,1,0
.dz ماشي طولتو,0,dataset_1,1,0
.dz وقتاش تبعثو ؟,0,dataset_1,1,0
mchi 9alou eala 10 Mala 3limn,0,dataset_1,1,0
rahtlnna 😭😭,0,dataset_1,1,0
Mzel??🥺,-1,dataset_1,0,0
.amirou noob 😂,0,dataset_1,1,-1
Mzl??!,0,dataset_1,1,0
stream fi youtube ?,0,dataset_1,1,0
22.16 wmzl mknch live rakoum rotard,-1,dataset_1,0,0
hh oui,0,dataset_1,1,0
mzal ??,0,dataset_1,1,0
Retard 27 minutes,-1,dataset_1,0,0
وشنو هادا راهي 22:27 علاش مبداش الايف,-1,dataset_1,0,0
Makan walou,-1,dataset_1,0,0
Nchlh yhablkom Lag bah thoso charana nhoso,0,dataset_1,1,0
المهيم اخلاق 🌚🙂💔🤦‍♂️😁🤓😂😂,0,dataset_1,1,-1
😂😂 بالدمووع,0,dataset_1,1,-1
mazal mabda,0,dataset_1,1,0
Rahi 22:30 mazal mabdach 😅 نعم إنها الجزائر,0,dataset_1,1,-1
يا و وراه الايف,0,dataset_1,1,0
30 min retadrd ? نطالب بالتعويض 😟,-1,dataset_1,0,0
Mzl,0,dataset_1,1,0
Cnx th9ila asbrou chwi 😂,-1,dataset_1,0,-1
العشرة بتوقيت مكة ول,0,dataset_1,1,0
wtf kima ana,0,dataset_1,1,0
partageolhom,0,dataset_1,1,0
Kach live ? Xd,0,dataset_1,1,0
وراه الايف,0,dataset_1,1,0
😂😂جيزي ثقالتلهم الكونيكسيون دارولنا الروطار نظن,-1,dataset_1,0,-1
💪💪🔥,1,dataset_1,2,0
10:36 mzal😢,-1,dataset_1,0,0
mzl,-1,dataset_1,0,0
Live ta3hom retard ki bghit cnx t3hom tji khefifa 🤦‍♂️,-1,dataset_1,0,0
Ki dirou pubg aytouli hh,0,dataset_1,1,0
Winou live mkachou??😕 😅 wa9ila conx t9ila 😊,0,dataset_1,1,-1
Haya ya zh mazal madartohch😒😒,-1,dataset_1,0,0
Mafhemte walou galou 3la 10h rahi 11h mazal mabdache wesh mel problèmes?🤔🤔,-1,dataset_1,0,0
Yaaw rahi 22:40 ou mazal,-1,dataset_1,0,0
Ls Fellagas,0,dataset_1,1,0
Pcq morad noob😂😂,0,dataset_1,1,-1
We9tache hadi,0,dataset_1,1,0
algerie khirikoum be like nchlh brabi,0,dataset_1,1,0
Bda live wla mzeel,0,dataset_1,1,0
Mazal rahi 22:39,0,dataset_1,1,0
oui rani m3ak,0,dataset_1,1,0
.momo13__ hh mli7a hadi😂😂,0,dataset_1,1,-1
Ping 99,0,dataset_1,1,0
لاه مبداش,0,dataset_1,1,0
علش مادرتوش,0,dataset_1,1,0
._.mh oui,0,dataset_1,1,0
.dz مزال كبداش,0,dataset_1,1,0
Tbanli darouha bch y6al3ou les abonnés brk,0,dataset_1,1,0
22:43,0,dataset_1,1,0
aya warah,0,dataset_1,1,0
مزال,0,dataset_1,1,0
Rahi 22:44,0,dataset_1,1,0
راها 22.44🤣🤣,0,dataset_1,1,0
10:46 mazla 😢😢,0,dataset_1,1,0
._.mh jyaha,0,dataset_1,1,0
أين لايف أنا لا أراه,-1,dataset_1,0,0
مازال مابداش,-1,dataset_1,0,0
ياا دجيزي واش بيك والله سيريو واش بيك راها قريب 11 !! 😤,-1,dataset_1,0,0
👏🏻👏🏻❤️❤️💙💙,1,dataset_1,2,0
cnx tae djezzy t9ila 3liha mbdawch🙂,-1,dataset_1,0,0
._.mh win mazal mabda,1,dataset_1,2,0
رام يصلو التراويح 😂,0,dataset_1,1,-1
Aww rahi 9rib 11h o makan walou''??,0,dataset_1,1,0
Sorry brk mn9drch nl3b m3a les bot ghir,0,dataset_1,1,0
._.mh win,0,dataset_1,1,0
50 min,0,dataset_1,1,0
Raho bda,0,dataset_1,1,0
9isach ybdou 🤔🤔,0,dataset_1,1,0
mazzel,0,dataset_1,1,0
22:55,0,dataset_1,1,0
no rahtlna tsema ml3bnach m3ahom lol,0,dataset_1,1,0
eba3toulna code,0,dataset_1,1,0
mlk 😂😂,0,dataset_1,1,-1
Yaw segmou la connexion omba3d ahadro 3la live youtube 👎👎,-1,dataset_1,0,0
Chkoun yjini 1 v 1,0,dataset_1,1,0
😂😂 connexion nchalh brabi,-1,dataset_1,0,-1
♥️♥️♥️♥️,1,dataset_1,2,0
تك,0,dataset_1,1,0
Tkhaf twali tlagilhom cnx 😂😂🤦‍♂️,-1,dataset_1,0,-1
لا يتربحكم,-1,dataset_1,0,0
.em6872 🇩🇿🇩🇿gamer n1,0,dataset_1,1,0
Jami darou haja teslah,-1,dataset_1,0,0
راكم لا علاقة باللعبة 😑 جيبو ناس شويا خبرة,-1,dataset_1,0,-1
A partir de 22h y a plus de connexion,-1,dataset_1,0,0
Well done .dz,1,dataset_1,2,0
Haja mliha😂,1,dataset_1,2,-1
فهمونا مليح ، قصدكم تديو ثمن 2 دقايق فقط حتى اذا مكالمة ساعة ؟ ، قولو هكا الناس يتبالها مجانية تماما,0,dataset_1,1,0
🙌🙌 👏,1,dataset_1,2,0
ريبونديو عليناا 😠,-1,dataset_1,0,0
لم أفهم🙂,0,dataset_1,1,0
كثرولنا من ليبيب تع مراد سيلتوبلي هه😹,0,dataset_1,1,0
اعطيونا الجديد بركاونا من الخرطي,-1,dataset_1,0,0
أقسم بالله لاكونيكسيو تاعكم غير تعبتني وخرجتني على عقلي . عيانة خلااص,-1,dataset_1,0,0
وي هكذا,0,dataset_1,1,0
"Bonjour et saha ramdankoum, mais quoi cette merde de service. J'appelle le 77 pour me retrouver avec une opératrice qui me parle de ramadhan et coronavirus ?! Je veux me renseigner sur mon numéro merde, ds ce cas je préfère faire la queue à l'agence jezzy et pas votre arnaque",0,dataset_1,1,0
ادخل شوف الستوري متراطيش تشبع ضحك 😂😂 و أبوني باش يلحقك غير جديد 🔥 🔥 🔥 🔥,1,dataset_1,2,-1
ماشي حاجة 😢,-1,dataset_1,0,0
.msd بعد الدقيقة الثانية و بدون التسجيل في أي عرض ، المكالمات نحو شبكة جازي تكون مجانية.,-1,dataset_1,0,0
بعد الدقيقة الثانية و بدون التسجيل في أي عرض ، المكالمات نحو شبكة جازي تكون مجانية,-1,dataset_1,0,0
نتوما تاع جيزي نفلكسي 150الف تدوها كاش والكونكسيو تقولي راني نكونكتي بزيرو تربحو الشعر,-1,dataset_1,0,0
😌😌,0,dataset_1,1,0
sah wlh mem ana ma fhmtsh 1500da nsib rohi ghir fb lite 😥,-1,dataset_1,0,0
عندي موبيلس وجيزي نفلكسي في موبيلس100نخدم مليح و30يوم جيزي نفلكسي 130متكمليش30يوم,-1,dataset_1,0,0
Lcnx ki ch3ar kifkom,-1,dataset_1,0,0
خوتي راني شاركت فوحد المسابقة و جامي ربحت في حياتي باغي نربح لي يقدر يعاوني يديرلي غي جام على الكمنتار تع المسابقة بلييز 😥😥,0,dataset_1,1,0
☑️🇩🇿❤️,1,dataset_1,2,0
Aboniw f la page t3na khwti,1,dataset_1,2,0
احذرو يا اخوت الإيمان انه فخ 😂,-1,dataset_1,0,-1
Cnx ndirha mn tkml mn flixsi nflixsi 150da ntfi tlphonn n3wd nch3lh flixsi kan hna w rah Bach cnx tatl3 chib ynodlk ki tih nou Cnx troh réseau yroh bzaff sokto lglb rah m3mr mnkom trkbo lmor hawjii hbltnii djezzy,-1,dataset_1,0,0
🌙,0,dataset_1,1,0
صحاب الجيزي كي يهدر لازم يفوت الدقيقة الثانية🙃🙃,-1,dataset_1,0,-1
ما نزيدش نحط كومنتار البوسط لي فات شبعتو عليا ضحك 😭😭,0,dataset_1,1,0
Stp Abonnés,0,dataset_1,1,0
Rakoum 9dam bzzff😂😂,-1,dataset_1,0,-1
فهمونا فالخىطي هذا خطرش نتوما تعرفو غي تقطعو الكونيكسيو كيكمل لابونمو لاهاك جسقا لازوج هذا عيد وعواشير,0,dataset_1,1,0
انهض من جديد ارواح دير فورما يوجد في صفحتنا كل ماتبحث عليه 👏 مرحبا بكم,0,dataset_1,1,0
Makach manha,0,dataset_1,1,0
هاد اليومين كنكسيون راهي اددش وقيل هلكها رمضان😑,-1,dataset_1,0,-1
🤔🤔 رمضان خلاص زيدوها لحانوتكم,-1,dataset_1,0,0
نصائح طبية ، جمال و موضة و طاقة ايجابية مرحبا بكم 😍😍,1,dataset_1,2,1
بدل علينا هذاك الإشهار الله يرحم اللي ماتلكم😖,-1,dataset_1,0,0
Ay reglo cnx mbe3d nehko,0,dataset_1,1,0
viber,0,dataset_1,1,0
نشالله بربي😒,0,dataset_1,1,0
راني نضل نشكي من تدفق الانثرنث في ولاية جيجل خاصة مناطق جبلية,-1,dataset_1,0,0
الكذب حرام,-1,dataset_1,0,0
3lah delo tessar9o fina flexyt ditoha,-1,dataset_1,0,0
سلام عليكم خاوتي😍 صفحة خاصة بالصور 📷 والأفلام القصيرة 🎬 ماتنساش تضرب طلة و عطيني رايك فالتعيق ❤ وصحا فطوركم,1,dataset_1,2,1
والله تقول كونيكسيو تمدولنا فيها بلمزية 40جيغا وتدفق تع 2g 🙄🙄,-1,dataset_1,0,-1
حملت التطبيق ومكان والوا,-1,dataset_1,0,0
.dz كيفاه نحرك الهاتف فهمنا اكثر,0,dataset_1,1,0
كي سموه تطبيق؟؟,0,dataset_1,1,0
msba7 wana nshaky wlh walo,0,dataset_1,1,0
مربحت والوو,-1,dataset_1,0,0
غير العروض,0,dataset_1,1,0
3lash matrepondolnach ni fb ni insta ni prive 3lah hka 3laah Ya3ni 😡😡,-1,dataset_1,0,0
Khawti kol mathrk tel yklolk les mégas bch ykoun fi 3lmkom brk mch gratuit 😂😂,0,dataset_1,1,-1
F ios makach ?,0,dataset_1,1,0
وانت كشما ربحت او لازم تحركي بورتابلك مليح,0,dataset_1,1,0
كذابين,-1,dataset_1,0,0
في بلاي ستور اكتبي Djezzy برك الأول هذاك هو,0,dataset_1,1,0
harki ton portable mlih,0,dataset_1,1,0
شكرا,0,dataset_1,1,0
راني كل شهر نخلص اطلقونا انترنات مليحة غير pubg برك خلونا نلعبو رانا كرها ارحمونا,-1,dataset_1,0,0
mmena f iphone mhbch yjini :/,0,dataset_1,1,0
عفوا,0,dataset_1,1,0
mm ana ya khoya tal3t application mais mahbtch td5el,-1,dataset_1,0,0
am yhrcho bina wlh 😂,0,dataset_1,1,-1
yedi 3yat ya zhi 😂,0,dataset_1,1,-1
.msd 😂😂 zidi 7arki,0,dataset_1,1,-1
واش بيها الكونيكسيو تاعكم,-1,dataset_1,0,0
Lazam nch3l les données brk🙌,0,dataset_1,1,0
Rbaht yamat lwala mais après j'ai rien gagné,0,dataset_1,1,0
Iphone makach ?,0,dataset_1,1,0
Kayen f les iphones,0,dataset_1,1,0
Yaw fa9o,0,dataset_1,1,0
.dz harekt w rbaht ghir l3ib,-1,dataset_1,0,0
Kdeb makhrejch qedma Nherek maykherjoulich hwayej batel hwa flavideo z3ma rbeh 20 go gratuit 3lh hakda tchoufouna drari sghar,0,dataset_1,1,0
.dz ana siyit makayn walou😑,-1,dataset_1,0,-1
إشهار شباب راك فهام 😍😍,1,dataset_1,2,1
Harakto 100 khtra msra walo,0,dataset_1,1,0
عندي عامين مفلكستش بلعتولي لابيس علاش الحڨرة 😕,-1,dataset_1,0,0
L'application est disponible sur iOS mais sans l'option shake and win,0,dataset_1,1,0
bsahtek 😍,1,dataset_1,2,1
.msd diri el courage 😂,0,dataset_1,1,-1
.o.u.n.i.r_ Kima dar Mourad f la vidéo 😁,0,dataset_1,1,0
"C'est juste une question de chance, ki ma terreb7ich yekherdjou des propositions d'offres, mais ki terreb7i yekhrodjlek un message de félicitations 😊",0,dataset_1,1,0
Nchallah 😊,0,dataset_1,1,0
كشما ربحتي,0,dataset_1,1,0
.x رجعيهالم وفكينا,0,dataset_1,1,0
انا راهم يجوني les offres كي ندير shake ?,0,dataset_1,1,0
كي مدولي أنترنت ساعة باطل كهدية نقدر نربح الهدايا كيما تيليفون رجاء رجعولي,1,dataset_1,2,0
.dz ios mahbtch tatla3li pk ?! Wala les andhom les iphon myl3bouch 🤬🤬 hogra hadi,-1,dataset_1,0,0
Rba7t ghir 1h ta3 cnx 😭😭,0,dataset_1,1,0
عندي ايفون لاباتري قريب زغدت مبلاصتها و متحصلت على والو -_-,0,dataset_1,1,0
.dz ahh chat kfh f la pub morad oudia 3ndo iPhone . Non ? Ou kfh mala ? 😂 ahh ya denia,0,dataset_1,1,-1
hata ana 🐸,0,dataset_1,1,0
hata ana🐸,0,dataset_1,1,0
انا بحت ecouteur كيفاش نستلم الهدية,0,dataset_1,1,0
Si il vous plaît j'ai pas compris comment en transférer les unités avec cette application,0,dataset_1,1,0
M3lich tfahmoni 🤨🤨 wche kyn f pub psq mfhmch wche kan hab y9ol ✌️,0,dataset_1,1,0
.dz مازال مايعطوهلي نسكن في وهران,0,dataset_1,1,0
.dz 😑😒,0,dataset_1,1,-1
Est ce que lazem ykoun kayn crédit F la puce bah nerb7ou des 🎁 ?,0,dataset_1,1,0
انا عندي منسطلية بصح مفهمتش كيفاه ندير,0,dataset_1,1,0
طلعنا لابليكاسيون وماشفنا حتى هدايا,0,dataset_1,1,0
Kifach tekhdem l 'application w kifach nharek la télephon win exect svp,0,dataset_1,1,0
Kifah ysmooh ma l9itoch,0,dataset_1,1,0
زهرة من جازي 🙂,0,dataset_1,1,0
Wlh khsra jms rbht ana ☹️☹️☹️☹️☹️☹️,-1,dataset_1,0,0
3endi Djezzy spécial mais a chaque fois nherek el tel mayekhredj walou,0,dataset_1,1,0
Gagne 100dhams😂😂,0,dataset_1,1,-1
Djezzy la meilleure en oued souf ❤️😍,1,dataset_1,2,1
هل هناك جديد عن مسابقة ايزي رحلة إلى مانشستر سيتي,0,dataset_1,1,0
.dz w li reba7 w ba3tolo message felicitation kifach ydiir ?!,0,dataset_1,1,0
kifach bach madoholak ? Meme ana rba7t tilifon,0,dataset_1,1,0
Ha rahi 3ndi l'app w dert mise a jour .w Di shake g3 ma khrjtlich .. ki 'dilhaa,0,dataset_1,1,0
عييتوني الله يعييكم ، وماربحتش 😂😂,0,dataset_1,1,-1
😂😂 ماتحلمشي تلعب بيها ببجي من غير صباح باقي اليوم جاري تحميل وتموت وماتفيق الروحك بلي متت ،الببجي معاهم غير صباح وباقي اليوم ماتخدمشي,0,dataset_1,1,-1
هما غير شهر ايسكروها اذا ماتفلكسي ،بزااف عامين هه,0,dataset_1,1,0
Nchlh nrba7 ya rabbi😂😂,0,dataset_1,1,-1
lzm ykon 3ndek iphone,0,dataset_1,1,0
esq n9dro nrbhou plusieurs fois psq rbht 1g conexion esq nkdr nzid nerbh svp,0,dataset_1,1,0
تحرك تلفون او تحبس ولا تقعد تحرك,0,dataset_1,1,0
Rani 7aba na3aref kifach nparticipi psq maranich fahma waloo ?🤔,0,dataset_1,1,0
.dz tsema ma fihach !,0,dataset_1,1,0
thricha,0,dataset_1,1,0
non Walah ça marche j’ai gagné un téléphone 📲 merci .dz,0,dataset_1,1,0
.kahil ميمدو لابونيس لا شوي كريدي لا والو مشحاحين,0,dataset_1,1,0
هه انا كنت مستحسنتها خاطر نت فيها قوي عادلها عام ونت فيها في نازل 💔☻,-1,dataset_1,0,0
عيتولي 413 مرفدتلهومش نتوما. 413?,0,dataset_1,1,0
.mnsiif._x تحرك التليفون وتحبس,0,dataset_1,1,0
ربحت ساعة انترنت باطل هه بصح ماتمشيش خلاص,0,dataset_1,1,0
Mais pas disponible sur iOS 😏,0,dataset_1,1,0
كشما واحد ربح !!,0,dataset_1,1,0
جيزي ناقصة بزااف زبل,-1,dataset_1,0,0
Je veux savoir comment débloquer loption transformait de crédit djezzy vers djezzy svpp 🤔🤔,0,dataset_1,1,0
كل ما نهزمانربح والو 😢😢,-1,dataset_1,0,0
Tla3tha wmkn wlo,0,dataset_1,1,0
Mkayn wlo fu hda l'application,0,dataset_1,1,0
كيفاش نشارك معرفتش,0,dataset_1,1,0
"السلام عليكم انا حركت وخرجتلي هذه قولولي واش معناها Feliaons,Vous a Vez reçu Un Acce Ssaire Co",0,dataset_1,1,0
Andi 40Go w la conx t9ila bzff tahsab rani nconecti b l gratuite 😑😑,-1,dataset_1,0,-1
كاش مابعثولك الطادو تاعك,0,dataset_1,1,0
Mais je trouve rien 🙄,0,dataset_1,1,-1
ابقا في دارك ولكنكسيو تقوال سلحفات,-1,dataset_1,0,0
اين المجان ؟ بصيغة اخرى معنى مجانا ؟,0,dataset_1,1,0
مزال ما وثلني الكادو نتاعي,0,dataset_1,1,0
صهه نيشان,0,dataset_1,1,0
بدون تكاليف الأنترنت 😊,1,dataset_1,2,0
"✏﷽ 🌿""تهنئة خاصة"" 🌿 🌿""يسرني ان اتقدم إليكم""🌿 🌿""باصدق التهاني بمناسبة ""🌿 🌿""حلول شهر رمضان المبارك""🌿 🌿""سائلا المولى العلي القدير ""🌿 🌿""ان يجعل ايامكم كلها افراح""🌿 🌿 ""وأن يعيده عليكم أعواما""🌿 🌿 ""عديدة وازمنة مديدة""🌿 🌿""انه سميع مجيب""🌿 🌿الدعاء🌿🍃وكل عام وأنتم بخير 🍃",1,dataset_1,2,0
ايا بركو عروض خادمة لمصلحتكم,0,dataset_1,1,0
9rib amantkom cnx t9ila katarmani chaba3touna khorti,-1,dataset_1,0,0
Hhh mama ki tchoof vidéo ana tsawer yt7aloli b ta7lal 😂,0,dataset_1,1,-1
خخ خاصة بالكونيكسيون تاعكم,-1,dataset_1,0,0
Roho ta5rawe nab3ate védio smana bache yalha9e,0,dataset_1,1,0
🤔,0,dataset_1,1,0
W li f tswira ycncti b wifi wla rahom b djezy 😬😬,0,dataset_1,1,0
كونيكسيو تاعكم 💩💩,-1,dataset_1,0,0
Améliorer votre réseau .dz wlh c'est grave thawso ghir 3la drahem,-1,dataset_1,0,0
Yaw sgmo lcnx ta3kom rahi grv 3yana wlh,-1,dataset_1,0,0
ريحوا بركاو ما تكذبوا على الناس بدراهمك و مكاش الانترنت قالوا اعقد فى الدار و كونكتي,-1,dataset_1,0,0
Hhh haka 3libiha connexion atirr 20kbps allah ybarek makanch ga3 😑🤮🤧,-1,dataset_1,0,-1
كونكسيو تقييل,-1,dataset_1,0,0
حسبوان الله ونعم وكيل,-1,dataset_1,0,0
روحو لا 🤬🤬,-1,dataset_1,0,0
Connexion t3ayi,-1,dataset_1,0,0
0.01bps? cnx chaba?,0,dataset_1,1,0
cnx t9ila bzf wla msg myfoutich video mtfarjihich pff😏😏,-1,dataset_1,0,0
Tkonkti m3a ch3ar machi m3a l3ayla missag maylha9ch minpa had comontar w raho f chak wla ylha9,-1,dataset_1,0,0
فرحة,1,dataset_1,2,0
نلت عندنا 0,-1,dataset_1,0,0
#improvedznetwork,0,dataset_1,1,0
عندي واحد لي capteur تع la vitesse تحشم بيهم تفو وجوه مزيرية,-1,dataset_1,0,0
كانت تشدلي شهر وكانت خفيفة هذو ليمات يا ربي عشريام ومام ثقيلة,-1,dataset_1,0,0
Kamatkom,-1,dataset_1,0,0
.dz wach mn agence fi alger rahoum mftouhin ?,0,dataset_1,1,0
من يتابغني سا اتابعه والله.الايكات تثبت 💜,1,dataset_1,2,0
kon ghir les donnés yamcho nrml,0,dataset_1,1,0
جيزي وكل يتألم,-1,dataset_1,0,0
١ض,0,dataset_1,1,0
أبوني نرجعهالك,0,dataset_1,1,0
._.rdo .rxf 😈fantasy and rpg,0,dataset_1,1,0
mknch mochkol,0,dataset_1,1,0
yakhi nta marakach ratah l lhirak Wakn 3lah kheti Hh gol 7acha,0,dataset_1,1,0
.se_ cha3b zz ntoma,0,dataset_1,1,0
Fantasy ❤❤ et rpg,0,dataset_1,1,0
شعب زبي ؟,-1,dataset_1,0,0
Abonné n3tuk compte netflix ❤️,1,dataset_1,2,0
🌸❤️,1,dataset_1,2,0
Wali ma3ndoch djezzy,0,dataset_1,1,0
Fantasy jeu de stratégie,0,dataset_1,1,0
Arcade🔥,1,dataset_1,2,0
Rpg fantasy,0,dataset_1,1,0
❤️😷,1,dataset_1,2,0
"""Fantasy and Rpg""",0,dataset_1,1,0
.bounedjah,0,dataset_1,1,0
.bounedjah .m,0,dataset_1,1,0
Fantasy et RPG .bounedjah,0,dataset_1,1,0
.m97 .miral.10 .soumia diroulha jaim f commentaire,0,dataset_1,1,0
.medj dirolha j aime f comntr,0,dataset_1,1,0
.bmd. .h.a.l.i.l.o.u j'aime svp 3la cmntr,0,dataset_1,1,0
raki thwsi 3la netflix 😂😂,0,dataset_1,1,-1
._.bou,0,dataset_1,1,0
انشاء الله مربوحة,1,dataset_1,2,0
نسكت خير,0,dataset_1,1,0
.rimnss__,0,dataset_1,1,0
la fantasy and rpg,0,dataset_1,1,0
.13 j'aime 3la commenter lawal ta3 Mounir svpl😉,0,dataset_1,1,0
c'est pour ça personne ne va faire un like pour l'autre c'est la division .dz,0,dataset_1,1,0
Fantasy and rpg,0,dataset_1,1,0
.abdelghanii f cmntr stp ♥️,1,dataset_1,2,0
.se_ 😂😂,0,dataset_1,1,-1
.mhzz._ mmo rpg,0,dataset_1,1,0
Fantasy and RPG,0,dataset_1,1,0
adi ghi ma tetma3ch 😂😂 cha3b rah bel 186 j'aimes,0,dataset_1,1,-1
.game .b,0,dataset_1,1,0
".o RPG, fantasy",0,dataset_1,1,0
Nchalh,0,dataset_1,1,0
aya hbb ❤️,1,dataset_1,2,0
لاتنسى اخاك ترعاه يداك😂,0,dataset_1,1,-1
#djezzy go to the hell ➡😈,0,dataset_1,1,0
Fantasy and rpg 🔥🔥 .yacine_ .unico .86 la team svp ge3 dirou jaime l commentaire ❤❤,1,dataset_1,2,0
Fantasy rpg,0,dataset_1,1,0
.isdn mouah,0,dataset_1,1,0
.e,0,dataset_1,1,0
Djezzy pour Netflix 🙌🙌,1,dataset_1,2,0
youb,0,dataset_1,1,0
Fantasy and rpg @,0,dataset_1,1,0
.7 .7,0,dataset_1,1,0
j'aime f cmntr ta3i stp,0,dataset_1,1,0
.isdn tddi el ch3ar,0,dataset_1,1,0
عطوني تقة ديالكم تحكو تحسب نت طيارة 🤔🤔,-1,dataset_1,0,0
Fantasy and RPG .00 .slimani.315,0,dataset_1,1,0
.bjm .dzz,0,dataset_1,1,0
Clash of clans,0,dataset_1,1,0
🇩🇿,0,dataset_1,1,0
.tv La Fantasy and rpg,0,dataset_1,1,0
Fantasy and rpg .isdn .86 .yacine_,0,dataset_1,1,0
.ahlem,0,dataset_1,1,0
.__.d_o_u .19,0,dataset_1,1,0
.ine .phone ._.sam._.ly,0,dataset_1,1,0
._.a .dirahoui .ks._x_ .o_o,0,dataset_1,1,0
.walid.r,0,dataset_1,1,0
Fanstay . Rpg,0,dataset_1,1,0
.mhd.96,0,dataset_1,1,0
.manser,0,dataset_1,1,0
a3tli compt pleas,0,dataset_1,1,0
"❤️ fantasy,rpg",0,dataset_1,1,0
#like4likes #communication #1direction (fantasy.rpg),0,dataset_1,1,0
fantasy rpg .ly .bjm #nickiminaj,0,dataset_1,1,0
Fantasy and rpg .ji_19 #7 .chouaib #yummy 🔥🔥,0,dataset_1,1,0
.se_ why are you moka3ab,0,dataset_1,1,0
Svp c est quoi cette conx elle est devenu catastrophique j arrive mm pas a ouvrir insta ou yout elle ete bien qsq y a !??,0,dataset_1,1,0
thanks #netflixandchill #couplegoals,0,dataset_1,1,0
Un rpg style fantasy,0,dataset_1,1,0
Fantasty and rpg .babaci .r_09_aoua,0,dataset_1,1,0
.se_ wshmn hirak nass ay tmout nta thws 3ela l hirak astena ttzgm denya oumbaad.hdouk rebi yhsbhom,0,dataset_1,1,0
جم جمو خلي الزوالي يعيش 😂🔥,1,dataset_1,2,-1
ديرو جام فلاباج,0,dataset_1,1,0
يلا تحسنو خدمات الانترنت معليش باسكو راهي تقتل,-1,dataset_1,0,0
chaque mois 25 go?pendant 12 mois ?c sa?,0,dataset_1,1,0
Mfhmtich fahamni fiha hadi puce special 3ndi whda wch zitolha??,0,dataset_1,1,0
مساء الخير،عرض Maktaby هو عرض خاص بالمؤسسات لتسهيل العمل لهم من المنزل 🏫ال Pack يحتوي على شريحة تتضمن مكالمات غير محدودة نحو كل الشبكات، 25 جيغا انترنت، شريحة ثانية تتضمن 15 جيغا انترنت، مكالمات جماعية مجانية، اتصال مجاني بقاعدة التواصل عبر الفيديو Cisco Webex و مودم بسعر متميز ب 300 دج للشهر :) زهرة من جازي,0,dataset_1,1,0
.dz 3andi problème Cnx matjinich 3chiya hada m3andi wela m3andkom?,-1,dataset_1,0,0
للعشاق مسلسلات او معلومات عن الأتراك تابعو صفحتي الشخصية,0,dataset_1,1,0
.megn ana f lil mn 9h hten 00:00 3ayana,0,dataset_1,1,0
سقمو الكنيكسيو تاعكم بيسك راهي لا تطاق,-1,dataset_1,0,0
Votre connexion Internet insupportable 👎,-1,dataset_1,0,0
💪💪❤️,1,dataset_1,2,0
😍😍🇩🇿🔥🔥.7 the King,1,dataset_1,2,1
Woww🇩🇿💚.7,1,dataset_1,2,0
فنان حقيقي في السيتي,0,dataset_1,1,0
Chkour,1,dataset_1,2,0
🤴,0,dataset_1,1,0
Félicitation pour mahrez 🔥🇩🇿🙏❤️👏,1,dataset_1,2,0
The best player with the best service .dz 🤪❤️,1,dataset_1,2,0
🇩🇿❤️🇩🇿❤️🇩🇿❤️🇩🇿❤️,1,dataset_1,2,0
🇩🇿🇩🇿🇩🇿🇩🇿mahrez 👏👏,1,dataset_1,2,0
ريزو داير الخرا,-1,dataset_1,0,0
.anisse_anisse هه مالكي 🔥,1,dataset_1,2,0
فنان,1,dataset_1,2,0
مكاش أثقل عليكم متخافوش,-1,dataset_1,0,0
جيزي الريزو داير كي الخرا مرض لي عندو جيزي يركبو لبوقلاق,-1,dataset_1,0,0
.anisse_anisse هه ناس فارحا وانت ديما فمك خاطيك 😂😂,0,dataset_1,1,-1
عجبتني غير من كان المعلق يهدر على ميسي ويخلعو محرز بيت شباب سكتو 😂😂,0,dataset_1,1,-1
أسوء شبكة في العالم هي جيزي، عروض لاعلاقة ولا حتى قريبة لإرضاء الزبون، صفر في صفر قسمة صفر تساوي صفر وستبقى صفر. الوداع وتحيا اوريدوو,-1,dataset_1,0,0
💪💪😍,1,dataset_1,2,1
شيكوور,1,dataset_1,2,0
king,1,dataset_1,2,0
Abonniw 😍👏🔥 مشاهير الجزائر,1,dataset_1,2,1
هو الفنان و انتم ..المتعامل جيزي افشل متعامل في التاريخ,-1,dataset_1,0,0
W connexion tqila g3 chkyn hta l 1h bah tatsagam 👿,-1,dataset_1,0,0
اعدلو جد ال4G برك,-1,dataset_1,0,0
.nes جربتيها؟,0,dataset_1,1,0
وجوه البق مشفنا منكم والو لا إنترنت تصلح لا إنترنت مجاني والو غير البق نعدين نهاركم 👋✊,-1,dataset_1,0,0
بصح ما عنديش بطاقة الذهبية و اليوم تخلاصلي الكونيكسيو كيفاش ندير,0,dataset_1,1,0
.nes maslhtlekch ??,0,dataset_1,1,0
مرحبا بكم في صفحتنا صفحة #E_Store_Dzما متوفر حاليا شحن لعبة PUBG MOBILE و FREE FIRE باسعار تنافسية و عن طريق ID فقط,0,dataset_1,1,0
non,0,dataset_1,1,0
La connexion fi hala en plus normalement tmdoulna un mois batel,-1,dataset_1,0,0
La connexion ta3kom rahi khera hacha nass wesh raho sari,-1,dataset_1,0,0
Kamel el moutatalabat b debit hyper lent !! J'ai jamais vu un debit aussi merdiqie que celui de ces jours ci !!,-1,dataset_1,0,0
cnx ma3lblich wchbikom had lyamat wlh surtont bareh makach kaml riglona cnx nb9a mtkhlonach nndmo l chrina djezzy,-1,dataset_1,0,0
Ana mefhemtch kml nechko m conx te3hom mais Djezzy tkhelik Vu 😑😑,-1,dataset_1,0,-1
Cnx 🤬,-1,dataset_1,0,0
Djezzy raht fiha rkm ki zbel f khadamat tesr9o bzf li neflxyha trohli bla mdrt biha walo w jms selft wala tdiwhm hkdk brk 🐸bla sema7,-1,dataset_1,0,0
راكم في عام الفيل كي عاد الدفع الالكتروني توفير متطلبات 😂 حنا رانا في الجيل الخامس g5+,0,dataset_1,1,-1
مزال راكم تتمسخرو بينا..نت اصلا سيئة عندكم,-1,dataset_1,0,0
.aicha لا حياة لمن تنادي,-1,dataset_1,0,0
Y pas d’option pour que je puisse parler avec tout les réseaux sans internet ? Car sincèrement la qualité d’internet est très médiocre !,0,dataset_1,1,0
Nul,-1,dataset_1,0,0
ان شاء الله ديرو ميزاجوغ لي ابليكاسون تاعك لجماعة ابل 🍎 😏😏,0,dataset_1,1,0
احسن شبكة عندي 😍💗,1,dataset_1,2,1
هذا غير صحيح. معانات حقيقية مع جازي. كونيكسيو جد ضعيفة,-1,dataset_1,0,0
Dirou brk conexion khfifa rahi grv t9illa,-1,dataset_1,0,0
.aicha مرحبا، الرجاء مراسلتنا على الخاص 😊,0,dataset_1,1,0
راها ثقيلة بزاف 😓,-1,dataset_1,0,0
._atek,0,dataset_1,1,0
Conx rahi grave t3ayef na9ssa troop w des fois troh complètement 😤😤,-1,dataset_1,0,0
Nik ymah l9hba li b9a ychri djezzy ynik mo ykhlas chhar nkasar tiz yemaha,-1,dataset_1,0,0
نفليكسي علاجال الكونكسيون تاع الخرا لي عندكم أنا قررت أنو كون ما تسقموش الريزو تاعكم قبل 15 أفريل ندورها نجمة ولا موبيليس . كونيكسيون دجيزي في قالمة ولات خراا,-1,dataset_1,0,0
.aicha c vrai djezzy catastrophe,-1,dataset_1,0,0
Repondiw fel prv yaaw !!,0,dataset_1,1,0
Cnx ta3kom dirouha morakom sera9in ya chkoupi,-1,dataset_1,0,0
.aicha انا عندي تمشي لباس بيها في كل الأوقات,1,dataset_1,2,0
وكأس جي 😊,0,dataset_1,1,0
عندي مليحة,1,dataset_1,2,0
كونكسيو تاعكم سرييعة جدا لي يقدر يلحقهى غير الحلزون ماشالله تفوو على كونكسيو تاعكم,-1,dataset_1,0,0
😂 و كي نششري بيس جيزي فيها 40 جيغا و نستنى غي في ليل باش تكونيكتي براحتك وشمن فايدة كونيكسيون تقيلة رهج حجر صحي من جيهة و زيدو نتوما 😑 و تروح وقت ما تحب جي وقت ما تحبو وشنو هدايا 😑 دوك ندورها موبيليس كيما لافامي 😑 سراقين,-1,dataset_1,0,-1
.aicha wlh t'as raison kraaht mnha,-1,dataset_1,0,0
ردوها خفيفة برك هدا مكان كي تكون عندك 40 جيغة و كونسيون تقيلة متقدر دير بيها والو واش الفايدة شغل راك تبول فرمل حشاك 🙄 ردوها خفيفة برك ادى بغيتو زعمة,-1,dataset_1,0,-1
والله الكونيكسون ديالكم راهي خسارة الدراهم برك الواحد رآه يفليكسي باطل غير يعطي روحو برك و يقلق روحو مادابيكم شوفولنا المشكل,-1,dataset_1,0,0
.aicha والله غير صح الواحد يزيدو يقلقوه,0,dataset_1,1,0
حسنونا خدمة الانترنت ولا نبدلو الشريحة خلونا من التمسخير,-1,dataset_1,0,0
._.cos 😂😂,0,dataset_1,1,-1
ymrgo frocha,0,dataset_1,1,0
W ki naflixy ana 200 /mois w manconictiich biha kml y’a rebi ida l wahad s7ar mliih bach blk twali khfiifa chwiiya sinon cnx ta3kom welat 9ar3a bzzf,0,dataset_1,1,0
قتلتونا بالكونكسيو تاعكم تمشي 2 سوايع في النهاار و كاليتي تحشم مع انو كانت هي المخيرة فيهم السبب اهو باين العروض تاعكم الناس ولات كل شهر تشري بيس ،الكثرة و الربى,-1,dataset_1,0,0
يبقى مشكل واحد لي هو ثقيلة لاكونيكسيون في داري 😂😢😢,-1,dataset_1,0,-1
كل شهر يديو 150 ومنيش نستفاد منها النت ضعيف بزااف,-1,dataset_1,0,0
وشبيها الكنكسيون هاد ليامات¡¡¿ يخي راني مخلص مش نسرق ولا ؟؟,-1,dataset_1,0,0
والله ماعلابالي ربي يعاونكم الخاوة,0,dataset_1,1,0
تميزرت معاها هاد لا بيس,-1,dataset_1,0,0
نقعد الشعر معاكم انتم,-1,dataset_1,0,0
كورونا ولانتوما نخرج ندور ولاتقعد مع الغمة تاع االكونيكسيو تاعكن مربحنا والو ديما في لخساير نتوما تستافادو وحنا نت.. في دراهمنا ومنه منا وجاي ضرك نفليكسي الششعر.. شفتو كيفااه تربحوو غير العيب .. ماشي كون تعلنو افلاسكن وتريحونا خيير؟؟ خير ماتجيبو السب لرواحكم وتخسرو لعباد.. ديرو حل قبل مايفوتكم القطاار وشكرا 🙂,-1,dataset_1,0,0
.aicha والله لعندك الحق يوتيوب ما تفرجش فيه آلاز خسارة الدراهم,-1,dataset_1,0,0
Cnx fi hala,-1,dataset_1,0,0
وكي تحسو الانترنت ساع كل يوم شريحة و عروض بلا فائد تقدرو ديرو عرض واحدة لكل الجزائرين و تطورينه بلا مانشري انا بيس وهيا نفسها الدولة الاخرى لديهم متعاملين لديهم متعاملين و يتنافسون بعرض واحد يحتوي كل مجالاتهم و انتم كل شهر مع ايزي تروح ل تيزي ولا إليزي جيك موبيليس مع بيكس كلش ميكس وهيا رايحة .. والله هرمتونا و كرهتونا,-1,dataset_1,0,0
Yerhaam babaak?? Cnx rahi tqilaa rahj wsh mel ihtyajat w hna serie ki nas maqdrnach nchofoha,-1,dataset_1,0,0
انا اطالب بارجاع خدمة امتياز ب 80الف سنتيم ..للشهر ..غالية بزاف 150الف سنتيم,0,dataset_1,1,0
.had اذا مارجعتوليش هذا الخدمة نبدلكم بموبيليس ..راها باطل و الكونيكسو فيها خيير منكم,-1,dataset_1,0,0
😁😁 على الخص تاع VIP,0,dataset_1,1,0
أشكر شركة على العروض ولكن نطلب خظراتكم إنشاء هوائي في حينا لأن الشبكة ضعيفة,-1,dataset_1,0,0
Bnsr j voulais juste savoir pourquoi ma conexion internet 4g se dégrade de jours a l'autre pourtant elle a était superbe..?? Jé envoyé un msg privé aucune réponse,0,dataset_1,1,0
Yzh konictoin ta3km 3mla ki chkopi yarbk sagmoha wla 5lino nachro orido,-1,dataset_1,0,0
.dz رسنلكم على الخاص و متريونديوش,0,dataset_1,1,0
السلام عليكم ورحمة الله وبركاته,0,dataset_1,1,0
السلام عليكم ورحمة الله وبركاته جازي رانا نخلصو فيكم باطل؟ انترنات راهي أسوأ من مما سبق الله يحفظكم حلو دراهمكم,-1,dataset_1,0,0
عند خلل في شريحتي,-1,dataset_1,0,0
.aicha merci d'avoir tout dis 💋💋,1,dataset_1,2,0
واش مل العرض لي مليح؟؟,0,dataset_1,1,0
Safi longtemps 3andi djezzy mais DSl jamais kant haka c'est de la mèrde nflixi 1500da chaque mois pour rien service wela catastrophique 😊,-1,dataset_1,0,0
الكونيكسيو تاعكم تعيي حتى وأنا في العاصمة فما بالك في باقي الولايات,-1,dataset_1,0,0
Yaw sagmona cnx kbal après sahel,-1,dataset_1,0,0
كونيكسيون انتاع جيزي عيانة بزاف نجمة فور بزاف,-1,dataset_1,0,0
الكونكسيون راهي عيانة بزاف هاد اليامات سورتو فالليل ومع لعشية هبللتني اووف,-1,dataset_1,0,0
كونيكسيو تاعكم مرضتنا تخلص كل شهو و تكونيكتي بزهر,-1,dataset_1,0,0
".nes Bonjour, C'est quoi le souci exactement svp ?",0,dataset_1,1,0
.26 :),0,dataset_1,1,0
C'est quoi le souci exactement svp ?,0,dataset_1,1,0
.lma5662 La carte bancaire CIB :),0,dataset_1,1,0
"مرحبا،من خلال موقعنا الإلكتروني ( الرابط في BIO ) ثم الضغط على ""الدفع الإلكتروني""زهرة من جازي",0,dataset_1,1,0
مرحبا،يمكنك ذلك أيضا من خلال البطاقة البنكية CIB.زهرة من جازي,0,dataset_1,1,0
.dz quand je clique sur valider ça marche pas tjr,0,dataset_1,1,0
".dz Quand j'introduis les informations de la carte Edahabia et je valide, le site m'affiche que le transfert a échoué",0,dataset_1,1,0
.axyoub مرحبا،كاين بزاف عروض متوفرة على مستوانا، تقدر تطلّع عليها من خلال رابط موقعنا الإلكتروني الموجود في BIOزهرة من جازي,0,dataset_1,1,0
.dz يا دين الرب فالكومونتار و ثقال عندي يومين ملي قلتلكم حاب نفليكسي.. الكونيكسيو تقارعلها حتى 3تاع صباح باش تتسقم شويا و الكومونتار يومين بزااف والله العظيم 😏😏👎🥴,-1,dataset_1,0,0
كيفاش نقدر نفليكسي,0,dataset_1,1,0
وعلاش كونكسيو تاعكم تقيل تعايو راهج,-1,dataset_1,0,0
Ma3andich 3orod imtiyaz svp redou 3liya f prv,0,dataset_1,1,0
ياو الفليكسي ساهل ياو الأنترنت راهي ضعيفة بزاف انستاغرام بسيف باش دخلتلو والله ديرولنا حل متخلوش لواحد يندم كي شراها 😤😡😡,-1,dataset_1,0,0
سرااققيين,-1,dataset_1,0,0
.dz marahiche jini imtiaz 300da wach ndir bach jini,0,dataset_1,1,0
عندي خط حاب نغلقو سبب كونكسيون تعكم خرا,-1,dataset_1,0,0
حبيت نسقسيكم برك متى تتوفر تغطية الجيل الرابع في كامل التراب الوطني,0,dataset_1,1,0
Rdoulna wsh ditoulna crédit brk,0,dataset_1,1,0
Combien le paiement par mois,0,dataset_1,1,0
Merci Djezzy👏💐,1,dataset_1,2,0
200da,0,dataset_1,1,0
Cette offre mlih bzff mais c'est cher lokan tnakso les GB dirouha 15G et le prix 100da c mieux,0,dataset_1,1,0
En plus la vitesse ta3 connexion très faible mais mayhamch min fiha hadra avec tt les réseaux,-1,dataset_1,0,0
c vrai,0,dataset_1,1,0
Nsut haja réseaux djezzy ki tkoun bara haja forr mais ki tkoun fi blasa mbal3a kasdi tedkhol dar ola cafétéria réseaux ywali kaka très faible 😡,-1,dataset_1,0,0
Yaw 3ndi 15jrs melli demandit migration hayla maxy 9aloli 3la 2jrs maban walo,0,dataset_1,1,0
Réseau ta3koum ta7sseb rak gabad wifi nta tadkhol lblassa mbal3a w howa yro7,-1,dataset_1,0,0
Abonnement ch3al? Ida machi 100 da ma derna walo?,0,dataset_1,1,0
واش قصة لهاربة,0,dataset_1,1,0
🤔🤔,0,dataset_1,1,0
Ya djezzy hiya mliha illimité,1,dataset_1,2,0
.ama_dinaz77 bsh 2g mafihach,0,dataset_1,1,0
نحب نفلكسي 100تمشي ولا لا,0,dataset_1,1,0
تعيفو خليتوني حتى شريت بيس جديدة و نحيت النيميرو تاعي القديم,-1,dataset_1,0,0
مين تخرجو سبيسيال تاع ١٠٠ دج ڤوليلي دجيزي,0,dataset_1,1,0
جيزي وانتي افضل لدينا واصيلي ❤️❤️❤️,1,dataset_1,2,0
سعر غالي شوف كيفاه تنقصو شوي 😑😑,-1,dataset_1,0,-1
HWaltha w ndemt baghi nraje3 offre lowel,-1,dataset_1,0,0
🙏🌹🙏,1,dataset_1,2,0
عيدكم مبارك تقبل الله منا ومنكم صالح الأعمال وكل عام وانتم بخير اعاده الله علينا وعليكم بالخير واليمن والبركات,1,dataset_1,2,0
Bob,0,dataset_1,1,0
كونكسيو تاع عيانة خلاها تعملي في عروض مبعد طلع كونكسيو في حالة غير تسرقي هذا مكان,0,dataset_1,1,0
A vie ou bien chaque mois 🤦🏻‍♀️🤦🏻‍♀️🤦🏻‍♀️,0,dataset_1,1,0
À vie ??😲😲😨😨😆😆,0,dataset_1,1,0
ce n'est pas une promo mais une offre valable à vie .. vous pouvez à tout moment recharger et souscrire 😉,0,dataset_1,1,0
🌷❤🌷,1,dataset_1,2,0
.chicola ce n'est pas une promo mais une offre valable à vie 😉,0,dataset_1,1,0
Waa😍😍,1,dataset_1,2,1
شحال فيها هدرة,0,dataset_1,1,0
Che3al prix,0,dataset_1,1,0
لازم رقم جديد ولا القديم عادي 🙃؟,0,dataset_1,1,-1
عرض جيد لو كانت فيها 40 جيغا لكانت افضل. في وقتنا الحالي الناس ما ولاتش تحوس على الهدرة بزاف. كلهم يحوسوا على الانترنت,0,dataset_1,1,0
OMG 😵😵❤️,1,dataset_1,2,0
J’espère que les 25 GO ychaddo le mois complet machi ykhlasso avant kima lwalf tsrali,0,dataset_1,1,0
Na7olna hadra w zidohalna f les gigas tant mieux par exemple jai offre de 25G b 1500da w 200da hadra na7olna hadra w zidohalna f connexion raj3ohalna 45G b 1500da à vie plz,0,dataset_1,1,0
هل يمكنني تحويل جيزي هاربة الى جيزي سبيسيال,0,dataset_1,1,0
3ayana,-1,dataset_1,0,0
.picc nono,0,dataset_1,1,0
nouvo num,0,dataset_1,1,0
و من بعد الشهر الاول تردوهة 6جيجا هنهه,0,dataset_1,1,0
خسارة 😒,-1,dataset_1,0,0
عرض جيد لكن 200da سعر مرتفع نسبيا,1,dataset_1,2,0
هو عرض دائم,0,dataset_1,1,0
منقدروش نبدلو لابيس لي عندنا كاين لي عندهوم هايلة و هايلة بزاف و حابين يخلوا نيميروا و يديرو عفايس تع ماكسي,0,dataset_1,1,0
Réseau en dirais Rak tahder f غار حراء ça sert a rien d'avoir tant de Go sans pouvoir les utiliser,-1,dataset_1,0,0
Repondiwlna f prv,0,dataset_1,1,0
C des promotions à perte xD pk vous fait ça ?? #Telecom,0,dataset_1,1,0
Wamb3d tradoha 6 go allah la trabhkom tsar9ou ness nchlh mtrabhouch 😒😒 déjà tnahaw gae 😒😒,-1,dataset_1,0,0
كل شهر نبدل النيميرو. حتى تلفت و ما قدرتش نحفظ النيمرو ليكون عندي 😒,-1,dataset_1,0,0
reglez nous le problem de réseau svp,0,dataset_1,1,0
Pour quand la migration de smart vers cette nouvelle offre #Djezzy_special,0,dataset_1,1,0
Bonjour. Possible l'immigration vers Spécial depuis millenium ?,0,dataset_1,1,0
فيها التزام ؟,0,dataset_1,1,0
اريد تحول شريحة هايلة الى هايلة ماكسي,0,dataset_1,1,0
هل هذا العرض متاح الا للأرقام الجدد ولا يمكن تحويل الرقم,0,dataset_1,1,0
وتقولو جيزي مامليحاش,0,dataset_1,1,0
Lazum nuchri la puce wahda khra,0,dataset_1,1,0
والله عندك الصح 😂😂 كانت عندي لابيس رميتها رجعو فيها 6Go,0,dataset_1,1,-1
Dirou service client yesla7 puis dirou des offres,-1,dataset_1,0,0
Enfin une offre correct même si votre réseau est merdique,-1,dataset_1,0,0
Au’jourdui j’ai fléxi la nouvelle offre de hayla maxi 40Giga a 1500Da selment il est un offre magnifique ms la rapidité elle est faible je sais pas pourquoi..Merci,1,dataset_1,2,0
خاص إصلاح تدفق الإنترنت الذي لا يزال جد ضعيف منذ اكثر من ٣ اشهر بولاية تيارت رغم تعدد الشكوى التي يتقدم بها زبائنكم بدون جدوى ولا حلول.,-1,dataset_1,0,0
هايلة بزاف,1,dataset_1,2,0
Salam khasnii hayalaa bbzzff nadalahaa maxii,0,dataset_1,1,0
نقدر نحول جيزي هايلة الى جيزي سبيسيال ؟؟,0,dataset_1,1,0
كيما حشيتوهلنا في هايلة بزاف كنتو تمدونا 18 جيغا و منعبد 6 جيغا و ثقيلة رهج,-1,dataset_1,0,0
non son engagement,0,dataset_1,1,0
سرعة الأنترنيت كارثية 😑,-1,dataset_1,0,-1
J aai la smart M je peux passé vers had l offre,0,dataset_1,1,0
هل يمكن التحويل من عرض هاربة لهذا العرض المسبق,0,dataset_1,1,0
Beautiful,1,dataset_1,2,0
بصح تسرقو 25Go تروح في سمانة,-1,dataset_1,0,0
تخلاص يخلاص كل شي,0,dataset_1,1,0
ن,0,dataset_1,1,0
ولكن خارج البلاد برا متمشيش 2Gومكانش,0,dataset_1,1,0
Chrit djezzy fiha 40 Go w mnb3d raditoha 6 Go,0,dataset_1,1,0
كاارثة عظمى منذ ١٠دقايق وانا نعيط لجيزي لا خدمة عملاء لا يديك لا يجيبك الله لا يربحكم,-1,dataset_1,0,0
Ndecoder modem djezzy zte bch yrj3 y9ra kml les puces 300 da berk,0,dataset_1,1,0
Follow me and i will follow you,0,dataset_1,1,0
1500 da,0,dataset_1,1,0
كذبين 15 يوم تخلاص 😒😒,-1,dataset_1,0,0
Connexion plus que nulle,-1,dataset_1,0,0
🌹🌹,1,dataset_1,2,0
Kayna djezzi fel chbabe,1,dataset_1,2,0
والله تقطع 200 خطرة على جالكم حبست البالون😒,-1,dataset_1,0,0
Kash forfait ppur ramadan ?,0,dataset_1,1,0
winahaa?,0,dataset_1,1,0
Cnx faible ga3 bzff même en 4G c'est quoi ça djezzy .. je pense a ooredoo trop en ce moment 😗💱,-1,dataset_1,0,0
3ndek lhe9 ghodwa nchri ooredoo w narmi jezzy ta3 l kaka,-1,dataset_1,0,0
Kayna menha sah ❤️ zidou des offres mlah brk ou a3dlou la qualité ta3 la 4G ktar hadamakan ❤️❤️,1,dataset_1,2,0
شكون لي جاع العرض تا دجيزي ليوم مجاني,1,dataset_1,2,0
حطونا هذا الاشهار في قناة #الهداف .. وياريت كل اشهرات جيزي تحطوها علي قناة #الهداف الرياضية راهم قتلونا ب اشهرات اوبي حبيبي,0,dataset_1,1,0
Cool ❤,1,dataset_1,2,0
"l'application fonctionne sous le réseau Djezzy, il faut activer les données mobiles",0,dataset_1,1,0
"Désabonner , ciaoo",-1,dataset_1,0,0
❤️😍,1,dataset_1,2,1
Makach offre ll male? 🐸,-1,dataset_1,0,0
bravo à toute l'équipe,0,dataset_1,1,0
ping moul chi GG,0,dataset_1,1,0
désolé nsitak,0,dataset_1,1,0
Ooolaa mon marie le pauvre thardet fih makach salak m'en le crédit dok nzid nadilo la connexion ouii🙏🙏 mrc djezzy vs êtes les meilleurs 😍😍,1,dataset_1,2,1
Plus details svp,0,dataset_1,1,0
transfert de data d' une puce à une autre,0,dataset_1,1,0
"Bonjour, Avec la nouvelle fonctionnalité « FLEXYNET » vous pouvez dépanner un ami ou un proche en lui transférant des volumes internet sur sa ligne Djezzy à tout moment 😍Disponible pour tous nos clients Djezzy en trois paliers 100Mo, 200Mo et 500MoPour en profiter en toute simplicité, téléchargez l’application Djezzy disponible sur Play store et App store et laissez-vous guider ! Vous pouvez aussi l’utiliser via *707#. Et pour plus de détails sur l’offre cliquez ici : de Djezzy :)",1,dataset_1,2,1
.w.d 💪😍🙏,1,dataset_1,2,1
Merci pour votre fidélité 😍,1,dataset_1,2,1
.dz oohh c b1 merci djezzy tjrs top 👌👌,1,dataset_1,2,0
merci 😊😊,1,dataset_1,2,0
.dz mais est que cette operation disponibl avec tout les profil de djezzy Hayla mxi ou Hdra U b1 habl merci d avance,1,dataset_1,2,0
La validité du volume internet transféré est de 24 heures 😔,-1,dataset_1,0,0
آلاف شكرا جيزي على هذا الإنجاز العضيم,1,dataset_1,2,0
Je trouve que c cher 500Mo a 50 dz tank il y'a possibilité de transfert de crédit à 10da seulement,0,dataset_1,1,0
Vive djezzy 👏,1,dataset_1,2,0
.w.d حرام لا يجوز شرعا سرقة لاكونيكسيون 😒,0,dataset_1,1,0
kendi abdeonnr,0,dataset_1,1,0
😍😍 khkhkh 😈😈,1,dataset_1,2,1
Les meilleurs 💪😍,1,dataset_1,2,1
"Je me suis tjrs dit ohh dommage on ne peut pas transférer des volumes internet et la vous avez réglez le problème merci bcp , maos comment faire pour les transferer ??",0,dataset_1,1,0
متفاعل شوف ستوري,0,dataset_1,1,0
Y'a sara9ine y'a lihoud,-1,dataset_1,0,0
Good,1,dataset_1,2,0
100 mknch ?,0,dataset_1,1,0
👍👍😍😍,1,dataset_1,2,1
Mille dinars ch3el ?,0,dataset_1,1,0
Ghalya,-1,dataset_1,0,0
أين هي تغطية 4G لمختلف الولايات؟؟ بل أين هي 3G التي لم يستفد منها الشعب في 48 ولاية؟؟ 2019 و لا تزال معظم الولايات تعاني من سوء التغطية!!,-1,dataset_1,0,0
الانترنت ف الجزائر كلها خردة يسرقو ف ناس تجارية اكثر من غيرها,-1,dataset_1,0,0
Pas mal ça 👍🏼,1,dataset_1,2,1
ابونيتك رجعها خويا يعطيك ما تتمنى,0,dataset_1,1,0
Prix svp,0,dataset_1,1,0
علاه تحشوهالنا كي جوز ثلاث اشهر تنقصو قاع العرض لنص التدفق عباه تخوبيث علاه,0,dataset_1,1,0
Ooredo 100Da ==> 45gb 1500 da,0,dataset_1,1,0
😠👎👎,-1,dataset_1,0,0
Vous croyez que tout le peuple algérien il peut payer 200da,0,dataset_1,1,0
🖕🏼🖕🏼🖕🏼,-1,dataset_1,0,0
الخروطي يا وفاقو,-1,dataset_1,0,0
Haja marahi msgma f blad hadi,0,dataset_1,1,0
Cnx tgila makach تغطية w mindqk rizo tal3 w cnx makach w nzid ncjriha b 200 w kifah rqh nkml hadok 40go w dirli cnx t9ila tsama rakom tsr9o fina n3al bohq blad miki hadi wlh haja marahi tmacha nichan fuuck,-1,dataset_1,0,0
Wach mel fayda une semaine après tkharjouna une nouvelle offre,-1,dataset_1,0,0
نتوما ظلوا غير تابعوا Ooredoo جيبوا جديد من عندكم و خطيكم ما تنعاندو لى كبار عليكم شخصيا تركت خطين جيزى استعمالهم منذ 9 سنوات لاصبح الان زبون لاوريدو,-1,dataset_1,0,0
Vivement Mobilis sur tous les plans.,-1,dataset_1,0,0
والله. و الديروها باطل مازدت سلكت .. سراقين🙌,-1,dataset_1,0,0
ليش تمسحوا الكومنت تاعي ! احكولي كيف نفرح بالعرض ومكانش كونكسيون ها ؟ 🌚🌚,-1,dataset_1,0,0
كونكسيون تحت الصفر,-1,dataset_1,0,0
تصلح في هبال ولا هايلة بزاف,0,dataset_1,1,0
Ha zidouna f speciel abonment 25 Go mtakfich rana nkhalso f 200 mil lchhar,0,dataset_1,1,0
سڨمو الريزو وريبونديو كي نعيطولكوم ومبعد ساهل,-1,dataset_1,0,0
Aw dirolna promotion khliwna nkhdmou,0,dataset_1,1,0
ني جودة ني سعر ريزو تاعكم ولي ميليقش والله كرهتونا راحت المصداقية تاعكم هدي المرةثانيةلي نقولهالكم 😡😡😠😠,-1,dataset_1,0,0
هاديروها ب1500دج,0,dataset_1,1,0
😂😂 tahchiwlna frat,-1,dataset_1,0,-1
80G.. وريزو زبل، ونهاية شهر تلقى روحد مستهلك 10G ولخرى تروح، حسنو الشبكة تاعكم ونبعد ساهل..,-1,dataset_1,0,0
Amoliorez votre couverture dans la région de Tizi ouzou et le débit bien sûr,-1,dataset_1,0,0
diroulna 20 go b 100 than 😑,-1,dataset_1,0,-1
الرداءة وين راهي الجودة حمبوك؟,-1,dataset_1,0,0
السرعة هه نتوما مهابل ولا تتمهبلو الله يهديكم برك,-1,dataset_1,0,0
الله ينعلكم كنا غايا زدتولنا ف لي طاريف,-1,dataset_1,0,0
عرض دائم ولا مؤقت؟,0,dataset_1,1,0
.guen,0,dataset_1,1,0
ضواحي قسنطينة جودة الأنترنت جد رديئة لكن المنافس أوريدو أفضل بكثيير,-1,dataset_1,0,0
3g très faible 😥😥,-1,dataset_1,0,0
Je suis d'accord avec toi mais la qualité de cnx est nulle,-1,dataset_1,0,0
Dayra djezzy spiciel abonment kanet jiga hayla tawal mtroh 25 Go w dok troh tem tem whedha??w😒,-1,dataset_1,0,0
hchwa hchwa,-1,dataset_1,0,0
كرهتونا في حاجة إسمها الأنترنات في الجزائر كلكم كيف كيف,-1,dataset_1,0,0
نهار لي تريقلو الانترنت تاع الخرا تم ديرو العروض 😒,-1,dataset_1,0,0
tekfini facilement,0,dataset_1,1,0
3ajbtni,1,dataset_1,2,0
New confort 🌹,0,dataset_1,1,0
Tzido fe la quantité mais la vitesse est très nulle,-1,dataset_1,0,0
.dz bla bla bla art 200Da 25Go pff ci des bricol,0,dataset_1,1,0
.guen 😂😂,0,dataset_1,1,-1
السرعة تا شعر 👎👎 ما كالاه تكفرونا,-1,dataset_1,0,0
oui wlh tré null,-1,dataset_1,0,0
"Wesh hkayat la page ta3 ""1 2 3 viva l algerie "" djezzy khawana",-1,dataset_1,0,0
Bzaaf 200 mil aa sabi,-1,dataset_1,0,0
😂😂. Lkhdi3 dayer 7alla,-1,dataset_1,0,-1
نهار لي تريڨلو الريزو,-1,dataset_1,0,0
Make a rooter like * algerie telecome *,0,dataset_1,1,0
🙌🙌😍,1,dataset_1,2,1
كل عام واءنت بغرير يا ستونداريس هه😂😂,0,dataset_1,1,-1
.mamya gold khir,0,dataset_1,1,0
c vrai le même problème kolyoum je n’ai marre 😢,-1,dataset_1,0,0
حاب الاول نستفيد من اللاكونكسيون الي ولات في حااله ! 🙂,0,dataset_1,1,0
avie wla tarj3 kima kanet,-1,dataset_1,0,0
😢😢40جيغا ساعة تمشي و4 سوايع ستنا,-1,dataset_1,0,0
راهم يسرقو. حبو؛ يعوضون الدراهم، لي داهم، محرز,-1,dataset_1,0,0
نزيدكم 4g والله ما كاينه، في الجزائر. كذب فقط أضعف انترنت في الارض,-1,dataset_1,0,0
ما عندنا 4g. في الجزائر جازي شبكه يهوديه.. لا تسرق اخاَك اليهودي واسرق غيره.. هذا هدفهم,-1,dataset_1,0,0
كذب 4g ما عندناش,-1,dataset_1,0,0
4g ma 3adnech f algeria يا خماج,-1,dataset_1,0,0
شمايت,-1,dataset_1,0,0
رخاس,-1,dataset_1,0,0
مليح جيزي سبيسيال 1500دج تكون فيه 10جيغة ومكالمات مجانية,0,dataset_1,1,0
نقصو رجعوها 1500..200da بزاف شوية,0,dataset_1,1,0
100دٍيَنِآر تٌکْوٌنِ فُيَ مًتٌآنِآوٌلَ آلَجّمًيَعٌ وٌزٍيَدٍ لَآزٍمً تٌنِتٌهّيَ بًنِفُسِ يَوٌمً آلَشُحًنِ مًشُيَ تٌسِرقُوٌهّمً,-1,dataset_1,0,0
J'ai un problème dans mon puce idée mon stp,0,dataset_1,1,0
❤️❤️جيزي سبيسيال المخير تاع المخير لكن يجب إبقاء 50 جيغا دائمة.بلا ما ننسى جيزي حسنو شوية الشبكة😉😉,1,dataset_1,2,0
Kadabiin 🖕🖕,-1,dataset_1,0,0
Ps4,0,dataset_1,1,0
🌹🌹🙏🙏🌹🌹,1,dataset_1,2,0
هه خلوي او ليامات افوتو بلخف هه والله اثقل كونيكسيون على وجه الارض هي تاعكم,-1,dataset_1,0,0
M3a djezzy 😁😂,0,dataset_1,1,-1
صيف هايل بصح الانترنت تاعكم ضعيفة,-1,dataset_1,0,0
Khalwii réseau ga3 mknch,-1,dataset_1,0,0
ils nous ont arnaqué hchawhalna 😒😒,-1,dataset_1,0,0
شوفو جيزي بسباب الريزو تاعكم العيان شوفو احسبو معايا شحال رايحين تخسرو.. خمس عايلات رايحين بعد يومين يرميو كامل شفرات جيزي اقل عائلة فيها خمسة افراد المهم كامل كاين 32واحد صافي تنين وتلاتين شخص ياس من خدمات جيزي. وهد اليومين يترماو ليبوس ديال جيزي. عيب والله غير عيب,-1,dataset_1,0,0
يا جيزي ديرو الدعاية كي تكون خدماتكم قوية. نص لكبير ولاية تيبازة الريزو صفر,-1,dataset_1,0,0
Ahkiwelna 3la le concours li dertouh fe la can Win rah tirage au sort,0,dataset_1,1,0
كونيكسيو هاد اليامات راهي بزاف تقيلا و ريزو كيفكيف مراهوش مليح,-1,dataset_1,0,0
Reseau na9as lazem trigliwah y3ayii ykarahlek hyatek,-1,dataset_1,0,0
Rani f les Maldives w nconnecté b djezzy,0,dataset_1,1,0
الانثرنث ثقيلة خلاص,-1,dataset_1,0,0
#Slowmo cnx avec djezzy 🚶‍♂️ P.S : 9asdkom Summer Finish Pack .. psq kmel sayf 🤷🏻‍♂️ !!,0,dataset_1,1,0
😍🇩🇿👏,1,dataset_1,2,1
صيف بزاف شباب بصح كونكسيو تاعكم ماشي كامل شابة 😑😑,-1,dataset_1,0,-1
جيزي تحتاج لثورة حقيقية للقضاء على الخلل في الإنترنت خاصة الجيل الثالث و الرابع عبر تخصيص إمكانيات ضخمة وعمال محترفين للنهوض الشامل بالشركة.غير هذا تبقى نفس المشاكل.,-1,dataset_1,0,0
Waraah conx ya thahnaa warahii,-1,dataset_1,0,0
شبكة جيزي شبكة ضعيفة جداا و خاصة في الأماكن المغلقة,-1,dataset_1,0,0
ياودي ديرولننا كاش عروض ملاح 💔,-1,dataset_1,0,0
شبكة ضعيفة بزاف 0 غي بلعوخير لكم,-1,dataset_1,0,0
"مارانيش كامع نجوزها خلوي مع جيزي (صرااحة)حبيت نبدل الصيغة قلتولي لازم تشري شريحة جديدة ايعقل هذا؟ وقيل ندوروها نجمة وخلاص هي لي راهي مليحة وتساعد الزبائن ديالها ""جيزي"" ماديرش وج لزبائن ديالها جيزي الزبون ديالها يسوى ""فليكسي"" ارجو ان تصلحو اخطائكم في اقرب الاجال شكراا.",-1,dataset_1,0,0
فوور مع جيزي,1,dataset_1,2,0
Avec ce bonus en peux pas appelé a l'international,0,dataset_1,1,0
Réseau 9r3a 😒😒 3ndi djezzy c vr des offres mlah ms réseau wlah ghir 9r3a win nroh mkash w cnx th9ila srtt win kyn bhr ..réseau w cnx tslah ghir f les grands villes kima boumerdes alger bab zouar..hda mkn win mshatli mliha lba9i wlh ghir 9r3a cnx,-1,dataset_1,0,0
Réseau 0%,-1,dataset_1,0,0
راهي كاارثة الكونيكسيون الايام هادو في باتنة ، ديرولنا حل 🤔,-1,dataset_1,0,0
مزال كاين العرض هذا,-1,dataset_1,0,0
ريزو يعيي و زدتو درتولنا هايلة تع 100 ب 1200 فيها 6GO نديبلاصيو ولا كيفاه ضك !!,-1,dataset_1,0,0
regliw reseau,-1,dataset_1,0,0
التوقع التاعي تع المبارة صحيح ومربحت والو؟,0,dataset_1,1,0
👏👏عرض جميل و لكن يجب أن تبقى هذه الزيادة بشكل دائم,1,dataset_1,2,0
"Bonjour , s'il vous plait ma puce a été bloquer ce matin je veux vraiment la récupérer comment faire ?",0,dataset_1,1,0
Ou PS4 makache ??,0,dataset_1,1,0
ريزو ميت ريقلوه مبعد ساهل دوك 50 Giga راهي كما 50 mega,0,dataset_1,1,0
W ps4 kifah? ?,0,dataset_1,1,0
.jr mazal ma pibliyaou,0,dataset_1,1,0
💙💙🌹💙💙,1,dataset_1,2,0
Bravo l'équipe ❤,1,dataset_1,2,0
Chef nus ret,0,dataset_1,1,0
نحبو بزاف دجيزي بزاف,1,dataset_1,2,0
Machi ga3 dam3 bikom amchi m3a wlad bladek ou matrohch lb3id,0,dataset_1,1,0
Hhh 😂,0,dataset_1,1,-1
Slvp ne9det nebdl ma puce ta3i men hayela bezzaf l max ??,0,dataset_1,1,0
😋😋,1,dataset_1,2,0
Djezzy DIMA KAYEN J`DID,1,dataset_1,2,0
Votre connexion Internet c'est de la merde !!,-1,dataset_1,0,0
شوف ستوري,0,dataset_1,1,0
C just 24h 😑,-1,dataset_1,0,-1
